release_datetime_et,contract_code,t_minus_5_minute,t_plus_30_minute,start_bar_ts,start_bar_close,start_offset_sec,end_bar_ts,end_bar_close,end_offset_sec,n_bars_in_window,valid
2015-01-02 10:00:00,H15,2015-01-02 09:55:00,2015-01-02 10:30:00,2015-01-02 09:55:00,2061.75,0.0,2015-01-02 10:30:00,2057.75,0.0,46,True
2015-01-06 10:00:00,H15,2015-01-06 09:55:00,2015-01-06 10:30:00,2015-01-06 09:55:00,2019.0,0.0,2015-01-06 10:30:00,2021.25,0.0,46,True
2015-01-09 08:30:00,H15,2015-01-09 08:25:00,2015-01-09 09:00:00,2015-01-09 08:25:00,2047.0,0.0,2015-01-09 09:00:00,2055.75,0.0,46,True
2015-01-14 08:30:00,H15,2015-01-14 08:25:00,2015-01-14 09:00:00,2015-01-14 08:25:00,2001.5,0.0,2015-01-14 09:00:00,1991.5,0.0,46,True
2015-01-15 08:30:00,H15,2015-01-15 08:25:00,2015-01-15 09:00:00,2015-01-15 08:25:00,2005.0,0.0,2015-01-15 09:00:00,2013.5,0.0,46,True
2015-01-16 08:30:00,H15,2015-01-16 08:25:00,2015-01-16 09:00:00,2015-01-16 08:25:00,1978.5,0.0,2015-01-16 09:00:00,1985.0,0.0,46,True
2015-01-16 09:15:00,H15,2015-01-16 09:10:00,2015-01-16 09:45:00,2015-01-16 09:10:00,1983.25,0.0,2015-01-16 09:45:00,1990.75,0.0,46,True
2015-01-21 08:30:00,H15,2015-01-21 08:25:00,2015-01-21 09:00:00,2015-01-21 08:25:00,2012.0,0.0,2015-01-21 09:00:00,2011.5,0.0,46,True
2015-01-23 10:00:00,H15,2015-01-23 09:55:00,2015-01-23 10:30:00,2015-01-23 09:55:00,2049.75,0.0,2015-01-23 10:30:00,2052.75,0.0,46,True
2015-01-27 08:30:00,H15,2015-01-27 08:25:00,2015-01-27 09:00:00,2015-01-27 08:25:00,2033.0,0.0,2015-01-27 09:00:00,2028.25,0.0,46,True
2015-01-27 10:00:00,H15,2015-01-27 09:55:00,2015-01-27 10:30:00,2015-01-27 09:55:00,2022.75,0.0,2015-01-27 10:30:00,2020.25,0.0,46,True
2015-01-30 08:30:00,H15,2015-01-30 08:25:00,2015-01-30 09:00:00,2015-01-30 08:25:00,2000.5,0.0,2015-01-30 09:00:00,1996.5,0.0,46,True
2015-02-02 08:30:00,H15,2015-02-02 08:25:00,2015-02-02 09:00:00,2015-02-02 08:25:00,1992.0,0.0,2015-02-02 09:00:00,1991.25,0.0,46,True
2015-02-02 10:00:00,H15,2015-02-02 09:55:00,2015-02-02 10:30:00,2015-02-02 09:55:00,1987.5,0.0,2015-02-02 10:30:00,1980.0,0.0,46,True
2015-02-04 10:00:00,H15,2015-02-04 09:55:00,2015-02-04 10:30:00,2015-02-04 09:55:00,2037.5,0.0,2015-02-04 10:30:00,2036.0,0.0,46,True
2015-02-06 08:30:00,H15,2015-02-06 08:25:00,2015-02-06 09:00:00,2015-02-06 08:25:00,2055.75,0.0,2015-02-06 09:00:00,2061.75,0.0,46,True
2015-02-12 08:30:00,H15,2015-02-12 08:25:00,2015-02-12 09:00:00,2015-02-12 08:25:00,2077.25,0.0,2015-02-12 09:00:00,2072.5,0.0,46,True
2015-02-18 08:30:00,H15,2015-02-18 08:25:00,2015-02-18 09:00:00,2015-02-18 08:25:00,2093.0,0.0,2015-02-18 09:00:00,2092.25,0.0,46,True
2015-02-18 09:15:00,H15,2015-02-18 09:10:00,2015-02-18 09:45:00,2015-02-18 09:10:00,2091.25,0.0,2015-02-18 09:45:00,2093.0,0.0,46,True
2015-02-23 10:00:00,H15,2015-02-23 09:55:00,2015-02-23 10:30:00,2015-02-23 09:55:00,2101.0,0.0,2015-02-23 10:30:00,2102.5,0.0,46,True
2015-02-25 10:00:00,H15,2015-02-25 09:55:00,2015-02-25 10:30:00,2015-02-25 09:55:00,2109.75,0.0,2015-02-25 10:30:00,2110.0,0.0,46,True
2015-02-26 08:30:00,H15,2015-02-26 08:25:00,2015-02-26 09:00:00,2015-02-26 08:25:00,2113.0,0.0,2015-02-26 09:00:00,2108.75,0.0,46,True
2015-03-02 08:30:00,H15,2015-03-02 08:25:00,2015-03-02 09:00:00,2015-03-02 08:25:00,2102.75,0.0,2015-03-02 09:00:00,2100.75,0.0,46,True
2015-03-02 10:00:00,H15,2015-03-02 09:55:00,2015-03-02 10:30:00,2015-03-02 09:55:00,2107.5,0.0,2015-03-02 10:30:00,2111.5,0.0,46,True
2015-03-04 10:00:00,H15,2015-03-04 09:55:00,2015-03-04 10:30:00,2015-03-04 09:55:00,2091.25,0.0,2015-03-04 10:30:00,2088.75,0.0,46,True
2015-03-06 08:30:00,H15,2015-03-06 08:25:00,2015-03-06 09:00:00,2015-03-06 08:25:00,2099.75,0.0,2015-03-06 09:00:00,2093.25,0.0,46,True
2015-03-12 08:30:00,H15,2015-03-12 08:25:00,2015-03-12 09:00:00,2015-03-12 08:25:00,2046.0,0.0,2015-03-12 09:00:00,2048.0,0.0,46,True
2015-03-13 08:30:00,H15,2015-03-13 08:25:00,2015-03-13 09:00:00,2015-03-13 08:25:00,2059.0,0.0,2015-03-13 09:00:00,2060.25,0.0,46,True
2015-03-16 09:15:00,M15,2015-03-16 09:10:00,2015-03-16 09:45:00,2015-03-16 09:10:00,2055.25,0.0,2015-03-16 09:45:00,2057.0,0.0,46,True
2015-03-17 08:30:00,M15,2015-03-17 08:25:00,2015-03-17 09:00:00,2015-03-17 08:25:00,2064.0,0.0,2015-03-17 09:00:00,2064.25,0.0,46,True
2015-03-23 10:00:00,M15,2015-03-23 09:55:00,2015-03-23 10:30:00,2015-03-23 09:55:00,2103.0,0.0,2015-03-23 10:30:00,2104.0,0.0,46,True
2015-03-24 08:30:00,M15,2015-03-24 08:25:00,2015-03-24 09:00:00,2015-03-24 08:25:00,2099.0,0.0,2015-03-24 09:00:00,2096.5,0.0,46,True
2015-03-24 10:00:00,M15,2015-03-24 09:55:00,2015-03-24 10:30:00,2015-03-24 09:55:00,2095.25,0.0,2015-03-24 10:30:00,2096.5,0.0,46,True
2015-03-25 08:30:00,M15,2015-03-25 08:25:00,2015-03-25 09:00:00,2015-03-25 08:25:00,2085.25,0.0,2015-03-25 09:00:00,2085.5,0.0,46,True
2015-03-30 08:30:00,M15,2015-03-30 08:25:00,2015-03-30 09:00:00,2015-03-30 08:25:00,2062.75,0.0,2015-03-30 09:00:00,2063.5,0.0,46,True
2015-04-01 10:00:00,M15,2015-04-01 09:55:00,2015-04-01 10:30:00,2015-04-01 09:55:00,2041.5,0.0,2015-04-01 10:30:00,2046.5,0.0,46,True
2015-04-03 08:30:00,M15,2015-04-03 08:25:00,2015-04-03 09:00:00,2015-04-03 08:25:00,2060.0,0.0,2015-04-03 09:00:00,2043.25,0.0,46,True
2015-04-06 10:00:00,M15,2015-04-06 09:55:00,2015-04-06 10:30:00,2015-04-06 09:55:00,2061.5,0.0,2015-04-06 10:30:00,2071.5,0.0,46,True
2015-04-14 08:30:00,M15,2015-04-14 08:25:00,2015-04-14 09:00:00,2015-04-14 08:25:00,2086.25,0.0,2015-04-14 09:00:00,2084.25,0.0,46,True
2015-04-15 09:15:00,M15,2015-04-15 09:10:00,2015-04-15 09:45:00,2015-04-15 09:10:00,2098.25,0.0,2015-04-15 09:45:00,2099.25,0.0,46,True
2015-04-16 08:30:00,M15,2015-04-16 08:25:00,2015-04-16 09:00:00,2015-04-16 08:25:00,2092.75,0.0,2015-04-16 09:00:00,2091.0,0.0,46,True
2015-04-17 08:30:00,M15,2015-04-17 08:25:00,2015-04-17 09:00:00,2015-04-17 08:25:00,2088.75,0.0,2015-04-17 09:00:00,2086.25,0.0,46,True
2015-04-22 10:00:00,M15,2015-04-22 09:55:00,2015-04-22 10:30:00,2015-04-22 09:55:00,2089.0,0.0,2015-04-22 10:30:00,2089.0,0.0,46,True
2015-04-23 10:00:00,M15,2015-04-23 09:55:00,2015-04-23 10:30:00,2015-04-23 09:55:00,2100.0,0.0,2015-04-23 10:30:00,2100.0,0.0,46,True
2015-04-24 08:30:00,M15,2015-04-24 08:25:00,2015-04-24 09:00:00,2015-04-24 08:25:00,2109.5,0.0,2015-04-24 09:00:00,2110.25,0.0,46,True
2015-04-29 08:30:00,M15,2015-04-29 08:25:00,2015-04-29 09:00:00,2015-04-29 08:25:00,2104.25,0.0,2015-04-29 09:00:00,2099.0,0.0,46,True
2015-04-30 08:30:00,M15,2015-04-30 08:25:00,2015-04-30 09:00:00,2015-04-30 08:25:00,2096.25,0.0,2015-04-30 09:00:00,2095.75,0.0,46,True
2015-05-01 10:00:00,M15,2015-05-01 09:55:00,2015-05-01 10:30:00,2015-05-01 09:55:00,2089.75,0.0,2015-05-01 10:30:00,2094.0,0.0,46,True
2015-05-05 10:00:00,M15,2015-05-05 09:55:00,2015-05-05 10:30:00,2015-05-05 09:55:00,2101.25,0.0,2015-05-05 10:30:00,2101.5,0.0,46,True
2015-05-08 08:30:00,M15,2015-05-08 08:25:00,2015-05-08 09:00:00,2015-05-08 08:25:00,2088.5,0.0,2015-05-08 09:00:00,2103.0,0.0,46,True
2015-05-13 08:30:00,M15,2015-05-13 08:25:00,2015-05-13 09:00:00,2015-05-13 08:25:00,2102.5,0.0,2015-05-13 09:00:00,2097.5,0.0,46,True
2015-05-14 08:30:00,M15,2015-05-14 08:25:00,2015-05-14 09:00:00,2015-05-14 08:25:00,2107.25,0.0,2015-05-14 09:00:00,2106.75,0.0,46,True
2015-05-15 09:15:00,M15,2015-05-15 09:10:00,2015-05-15 09:45:00,2015-05-15 09:10:00,2118.5,0.0,2015-05-15 09:45:00,2116.75,0.0,46,True
2015-05-19 08:30:00,M15,2015-05-19 08:25:00,2015-05-19 09:00:00,2015-05-19 08:25:00,2131.25,0.0,2015-05-19 09:00:00,2128.75,0.0,46,True
2015-05-21 10:00:00,M15,2015-05-21 09:55:00,2015-05-21 10:30:00,2015-05-21 09:55:00,2123.25,0.0,2015-05-21 10:30:00,2126.75,0.0,46,True
2015-05-22 08:30:00,M15,2015-05-22 08:25:00,2015-05-22 09:00:00,2015-05-22 08:25:00,2129.0,0.0,2015-05-22 09:00:00,2124.75,0.0,46,True
2015-05-26 08:30:00,M15,2015-05-26 08:25:00,2015-05-26 09:00:00,2015-05-26 08:25:00,2120.5,0.0,2015-05-26 09:00:00,2117.75,0.0,46,True
2015-05-26 10:00:00,M15,2015-05-26 09:55:00,2015-05-26 10:30:00,2015-05-26 09:55:00,2109.5,0.0,2015-05-26 10:30:00,2106.25,0.0,46,True
2015-06-01 08:30:00,M15,2015-06-01 08:25:00,2015-06-01 09:00:00,2015-06-01 08:25:00,2112.0,0.0,2015-06-01 09:00:00,2112.0,0.0,46,True
2015-06-01 10:00:00,M15,2015-06-01 09:55:00,2015-06-01 10:30:00,2015-06-01 09:55:00,2105.0,0.0,2015-06-01 10:30:00,2103.75,0.0,46,True
2015-06-03 10:00:00,M15,2015-06-03 09:55:00,2015-06-03 10:30:00,2015-06-03 09:55:00,2112.75,0.0,2015-06-03 10:30:00,2120.0,0.0,46,True
2015-06-05 08:30:00,M15,2015-06-05 08:25:00,2015-06-05 09:00:00,2015-06-05 08:25:00,2095.25,0.0,2015-06-05 09:00:00,2092.75,0.0,46,True
2015-06-11 08:30:00,M15,2015-06-11 08:25:00,2015-06-11 09:00:00,2015-06-11 08:25:00,2108.75,0.0,2015-06-11 09:00:00,2108.75,0.0,46,True
2015-06-12 08:30:00,M15,2015-06-12 08:25:00,2015-06-12 09:00:00,2015-06-12 08:25:00,2102.75,0.0,2015-06-12 09:00:00,2101.5,0.0,46,True
2015-06-15 09:15:00,U15,2015-06-15 09:10:00,2015-06-15 09:45:00,2015-06-15 09:10:00,2072.75,0.0,2015-06-15 09:45:00,2066.75,0.0,46,True
2015-06-16 08:30:00,U15,2015-06-16 08:25:00,2015-06-16 09:00:00,2015-06-16 08:25:00,2069.0,0.0,2015-06-16 09:00:00,2072.0,0.0,46,True
2015-06-18 08:30:00,U15,2015-06-18 08:25:00,2015-06-18 09:00:00,2015-06-18 08:25:00,2094.75,0.0,2015-06-18 09:00:00,2095.0,0.0,46,True
2015-06-22 10:00:00,U15,2015-06-22 09:55:00,2015-06-22 10:30:00,2015-06-22 09:55:00,2116.25,0.0,2015-06-22 10:30:00,2117.25,0.0,46,True
2015-06-23 08:30:00,U15,2015-06-23 08:25:00,2015-06-23 09:00:00,2015-06-23 08:25:00,2118.25,0.0,2015-06-23 09:00:00,2115.75,0.0,46,True
2015-06-23 10:00:00,U15,2015-06-23 09:55:00,2015-06-23 10:30:00,2015-06-23 09:55:00,2118.0,0.0,2015-06-23 10:30:00,2115.0,0.0,46,True
2015-06-25 08:30:00,U15,2015-06-25 08:25:00,2015-06-25 09:00:00,2015-06-25 08:25:00,2106.0,0.0,2015-06-25 09:00:00,2106.5,0.0,46,True
2015-07-01 10:00:00,U15,2015-07-01 09:55:00,2015-07-01 10:30:00,2015-07-01 09:55:00,2071.25,0.0,2015-07-01 10:30:00,2070.75,0.0,46,True
2015-07-02 08:30:00,U15,2015-07-02 08:25:00,2015-07-02 09:00:00,2015-07-02 08:25:00,2074.0,0.0,2015-07-02 09:00:00,2076.75,0.0,46,True
2015-07-06 10:00:00,U15,2015-07-06 09:55:00,2015-07-06 10:30:00,2015-07-06 09:55:00,2055.75,0.0,2015-07-06 10:30:00,2062.0,0.0,46,True
2015-07-14 08:30:00,U15,2015-07-14 08:25:00,2015-07-14 09:00:00,2015-07-14 08:25:00,2093.75,0.0,2015-07-14 09:00:00,2091.25,0.0,46,True
2015-07-15 08:30:00,U15,2015-07-15 08:25:00,2015-07-15 09:00:00,2015-07-15 08:25:00,2103.5,0.0,2015-07-15 09:00:00,2102.5,0.0,46,True
2015-07-15 09:15:00,U15,2015-07-15 09:10:00,2015-07-15 09:45:00,2015-07-15 09:10:00,2102.25,0.0,2015-07-15 09:45:00,2102.0,0.0,46,True
2015-07-17 08:30:00,U15,2015-07-17 08:25:00,2015-07-17 09:00:00,2015-07-17 08:25:00,2118.5,0.0,2015-07-17 09:00:00,2117.75,0.0,46,True
2015-07-22 10:00:00,U15,2015-07-22 09:55:00,2015-07-22 10:30:00,2015-07-22 09:55:00,2109.5,0.0,2015-07-22 10:30:00,2109.25,0.0,46,True
2015-07-24 10:00:00,U15,2015-07-24 09:55:00,2015-07-24 10:30:00,2015-07-24 09:55:00,2096.0,0.0,2015-07-24 10:30:00,2088.5,0.0,46,True
2015-07-27 08:30:00,U15,2015-07-27 08:25:00,2015-07-27 09:00:00,2015-07-27 08:25:00,2065.75,0.0,2015-07-27 09:00:00,2066.25,0.0,46,True
2015-07-30 08:30:00,U15,2015-07-30 08:25:00,2015-07-30 09:00:00,2015-07-30 08:25:00,2096.0,0.0,2015-07-30 09:00:00,2094.5,0.0,46,True
2015-08-03 08:30:00,U15,2015-08-03 08:25:00,2015-08-03 09:00:00,2015-08-03 08:25:00,2099.0,0.0,2015-08-03 09:00:00,2096.75,0.0,46,True
2015-08-03 09:25:00,U15,2015-08-03 09:20:00,2015-08-03 09:55:00,2015-08-03 09:20:00,2099.5,0.0,2015-08-03 09:55:00,2096.5,0.0,46,True
2015-08-05 10:00:00,U15,2015-08-05 09:55:00,2015-08-05 10:30:00,2015-08-05 09:55:00,2103.5,0.0,2015-08-05 10:30:00,2106.5,0.0,46,True
2015-08-07 08:30:00,U15,2015-08-07 08:25:00,2015-08-07 09:00:00,2015-08-07 08:25:00,2075.75,0.0,2015-08-07 09:00:00,2081.0,0.0,46,True
2015-08-13 08:30:00,U15,2015-08-13 08:25:00,2015-08-13 09:00:00,2015-08-13 08:25:00,2087.5,0.0,2015-08-13 09:00:00,2082.0,0.0,46,True
2015-08-14 08:30:00,U15,2015-08-14 08:25:00,2015-08-14 09:00:00,2015-08-14 08:25:00,2075.0,0.0,2015-08-14 09:00:00,2077.25,0.0,46,True
2015-08-14 09:15:00,U15,2015-08-14 09:10:00,2015-08-14 09:45:00,2015-08-14 09:10:00,2077.75,0.0,2015-08-14 09:45:00,2079.0,0.0,46,True
2015-08-18 08:30:00,U15,2015-08-18 08:25:00,2015-08-18 09:00:00,2015-08-18 08:25:00,2093.25,0.0,2015-08-18 09:00:00,2097.25,0.0,46,True
2015-08-19 08:30:00,U15,2015-08-19 08:25:00,2015-08-19 09:00:00,2015-08-19 08:25:00,2087.75,0.0,2015-08-19 09:00:00,2087.75,0.0,46,True
2015-08-20 10:00:00,U15,2015-08-20 09:55:00,2015-08-20 10:30:00,2015-08-20 09:55:00,2058.75,0.0,2015-08-20 10:30:00,2048.0,0.0,46,True
2015-08-25 10:00:00,U15,2015-08-25 09:55:00,2015-08-25 10:30:00,2015-08-25 09:55:00,1927.5,0.0,2015-08-25 10:30:00,1923.75,0.0,46,True
2015-08-26 08:30:00,U15,2015-08-26 08:25:00,2015-08-26 09:00:00,2015-08-26 08:25:00,1909.0,0.0,2015-08-26 09:00:00,1917.25,0.0,46,True
2015-08-28 08:30:00,U15,2015-08-28 08:25:00,2015-08-28 09:00:00,2015-08-28 08:25:00,1976.25,0.0,2015-08-28 09:00:00,1973.75,0.0,46,True
2015-09-01 10:00:00,U15,2015-09-01 09:55:00,2015-09-01 10:30:00,2015-09-01 09:55:00,1932.0,0.0,2015-09-01 10:30:00,1933.0,0.0,46,True
2015-09-03 10:00:00,U15,2015-09-03 09:55:00,2015-09-03 10:30:00,2015-09-03 09:55:00,1961.5,0.0,2015-09-03 10:30:00,1966.5,0.0,46,True
2015-09-04 08:30:00,U15,2015-09-04 08:25:00,2015-09-04 09:00:00,2015-09-04 08:25:00,1931.0,0.0,2015-09-04 09:00:00,1914.75,0.0,46,True
2015-09-11 08:30:00,U15,2015-09-11 08:25:00,2015-09-11 09:00:00,2015-09-11 08:25:00,1946.0,0.0,2015-09-11 09:00:00,1941.0,0.0,46,True
2015-09-15 08:30:00,Z15,2015-09-15 08:25:00,2015-09-15 09:00:00,2015-09-15 08:25:00,1944.5,0.0,2015-09-15 09:00:00,1948.75,0.0,46,True
2015-09-15 09:15:00,Z15,2015-09-15 09:10:00,2015-09-15 09:45:00,2015-09-15 09:10:00,1949.0,0.0,2015-09-15 09:45:00,1945.75,0.0,46,True
2015-09-16 08:30:00,Z15,2015-09-16 08:25:00,2015-09-16 09:00:00,2015-09-16 08:25:00,1967.5,0.0,2015-09-16 09:00:00,1967.75,0.0,46,True
2015-09-17 08:30:00,Z15,2015-09-17 08:25:00,2015-09-17 09:00:00,2015-09-17 08:25:00,1982.75,0.0,2015-09-17 09:00:00,1982.5,0.0,46,True
2015-09-21 10:00:00,Z15,2015-09-21 09:55:00,2015-09-21 10:30:00,2015-09-21 09:55:00,1961.0,0.0,2015-09-21 10:30:00,1963.0,0.0,46,True
2015-09-24 08:30:00,Z15,2015-09-24 08:25:00,2015-09-24 09:00:00,2015-09-24 08:25:00,1913.5,0.0,2015-09-24 09:00:00,1911.75,0.0,46,True
2015-09-24 10:00:00,Z15,2015-09-24 09:55:00,2015-09-24 10:30:00,2015-09-24 09:55:00,1904.5,0.0,2015-09-24 10:30:00,1903.0,0.0,46,True
2015-09-28 08:30:00,Z15,2015-09-28 08:25:00,2015-09-28 09:00:00,2015-09-28 08:25:00,1906.0,0.0,2015-09-28 09:00:00,1910.25,0.0,46,True
2015-10-01 10:00:00,Z15,2015-10-01 09:55:00,2015-10-01 10:30:00,2015-10-01 09:55:00,1907.5,0.0,2015-10-01 10:30:00,1911.75,0.0,46,True
2015-10-02 08:30:00,Z15,2015-10-02 08:25:00,2015-10-02 09:00:00,2015-10-02 08:25:00,1926.75,0.0,2015-10-02 09:00:00,1893.25,0.0,46,True
2015-10-05 10:00:00,Z15,2015-10-05 09:55:00,2015-10-05 10:30:00,2015-10-05 09:55:00,1964.5,0.0,2015-10-05 10:30:00,1966.5,0.0,46,True
2015-10-14 08:30:00,Z15,2015-10-14 08:25:00,2015-10-14 09:00:00,2015-10-14 08:25:00,1998.25,0.0,2015-10-14 09:00:00,1993.25,0.0,46,True
2015-10-15 08:30:00,Z15,2015-10-15 08:25:00,2015-10-15 09:00:00,2015-10-15 08:25:00,1999.25,0.0,2015-10-15 09:00:00,1994.5,0.0,46,True
2015-10-16 09:15:00,Z15,2015-10-16 09:10:00,2015-10-16 09:45:00,2015-10-16 09:10:00,2018.75,0.0,2015-10-16 09:45:00,2019.5,0.0,46,True
2015-10-20 08:30:00,Z15,2015-10-20 08:25:00,2015-10-20 09:00:00,2015-10-20 08:25:00,2023.5,0.0,2015-10-20 09:00:00,2023.25,0.0,46,True
2015-10-22 10:00:00,Z15,2015-10-22 09:55:00,2015-10-22 10:30:00,2015-10-22 09:55:00,2031.25,0.0,2015-10-22 10:30:00,2033.25,0.0,46,True
2015-10-26 10:00:00,Z15,2015-10-26 09:55:00,2015-10-26 10:30:00,2015-10-26 09:55:00,2062.5,0.0,2015-10-26 10:30:00,2063.25,0.0,46,True
2015-10-27 08:30:00,Z15,2015-10-27 08:25:00,2015-10-27 09:00:00,2015-10-27 08:25:00,2058.25,0.0,2015-10-27 09:00:00,2057.5,0.0,46,True
2015-10-29 08:30:00,Z15,2015-10-29 08:25:00,2015-10-29 09:00:00,2015-10-29 08:25:00,2075.0,0.0,2015-10-29 09:00:00,2077.75,0.0,46,True
2015-10-30 08:30:00,Z15,2015-10-30 08:25:00,2015-10-30 09:00:00,2015-10-30 08:25:00,2087.25,0.0,2015-10-30 09:00:00,2087.0,0.0,46,True
2015-11-02 10:00:00,Z15,2015-11-02 09:55:00,2015-11-02 10:30:00,2015-11-02 09:55:00,2082.5,0.0,2015-11-02 10:30:00,2085.0,0.0,46,True
2015-11-04 10:00:00,Z15,2015-11-04 09:55:00,2015-11-04 10:30:00,2015-11-04 09:55:00,2098.75,0.0,2015-11-04 10:30:00,2101.75,0.0,46,True
2015-11-06 08:30:00,Z15,2015-11-06 08:25:00,2015-11-06 09:00:00,2015-11-06 08:25:00,2095.5,0.0,2015-11-06 09:00:00,2085.25,0.0,46,True
2015-11-13 08:30:00,Z15,2015-11-13 08:25:00,2015-11-13 09:00:00,2015-11-13 08:25:00,2036.75,0.0,2015-11-13 09:00:00,2037.0,0.0,46,True
2015-11-17 08:30:00,Z15,2015-11-17 08:25:00,2015-11-17 09:00:00,2015-11-17 08:25:00,2053.75,0.0,2015-11-17 09:00:00,2056.0,0.0,46,True
2015-11-17 09:15:00,Z15,2015-11-17 09:10:00,2015-11-17 09:45:00,2015-11-17 09:10:00,2054.25,0.0,2015-11-17 09:45:00,2048.5,0.0,46,True
2015-11-18 08:30:00,Z15,2015-11-18 08:25:00,2015-11-18 09:00:00,2015-11-18 08:25:00,2052.5,0.0,2015-11-18 09:00:00,2055.75,0.0,46,True
2015-11-23 10:00:00,Z15,2015-11-23 09:55:00,2015-11-23 10:30:00,2015-11-23 09:55:00,2086.5,0.0,2015-11-23 10:30:00,2091.75,0.0,46,True
2015-11-25 08:30:00,Z15,2015-11-25 08:25:00,2015-11-25 09:00:00,2015-11-25 08:25:00,2090.0,0.0,2015-11-25 09:00:00,2088.5,0.0,46,True
2015-11-25 10:00:00,Z15,2015-11-25 09:55:00,2015-11-25 10:30:00,2015-11-25 09:55:00,2088.5,0.0,2015-11-25 10:30:00,2087.25,0.0,46,True
2015-12-01 10:00:00,Z15,2015-12-01 09:55:00,2015-12-01 10:30:00,2015-12-01 09:55:00,2095.5,0.0,2015-12-01 10:30:00,2087.25,0.0,46,True
2015-12-03 10:00:00,Z15,2015-12-03 09:55:00,2015-12-03 10:30:00,2015-12-03 09:55:00,2076.5,0.0,2015-12-03 10:30:00,2066.75,0.0,46,True
2015-12-04 08:30:00,Z15,2015-12-04 08:25:00,2015-12-04 09:00:00,2015-12-04 08:25:00,2055.75,0.0,2015-12-04 09:00:00,2054.75,0.0,46,True
2015-12-11 08:30:00,Z15,2015-12-11 08:25:00,2015-12-11 09:00:00,2015-12-11 08:25:00,2032.5,0.0,2015-12-11 09:00:00,2035.0,0.0,46,True
2015-12-15 08:30:00,H16,2015-12-15 08:25:00,2015-12-15 09:00:00,2015-12-15 08:25:00,2022.75,0.0,2015-12-15 09:00:00,2032.25,0.0,46,True
2015-12-16 08:30:00,H16,2015-12-16 08:25:00,2015-12-16 09:00:00,2015-12-16 08:25:00,2048.25,0.0,2015-12-16 09:00:00,2048.0,0.0,46,True
2015-12-16 09:15:00,H16,2015-12-16 09:10:00,2015-12-16 09:45:00,2015-12-16 09:10:00,2048.0,0.0,2015-12-16 09:45:00,2051.0,0.0,46,True
2015-12-22 10:00:00,H16,2015-12-22 09:55:00,2015-12-22 10:30:00,2015-12-22 09:55:00,2015.0,0.0,2015-12-22 10:30:00,2017.5,0.0,46,True
2015-12-23 08:30:00,H16,2015-12-23 08:25:00,2015-12-23 09:00:00,2015-12-23 08:25:00,2042.75,0.0,2015-12-23 09:00:00,2042.5,0.0,46,True
2015-12-23 10:00:00,H16,2015-12-23 09:55:00,2015-12-23 10:30:00,2015-12-23 09:55:00,2044.0,0.0,2015-12-23 10:30:00,2044.75,0.0,46,True
2016-01-04 10:00:00,H16,2016-01-04 09:55:00,2016-01-04 10:30:00,2016-01-04 09:55:00,1998.0,0.0,2016-01-04 10:30:00,1992.5,0.0,46,True
2016-01-06 10:00:00,H16,2016-01-06 09:55:00,2016-01-06 10:30:00,2016-01-06 09:55:00,1985.0,0.0,2016-01-06 10:30:00,1988.75,0.0,46,True
2016-01-08 08:30:00,H16,2016-01-08 08:25:00,2016-01-08 09:00:00,2016-01-08 08:25:00,1950.0,0.0,2016-01-08 09:00:00,1953.5,0.0,46,True
2016-01-15 08:30:00,H16,2016-01-15 08:25:00,2016-01-15 09:00:00,2016-01-15 08:25:00,1879.0,0.0,2016-01-15 09:00:00,1868.25,0.0,46,True
2016-01-15 09:15:00,H16,2016-01-15 09:10:00,2016-01-15 09:45:00,2016-01-15 09:10:00,1868.75,0.0,2016-01-15 09:45:00,1877.25,0.0,46,True
2016-01-20 08:30:00,H16,2016-01-20 08:25:00,2016-01-20 09:00:00,2016-01-20 08:25:00,1842.75,0.0,2016-01-20 09:00:00,1844.5,0.0,46,True
2016-01-22 10:00:00,H16,2016-01-22 09:55:00,2016-01-22 10:30:00,2016-01-22 09:55:00,1895.0,0.0,2016-01-22 10:30:00,1896.5,0.0,46,True
2016-01-27 10:00:00,H16,2016-01-27 09:55:00,2016-01-27 10:30:00,2016-01-27 09:55:00,1890.0,0.0,2016-01-27 10:30:00,1881.25,0.0,46,True
2016-01-28 08:30:00,H16,2016-01-28 08:25:00,2016-01-28 09:00:00,2016-01-28 08:25:00,1882.25,0.0,2016-01-28 09:00:00,1892.25,0.0,46,True
2016-01-29 08:30:00,H16,2016-01-29 08:25:00,2016-01-29 09:00:00,2016-01-29 08:25:00,1891.25,0.0,2016-01-29 09:00:00,1895.5,0.0,46,True
2016-02-01 08:30:00,H16,2016-02-01 08:25:00,2016-02-01 09:00:00,2016-02-01 08:25:00,1916.25,0.0,2016-02-01 09:00:00,1918.5,0.0,46,True
2016-02-01 10:00:00,H16,2016-02-01 09:55:00,2016-02-01 10:30:00,2016-02-01 09:55:00,1917.75,0.0,2016-02-01 10:30:00,1919.0,0.0,46,True
2016-02-03 10:00:00,H16,2016-02-03 09:55:00,2016-02-03 10:30:00,2016-02-03 09:55:00,1894.75,0.0,2016-02-03 10:30:00,1867.75,0.0,46,True
2016-02-05 08:30:00,H16,2016-02-05 08:25:00,2016-02-05 09:00:00,2016-02-05 08:25:00,1906.75,0.0,2016-02-05 09:00:00,1901.25,0.0,46,True
2016-02-12 08:30:00,H16,2016-02-12 08:25:00,2016-02-12 09:00:00,2016-02-12 08:25:00,1840.5,0.0,2016-02-12 09:00:00,1844.75,0.0,46,True
2016-02-17 08:30:00,H16,2016-02-17 08:25:00,2016-02-17 09:00:00,2016-02-17 08:25:00,1902.25,0.0,2016-02-17 09:00:00,1906.5,0.0,46,True
2016-02-17 09:15:00,H16,2016-02-17 09:10:00,2016-02-17 09:45:00,2016-02-17 09:10:00,1906.75,0.0,2016-02-17 09:45:00,1905.25,0.0,46,True
2016-02-19 08:30:00,H16,2016-02-19 08:25:00,2016-02-19 09:00:00,2016-02-19 08:25:00,1910.5,0.0,2016-02-19 09:00:00,1905.0,0.0,46,True
2016-02-23 10:00:00,H16,2016-02-23 09:55:00,2016-02-23 10:30:00,2016-02-23 09:55:00,1936.0,0.0,2016-02-23 10:30:00,1929.25,0.0,46,True
2016-02-24 10:00:00,H16,2016-02-24 09:55:00,2016-02-24 10:30:00,2016-02-24 09:55:00,1891.25,0.0,2016-02-24 10:30:00,1892.0,0.0,46,True
2016-02-25 08:30:00,H16,2016-02-25 08:25:00,2016-02-25 09:00:00,2016-02-25 08:25:00,1930.5,0.0,2016-02-25 09:00:00,1932.75,0.0,46,True
2016-02-26 10:00:00,H16,2016-02-26 09:55:00,2016-02-26 10:30:00,2016-02-26 09:55:00,1958.5,0.0,2016-02-26 10:30:00,1951.75,0.0,46,True
2016-03-01 10:00:00,H16,2016-03-01 09:55:00,2016-03-01 10:30:00,2016-03-01 09:55:00,1941.0,0.0,2016-03-01 10:30:00,1952.0,0.0,46,True
2016-03-03 10:00:00,H16,2016-03-03 09:55:00,2016-03-03 10:30:00,2016-03-03 09:55:00,1978.0,0.0,2016-03-03 10:30:00,1980.5,0.0,46,True
2016-03-04 08:30:00,H16,2016-03-04 08:25:00,2016-03-04 09:00:00,2016-03-04 08:25:00,1994.0,0.0,2016-03-04 09:00:00,1988.5,0.0,46,True
2016-03-15 08:30:00,M16,2016-03-15 08:25:00,2016-03-15 09:00:00,2016-03-15 08:25:00,1998.25,0.0,2016-03-15 09:00:00,1999.5,0.0,46,True
2016-03-16 08:30:00,M16,2016-03-16 08:25:00,2016-03-16 09:00:00,2016-03-16 08:25:00,2004.0,0.0,2016-03-16 09:00:00,1999.0,0.0,46,True
2016-03-16 09:15:00,M16,2016-03-16 09:10:00,2016-03-16 09:45:00,2016-03-16 09:10:00,1999.25,0.0,2016-03-16 09:45:00,2005.0,0.0,46,True
2016-03-21 10:00:00,M16,2016-03-21 09:55:00,2016-03-21 10:30:00,2016-03-21 09:55:00,2040.0,0.0,2016-03-21 10:30:00,2033.75,0.0,46,True
2016-03-23 10:00:00,M16,2016-03-23 09:55:00,2016-03-23 10:30:00,2016-03-23 09:55:00,2033.25,0.0,2016-03-23 10:30:00,2034.0,0.0,46,True
2016-03-24 08:30:00,M16,2016-03-24 08:25:00,2016-03-24 09:00:00,2016-03-24 08:25:00,2018.25,0.0,2016-03-24 09:00:00,2015.5,0.0,46,True
2016-03-28 08:30:00,M16,2016-03-28 08:25:00,2016-03-28 09:00:00,2016-03-28 08:25:00,2032.5,0.0,2016-03-28 09:00:00,2032.5,0.0,46,True
2016-04-01 08:30:00,M16,2016-04-01 08:25:00,2016-04-01 09:00:00,2016-04-01 08:25:00,2043.5,0.0,2016-04-01 09:00:00,2037.5,0.0,46,True
2016-04-01 10:00:00,M16,2016-04-01 09:55:00,2016-04-01 10:30:00,2016-04-01 09:55:00,2039.5,0.0,2016-04-01 10:30:00,2046.75,0.0,46,True
2016-04-05 10:00:00,M16,2016-04-05 09:55:00,2016-04-05 10:30:00,2016-04-05 09:55:00,2039.25,0.0,2016-04-05 10:30:00,2044.25,0.0,46,True
2016-04-13 08:30:00,M16,2016-04-13 08:25:00,2016-04-13 09:00:00,2016-04-13 08:25:00,2066.5,0.0,2016-04-13 09:00:00,2065.25,0.0,46,True
2016-04-14 08:30:00,M16,2016-04-14 08:25:00,2016-04-14 09:00:00,2016-04-14 08:25:00,2075.0,0.0,2016-04-14 09:00:00,2078.25,0.0,46,True
2016-04-15 09:15:00,M16,2016-04-15 09:10:00,2016-04-15 09:45:00,2016-04-15 09:10:00,2074.25,0.0,2016-04-15 09:45:00,2074.25,0.0,46,True
2016-04-19 08:30:00,M16,2016-04-19 08:25:00,2016-04-19 09:00:00,2016-04-19 08:25:00,2095.75,0.0,2016-04-19 09:00:00,2094.25,0.0,46,True
2016-04-20 10:00:00,M16,2016-04-20 09:55:00,2016-04-20 10:30:00,2016-04-20 09:55:00,2096.25,0.0,2016-04-20 10:30:00,2093.0,0.0,46,True
2016-04-25 10:00:00,M16,2016-04-25 09:55:00,2016-04-25 10:30:00,2016-04-25 09:55:00,2077.0,0.0,2016-04-25 10:30:00,2072.5,0.0,46,True
2016-04-26 08:30:00,M16,2016-04-26 08:25:00,2016-04-26 09:00:00,2016-04-26 08:25:00,2088.25,0.0,2016-04-26 09:00:00,2087.25,0.0,46,True
2016-04-28 08:30:00,M16,2016-04-28 08:25:00,2016-04-28 09:00:00,2016-04-28 08:25:00,2077.75,0.0,2016-04-28 09:00:00,2078.5,0.0,46,True
2016-04-29 08:30:00,M16,2016-04-29 08:25:00,2016-04-29 09:00:00,2016-04-29 08:25:00,2071.25,0.0,2016-04-29 09:00:00,2065.5,0.0,46,True
2016-05-02 10:00:00,M16,2016-05-02 09:55:00,2016-05-02 10:30:00,2016-05-02 09:55:00,2062.25,0.0,2016-05-02 10:30:00,2067.75,0.0,46,True
2016-05-04 10:00:00,M16,2016-05-04 09:55:00,2016-05-04 10:30:00,2016-05-04 09:55:00,2048.0,0.0,2016-05-04 10:30:00,2048.25,0.0,46,True
2016-05-06 08:30:00,M16,2016-05-06 08:25:00,2016-05-06 09:00:00,2016-05-06 08:25:00,2038.25,0.0,2016-05-06 09:00:00,2034.0,0.0,46,True
2016-05-13 08:30:00,M16,2016-05-13 08:25:00,2016-05-13 09:00:00,2016-05-13 08:25:00,2052.5,0.0,2016-05-13 09:00:00,2053.75,0.0,46,True
2016-05-17 08:30:00,M16,2016-05-17 08:25:00,2016-05-17 09:00:00,2016-05-17 08:25:00,2060.75,0.0,2016-05-17 09:00:00,2058.0,0.0,46,True
2016-05-17 09:15:00,M16,2016-05-17 09:10:00,2016-05-17 09:45:00,2016-05-17 09:10:00,2058.0,0.0,2016-05-17 09:45:00,2054.25,0.0,46,True
2016-05-20 10:00:00,M16,2016-05-20 09:55:00,2016-05-20 10:30:00,2016-05-20 09:55:00,2049.75,0.0,2016-05-20 10:30:00,2049.5,0.0,46,True
2016-05-24 10:00:00,M16,2016-05-24 09:55:00,2016-05-24 10:30:00,2016-05-24 09:55:00,2064.75,0.0,2016-05-24 10:30:00,2068.75,0.0,46,True
2016-05-26 08:30:00,M16,2016-05-26 08:25:00,2016-05-26 09:00:00,2016-05-26 08:25:00,2090.5,0.0,2016-05-26 09:00:00,2088.75,0.0,46,True
2016-05-31 08:30:00,M16,2016-05-31 08:25:00,2016-05-31 09:00:00,2016-05-31 08:25:00,2100.25,0.0,2016-05-31 09:00:00,2100.25,0.0,46,True
2016-06-01 10:00:00,M16,2016-06-01 09:55:00,2016-06-01 10:30:00,2016-06-01 09:55:00,2085.5,0.0,2016-06-01 10:30:00,2088.5,0.0,46,True
2016-06-03 08:30:00,M16,2016-06-03 08:25:00,2016-06-03 09:00:00,2016-06-03 08:25:00,2104.5,0.0,2016-06-03 09:00:00,2094.0,0.0,46,True
2016-06-03 10:00:00,M16,2016-06-03 09:55:00,2016-06-03 10:30:00,2016-06-03 09:55:00,2090.5,0.0,2016-06-03 10:30:00,2084.5,0.0,46,True
2016-06-14 08:30:00,U16,2016-06-14 08:25:00,2016-06-14 09:00:00,2016-06-14 08:25:00,2062.25,0.0,2016-06-14 09:00:00,2064.25,0.0,46,True
2016-06-15 08:30:00,U16,2016-06-15 08:25:00,2016-06-15 09:00:00,2016-06-15 08:25:00,2071.0,0.0,2016-06-15 09:00:00,2069.25,0.0,46,True
2016-06-15 09:15:00,U16,2016-06-15 09:10:00,2016-06-15 09:45:00,2016-06-15 09:10:00,2068.5,0.0,2016-06-15 09:45:00,2071.25,0.0,46,True
2016-06-16 08:30:00,U16,2016-06-16 08:25:00,2016-06-16 09:00:00,2016-06-16 08:25:00,2052.75,0.0,2016-06-16 09:00:00,2053.5,0.0,46,True
2016-06-17 08:30:00,U16,2016-06-17 08:25:00,2016-06-17 09:00:00,2016-06-17 08:25:00,2069.0,0.0,2016-06-17 09:00:00,2067.75,0.0,46,True
2016-06-22 10:00:00,U16,2016-06-22 09:55:00,2016-06-22 10:30:00,2016-06-22 09:55:00,2083.5,0.0,2016-06-22 10:30:00,2085.5,0.0,46,True
2016-06-23 10:00:00,U16,2016-06-23 09:55:00,2016-06-23 10:30:00,2016-06-23 09:55:00,2091.0,0.0,2016-06-23 10:30:00,2091.75,0.0,46,True
2016-06-24 08:30:00,U16,2016-06-24 08:25:00,2016-06-24 09:00:00,2016-06-24 08:25:00,2034.25,0.0,2016-06-24 09:00:00,2034.0,0.0,46,True
2016-06-29 08:30:00,U16,2016-06-29 08:25:00,2016-06-29 09:00:00,2016-06-29 08:25:00,2041.25,0.0,2016-06-29 09:00:00,2043.75,0.0,46,True
2016-07-01 10:00:00,U16,2016-07-01 09:55:00,2016-07-01 10:30:00,2016-07-01 09:55:00,2095.5,0.0,2016-07-01 10:30:00,2099.25,0.0,46,True
2016-07-06 10:00:00,U16,2016-07-06 09:55:00,2016-07-06 10:30:00,2016-07-06 09:55:00,2071.75,0.0,2016-07-06 10:30:00,2067.0,0.0,46,True
2016-07-08 08:30:00,U16,2016-07-08 08:25:00,2016-07-08 09:00:00,2016-07-08 08:25:00,2096.75,0.0,2016-07-08 09:00:00,2107.75,0.0,46,True
2016-07-14 08:30:00,U16,2016-07-14 08:25:00,2016-07-14 09:00:00,2016-07-14 08:25:00,2162.0,0.0,2016-07-14 09:00:00,2162.25,0.0,46,True
2016-07-15 08:30:00,U16,2016-07-15 08:25:00,2016-07-15 09:00:00,2016-07-15 08:25:00,2157.5,0.0,2016-07-15 09:00:00,2160.5,0.0,46,True
2016-07-15 09:15:00,U16,2016-07-15 09:10:00,2016-07-15 09:45:00,2016-07-15 09:10:00,2160.25,0.0,2016-07-15 09:45:00,2160.25,0.0,46,True
2016-07-19 08:30:00,U16,2016-07-19 08:25:00,2016-07-19 09:00:00,2016-07-19 08:25:00,2155.0,0.0,2016-07-19 09:00:00,2154.75,0.0,46,True
2016-07-21 10:00:00,U16,2016-07-21 09:55:00,2016-07-21 10:30:00,2016-07-21 09:55:00,2166.75,0.0,2016-07-21 10:30:00,2166.25,0.0,46,True
2016-07-26 10:00:00,U16,2016-07-26 09:55:00,2016-07-26 10:30:00,2016-07-26 09:55:00,2166.0,0.0,2016-07-26 10:30:00,2166.25,0.0,46,True
2016-07-27 08:30:00,U16,2016-07-27 08:25:00,2016-07-27 09:00:00,2016-07-27 08:25:00,2167.5,0.0,2016-07-27 09:00:00,2169.0,0.0,46,True
2016-07-29 08:30:00,U16,2016-07-29 08:25:00,2016-07-29 09:00:00,2016-07-29 08:25:00,2161.25,0.0,2016-07-29 09:00:00,2162.25,0.0,46,True
2016-08-01 10:00:00,U16,2016-08-01 09:55:00,2016-08-01 10:30:00,2016-08-01 09:55:00,2164.75,0.0,2016-08-01 10:30:00,2168.5,0.0,46,True
2016-08-02 08:30:00,U16,2016-08-02 08:25:00,2016-08-02 09:00:00,2016-08-02 08:25:00,2160.5,0.0,2016-08-02 09:00:00,2159.5,0.0,46,True
2016-08-03 10:00:00,U16,2016-08-03 09:55:00,2016-08-03 10:30:00,2016-08-03 09:55:00,2151.0,0.0,2016-08-03 10:30:00,2151.75,0.0,46,True
2016-08-05 08:30:00,U16,2016-08-05 08:25:00,2016-08-05 09:00:00,2016-08-05 08:25:00,2162.25,0.0,2016-08-05 09:00:00,2166.75,0.0,46,True
2016-08-12 08:30:00,U16,2016-08-12 08:25:00,2016-08-12 09:00:00,2016-08-12 08:25:00,2181.75,0.0,2016-08-12 09:00:00,2180.0,0.0,46,True
2016-08-16 08:30:00,U16,2016-08-16 08:25:00,2016-08-16 09:00:00,2016-08-16 08:25:00,2183.0,0.0,2016-08-16 09:00:00,2181.75,0.0,46,True
2016-08-16 09:15:00,U16,2016-08-16 09:10:00,2016-08-16 09:45:00,2016-08-16 09:10:00,2181.5,0.0,2016-08-16 09:45:00,2177.75,0.0,46,True
2016-08-23 10:00:00,U16,2016-08-23 09:55:00,2016-08-23 10:30:00,2016-08-23 09:55:00,2190.75,0.0,2016-08-23 10:30:00,2190.75,0.0,46,True
2016-08-24 10:00:00,U16,2016-08-24 09:55:00,2016-08-24 10:30:00,2016-08-24 09:55:00,2183.75,0.0,2016-08-24 10:30:00,2181.0,0.0,46,True
2016-08-25 08:30:00,U16,2016-08-25 08:25:00,2016-08-25 09:00:00,2016-08-25 08:25:00,2170.75,0.0,2016-08-25 09:00:00,2169.75,0.0,46,True
2016-08-29 08:30:00,U16,2016-08-29 08:25:00,2016-08-29 09:00:00,2016-08-29 08:25:00,2169.25,0.0,2016-08-29 09:00:00,2170.25,0.0,46,True
2016-09-01 10:00:00,U16,2016-09-01 09:55:00,2016-09-01 10:30:00,2016-09-01 09:55:00,2167.5,0.0,2016-09-01 10:30:00,2158.0,0.0,46,True
2016-09-02 08:30:00,U16,2016-09-02 08:25:00,2016-09-02 09:00:00,2016-09-02 08:25:00,2166.25,0.0,2016-09-02 09:00:00,2174.75,0.0,46,True
2016-09-06 10:00:00,U16,2016-09-06 09:55:00,2016-09-06 10:30:00,2016-09-06 09:55:00,2181.0,0.0,2016-09-06 10:30:00,2176.0,0.0,46,True
2016-09-15 08:30:00,Z16,2016-09-15 08:25:00,2016-09-15 09:00:00,2016-09-15 08:25:00,2122.75,0.0,2016-09-15 09:00:00,2116.25,0.0,46,True
2016-09-15 09:15:00,Z16,2016-09-15 09:10:00,2016-09-15 09:45:00,2016-09-15 09:10:00,2117.0,0.0,2016-09-15 09:45:00,2115.5,0.0,46,True
2016-09-16 08:30:00,Z16,2016-09-16 08:25:00,2016-09-16 09:00:00,2016-09-16 08:25:00,2133.0,0.0,2016-09-16 09:00:00,2135.0,0.0,46,True
2016-09-20 08:30:00,Z16,2016-09-20 08:25:00,2016-09-20 09:00:00,2016-09-20 08:25:00,2140.5,0.0,2016-09-20 09:00:00,2140.25,0.0,46,True
2016-09-22 10:00:00,Z16,2016-09-22 09:55:00,2016-09-22 10:30:00,2016-09-22 09:55:00,2171.5,0.0,2016-09-22 10:30:00,2170.75,0.0,46,True
2016-09-26 10:00:00,Z16,2016-09-26 09:55:00,2016-09-26 10:30:00,2016-09-26 09:55:00,2143.75,0.0,2016-09-26 10:30:00,2146.0,0.0,46,True
2016-09-28 08:30:00,Z16,2016-09-28 08:25:00,2016-09-28 09:00:00,2016-09-28 08:25:00,2153.75,0.0,2016-09-28 09:00:00,2153.25,0.0,46,True
2016-09-30 08:30:00,Z16,2016-09-30 08:25:00,2016-09-30 09:00:00,2016-09-30 08:25:00,2148.25,0.0,2016-09-30 09:00:00,2150.25,0.0,46,True
2016-10-03 10:00:00,Z16,2016-10-03 09:55:00,2016-10-03 10:30:00,2016-10-03 09:55:00,2150.75,0.0,2016-10-03 10:30:00,2151.25,0.0,46,True
2016-10-05 10:00:00,Z16,2016-10-05 09:55:00,2016-10-05 10:30:00,2016-10-05 09:55:00,2152.5,0.0,2016-10-05 10:30:00,2154.0,0.0,46,True
2016-10-07 08:30:00,Z16,2016-10-07 08:25:00,2016-10-07 09:00:00,2016-10-07 08:25:00,2152.0,0.0,2016-10-07 09:00:00,2157.0,0.0,46,True
2016-10-14 08:30:00,Z16,2016-10-14 08:25:00,2016-10-14 09:00:00,2016-10-14 08:25:00,2132.5,0.0,2016-10-14 09:00:00,2135.75,0.0,46,True
2016-10-17 09:15:00,Z16,2016-10-17 09:10:00,2016-10-17 09:45:00,2016-10-17 09:10:00,2125.5,0.0,2016-10-17 09:45:00,2123.75,0.0,46,True
2016-10-18 08:30:00,Z16,2016-10-18 08:25:00,2016-10-18 09:00:00,2016-10-18 08:25:00,2135.75,0.0,2016-10-18 09:00:00,2137.5,0.0,46,True
2016-10-19 08:30:00,Z16,2016-10-19 08:25:00,2016-10-19 09:00:00,2016-10-19 08:25:00,2134.75,0.0,2016-10-19 09:00:00,2136.25,0.0,46,True
2016-10-20 10:00:00,Z16,2016-10-20 09:55:00,2016-10-20 10:30:00,2016-10-20 09:55:00,2136.5,0.0,2016-10-20 10:30:00,2132.5,0.0,46,True
2016-10-26 10:00:00,Z16,2016-10-26 09:55:00,2016-10-26 10:30:00,2016-10-26 09:55:00,2127.75,0.0,2016-10-26 10:30:00,2130.5,0.0,46,True
2016-10-27 08:30:00,Z16,2016-10-27 08:25:00,2016-10-27 09:00:00,2016-10-27 08:25:00,2142.0,0.0,2016-10-27 09:00:00,2143.25,0.0,46,True
2016-10-28 08:30:00,Z16,2016-10-28 08:25:00,2016-10-28 09:00:00,2016-10-28 08:25:00,2126.25,0.0,2016-10-28 09:00:00,2128.0,0.0,46,True
2016-10-31 08:30:00,Z16,2016-10-31 08:25:00,2016-10-31 09:00:00,2016-10-31 08:25:00,2125.5,0.0,2016-10-31 09:00:00,2127.0,0.0,46,True
2016-11-01 10:00:00,Z16,2016-11-01 09:55:00,2016-11-01 10:30:00,2016-11-01 09:55:00,2120.0,0.0,2016-11-01 10:30:00,2115.75,0.0,46,True
2016-11-03 10:00:00,Z16,2016-11-03 09:55:00,2016-11-03 10:30:00,2016-11-03 09:55:00,2094.5,0.0,2016-11-03 10:30:00,2095.5,0.0,46,True
2016-11-04 08:30:00,Z16,2016-11-04 08:25:00,2016-11-04 09:00:00,2016-11-04 08:25:00,2083.5,0.0,2016-11-04 09:00:00,2086.25,0.0,46,True
2016-11-15 08:30:00,Z16,2016-11-15 08:25:00,2016-11-15 09:00:00,2016-11-15 08:25:00,2165.0,0.0,2016-11-15 09:00:00,2165.0,0.0,46,True
2016-11-16 08:30:00,Z16,2016-11-16 08:25:00,2016-11-16 09:00:00,2016-11-16 08:25:00,2170.25,0.0,2016-11-16 09:00:00,2170.5,0.0,46,True
2016-11-16 09:15:00,Z16,2016-11-16 09:10:00,2016-11-16 09:45:00,2016-11-16 09:10:00,2170.0,0.0,2016-11-16 09:45:00,2174.25,0.0,46,True
2016-11-17 08:30:00,Z16,2016-11-17 08:25:00,2016-11-17 09:00:00,2016-11-17 08:25:00,2173.5,0.0,2016-11-17 09:00:00,2175.0,0.0,46,True
2016-11-22 10:00:00,Z16,2016-11-22 09:55:00,2016-11-22 10:30:00,2016-11-22 09:55:00,2200.0,0.0,2016-11-22 10:30:00,2199.0,0.0,46,True
2016-11-23 08:30:00,Z16,2016-11-23 08:25:00,2016-11-23 09:00:00,2016-11-23 08:25:00,2199.0,0.0,2016-11-23 09:00:00,2197.0,0.0,46,True
2016-11-23 10:00:00,Z16,2016-11-23 09:55:00,2016-11-23 10:30:00,2016-11-23 09:55:00,2194.0,0.0,2016-11-23 10:30:00,2198.0,0.0,46,True
2016-11-30 08:30:00,Z16,2016-11-30 08:25:00,2016-11-30 09:00:00,2016-11-30 08:25:00,2208.5,0.0,2016-11-30 09:00:00,2210.5,0.0,46,True
2016-12-01 10:00:00,Z16,2016-12-01 09:55:00,2016-12-01 10:30:00,2016-12-01 09:55:00,2194.75,0.0,2016-12-01 10:30:00,2195.75,0.0,46,True
2016-12-02 08:30:00,Z16,2016-12-02 08:25:00,2016-12-02 09:00:00,2016-12-02 08:25:00,2189.75,0.0,2016-12-02 09:00:00,2189.25,0.0,46,True
2016-12-05 10:00:00,Z16,2016-12-05 09:55:00,2016-12-05 10:30:00,2016-12-05 09:55:00,2205.0,0.0,2016-12-05 10:30:00,2206.5,0.0,46,True
2016-12-14 08:30:00,H17,2016-12-14 08:25:00,2016-12-14 09:00:00,2016-12-14 08:25:00,2266.0,0.0,2016-12-14 09:00:00,2265.5,0.0,46,True
2016-12-14 09:15:00,H17,2016-12-14 09:10:00,2016-12-14 09:45:00,2016-12-14 09:10:00,2264.25,0.0,2016-12-14 09:45:00,2266.5,0.0,46,True
2016-12-15 08:30:00,H17,2016-12-15 08:25:00,2016-12-15 09:00:00,2016-12-15 08:25:00,2249.75,0.0,2016-12-15 09:00:00,2251.25,0.0,46,True
2016-12-16 08:30:00,H17,2016-12-16 08:25:00,2016-12-16 09:00:00,2016-12-16 08:25:00,2262.5,0.0,2016-12-16 09:00:00,2262.0,0.0,46,True
2016-12-21 10:00:00,H17,2016-12-21 09:55:00,2016-12-21 10:30:00,2016-12-21 09:55:00,2264.25,0.0,2016-12-21 10:30:00,2264.0,0.0,46,True
2016-12-22 08:30:00,H17,2016-12-22 08:25:00,2016-12-22 09:00:00,2016-12-22 08:25:00,2260.5,0.0,2016-12-22 09:00:00,2259.25,0.0,46,True
2016-12-22 10:00:00,H17,2016-12-22 09:55:00,2016-12-22 10:30:00,2016-12-22 09:55:00,2256.25,0.0,2016-12-22 10:30:00,2257.25,0.0,46,True
2016-12-23 10:00:00,H17,2016-12-23 09:55:00,2016-12-23 10:30:00,2016-12-23 09:55:00,2258.25,0.0,2016-12-23 10:30:00,2257.0,0.0,46,True
2017-01-03 10:00:00,H17,2017-01-03 09:55:00,2017-01-03 10:30:00,2017-01-03 09:55:00,2249.25,0.0,2017-01-03 10:30:00,2257.25,0.0,46,True
2017-01-05 10:00:00,H17,2017-01-05 09:55:00,2017-01-05 10:30:00,2017-01-05 09:55:00,2264.25,0.0,2017-01-05 10:30:00,2264.0,0.0,46,True
2017-01-06 08:30:00,H17,2017-01-06 08:25:00,2017-01-06 09:00:00,2017-01-06 08:25:00,2262.5,0.0,2017-01-06 09:00:00,2266.0,0.0,46,True
2017-01-13 08:30:00,H17,2017-01-13 08:25:00,2017-01-13 09:00:00,2017-01-13 08:25:00,2264.5,0.0,2017-01-13 09:00:00,2266.75,0.0,46,True
2017-01-18 08:30:00,H17,2017-01-18 08:25:00,2017-01-18 09:00:00,2017-01-18 08:25:00,2267.75,0.0,2017-01-18 09:00:00,2266.5,0.0,46,True
2017-01-18 09:15:00,H17,2017-01-18 09:10:00,2017-01-18 09:45:00,2017-01-18 09:10:00,2266.0,0.0,2017-01-18 09:45:00,2262.0,0.0,46,True
2017-01-19 08:30:00,H17,2017-01-19 08:25:00,2017-01-19 09:00:00,2017-01-19 08:25:00,2264.5,0.0,2017-01-19 09:00:00,2265.5,0.0,46,True
2017-01-24 10:00:00,H17,2017-01-24 09:55:00,2017-01-24 10:30:00,2017-01-24 09:55:00,2263.75,0.0,2017-01-24 10:30:00,2264.5,0.0,46,True
2017-01-26 10:00:00,H17,2017-01-26 09:55:00,2017-01-26 10:30:00,2017-01-26 09:55:00,2294.25,0.0,2017-01-26 10:30:00,2293.75,0.0,46,True
2017-01-27 08:30:00,H17,2017-01-27 08:25:00,2017-01-27 09:00:00,2017-01-27 08:25:00,2295.0,0.0,2017-01-27 09:00:00,2294.25,0.0,46,True
2017-01-30 08:30:00,H17,2017-01-30 08:25:00,2017-01-30 09:00:00,2017-01-30 08:25:00,2280.25,0.0,2017-01-30 09:00:00,2281.25,0.0,46,True
2017-02-01 10:00:00,H17,2017-02-01 09:55:00,2017-02-01 10:30:00,2017-02-01 09:55:00,2282.0,0.0,2017-02-01 10:30:00,2277.75,0.0,46,True
2017-02-03 08:30:00,H17,2017-02-03 08:25:00,2017-02-03 09:00:00,2017-02-03 08:25:00,2278.25,0.0,2017-02-03 09:00:00,2285.25,0.0,46,True
2017-02-03 10:00:00,H17,2017-02-03 09:55:00,2017-02-03 10:30:00,2017-02-03 09:55:00,2285.25,0.0,2017-02-03 10:30:00,2290.0,0.0,46,True
2017-02-14 08:30:00,H17,2017-02-14 08:25:00,2017-02-14 09:00:00,2017-02-14 08:25:00,2327.0,0.0,2017-02-14 09:00:00,2325.0,0.0,46,True
2017-02-15 08:30:00,H17,2017-02-15 08:25:00,2017-02-15 09:00:00,2017-02-15 08:25:00,2334.0,0.0,2017-02-15 09:00:00,2332.5,0.0,46,True
2017-02-15 09:15:00,H17,2017-02-15 09:10:00,2017-02-15 09:45:00,2017-02-15 09:10:00,2332.0,0.0,2017-02-15 09:45:00,2335.25,0.0,46,True
2017-02-16 08:30:00,H17,2017-02-16 08:25:00,2017-02-16 09:00:00,2017-02-16 08:25:00,2345.25,0.0,2017-02-16 09:00:00,2347.0,0.0,46,True
2017-02-22 10:00:00,H17,2017-02-22 09:55:00,2017-02-22 10:30:00,2017-02-22 09:55:00,2357.5,0.0,2017-02-22 10:30:00,2361.25,0.0,46,True
2017-02-24 10:00:00,H17,2017-02-24 09:55:00,2017-02-24 10:30:00,2017-02-24 09:55:00,2355.0,0.0,2017-02-24 10:30:00,2355.0,0.0,46,True
2017-02-27 08:30:00,H17,2017-02-27 08:25:00,2017-02-27 09:00:00,2017-02-27 08:25:00,2363.75,0.0,2017-02-27 09:00:00,2364.25,0.0,46,True
2017-03-01 08:30:00,H17,2017-03-01 08:25:00,2017-03-01 09:00:00,2017-03-01 08:25:00,2380.25,0.0,2017-03-01 09:00:00,2380.25,0.0,46,True
2017-03-01 10:00:00,H17,2017-03-01 09:55:00,2017-03-01 10:30:00,2017-03-01 09:55:00,2384.25,0.0,2017-03-01 10:30:00,2388.25,0.0,46,True
2017-03-03 10:00:00,H17,2017-03-03 09:55:00,2017-03-03 10:30:00,2017-03-03 09:55:00,2377.75,0.0,2017-03-03 10:30:00,2375.0,0.0,46,True
2017-03-10 08:30:00,H17,2017-03-10 08:25:00,2017-03-10 09:00:00,2017-03-10 08:25:00,2374.5,0.0,2017-03-10 09:00:00,2377.75,0.0,46,True
2017-03-14 08:30:00,M17,2017-03-14 08:25:00,2017-03-14 09:00:00,2017-03-14 08:25:00,2362.75,0.0,2017-03-14 09:00:00,2364.0,0.0,46,True
2017-03-15 08:30:00,M17,2017-03-15 08:25:00,2017-03-15 09:00:00,2017-03-15 08:25:00,2367.5,0.0,2017-03-15 09:00:00,2369.0,0.0,46,True
2017-03-16 08:30:00,M17,2017-03-16 08:25:00,2017-03-16 09:00:00,2017-03-16 08:25:00,2384.0,0.0,2017-03-16 09:00:00,2384.25,0.0,46,True
2017-03-17 09:15:00,M17,2017-03-17 09:10:00,2017-03-17 09:45:00,2017-03-17 09:10:00,2379.5,0.0,2017-03-17 09:45:00,2378.0,0.0,46,True
2017-03-22 10:00:00,M17,2017-03-22 09:55:00,2017-03-22 10:30:00,2017-03-22 09:55:00,2337.5,0.0,2017-03-22 10:30:00,2335.0,0.0,46,True
2017-03-23 10:00:00,M17,2017-03-23 09:55:00,2017-03-23 10:30:00,2017-03-23 09:55:00,2344.5,0.0,2017-03-23 10:30:00,2344.75,0.0,46,True
2017-03-24 08:30:00,M17,2017-03-24 08:25:00,2017-03-24 09:00:00,2017-03-24 08:25:00,2344.75,0.0,2017-03-24 09:00:00,2344.0,0.0,46,True
2017-03-31 08:30:00,M17,2017-03-31 08:25:00,2017-03-31 09:00:00,2017-03-31 08:25:00,2362.0,0.0,2017-03-31 09:00:00,2361.25,0.0,46,True
2017-04-03 10:00:00,M17,2017-04-03 09:55:00,2017-04-03 10:30:00,2017-04-03 09:55:00,2358.5,0.0,2017-04-03 10:30:00,2357.75,0.0,46,True
2017-04-05 10:00:00,M17,2017-04-05 09:55:00,2017-04-05 10:30:00,2017-04-05 09:55:00,2369.0,0.0,2017-04-05 10:30:00,2372.5,0.0,46,True
2017-04-07 08:30:00,M17,2017-04-07 08:25:00,2017-04-07 09:00:00,2017-04-07 08:25:00,2350.75,0.0,2017-04-07 09:00:00,2349.75,0.0,46,True
2017-04-13 08:30:00,M17,2017-04-13 08:25:00,2017-04-13 09:00:00,2017-04-13 08:25:00,2335.75,0.0,2017-04-13 09:00:00,2335.25,0.0,46,True
2017-04-14 08:30:00,M17,2017-04-14 08:25:00,2017-04-14 09:00:00,,,,,,,0,False
2017-04-18 08:30:00,M17,2017-04-18 08:25:00,2017-04-18 09:00:00,2017-04-18 08:25:00,2338.25,0.0,2017-04-18 09:00:00,2338.75,0.0,46,True
2017-04-18 09:15:00,M17,2017-04-18 09:10:00,2017-04-18 09:45:00,2017-04-18 09:10:00,2337.5,0.0,2017-04-18 09:45:00,2341.75,0.0,46,True
2017-04-21 10:00:00,M17,2017-04-21 09:55:00,2017-04-21 10:30:00,2017-04-21 09:55:00,2349.75,0.0,2017-04-21 10:30:00,2350.0,0.0,46,True
2017-04-25 10:00:00,M17,2017-04-25 09:55:00,2017-04-25 10:30:00,2017-04-25 09:55:00,2382.5,0.0,2017-04-25 10:30:00,2384.75,0.0,46,True
2017-04-27 08:30:00,M17,2017-04-27 08:25:00,2017-04-27 09:00:00,2017-04-27 08:25:00,2385.25,0.0,2017-04-27 09:00:00,2384.75,0.0,46,True
2017-04-28 08:30:00,M17,2017-04-28 08:25:00,2017-04-28 09:00:00,2017-04-28 08:25:00,2387.5,0.0,2017-04-28 09:00:00,2387.0,0.0,46,True
2017-05-01 08:30:00,M17,2017-05-01 08:25:00,2017-05-01 09:00:00,2017-05-01 08:25:00,2387.25,0.0,2017-05-01 09:00:00,2386.0,0.0,46,True
2017-05-01 10:00:00,M17,2017-05-01 09:55:00,2017-05-01 10:30:00,2017-05-01 09:55:00,2384.0,0.0,2017-05-01 10:30:00,2382.75,0.0,46,True
2017-05-03 10:00:00,M17,2017-05-03 09:55:00,2017-05-03 10:30:00,2017-05-03 09:55:00,2382.5,0.0,2017-05-03 10:30:00,2382.0,0.0,46,True
2017-05-05 08:30:00,M17,2017-05-05 08:25:00,2017-05-05 09:00:00,2017-05-05 08:25:00,2386.5,0.0,2017-05-05 09:00:00,2389.5,0.0,46,True
2017-05-11 08:30:00,M17,2017-05-11 08:25:00,2017-05-11 09:00:00,2017-05-11 08:25:00,2389.5,0.0,2017-05-11 09:00:00,2390.5,0.0,46,True
2017-05-12 08:30:00,M17,2017-05-12 08:25:00,2017-05-12 09:00:00,2017-05-12 08:25:00,2386.75,0.0,2017-05-12 09:00:00,2389.5,0.0,46,True
2017-05-16 08:30:00,M17,2017-05-16 08:25:00,2017-05-16 09:00:00,2017-05-16 08:25:00,2400.75,0.0,2017-05-16 09:00:00,2402.0,0.0,46,True
2017-05-16 09:15:00,M17,2017-05-16 09:10:00,2017-05-16 09:45:00,2017-05-16 09:10:00,2403.0,0.0,2017-05-16 09:45:00,2401.0,0.0,46,True
2017-05-23 10:00:00,M17,2017-05-23 09:55:00,2017-05-23 10:30:00,2017-05-23 09:55:00,2393.0,0.0,2017-05-23 10:30:00,2395.5,0.0,46,True
2017-05-24 10:00:00,M17,2017-05-24 09:55:00,2017-05-24 10:30:00,2017-05-24 09:55:00,2399.5,0.0,2017-05-24 10:30:00,2399.5,0.0,46,True
2017-05-26 08:30:00,M17,2017-05-26 08:25:00,2017-05-26 09:00:00,2017-05-26 08:25:00,2409.5,0.0,2017-05-26 09:00:00,2411.25,0.0,46,True
2017-05-30 08:30:00,M17,2017-05-30 08:25:00,2017-05-30 09:00:00,2017-05-30 08:25:00,2409.75,0.0,2017-05-30 09:00:00,2410.75,0.0,46,True
2017-06-01 10:00:00,M17,2017-06-01 09:55:00,2017-06-01 10:30:00,2017-06-01 09:55:00,2415.75,0.0,2017-06-01 10:30:00,2415.0,0.0,46,True
2017-06-02 08:30:00,M17,2017-06-02 08:25:00,2017-06-02 09:00:00,2017-06-02 08:25:00,2434.0,0.0,2017-06-02 09:00:00,2432.25,0.0,46,True
2017-06-05 10:00:00,M17,2017-06-05 09:55:00,2017-06-05 10:30:00,2017-06-05 09:55:00,2436.5,0.0,2017-06-05 10:30:00,2437.25,0.0,46,True
2017-06-13 08:30:00,M17,2017-06-13 08:25:00,2017-06-13 09:00:00,2017-06-13 08:25:00,2432.75,0.0,2017-06-13 09:00:00,2434.25,0.0,45,True
2017-06-14 08:30:00,U17,2017-06-14 08:25:00,2017-06-14 09:00:00,2017-06-14 08:25:00,2440.0,0.0,2017-06-14 09:00:00,2441.5,0.0,46,True
2017-06-15 09:15:00,U17,2017-06-15 09:10:00,2017-06-15 09:45:00,2017-06-15 09:10:00,2421.75,0.0,2017-06-15 09:45:00,2418.25,0.0,46,True
2017-06-16 08:30:00,U17,2017-06-16 08:25:00,2017-06-16 09:00:00,2017-06-16 08:25:00,2434.0,0.0,2017-06-16 09:00:00,2431.0,0.0,46,True
2017-06-21 10:00:00,U17,2017-06-21 09:55:00,2017-06-21 10:30:00,2017-06-21 09:55:00,2434.5,0.0,2017-06-21 10:30:00,2436.5,0.0,46,True
2017-06-23 10:00:00,U17,2017-06-23 09:55:00,2017-06-23 10:30:00,2017-06-23 09:55:00,2429.25,0.0,2017-06-23 10:30:00,2434.25,0.0,46,True
2017-06-26 08:30:00,U17,2017-06-26 08:25:00,2017-06-26 09:00:00,2017-06-26 08:25:00,2442.5,0.0,2017-06-26 09:00:00,2441.75,0.0,46,True
2017-06-30 08:30:00,U17,2017-06-30 08:25:00,2017-06-30 09:00:00,2017-06-30 08:25:00,2424.0,0.0,2017-06-30 09:00:00,2422.5,0.0,46,True
2017-07-03 10:00:00,U17,2017-07-03 09:55:00,2017-07-03 10:30:00,2017-07-03 09:55:00,2434.0,0.0,2017-07-03 10:30:00,2433.5,0.0,46,True
2017-07-06 10:00:00,U17,2017-07-06 09:55:00,2017-07-06 10:30:00,2017-07-06 09:55:00,2416.25,0.0,2017-07-06 10:30:00,2412.5,0.0,46,True
2017-07-07 08:30:00,U17,2017-07-07 08:25:00,2017-07-07 09:00:00,2017-07-07 08:25:00,2411.25,0.0,2017-07-07 09:00:00,2413.75,0.0,46,True
2017-07-13 08:30:00,U17,2017-07-13 08:25:00,2017-07-13 09:00:00,2017-07-13 08:25:00,2443.0,0.0,2017-07-13 09:00:00,2442.5,0.0,46,True
2017-07-14 08:30:00,U17,2017-07-14 08:25:00,2017-07-14 09:00:00,2017-07-14 08:25:00,2445.25,0.0,2017-07-14 09:00:00,2449.0,0.0,46,True
2017-07-14 09:15:00,U17,2017-07-14 09:10:00,2017-07-14 09:45:00,2017-07-14 09:10:00,2447.75,0.0,2017-07-14 09:45:00,2450.0,0.0,46,True
2017-07-19 08:30:00,U17,2017-07-19 08:25:00,2017-07-19 09:00:00,2017-07-19 08:25:00,2460.0,0.0,2017-07-19 09:00:00,2460.0,0.0,46,True
2017-07-24 10:00:00,U17,2017-07-24 09:55:00,2017-07-24 10:30:00,2017-07-24 09:55:00,2467.25,0.0,2017-07-24 10:30:00,2464.75,0.0,46,True
2017-07-26 10:00:00,U17,2017-07-26 09:55:00,2017-07-26 10:30:00,2017-07-26 09:55:00,2477.5,0.0,2017-07-26 10:30:00,2477.0,0.0,46,True
2017-07-27 08:30:00,U17,2017-07-27 08:25:00,2017-07-27 09:00:00,2017-07-27 08:25:00,2478.25,0.0,2017-07-27 09:00:00,2478.5,0.0,46,True
2017-07-28 08:30:00,U17,2017-07-28 08:25:00,2017-07-28 09:00:00,2017-07-28 08:25:00,2465.5,0.0,2017-07-28 09:00:00,2466.5,0.0,46,True
2017-08-01 08:30:00,U17,2017-08-01 08:25:00,2017-08-01 09:00:00,2017-08-01 08:25:00,2472.75,0.0,2017-08-01 09:00:00,2475.0,0.0,46,True
2017-08-01 10:00:00,U17,2017-08-01 09:55:00,2017-08-01 10:30:00,2017-08-01 09:55:00,2471.0,0.0,2017-08-01 10:30:00,2469.75,0.0,46,True
2017-08-03 10:00:00,U17,2017-08-03 09:55:00,2017-08-03 10:30:00,2017-08-03 09:55:00,2469.25,0.0,2017-08-03 10:30:00,2471.75,0.0,46,True
2017-08-04 08:30:00,U17,2017-08-04 08:25:00,2017-08-04 09:00:00,2017-08-04 08:25:00,2474.5,0.0,2017-08-04 09:00:00,2474.5,0.0,46,True
2017-08-10 08:30:00,U17,2017-08-10 08:25:00,2017-08-10 09:00:00,2017-08-10 08:25:00,2463.75,0.0,2017-08-10 09:00:00,2462.5,0.0,46,True
2017-08-11 08:30:00,U17,2017-08-11 08:25:00,2017-08-11 09:00:00,2017-08-11 08:25:00,2436.75,0.0,2017-08-11 09:00:00,2440.5,0.0,46,True
2017-08-15 08:30:00,U17,2017-08-15 08:25:00,2017-08-15 09:00:00,2017-08-15 08:25:00,2468.25,0.0,2017-08-15 09:00:00,2469.0,0.0,46,True
2017-08-16 08:30:00,U17,2017-08-16 08:25:00,2017-08-16 09:00:00,2017-08-16 08:25:00,2468.0,0.0,2017-08-16 09:00:00,2468.75,0.0,46,True
2017-08-17 08:45:00,U17,2017-08-17 08:40:00,2017-08-17 09:15:00,2017-08-17 08:40:00,2461.75,0.0,2017-08-17 09:15:00,2460.25,0.0,46,True
2017-08-23 10:00:00,U17,2017-08-23 09:55:00,2017-08-23 10:30:00,2017-08-23 09:55:00,2445.0,0.0,2017-08-23 10:30:00,2443.25,0.0,46,True
2017-08-24 10:00:00,U17,2017-08-24 09:55:00,2017-08-24 10:30:00,2017-08-24 09:55:00,2440.25,0.0,2017-08-24 10:30:00,2443.25,0.0,46,True
2017-08-25 08:30:00,U17,2017-08-25 08:25:00,2017-08-25 09:00:00,2017-08-25 08:25:00,2447.0,0.0,2017-08-25 09:00:00,2447.25,0.0,46,True
2017-08-31 08:30:00,U17,2017-08-31 08:25:00,2017-08-31 09:00:00,2017-08-31 08:25:00,2461.25,0.0,2017-08-31 09:00:00,2462.25,0.0,46,True
2017-09-01 08:30:00,U17,2017-09-01 08:25:00,2017-09-01 09:00:00,2017-09-01 08:25:00,2475.75,0.0,2017-09-01 09:00:00,2476.5,0.0,46,True
2017-09-01 10:00:00,U17,2017-09-01 09:55:00,2017-09-01 10:30:00,2017-09-01 09:55:00,2473.5,0.0,2017-09-01 10:30:00,2475.0,0.0,46,True
2017-09-06 10:00:00,U17,2017-09-06 09:55:00,2017-09-06 10:30:00,2017-09-06 09:55:00,2462.5,0.0,2017-09-06 10:30:00,2462.75,0.0,46,True
2017-09-13 08:30:00,U17,2017-09-13 08:25:00,2017-09-13 09:00:00,2017-09-13 08:25:00,2492.5,0.0,2017-09-13 09:00:00,2493.25,0.0,46,True
2017-09-14 08:30:00,Z17,2017-09-14 08:25:00,2017-09-14 09:00:00,2017-09-14 08:25:00,2490.5,0.0,2017-09-14 09:00:00,2489.0,0.0,46,True
2017-09-15 08:30:00,Z17,2017-09-15 08:25:00,2017-09-15 09:00:00,2017-09-15 08:25:00,2491.75,0.0,2017-09-15 09:00:00,2491.0,0.0,46,True
2017-09-15 09:15:00,Z17,2017-09-15 09:10:00,2017-09-15 09:45:00,2017-09-15 09:10:00,2490.0,0.0,2017-09-15 09:45:00,2492.25,0.0,46,True
2017-09-19 08:30:00,Z17,2017-09-19 08:25:00,2017-09-19 09:00:00,2017-09-19 08:25:00,2504.5,0.0,2017-09-19 09:00:00,2504.5,0.0,46,True
2017-09-20 10:00:00,Z17,2017-09-20 09:55:00,2017-09-20 10:30:00,2017-09-20 09:55:00,2505.25,0.0,2017-09-20 10:30:00,2504.75,0.0,46,True
2017-09-26 10:00:00,Z17,2017-09-26 09:55:00,2017-09-26 10:30:00,2017-09-26 09:55:00,2500.0,0.0,2017-09-26 10:30:00,2499.25,0.0,46,True
2017-09-27 08:30:00,Z17,2017-09-27 08:25:00,2017-09-27 09:00:00,2017-09-27 08:25:00,2500.5,0.0,2017-09-27 09:00:00,2501.0,0.0,46,True
2017-09-29 08:30:00,Z17,2017-09-29 08:25:00,2017-09-29 09:00:00,2017-09-29 08:25:00,2506.75,0.0,2017-09-29 09:00:00,2505.5,0.0,46,True
2017-10-02 10:00:00,Z17,2017-10-02 09:55:00,2017-10-02 10:30:00,2017-10-02 09:55:00,2520.25,0.0,2017-10-02 10:30:00,2522.5,0.0,46,True
2017-10-04 10:00:00,Z17,2017-10-04 09:55:00,2017-10-04 10:30:00,2017-10-04 09:55:00,2529.75,0.0,2017-10-04 10:30:00,2532.25,0.0,46,True
2017-10-06 08:30:00,Z17,2017-10-06 08:25:00,2017-10-06 09:00:00,2017-10-06 08:25:00,2547.5,0.0,2017-10-06 09:00:00,2543.75,0.0,46,True
2017-10-12 08:30:00,Z17,2017-10-12 08:25:00,2017-10-12 09:00:00,2017-10-12 08:25:00,2549.25,0.0,2017-10-12 09:00:00,2548.0,0.0,46,True
2017-10-13 08:30:00,Z17,2017-10-13 08:25:00,2017-10-13 09:00:00,2017-10-13 08:25:00,2552.5,0.0,2017-10-13 09:00:00,2554.25,0.0,46,True
2017-10-17 09:15:00,Z17,2017-10-17 09:10:00,2017-10-17 09:45:00,2017-10-17 09:10:00,2554.75,0.0,2017-10-17 09:45:00,2555.0,0.0,46,True
2017-10-18 08:30:00,Z17,2017-10-18 08:25:00,2017-10-18 09:00:00,2017-10-18 08:25:00,2561.5,0.0,2017-10-18 09:00:00,2560.5,0.0,46,True
2017-10-20 10:00:00,Z17,2017-10-20 09:55:00,2017-10-20 10:30:00,2017-10-20 09:55:00,2568.0,0.0,2017-10-20 10:30:00,2567.75,0.0,46,True
2017-10-25 08:30:00,Z17,2017-10-25 08:25:00,2017-10-25 09:00:00,2017-10-25 08:25:00,2564.5,0.0,2017-10-25 09:00:00,2564.0,0.0,46,True
2017-10-25 10:00:00,Z17,2017-10-25 09:55:00,2017-10-25 10:30:00,2017-10-25 09:55:00,2560.25,0.0,2017-10-25 10:30:00,2557.75,0.0,46,True
2017-10-27 08:30:00,Z17,2017-10-27 08:25:00,2017-10-27 09:00:00,2017-10-27 08:25:00,2566.0,0.0,2017-10-27 09:00:00,2567.25,0.0,46,True
2017-10-30 08:30:00,Z17,2017-10-30 08:25:00,2017-10-30 09:00:00,2017-10-30 08:25:00,2573.0,0.0,2017-10-30 09:00:00,2572.75,0.0,46,True
2017-11-01 10:00:00,Z17,2017-11-01 09:55:00,2017-11-01 10:30:00,2017-11-01 09:55:00,2583.75,0.0,2017-11-01 10:30:00,2581.0,0.0,46,True
2017-11-03 08:30:00,Z17,2017-11-03 08:25:00,2017-11-03 09:00:00,2017-11-03 08:25:00,2578.5,0.0,2017-11-03 09:00:00,2578.0,0.0,46,True
2017-11-03 10:00:00,Z17,2017-11-03 09:55:00,2017-11-03 10:30:00,2017-11-03 09:55:00,2574.5,0.0,2017-11-03 10:30:00,2576.5,0.0,46,True
2017-11-14 08:30:00,Z17,2017-11-14 08:25:00,2017-11-14 09:00:00,2017-11-14 08:25:00,2577.5,0.0,2017-11-14 09:00:00,2574.5,0.0,46,True
2017-11-15 08:30:00,Z17,2017-11-15 08:25:00,2017-11-15 09:00:00,2017-11-15 08:25:00,2568.5,0.0,2017-11-15 09:00:00,2566.5,0.0,46,True
2017-11-16 09:15:00,Z17,2017-11-16 09:10:00,2017-11-16 09:45:00,2017-11-16 09:10:00,2574.0,0.0,2017-11-16 09:45:00,2575.5,0.0,46,True
2017-11-17 08:30:00,Z17,2017-11-17 08:25:00,2017-11-17 09:00:00,2017-11-17 08:25:00,2584.0,0.0,2017-11-17 09:00:00,2583.25,0.0,46,True
2017-11-21 10:00:00,Z17,2017-11-21 09:55:00,2017-11-21 10:30:00,2017-11-21 09:55:00,2595.0,0.0,2017-11-21 10:30:00,2597.5,0.0,46,True
2017-11-22 08:30:00,Z17,2017-11-22 08:25:00,2017-11-22 09:00:00,2017-11-22 08:25:00,2598.75,0.0,2017-11-22 09:00:00,2597.5,0.0,46,True
2017-11-27 10:00:00,Z17,2017-11-27 09:55:00,2017-11-27 10:30:00,2017-11-27 09:55:00,2603.75,0.0,2017-11-27 10:30:00,2603.5,0.0,46,True
2017-11-30 08:30:00,Z17,2017-11-30 08:25:00,2017-11-30 09:00:00,2017-11-30 08:25:00,2633.25,0.0,2017-11-30 09:00:00,2633.25,0.0,46,True
2017-12-01 10:00:00,Z17,2017-12-01 09:55:00,2017-12-01 10:30:00,2017-12-01 09:55:00,2644.0,0.0,2017-12-01 10:30:00,2649.25,0.0,46,True
2017-12-05 10:00:00,Z17,2017-12-05 09:55:00,2017-12-05 10:30:00,2017-12-05 09:55:00,2640.0,0.0,2017-12-05 10:30:00,2641.75,0.0,46,True
2017-12-08 08:30:00,Z17,2017-12-08 08:25:00,2017-12-08 09:00:00,2017-12-08 08:25:00,2645.5,0.0,2017-12-08 09:00:00,2648.25,0.0,46,True
2017-12-12 08:30:00,Z17,2017-12-12 08:25:00,2017-12-12 09:00:00,2017-12-12 08:25:00,2663.75,0.0,2017-12-12 09:00:00,2664.0,0.0,46,True
2017-12-13 08:30:00,Z17,2017-12-13 08:25:00,2017-12-13 09:00:00,2017-12-13 08:25:00,2665.25,0.0,2017-12-13 09:00:00,2667.25,0.0,46,True
2017-12-14 08:30:00,H18,2017-12-14 08:25:00,2017-12-14 09:00:00,2017-12-14 08:25:00,2671.0,0.0,2017-12-14 09:00:00,2671.5,0.0,46,True
2017-12-15 09:15:00,H18,2017-12-15 09:10:00,2017-12-15 09:45:00,2017-12-15 09:10:00,2662.5,0.0,2017-12-15 09:45:00,2667.0,0.0,46,True
2017-12-19 08:30:00,H18,2017-12-19 08:25:00,2017-12-19 09:00:00,2017-12-19 08:25:00,2697.25,0.0,2017-12-19 09:00:00,2696.75,0.0,46,True
2017-12-20 10:00:00,H18,2017-12-20 09:55:00,2017-12-20 10:30:00,2017-12-20 09:55:00,2685.25,0.0,2017-12-20 10:30:00,2684.75,0.0,46,True
2017-12-22 08:30:00,H18,2017-12-22 08:25:00,2017-12-22 09:00:00,2017-12-22 08:25:00,2688.5,0.0,2017-12-22 09:00:00,2688.0,0.0,46,True
2017-12-22 10:00:00,H18,2017-12-22 09:55:00,2017-12-22 10:30:00,2017-12-22 09:55:00,2688.0,0.0,2017-12-22 10:30:00,2686.5,0.0,46,True
2018-01-03 10:00:00,H18,2018-01-03 09:55:00,2018-01-03 10:30:00,2018-01-03 09:55:00,2702.25,0.0,2018-01-03 10:30:00,2707.0,0.0,46,True
2018-01-05 08:30:00,H18,2018-01-05 08:25:00,2018-01-05 09:00:00,2018-01-05 08:25:00,2732.5,0.0,2018-01-05 09:00:00,2732.25,0.0,46,True
2018-01-05 10:00:00,H18,2018-01-05 09:55:00,2018-01-05 10:30:00,2018-01-05 09:55:00,2731.0,0.0,2018-01-05 10:30:00,2729.5,0.0,46,True
2018-01-11 08:30:00,H18,2018-01-11 08:25:00,2018-01-11 09:00:00,2018-01-11 08:25:00,2755.25,0.0,2018-01-11 09:00:00,2753.5,0.0,46,True
2018-01-12 08:30:00,H18,2018-01-12 08:25:00,2018-01-12 09:00:00,2018-01-12 08:25:00,2774.0,0.0,2018-01-12 09:00:00,2769.0,0.0,46,True
2018-01-17 09:15:00,H18,2018-01-17 09:10:00,2018-01-17 09:45:00,2018-01-17 09:10:00,2793.25,0.0,2018-01-17 09:45:00,2783.25,0.0,46,True
2018-01-18 08:30:00,H18,2018-01-18 08:25:00,2018-01-18 09:00:00,2018-01-18 08:25:00,2803.75,0.0,2018-01-18 09:00:00,2801.25,0.0,46,True
2018-01-24 10:00:00,H18,2018-01-24 09:55:00,2018-01-24 10:30:00,2018-01-24 09:55:00,2847.75,0.0,2018-01-24 10:30:00,2852.75,0.0,46,True
2018-01-25 10:00:00,H18,2018-01-25 09:55:00,2018-01-25 10:30:00,2018-01-25 09:55:00,2838.25,0.0,2018-01-25 10:30:00,2840.25,0.0,46,True
2018-01-26 08:30:00,H18,2018-01-26 08:25:00,2018-01-26 09:00:00,2018-01-26 08:25:00,2850.75,0.0,2018-01-26 09:00:00,2851.0,0.0,46,True
2018-01-29 08:30:00,H18,2018-01-29 08:25:00,2018-01-29 09:00:00,2018-01-29 08:25:00,2867.5,0.0,2018-01-29 09:00:00,2865.0,0.0,46,True
2018-02-01 10:00:00,H18,2018-02-01 09:55:00,2018-02-01 10:30:00,2018-02-01 09:55:00,2823.25,0.0,2018-02-01 10:30:00,2820.0,0.0,46,True
2018-02-02 08:30:00,H18,2018-02-02 08:25:00,2018-02-02 09:00:00,2018-02-02 08:25:00,2805.75,0.0,2018-02-02 09:00:00,2803.75,0.0,46,True
2018-02-05 10:00:00,H18,2018-02-05 09:55:00,2018-02-05 10:30:00,2018-02-05 09:55:00,2743.25,0.0,2018-02-05 10:30:00,2759.5,0.0,46,True
2018-02-14 08:30:00,H18,2018-02-14 08:25:00,2018-02-14 09:00:00,2018-02-14 08:25:00,2674.0,0.0,2018-02-14 09:00:00,2637.75,0.0,46,True
2018-02-15 08:30:00,H18,2018-02-15 08:25:00,2018-02-15 09:00:00,2018-02-15 08:25:00,2707.75,0.0,2018-02-15 09:00:00,2712.5,0.0,46,True
2018-02-15 09:15:00,H18,2018-02-15 09:10:00,2018-02-15 09:45:00,2018-02-15 09:10:00,2714.75,0.0,2018-02-15 09:45:00,2712.0,0.0,46,True
2018-02-16 08:30:00,H18,2018-02-16 08:25:00,2018-02-16 09:00:00,2018-02-16 08:25:00,2735.5,0.0,2018-02-16 09:00:00,2731.0,0.0,46,True
2018-02-21 10:00:00,H18,2018-02-21 09:55:00,2018-02-21 10:30:00,2018-02-21 09:55:00,2726.25,0.0,2018-02-21 10:30:00,2730.25,0.0,46,True
2018-02-26 10:00:00,H18,2018-02-26 09:55:00,2018-02-26 10:30:00,2018-02-26 09:55:00,2763.25,0.0,2018-02-26 10:30:00,2755.75,0.0,46,True
2018-02-27 08:30:00,H18,2018-02-27 08:25:00,2018-02-27 09:00:00,2018-02-27 08:25:00,2781.25,0.0,2018-02-27 09:00:00,2780.25,0.0,46,True
2018-03-01 08:30:00,H18,2018-03-01 08:25:00,2018-03-01 09:00:00,2018-03-01 08:25:00,2707.0,0.0,2018-03-01 09:00:00,2717.0,0.0,46,True
2018-03-01 10:00:00,H18,2018-03-01 09:55:00,2018-03-01 10:30:00,2018-03-01 09:55:00,2700.5,0.0,2018-03-01 10:30:00,2720.75,0.0,46,True
2018-03-05 10:00:00,H18,2018-03-05 09:55:00,2018-03-05 10:30:00,2018-03-05 09:55:00,2680.5,0.0,2018-03-05 10:30:00,2682.25,0.0,46,True
2018-03-09 08:30:00,H18,2018-03-09 08:25:00,2018-03-09 09:00:00,2018-03-09 08:25:00,2734.0,0.0,2018-03-09 09:00:00,2754.75,0.0,46,True
2018-03-13 08:30:00,H18,2018-03-13 08:25:00,2018-03-13 09:00:00,2018-03-13 08:25:00,2787.5,0.0,2018-03-13 09:00:00,2794.75,0.0,46,True
2018-03-14 08:30:00,M18,2018-03-14 08:25:00,2018-03-14 09:00:00,2018-03-14 08:25:00,2778.75,0.0,2018-03-14 09:00:00,2780.0,0.0,46,True
2018-03-16 08:30:00,M18,2018-03-16 08:25:00,2018-03-16 09:00:00,2018-03-16 08:25:00,2756.5,0.0,2018-03-16 09:00:00,2757.75,0.0,46,True
2018-03-16 09:15:00,M18,2018-03-16 09:10:00,2018-03-16 09:45:00,2018-03-16 09:10:00,2758.0,0.0,2018-03-16 09:45:00,2762.25,0.0,46,True
2018-03-21 10:00:00,M18,2018-03-21 09:55:00,2018-03-21 10:30:00,2018-03-21 09:55:00,2719.25,0.0,2018-03-21 10:30:00,2717.5,0.0,46,True
2018-03-23 08:30:00,M18,2018-03-23 08:25:00,2018-03-23 09:00:00,2018-03-23 08:25:00,2647.0,0.0,2018-03-23 09:00:00,2644.5,0.0,46,True
2018-03-23 10:00:00,M18,2018-03-23 09:55:00,2018-03-23 10:30:00,2018-03-23 09:55:00,2648.75,0.0,2018-03-23 10:30:00,2647.75,0.0,46,True
2018-03-29 08:30:00,M18,2018-03-29 08:25:00,2018-03-29 09:00:00,2018-03-29 08:25:00,2616.0,0.0,2018-03-29 09:00:00,2616.0,0.0,46,True
2018-04-02 10:00:00,M18,2018-04-02 09:55:00,2018-04-02 10:30:00,2018-04-02 09:55:00,2623.0,0.0,2018-04-02 10:30:00,2610.75,0.0,46,True
2018-04-04 10:00:00,M18,2018-04-04 09:55:00,2018-04-04 10:30:00,2018-04-04 09:55:00,2584.75,0.0,2018-04-04 10:30:00,2588.0,0.0,46,True
2018-04-06 08:30:00,M18,2018-04-06 08:25:00,2018-04-06 09:00:00,2018-04-06 08:25:00,2642.75,0.0,2018-04-06 09:00:00,2643.25,0.0,46,True
2018-04-10 08:30:00,M18,2018-04-10 08:25:00,2018-04-10 09:00:00,2018-04-10 08:25:00,2648.0,0.0,2018-04-10 09:00:00,2647.75,0.0,46,True
2018-04-11 08:30:00,M18,2018-04-11 08:25:00,2018-04-11 09:00:00,2018-04-11 08:25:00,2633.25,0.0,2018-04-11 09:00:00,2631.75,0.0,46,True
2018-04-16 08:30:00,M18,2018-04-16 08:25:00,2018-04-16 09:00:00,2018-04-16 08:25:00,2672.25,0.0,2018-04-16 09:00:00,2677.5,0.0,46,True
2018-04-17 08:30:00,M18,2018-04-17 08:25:00,2018-04-17 09:00:00,2018-04-17 08:25:00,2698.0,0.0,2018-04-17 09:00:00,2697.75,0.0,46,True
2018-04-17 09:15:00,M18,2018-04-17 09:10:00,2018-04-17 09:45:00,2018-04-17 09:10:00,2699.25,0.0,2018-04-17 09:45:00,2699.0,0.0,46,True
2018-04-23 10:00:00,M18,2018-04-23 09:55:00,2018-04-23 10:30:00,2018-04-23 09:55:00,2670.25,0.0,2018-04-23 10:30:00,2672.0,0.0,46,True
2018-04-24 10:00:00,M18,2018-04-24 09:55:00,2018-04-24 10:30:00,2018-04-24 09:55:00,2674.25,0.0,2018-04-24 10:30:00,2670.75,0.0,46,True
2018-04-26 08:30:00,M18,2018-04-26 08:25:00,2018-04-26 09:00:00,2018-04-26 08:25:00,2652.75,0.0,2018-04-26 09:00:00,2653.75,0.0,46,True
2018-04-27 08:30:00,M18,2018-04-27 08:25:00,2018-04-27 09:00:00,2018-04-27 08:25:00,2670.5,0.0,2018-04-27 09:00:00,2674.5,0.0,46,True
2018-04-30 08:30:00,M18,2018-04-30 08:25:00,2018-04-30 09:00:00,2018-04-30 08:25:00,2678.0,0.0,2018-04-30 09:00:00,2677.0,0.0,46,True
2018-05-01 10:00:00,M18,2018-05-01 09:55:00,2018-05-01 10:30:00,2018-05-01 09:55:00,2641.0,0.0,2018-05-01 10:30:00,2636.5,0.0,46,True
2018-05-03 10:00:00,M18,2018-05-03 09:55:00,2018-05-03 10:30:00,2018-05-03 09:55:00,2621.5,0.0,2018-05-03 10:30:00,2604.75,0.0,46,True
2018-05-04 08:30:00,M18,2018-05-04 08:25:00,2018-05-04 09:00:00,2018-05-04 08:25:00,2622.5,0.0,2018-05-04 09:00:00,2625.0,0.0,46,True
2018-05-09 08:30:00,M18,2018-05-09 08:25:00,2018-05-09 09:00:00,2018-05-09 08:25:00,2678.75,0.0,2018-05-09 09:00:00,2678.25,0.0,46,True
2018-05-10 08:30:00,M18,2018-05-10 08:25:00,2018-05-10 09:00:00,2018-05-10 08:25:00,2698.75,0.0,2018-05-10 09:00:00,2703.75,0.0,46,True
2018-05-15 08:30:00,M18,2018-05-15 08:25:00,2018-05-15 09:00:00,2018-05-15 08:25:00,2725.25,0.0,2018-05-15 09:00:00,2715.0,0.0,46,True
2018-05-16 08:30:00,M18,2018-05-16 08:25:00,2018-05-16 09:00:00,2018-05-16 08:25:00,2708.5,0.0,2018-05-16 09:00:00,2705.0,0.0,46,True
2018-05-16 09:15:00,M18,2018-05-16 09:10:00,2018-05-16 09:45:00,2018-05-16 09:10:00,2707.25,0.0,2018-05-16 09:45:00,2714.5,0.0,46,True
2018-05-23 10:00:00,M18,2018-05-23 09:55:00,2018-05-23 10:30:00,2018-05-23 09:55:00,2716.0,0.0,2018-05-23 10:30:00,2716.75,0.0,46,True
2018-05-24 10:00:00,M18,2018-05-24 09:55:00,2018-05-24 10:30:00,2018-05-24 09:55:00,2716.75,0.0,2018-05-24 10:30:00,2712.5,0.0,46,True
2018-05-25 08:30:00,M18,2018-05-25 08:25:00,2018-05-25 09:00:00,2018-05-25 08:25:00,2721.5,0.0,2018-05-25 09:00:00,2719.75,0.0,46,True
2018-05-31 08:30:00,M18,2018-05-31 08:25:00,2018-05-31 09:00:00,2018-05-31 08:25:00,2725.5,0.0,2018-05-31 09:00:00,2724.0,0.0,46,True
2018-06-01 08:30:00,M18,2018-06-01 08:25:00,2018-06-01 09:00:00,2018-06-01 08:25:00,2719.0,0.0,2018-06-01 09:00:00,2722.75,0.0,46,True
2018-06-01 10:00:00,M18,2018-06-01 09:55:00,2018-06-01 10:30:00,2018-06-01 09:55:00,2727.0,0.0,2018-06-01 10:30:00,2729.0,0.0,46,True
2018-06-05 10:00:00,M18,2018-06-05 09:55:00,2018-06-05 10:30:00,2018-06-05 09:55:00,2748.5,0.0,2018-06-05 10:30:00,2752.25,0.0,46,True
2018-06-12 08:30:00,M18,2018-06-12 08:25:00,2018-06-12 09:00:00,2018-06-12 08:25:00,2783.25,0.0,2018-06-12 09:00:00,2786.0,0.0,46,True
2018-06-13 08:30:00,M18,2018-06-13 08:25:00,2018-06-13 09:00:00,2018-06-13 08:25:00,2788.0,0.0,2018-06-13 09:00:00,2787.25,0.0,46,True
2018-06-14 08:30:00,U18,2018-06-14 08:25:00,2018-06-14 09:00:00,2018-06-14 08:25:00,2786.25,0.0,2018-06-14 09:00:00,2787.5,0.0,46,True
2018-06-15 09:15:00,U18,2018-06-15 09:10:00,2018-06-15 09:45:00,2018-06-15 09:10:00,2772.75,0.0,2018-06-15 09:45:00,2775.5,0.0,46,True
2018-06-19 08:30:00,U18,2018-06-19 08:25:00,2018-06-19 09:00:00,2018-06-19 08:25:00,2750.5,0.0,2018-06-19 09:00:00,2751.25,0.0,46,True
2018-06-20 10:00:00,U18,2018-06-20 09:55:00,2018-06-20 10:30:00,2018-06-20 09:55:00,2773.5,0.0,2018-06-20 10:30:00,2769.0,0.0,46,True
2018-06-25 10:00:00,U18,2018-06-25 09:55:00,2018-06-25 10:30:00,2018-06-25 09:55:00,2732.75,0.0,2018-06-25 10:30:00,2725.5,0.0,46,True
2018-06-27 08:30:00,U18,2018-06-27 08:25:00,2018-06-27 09:00:00,2018-06-27 08:25:00,2727.0,0.0,2018-06-27 09:00:00,2730.5,0.0,46,True
2018-06-29 08:30:00,U18,2018-06-29 08:25:00,2018-06-29 09:00:00,2018-06-29 08:25:00,2730.0,0.0,2018-06-29 09:00:00,2726.75,0.0,46,True
2018-07-02 10:00:00,U18,2018-07-02 09:55:00,2018-07-02 10:30:00,2018-07-02 09:55:00,2704.0,0.0,2018-07-02 10:30:00,2711.0,0.0,46,True
2018-07-05 10:00:00,U18,2018-07-05 09:55:00,2018-07-05 10:30:00,2018-07-05 09:55:00,2727.0,0.0,2018-07-05 10:30:00,2724.0,0.0,46,True
2018-07-06 08:30:00,U18,2018-07-06 08:25:00,2018-07-06 09:00:00,2018-07-06 08:25:00,2732.5,0.0,2018-07-06 09:00:00,2737.0,0.0,46,True
2018-07-11 08:30:00,U18,2018-07-11 08:25:00,2018-07-11 09:00:00,2018-07-11 08:25:00,2779.25,0.0,2018-07-11 09:00:00,2778.75,0.0,46,True
2018-07-12 08:30:00,U18,2018-07-12 08:25:00,2018-07-12 09:00:00,2018-07-12 08:25:00,2788.5,0.0,2018-07-12 09:00:00,2790.5,0.0,46,True
2018-07-16 08:30:00,U18,2018-07-16 08:25:00,2018-07-16 09:00:00,2018-07-16 08:25:00,2803.25,0.0,2018-07-16 09:00:00,2802.5,0.0,46,True
2018-07-17 09:15:00,U18,2018-07-17 09:10:00,2018-07-17 09:45:00,2018-07-17 09:10:00,2790.25,0.0,2018-07-17 09:45:00,2793.75,0.0,46,True
2018-07-18 08:30:00,U18,2018-07-18 08:25:00,2018-07-18 09:00:00,2018-07-18 08:25:00,2808.75,0.0,2018-07-18 09:00:00,2810.5,0.0,46,True
2018-07-23 10:00:00,U18,2018-07-23 09:55:00,2018-07-23 10:30:00,2018-07-23 09:55:00,2798.25,0.0,2018-07-23 10:30:00,2797.0,0.0,46,True
2018-07-25 10:00:00,U18,2018-07-25 09:55:00,2018-07-25 10:30:00,2018-07-25 09:55:00,2825.0,0.0,2018-07-25 10:30:00,2821.75,0.0,46,True
2018-07-26 08:30:00,U18,2018-07-26 08:25:00,2018-07-26 09:00:00,2018-07-26 08:25:00,2837.0,0.0,2018-07-26 09:00:00,2835.5,0.0,46,True
2018-07-27 08:30:00,U18,2018-07-27 08:25:00,2018-07-27 09:00:00,2018-07-27 08:25:00,2842.75,0.0,2018-07-27 09:00:00,2843.25,0.0,46,True
2018-07-31 08:30:00,U18,2018-07-31 08:25:00,2018-07-31 09:00:00,2018-07-31 08:25:00,2810.25,0.0,2018-07-31 09:00:00,2808.75,0.0,46,True
2018-08-01 10:00:00,U18,2018-08-01 09:55:00,2018-08-01 10:30:00,2018-08-01 09:55:00,2820.25,0.0,2018-08-01 10:30:00,2824.75,0.0,46,True
2018-08-03 08:30:00,U18,2018-08-03 08:25:00,2018-08-03 09:00:00,2018-08-03 08:25:00,2831.25,0.0,2018-08-03 09:00:00,2828.5,0.0,46,True
2018-08-03 10:00:00,U18,2018-08-03 09:55:00,2018-08-03 10:30:00,2018-08-03 09:55:00,2827.25,0.0,2018-08-03 10:30:00,2834.0,0.0,46,True
2018-08-09 08:30:00,U18,2018-08-09 08:25:00,2018-08-09 09:00:00,2018-08-09 08:25:00,2858.25,0.0,2018-08-09 09:00:00,2858.75,0.0,46,True
2018-08-10 08:30:00,U18,2018-08-10 08:25:00,2018-08-10 09:00:00,2018-08-10 08:25:00,2840.5,0.0,2018-08-10 09:00:00,2839.75,0.0,46,True
2018-08-15 08:30:00,U18,2018-08-15 08:25:00,2018-08-15 09:00:00,2018-08-15 08:25:00,2826.75,0.0,2018-08-15 09:00:00,2823.0,0.0,46,True
2018-08-15 09:15:00,U18,2018-08-15 09:10:00,2018-08-15 09:45:00,2018-08-15 09:10:00,2824.5,0.0,2018-08-15 09:45:00,2820.75,0.0,46,True
2018-08-16 08:30:00,U18,2018-08-16 08:25:00,2018-08-16 09:00:00,2018-08-16 08:25:00,2835.0,0.0,2018-08-16 09:00:00,2832.5,0.0,46,True
2018-08-22 10:00:00,U18,2018-08-22 09:55:00,2018-08-22 10:30:00,2018-08-22 09:55:00,2859.0,0.0,2018-08-22 10:30:00,2858.75,0.0,46,True
2018-08-23 10:00:00,U18,2018-08-23 09:55:00,2018-08-23 10:30:00,2018-08-23 09:55:00,2866.25,0.0,2018-08-23 10:30:00,2868.75,0.0,46,True
2018-08-24 08:30:00,U18,2018-08-24 08:25:00,2018-08-24 09:00:00,2018-08-24 08:25:00,2863.0,0.0,2018-08-24 09:00:00,2863.5,0.0,46,True
2018-08-30 08:30:00,U18,2018-08-30 08:25:00,2018-08-30 09:00:00,2018-08-30 08:25:00,2911.25,0.0,2018-08-30 09:00:00,2909.5,0.0,46,True
2018-09-04 10:00:00,U18,2018-09-04 09:55:00,2018-09-04 10:30:00,2018-09-04 09:55:00,2889.75,0.0,2018-09-04 10:30:00,2895.0,0.0,46,True
2018-09-06 10:00:00,U18,2018-09-06 09:55:00,2018-09-06 10:30:00,2018-09-06 09:55:00,2891.0,0.0,2018-09-06 10:30:00,2883.25,0.0,46,True
2018-09-07 08:30:00,U18,2018-09-07 08:25:00,2018-09-07 09:00:00,2018-09-07 08:25:00,2874.25,0.0,2018-09-07 09:00:00,2867.25,0.0,46,True
2018-09-12 08:30:00,U18,2018-09-12 08:25:00,2018-09-12 09:00:00,2018-09-12 08:25:00,2888.25,0.0,2018-09-12 09:00:00,2887.0,0.0,46,True
2018-09-13 08:30:00,U18,2018-09-13 08:25:00,2018-09-13 09:00:00,2018-09-13 08:25:00,2895.5,0.0,2018-09-13 09:00:00,2898.75,0.0,46,True
2018-09-14 08:30:00,Z18,2018-09-14 08:25:00,2018-09-14 09:00:00,2018-09-14 08:25:00,2914.0,0.0,2018-09-14 09:00:00,2912.25,0.0,46,True
2018-09-14 09:15:00,Z18,2018-09-14 09:10:00,2018-09-14 09:45:00,2018-09-14 09:10:00,2912.75,0.0,2018-09-14 09:45:00,2913.5,0.0,46,True
2018-09-19 08:30:00,Z18,2018-09-19 08:25:00,2018-09-19 09:00:00,2018-09-19 08:25:00,2907.75,0.0,2018-09-19 09:00:00,2908.25,0.0,46,True
2018-09-20 10:00:00,Z18,2018-09-20 09:55:00,2018-09-20 10:30:00,2018-09-20 09:55:00,2927.75,0.0,2018-09-20 10:30:00,2929.25,0.0,46,True
2018-09-26 10:00:00,Z18,2018-09-26 09:55:00,2018-09-26 10:30:00,2018-09-26 09:55:00,2925.0,0.0,2018-09-26 10:30:00,2923.75,0.0,46,True
2018-09-27 08:30:00,Z18,2018-09-27 08:25:00,2018-09-27 09:00:00,2018-09-27 08:25:00,2914.5,0.0,2018-09-27 09:00:00,2916.5,0.0,46,True
2018-09-28 08:30:00,Z18,2018-09-28 08:25:00,2018-09-28 09:00:00,2018-09-28 08:25:00,2909.75,0.0,2018-09-28 09:00:00,2911.75,0.0,46,True
2018-10-01 10:00:00,Z18,2018-10-01 09:55:00,2018-10-01 10:30:00,2018-10-01 09:55:00,2938.0,0.0,2018-10-01 10:30:00,2940.75,0.0,46,True
2018-10-03 10:00:00,Z18,2018-10-03 09:55:00,2018-10-03 10:30:00,2018-10-03 09:55:00,2937.75,0.0,2018-10-03 10:30:00,2941.25,0.0,46,True
2018-10-05 08:30:00,Z18,2018-10-05 08:25:00,2018-10-05 09:00:00,2018-10-05 08:25:00,2903.75,0.0,2018-10-05 09:00:00,2907.0,0.0,46,True
2018-10-10 08:30:00,Z18,2018-10-10 08:25:00,2018-10-10 09:00:00,2018-10-10 08:25:00,2878.5,0.0,2018-10-10 09:00:00,2878.75,0.0,46,True
2018-10-11 08:30:00,Z18,2018-10-11 08:25:00,2018-10-11 09:00:00,2018-10-11 08:25:00,2771.5,0.0,2018-10-11 09:00:00,2779.5,0.0,46,True
2018-10-15 08:30:00,Z18,2018-10-15 08:25:00,2018-10-15 09:00:00,2018-10-15 08:25:00,2767.5,0.0,2018-10-15 09:00:00,2767.0,0.0,46,True
2018-10-16 09:15:00,Z18,2018-10-16 09:10:00,2018-10-16 09:45:00,2018-10-16 09:10:00,2771.75,0.0,2018-10-16 09:45:00,2773.0,0.0,46,True
2018-10-17 08:30:00,Z18,2018-10-17 08:25:00,2018-10-17 09:00:00,2018-10-17 08:25:00,2805.5,0.0,2018-10-17 09:00:00,2807.75,0.0,46,True
2018-10-19 10:00:00,Z18,2018-10-19 09:55:00,2018-10-19 10:30:00,2018-10-19 09:55:00,2794.0,0.0,2018-10-19 10:30:00,2793.25,0.0,46,True
2018-10-24 10:00:00,Z18,2018-10-24 09:55:00,2018-10-24 10:30:00,2018-10-24 09:55:00,2735.5,0.0,2018-10-24 10:30:00,2727.25,0.0,46,True
2018-10-25 08:30:00,Z18,2018-10-25 08:25:00,2018-10-25 09:00:00,2018-10-25 08:25:00,2684.25,0.0,2018-10-25 09:00:00,2677.25,0.0,46,True
2018-10-26 08:30:00,Z18,2018-10-26 08:25:00,2018-10-26 09:00:00,2018-10-26 08:25:00,2658.0,0.0,2018-10-26 09:00:00,2666.25,0.0,45,True
2018-10-29 08:30:00,Z18,2018-10-29 08:25:00,2018-10-29 09:00:00,2018-10-29 08:25:00,2695.75,0.0,2018-10-29 09:00:00,2697.25,0.0,46,True
2018-11-01 10:00:00,Z18,2018-11-01 09:55:00,2018-11-01 10:30:00,2018-11-01 09:55:00,2722.5,0.0,2018-11-01 10:30:00,2721.75,0.0,46,True
2018-11-02 08:30:00,Z18,2018-11-02 08:25:00,2018-11-02 09:00:00,2018-11-02 08:25:00,2757.25,0.0,2018-11-02 09:00:00,2757.0,0.0,46,True
2018-11-05 10:00:00,Z18,2018-11-05 09:55:00,2018-11-05 10:30:00,2018-11-05 09:55:00,2729.0,0.0,2018-11-05 10:30:00,2725.25,0.0,46,True
2018-11-09 08:30:00,Z18,2018-11-09 08:25:00,2018-11-09 09:00:00,2018-11-09 08:25:00,2796.75,0.0,2018-11-09 09:00:00,2794.0,0.0,46,True
2018-11-14 08:30:00,Z18,2018-11-14 08:25:00,2018-11-14 09:00:00,2018-11-14 08:25:00,2731.25,0.0,2018-11-14 09:00:00,2742.75,0.0,46,True
2018-11-15 08:30:00,Z18,2018-11-15 08:25:00,2018-11-15 09:00:00,2018-11-15 08:25:00,2697.75,0.0,2018-11-15 09:00:00,2696.75,0.0,46,True
2018-11-16 09:15:00,Z18,2018-11-16 09:10:00,2018-11-16 09:45:00,2018-11-16 09:10:00,2722.75,0.0,2018-11-16 09:45:00,2720.0,0.0,46,True
2018-11-20 08:30:00,Z18,2018-11-20 08:25:00,2018-11-20 09:00:00,2018-11-20 08:25:00,2666.25,0.0,2018-11-20 09:00:00,2657.75,0.0,46,True
2018-11-21 08:30:00,Z18,2018-11-21 08:25:00,2018-11-21 09:00:00,2018-11-21 08:25:00,2663.25,0.0,2018-11-21 09:00:00,2658.75,0.0,46,True
2018-11-21 10:00:00,Z18,2018-11-21 09:55:00,2018-11-21 10:30:00,2018-11-21 09:55:00,2656.5,0.0,2018-11-21 10:30:00,2663.0,0.0,46,True
2018-11-28 10:00:00,Z18,2018-11-28 09:55:00,2018-11-28 10:30:00,2018-11-28 09:55:00,2692.0,0.0,2018-11-28 10:30:00,2685.0,0.0,46,True
2018-11-29 08:30:00,Z18,2018-11-29 08:25:00,2018-11-29 09:00:00,2018-11-29 08:25:00,2734.25,0.0,2018-11-29 09:00:00,2734.25,0.0,46,True
2018-12-03 10:00:00,Z18,2018-12-03 09:55:00,2018-12-03 10:30:00,2018-12-03 09:55:00,2789.5,0.0,2018-12-03 10:30:00,2793.0,0.0,46,True
2018-12-06 10:00:00,Z18,2018-12-06 09:55:00,2018-12-06 10:30:00,2018-12-06 09:55:00,2647.0,0.0,2018-12-06 10:30:00,2653.75,0.0,46,True
2018-12-07 08:30:00,Z18,2018-12-07 08:25:00,2018-12-07 09:00:00,2018-12-07 08:25:00,2683.25,0.0,2018-12-07 09:00:00,2691.25,0.0,46,True
2018-12-11 08:30:00,Z18,2018-12-11 08:25:00,2018-12-11 09:00:00,2018-12-11 08:25:00,2666.25,0.0,2018-12-11 09:00:00,2673.0,0.0,46,True
2018-12-12 08:30:00,Z18,2018-12-12 08:25:00,2018-12-12 09:00:00,2018-12-12 08:25:00,2664.75,0.0,2018-12-12 09:00:00,2673.0,0.0,46,True
2018-12-14 08:30:00,H19,2018-12-14 08:25:00,2018-12-14 09:00:00,2018-12-14 08:25:00,2627.5,0.0,2018-12-14 09:00:00,2630.25,0.0,46,True
2018-12-14 09:15:00,H19,2018-12-14 09:10:00,2018-12-14 09:45:00,2018-12-14 09:10:00,2628.75,0.0,2018-12-14 09:45:00,2633.25,0.0,46,True
2018-12-18 08:30:00,H19,2018-12-18 08:25:00,2018-12-18 09:00:00,2018-12-18 08:25:00,2571.75,0.0,2018-12-18 09:00:00,2569.5,0.0,46,True
2018-12-19 10:00:00,H19,2018-12-19 09:55:00,2018-12-19 10:30:00,2018-12-19 09:55:00,2567.5,0.0,2018-12-19 10:30:00,2572.0,0.0,46,True
2018-12-21 08:30:00,H19,2018-12-21 08:25:00,2018-12-21 09:00:00,2018-12-21 08:25:00,2481.25,0.0,2018-12-21 09:00:00,2486.0,0.0,46,True
2018-12-21 10:00:00,H19,2018-12-21 09:55:00,2018-12-21 10:30:00,2018-12-21 09:55:00,2474.75,0.0,2018-12-21 10:30:00,2494.0,0.0,46,True
2019-01-03 10:00:00,H19,2019-01-03 09:55:00,2019-01-03 10:30:00,2019-01-03 09:55:00,2478.75,0.0,2019-01-03 10:30:00,2460.25,0.0,46,True
2019-01-04 08:30:00,H19,2019-01-04 08:25:00,2019-01-04 09:00:00,2019-01-04 08:25:00,2479.0,0.0,2019-01-04 09:00:00,2478.5,0.0,46,True
2019-01-07 10:00:00,H19,2019-01-07 09:55:00,2019-01-07 10:30:00,2019-01-07 09:55:00,2527.0,0.0,2019-01-07 10:30:00,2540.25,0.0,46,True
2019-01-11 08:30:00,H19,2019-01-11 08:25:00,2019-01-11 09:00:00,2019-01-11 08:25:00,2585.75,0.0,2019-01-11 09:00:00,2585.25,0.0,46,True
2019-01-15 08:30:00,H19,2019-01-15 08:25:00,2019-01-15 09:00:00,2019-01-15 08:25:00,2582.25,0.0,2019-01-15 09:00:00,2583.25,0.0,46,True
2019-01-18 09:15:00,H19,2019-01-18 09:10:00,2019-01-18 09:45:00,2019-01-18 09:10:00,2648.5,0.0,2019-01-18 09:45:00,2650.75,0.0,46,True
2019-01-22 10:00:00,H19,2019-01-22 09:55:00,2019-01-22 10:30:00,2019-01-22 09:55:00,2649.25,0.0,2019-01-22 10:30:00,2646.75,0.0,46,True
2019-01-31 10:00:00,H19,2019-01-31 09:55:00,2019-01-31 10:30:00,2019-01-31 09:55:00,2682.75,0.0,2019-01-31 10:30:00,2694.75,0.0,46,True
2019-02-01 08:30:00,H19,2019-02-01 08:25:00,2019-02-01 09:00:00,2019-02-01 08:25:00,2698.25,0.0,2019-02-01 09:00:00,2707.5,0.0,46,True
2019-02-01 10:00:00,H19,2019-02-01 09:55:00,2019-02-01 10:30:00,2019-02-01 09:55:00,2703.0,0.0,2019-02-01 10:30:00,2712.0,0.0,46,True
2019-02-05 10:00:00,H19,2019-02-05 09:55:00,2019-02-05 10:30:00,2019-02-05 09:55:00,2731.25,0.0,2019-02-05 10:30:00,2732.5,0.0,46,True
2019-02-13 08:30:00,H19,2019-02-13 08:25:00,2019-02-13 09:00:00,2019-02-13 08:25:00,2751.0,0.0,2019-02-13 09:00:00,2753.5,0.0,46,True
2019-02-14 08:30:00,H19,2019-02-14 08:25:00,2019-02-14 09:00:00,2019-02-14 08:25:00,2759.0,0.0,2019-02-14 09:00:00,2740.0,0.0,46,True
2019-02-15 09:15:00,H19,2019-02-15 09:10:00,2019-02-15 09:45:00,2019-02-15 09:10:00,2756.5,0.0,2019-02-15 09:45:00,2768.75,0.0,46,True
2019-02-21 08:30:00,H19,2019-02-21 08:25:00,2019-02-21 09:00:00,2019-02-21 08:25:00,2782.75,0.0,2019-02-21 09:00:00,2781.5,0.0,46,True
2019-02-21 10:00:00,H19,2019-02-21 09:55:00,2019-02-21 10:30:00,2019-02-21 09:55:00,2770.0,0.0,2019-02-21 10:30:00,2771.75,0.0,46,True
2019-02-26 08:30:00,H19,2019-02-26 08:25:00,2019-02-26 09:00:00,2019-02-26 08:25:00,2791.75,0.0,2019-02-26 09:00:00,2789.5,0.0,46,True
2019-02-28 08:30:00,H19,2019-02-28 08:25:00,2019-02-28 09:00:00,2019-02-28 08:25:00,2787.75,0.0,2019-02-28 09:00:00,2790.5,0.0,46,True
2019-03-01 08:30:00,H19,2019-03-01 08:25:00,2019-03-01 09:00:00,2019-03-01 08:25:00,2801.0,0.0,2019-03-01 09:00:00,2801.25,0.0,46,True
2019-03-01 10:00:00,H19,2019-03-01 09:55:00,2019-03-01 10:30:00,2019-03-01 09:55:00,2806.75,0.0,2019-03-01 10:30:00,2796.0,0.0,46,True
2019-03-05 10:00:00,H19,2019-03-05 09:55:00,2019-03-05 10:30:00,2019-03-05 09:55:00,2785.25,0.0,2019-03-05 10:30:00,2788.75,0.0,46,True
2019-03-08 08:30:00,H19,2019-03-08 08:25:00,2019-03-08 09:00:00,2019-03-08 08:25:00,2736.75,0.0,2019-03-08 09:00:00,2726.5,0.0,46,True
2019-03-11 08:30:00,H19,2019-03-11 08:25:00,2019-03-11 09:00:00,2019-03-11 08:25:00,2749.25,0.0,2019-03-11 09:00:00,2753.25,0.0,46,True
2019-03-12 08:30:00,H19,2019-03-12 08:25:00,2019-03-12 09:00:00,2019-03-12 08:25:00,2784.25,0.0,2019-03-12 09:00:00,2789.25,0.0,46,True
2019-03-13 08:30:00,H19,2019-03-13 08:25:00,2019-03-13 09:00:00,2019-03-13 08:25:00,2800.25,0.0,2019-03-13 09:00:00,2798.0,0.0,46,True
2019-03-14 10:00:00,M19,2019-03-14 09:55:00,2019-03-14 10:30:00,2019-03-14 09:55:00,2816.75,0.0,2019-03-14 10:30:00,2811.75,0.0,46,True
2019-03-15 09:15:00,M19,2019-03-15 09:10:00,2019-03-15 09:45:00,2019-03-15 09:10:00,2817.25,0.0,2019-03-15 09:45:00,2821.25,0.0,46,True
2019-03-22 10:00:00,M19,2019-03-22 09:55:00,2019-03-22 10:30:00,2019-03-22 09:55:00,2831.0,0.0,2019-03-22 10:30:00,2837.5,0.0,46,True
2019-03-26 08:30:00,M19,2019-03-26 08:25:00,2019-03-26 09:00:00,2019-03-26 08:25:00,2821.5,0.0,2019-03-26 09:00:00,2819.0,0.0,46,True
2019-03-29 08:30:00,M19,2019-03-29 08:25:00,2019-03-29 09:00:00,2019-03-29 08:25:00,2831.75,0.0,2019-03-29 09:00:00,2833.75,0.0,46,True
2019-03-29 10:00:00,M19,2019-03-29 09:55:00,2019-03-29 10:30:00,2019-03-29 09:55:00,2830.75,0.0,2019-03-29 10:30:00,2832.5,0.0,46,True
2019-04-01 08:30:00,M19,2019-04-01 08:25:00,2019-04-01 09:00:00,2019-04-01 08:25:00,2857.25,0.0,2019-04-01 09:00:00,2857.75,0.0,46,True
2019-04-01 10:00:00,M19,2019-04-01 09:55:00,2019-04-01 10:30:00,2019-04-01 09:55:00,2857.75,0.0,2019-04-01 10:30:00,2860.5,0.0,46,True
2019-04-02 08:30:00,M19,2019-04-02 08:25:00,2019-04-02 09:00:00,2019-04-02 08:25:00,2873.5,0.0,2019-04-02 09:00:00,2872.0,0.0,46,True
2019-04-03 10:00:00,M19,2019-04-03 09:55:00,2019-04-03 10:30:00,2019-04-03 09:55:00,2880.5,0.0,2019-04-03 10:30:00,2879.75,0.0,46,True
2019-04-05 08:30:00,M19,2019-04-05 08:25:00,2019-04-05 09:00:00,2019-04-05 08:25:00,2886.5,0.0,2019-04-05 09:00:00,2890.75,0.0,46,True
2019-04-10 08:30:00,M19,2019-04-10 08:25:00,2019-04-10 09:00:00,2019-04-10 08:25:00,2886.25,0.0,2019-04-10 09:00:00,2888.0,0.0,46,True
2019-04-11 08:30:00,M19,2019-04-11 08:25:00,2019-04-11 09:00:00,2019-04-11 08:25:00,2897.75,0.0,2019-04-11 09:00:00,2896.25,0.0,46,True
2019-04-16 09:15:00,M19,2019-04-16 09:10:00,2019-04-16 09:45:00,2019-04-16 09:10:00,2920.25,0.0,2019-04-16 09:45:00,2919.25,0.0,46,True
2019-04-18 08:30:00,M19,2019-04-18 08:25:00,2019-04-18 09:00:00,2019-04-18 08:25:00,2904.25,0.0,2019-04-18 09:00:00,2908.25,0.0,46,True
2019-04-19 08:30:00,M19,2019-04-19 08:25:00,2019-04-19 09:00:00,,,,,,,0,False
2019-04-22 10:00:00,M19,2019-04-22 09:55:00,2019-04-22 10:30:00,2019-04-22 09:55:00,2906.5,0.0,2019-04-22 10:30:00,2906.25,0.0,46,True
2019-04-23 10:00:00,M19,2019-04-23 09:55:00,2019-04-23 10:30:00,2019-04-23 09:55:00,2918.25,0.0,2019-04-23 10:30:00,2922.5,0.0,46,True
2019-04-25 08:30:00,M19,2019-04-25 08:25:00,2019-04-25 09:00:00,2019-04-25 08:25:00,2934.5,0.0,2019-04-25 09:00:00,2932.5,0.0,46,True
2019-04-26 08:30:00,M19,2019-04-26 08:25:00,2019-04-26 09:00:00,2019-04-26 08:25:00,2925.5,0.0,2019-04-26 09:00:00,2928.75,0.0,46,True
2019-04-29 08:30:00,M19,2019-04-29 08:25:00,2019-04-29 09:00:00,2019-04-29 08:25:00,2940.0,0.0,2019-04-29 09:00:00,2941.25,0.0,46,True
2019-05-01 10:00:00,M19,2019-05-01 09:55:00,2019-05-01 10:30:00,2019-05-01 09:55:00,2950.0,0.0,2019-05-01 10:30:00,2948.25,0.0,46,True
2019-05-03 08:30:00,M19,2019-05-03 08:25:00,2019-05-03 09:00:00,2019-05-03 08:25:00,2927.25,0.0,2019-05-03 09:00:00,2933.5,0.0,46,True
2019-05-03 10:00:00,M19,2019-05-03 09:55:00,2019-05-03 10:30:00,2019-05-03 09:55:00,2936.5,0.0,2019-05-03 10:30:00,2935.0,0.0,46,True
2019-05-09 08:30:00,M19,2019-05-09 08:25:00,2019-05-09 09:00:00,2019-05-09 08:25:00,2864.75,0.0,2019-05-09 09:00:00,2857.75,0.0,46,True
2019-05-10 08:30:00,M19,2019-05-10 08:25:00,2019-05-10 09:00:00,2019-05-10 08:25:00,2855.0,0.0,2019-05-10 09:00:00,2855.25,0.0,46,True
2019-05-15 08:30:00,M19,2019-05-15 08:25:00,2019-05-15 09:00:00,2019-05-15 08:25:00,2827.25,0.0,2019-05-15 09:00:00,2820.75,0.0,46,True
2019-05-15 09:15:00,M19,2019-05-15 09:10:00,2019-05-15 09:45:00,2019-05-15 09:10:00,2822.25,0.0,2019-05-15 09:45:00,2823.0,0.0,46,True
2019-05-16 08:30:00,M19,2019-05-16 08:25:00,2019-05-16 09:00:00,2019-05-16 08:25:00,2862.5,0.0,2019-05-16 09:00:00,2862.75,0.0,46,True
2019-05-21 10:00:00,M19,2019-05-21 09:55:00,2019-05-21 10:30:00,2019-05-21 09:55:00,2858.0,0.0,2019-05-21 10:30:00,2859.75,0.0,46,True
2019-05-23 10:00:00,M19,2019-05-23 09:55:00,2019-05-23 10:30:00,2019-05-23 09:55:00,2818.0,0.0,2019-05-23 10:30:00,2821.25,0.0,46,True
2019-05-24 08:30:00,M19,2019-05-24 08:25:00,2019-05-24 09:00:00,2019-05-24 08:25:00,2833.25,0.0,2019-05-24 09:00:00,2834.0,0.0,46,True
2019-05-31 08:30:00,M19,2019-05-31 08:25:00,2019-05-31 09:00:00,2019-05-31 08:25:00,2757.25,0.0,2019-05-31 09:00:00,2760.75,0.0,46,True
2019-06-03 10:00:00,M19,2019-06-03 09:55:00,2019-06-03 10:30:00,2019-06-03 09:55:00,2746.5,0.0,2019-06-03 10:30:00,2759.0,0.0,46,True
2019-06-05 10:00:00,M19,2019-06-05 09:55:00,2019-06-05 10:30:00,2019-06-05 09:55:00,2812.0,0.0,2019-06-05 10:30:00,2806.25,0.0,46,True
2019-06-07 08:30:00,M19,2019-06-07 08:25:00,2019-06-07 09:00:00,2019-06-07 08:25:00,2853.5,0.0,2019-06-07 09:00:00,2853.0,0.0,46,True
2019-06-11 08:30:00,M19,2019-06-11 08:25:00,2019-06-11 09:00:00,2019-06-11 08:25:00,2904.25,0.0,2019-06-11 09:00:00,2906.5,0.0,46,True
2019-06-12 08:30:00,M19,2019-06-12 08:25:00,2019-06-12 09:00:00,2019-06-12 08:25:00,2880.75,0.0,2019-06-12 09:00:00,2881.25,0.0,46,True
2019-06-14 08:30:00,U19,2019-06-14 08:25:00,2019-06-14 09:00:00,2019-06-14 08:25:00,2892.75,0.0,2019-06-14 09:00:00,2892.25,0.0,46,True
2019-06-14 09:15:00,U19,2019-06-14 09:10:00,2019-06-14 09:45:00,2019-06-14 09:10:00,2892.75,0.0,2019-06-14 09:45:00,2887.25,0.0,46,True
2019-06-18 08:30:00,U19,2019-06-18 08:25:00,2019-06-18 09:00:00,2019-06-18 08:25:00,2914.5,0.0,2019-06-18 09:00:00,2913.5,0.0,46,True
2019-06-21 10:00:00,U19,2019-06-21 09:55:00,2019-06-21 10:30:00,2019-06-21 09:55:00,2954.75,0.0,2019-06-21 10:30:00,2956.5,0.0,46,True
2019-06-25 10:00:00,U19,2019-06-25 09:55:00,2019-06-25 10:30:00,2019-06-25 09:55:00,2945.0,0.0,2019-06-25 10:30:00,2943.0,0.0,46,True
2019-06-26 08:30:00,U19,2019-06-26 08:25:00,2019-06-26 09:00:00,2019-06-26 08:25:00,2933.5,0.0,2019-06-26 09:00:00,2929.0,0.0,46,True
2019-06-28 08:30:00,U19,2019-06-28 08:25:00,2019-06-28 09:00:00,2019-06-28 08:25:00,2937.5,0.0,2019-06-28 09:00:00,2938.5,0.0,46,True
2019-07-01 10:00:00,U19,2019-07-01 09:55:00,2019-07-01 10:30:00,2019-07-01 09:55:00,2973.5,0.0,2019-07-01 10:30:00,2970.75,0.0,46,True
2019-07-03 10:00:00,U19,2019-07-03 09:55:00,2019-07-03 10:30:00,2019-07-03 09:55:00,2984.5,0.0,2019-07-03 10:30:00,2988.25,0.0,46,True
2019-07-05 08:30:00,U19,2019-07-05 08:25:00,2019-07-05 09:00:00,2019-07-05 08:25:00,2993.25,0.0,2019-07-05 09:00:00,2987.25,0.0,46,True
2019-07-11 08:30:00,U19,2019-07-11 08:25:00,2019-07-11 09:00:00,2019-07-11 08:25:00,3005.25,0.0,2019-07-11 09:00:00,3002.25,0.0,46,True
2019-07-12 08:30:00,U19,2019-07-12 08:25:00,2019-07-12 09:00:00,2019-07-12 08:25:00,3011.25,0.0,2019-07-12 09:00:00,3010.5,0.0,46,True
2019-07-16 08:30:00,U19,2019-07-16 08:25:00,2019-07-16 09:00:00,2019-07-16 08:25:00,3019.75,0.0,2019-07-16 09:00:00,3017.5,0.0,46,True
2019-07-16 09:15:00,U19,2019-07-16 09:10:00,2019-07-16 09:45:00,2019-07-16 09:10:00,3017.75,0.0,2019-07-16 09:45:00,3017.75,0.0,46,True
2019-07-17 08:30:00,U19,2019-07-17 08:25:00,2019-07-17 09:00:00,2019-07-17 08:25:00,3008.5,0.0,2019-07-17 09:00:00,3006.25,0.0,46,True
2019-07-23 10:00:00,U19,2019-07-23 09:55:00,2019-07-23 10:30:00,2019-07-23 09:55:00,2994.5,0.0,2019-07-23 10:30:00,2992.75,0.0,46,True
2019-07-24 10:00:00,U19,2019-07-24 09:55:00,2019-07-24 10:30:00,2019-07-24 09:55:00,3008.0,0.0,2019-07-24 10:30:00,3008.5,0.0,46,True
2019-07-25 08:30:00,U19,2019-07-25 08:25:00,2019-07-25 09:00:00,2019-07-25 08:25:00,3027.25,0.0,2019-07-25 09:00:00,3022.25,0.0,46,True
2019-07-26 08:30:00,U19,2019-07-26 08:25:00,2019-07-26 09:00:00,2019-07-26 08:25:00,3012.0,0.0,2019-07-26 09:00:00,3014.5,0.0,46,True
2019-07-30 08:30:00,U19,2019-07-30 08:25:00,2019-07-30 09:00:00,2019-07-30 08:25:00,3009.25,0.0,2019-07-30 09:00:00,3005.0,0.0,46,True
2019-08-01 10:00:00,U19,2019-08-01 09:55:00,2019-08-01 10:30:00,2019-08-01 09:55:00,2989.5,0.0,2019-08-01 10:30:00,3000.75,0.0,46,True
2019-08-02 08:30:00,U19,2019-08-02 08:25:00,2019-08-02 09:00:00,2019-08-02 08:25:00,2943.25,0.0,2019-08-02 09:00:00,2946.25,0.0,46,True
2019-08-05 10:00:00,U19,2019-08-05 09:55:00,2019-08-05 10:30:00,2019-08-05 09:55:00,2875.0,0.0,2019-08-05 10:30:00,2869.0,0.0,46,True
2019-08-09 08:30:00,U19,2019-08-09 08:25:00,2019-08-09 09:00:00,2019-08-09 08:25:00,2924.5,0.0,2019-08-09 09:00:00,2925.25,0.0,46,True
2019-08-13 08:30:00,U19,2019-08-13 08:25:00,2019-08-13 09:00:00,2019-08-13 08:25:00,2874.25,0.0,2019-08-13 09:00:00,2873.25,0.0,46,True
2019-08-15 08:30:00,U19,2019-08-15 08:25:00,2019-08-15 09:00:00,2019-08-15 08:25:00,2850.0,0.0,2019-08-15 09:00:00,2856.75,0.0,46,True
2019-08-15 09:15:00,U19,2019-08-15 09:10:00,2019-08-15 09:45:00,2019-08-15 09:10:00,2860.0,0.0,2019-08-15 09:45:00,2846.0,0.0,46,True
2019-08-16 08:30:00,U19,2019-08-16 08:25:00,2019-08-16 09:00:00,2019-08-16 08:25:00,2875.75,0.0,2019-08-16 09:00:00,2874.0,0.0,46,True
2019-08-21 10:00:00,U19,2019-08-21 09:55:00,2019-08-21 10:30:00,2019-08-21 09:55:00,2926.25,0.0,2019-08-21 10:30:00,2924.75,0.0,46,True
2019-08-23 10:00:00,U19,2019-08-23 09:55:00,2019-08-23 10:30:00,2019-08-23 09:55:00,2906.25,0.0,2019-08-23 10:30:00,2914.0,0.0,46,True
2019-08-26 08:30:00,U19,2019-08-26 08:25:00,2019-08-26 09:00:00,2019-08-26 08:25:00,2869.75,0.0,2019-08-26 09:00:00,2874.25,0.0,46,True
2019-08-30 08:30:00,U19,2019-08-30 08:25:00,2019-08-30 09:00:00,2019-08-30 08:25:00,2942.75,0.0,2019-08-30 09:00:00,2943.0,0.0,46,True
2019-09-03 10:00:00,U19,2019-09-03 09:55:00,2019-09-03 10:30:00,2019-09-03 09:55:00,2913.0,0.0,2019-09-03 10:30:00,2898.75,0.0,46,True
2019-09-05 10:00:00,U19,2019-09-05 09:55:00,2019-09-05 10:30:00,2019-09-05 09:55:00,2974.25,0.0,2019-09-05 10:30:00,2979.75,0.0,46,True
2019-09-06 08:30:00,U19,2019-09-06 08:25:00,2019-09-06 09:00:00,2019-09-06 08:25:00,2985.5,0.0,2019-09-06 09:00:00,2981.5,0.0,46,True
2019-09-11 08:30:00,U19,2019-09-11 08:25:00,2019-09-11 09:00:00,2019-09-11 08:25:00,2983.75,0.0,2019-09-11 09:00:00,2982.25,0.0,46,True
2019-09-12 08:30:00,U19,2019-09-12 08:25:00,2019-09-12 09:00:00,2019-09-12 08:25:00,3007.75,0.0,2019-09-12 09:00:00,3009.0,0.0,46,True
2019-09-13 08:30:00,U19,2019-09-13 08:25:00,2019-09-13 09:00:00,2019-09-13 08:25:00,3019.75,0.0,2019-09-13 09:00:00,3016.75,0.0,46,True
2019-09-17 09:15:00,Z19,2019-09-17 09:10:00,2019-09-17 09:45:00,2019-09-17 09:10:00,2996.0,0.0,2019-09-17 09:45:00,2999.5,0.0,46,True
2019-09-18 08:30:00,Z19,2019-09-18 08:25:00,2019-09-18 09:00:00,2019-09-18 08:25:00,3003.0,0.0,2019-09-18 09:00:00,3004.5,0.0,46,True
2019-09-19 10:00:00,Z19,2019-09-19 09:55:00,2019-09-19 10:30:00,2019-09-19 09:55:00,3017.0,0.0,2019-09-19 10:30:00,3021.25,0.0,46,True
2019-09-25 10:00:00,Z19,2019-09-25 09:55:00,2019-09-25 10:30:00,2019-09-25 09:55:00,2965.75,0.0,2019-09-25 10:30:00,2967.75,0.0,46,True
2019-09-27 08:30:00,Z19,2019-09-27 08:25:00,2019-09-27 09:00:00,2019-09-27 08:25:00,2987.75,0.0,2019-09-27 09:00:00,2987.75,0.0,46,True
2019-10-01 10:00:00,Z19,2019-10-01 09:55:00,2019-10-01 10:30:00,2019-10-01 09:55:00,2992.25,0.0,2019-10-01 10:30:00,2970.0,0.0,46,True
2019-10-03 10:00:00,Z19,2019-10-03 09:55:00,2019-10-03 10:30:00,2019-10-03 09:55:00,2889.5,0.0,2019-10-03 10:30:00,2876.75,0.0,46,True
2019-10-04 08:30:00,Z19,2019-10-04 08:25:00,2019-10-04 09:00:00,2019-10-04 08:25:00,2902.25,0.0,2019-10-04 09:00:00,2918.0,0.0,46,True
2019-10-08 08:30:00,Z19,2019-10-08 08:25:00,2019-10-08 09:00:00,2019-10-08 08:25:00,2918.25,0.0,2019-10-08 09:00:00,2918.75,0.0,46,True
2019-10-10 08:30:00,Z19,2019-10-10 08:25:00,2019-10-10 09:00:00,2019-10-10 08:25:00,2913.25,0.0,2019-10-10 09:00:00,2916.75,0.0,46,True
2019-10-16 08:30:00,Z19,2019-10-16 08:25:00,2019-10-16 09:00:00,2019-10-16 08:25:00,2995.75,0.0,2019-10-16 09:00:00,2992.0,0.0,46,True
2019-10-17 08:30:00,Z19,2019-10-17 08:25:00,2019-10-17 09:00:00,2019-10-17 08:25:00,2998.25,0.0,2019-10-17 09:00:00,3001.25,0.0,46,True
2019-10-17 09:15:00,Z19,2019-10-17 09:10:00,2019-10-17 09:45:00,2019-10-17 09:10:00,3001.0,0.0,2019-10-17 09:45:00,3004.0,0.0,46,True
2019-10-22 10:00:00,Z19,2019-10-22 09:55:00,2019-10-22 10:30:00,2019-10-22 09:55:00,3011.25,0.0,2019-10-22 10:30:00,3010.5,0.0,46,True
2019-10-24 08:30:00,Z19,2019-10-24 08:25:00,2019-10-24 09:00:00,2019-10-24 08:25:00,3011.75,0.0,2019-10-24 09:00:00,3011.75,0.0,46,True
2019-10-24 10:00:00,Z19,2019-10-24 09:55:00,2019-10-24 10:30:00,2019-10-24 09:55:00,3003.5,0.0,2019-10-24 10:30:00,2999.5,0.0,46,True
2019-10-30 08:30:00,Z19,2019-10-30 08:25:00,2019-10-30 09:00:00,2019-10-30 08:25:00,3036.0,0.0,2019-10-30 09:00:00,3037.5,0.0,46,True
2019-10-31 08:30:00,Z19,2019-10-31 08:25:00,2019-10-31 09:00:00,2019-10-31 08:25:00,3041.0,0.0,2019-10-31 09:00:00,3041.25,0.0,46,True
2019-11-01 08:30:00,Z19,2019-11-01 08:25:00,2019-11-01 09:00:00,2019-11-01 08:25:00,3039.75,0.0,2019-11-01 09:00:00,3049.25,0.0,46,True
2019-11-01 10:00:00,Z19,2019-11-01 09:55:00,2019-11-01 10:30:00,2019-11-01 09:55:00,3055.75,0.0,2019-11-01 10:30:00,3059.5,0.0,46,True
2019-11-05 10:00:00,Z19,2019-11-05 09:55:00,2019-11-05 10:30:00,2019-11-05 09:55:00,3077.5,0.0,2019-11-05 10:30:00,3073.0,0.0,46,True
2019-11-13 08:30:00,Z19,2019-11-13 08:25:00,2019-11-13 09:00:00,2019-11-13 08:25:00,3082.5,0.0,2019-11-13 09:00:00,3083.75,0.0,46,True
2019-11-14 08:30:00,Z19,2019-11-14 08:25:00,2019-11-14 09:00:00,2019-11-14 08:25:00,3090.5,0.0,2019-11-14 09:00:00,3089.75,0.0,46,True
2019-11-15 08:30:00,Z19,2019-11-15 08:25:00,2019-11-15 09:00:00,2019-11-15 08:25:00,3104.75,0.0,2019-11-15 09:00:00,3107.0,0.0,46,True
2019-11-15 09:15:00,Z19,2019-11-15 09:10:00,2019-11-15 09:45:00,2019-11-15 09:10:00,3106.75,0.0,2019-11-15 09:45:00,3106.75,0.0,46,True
2019-11-19 08:30:00,Z19,2019-11-19 08:25:00,2019-11-19 09:00:00,2019-11-19 08:25:00,3129.0,0.0,2019-11-19 09:00:00,3128.75,0.0,46,True
2019-11-21 10:00:00,Z19,2019-11-21 09:55:00,2019-11-21 10:30:00,2019-11-21 09:55:00,3103.5,0.0,2019-11-21 10:30:00,3097.5,0.0,46,True
2019-11-26 10:00:00,Z19,2019-11-26 09:55:00,2019-11-26 10:30:00,2019-11-26 09:55:00,3136.75,0.0,2019-11-26 10:30:00,3134.25,0.0,46,True
2019-11-27 08:30:00,Z19,2019-11-27 08:25:00,2019-11-27 09:00:00,2019-11-27 08:25:00,3146.5,0.0,2019-11-27 09:00:00,3145.75,0.0,46,True
2019-11-27 10:00:00,Z19,2019-11-27 09:55:00,2019-11-27 10:30:00,2019-11-27 09:55:00,3144.0,0.0,2019-11-27 10:30:00,3144.25,0.0,46,True
2019-12-02 10:00:00,Z19,2019-12-02 09:55:00,2019-12-02 10:30:00,2019-12-02 09:55:00,3132.5,0.0,2019-12-02 10:30:00,3118.0,0.0,46,True
2019-12-04 10:00:00,Z19,2019-12-04 09:55:00,2019-12-04 10:30:00,2019-12-04 09:55:00,3115.75,0.0,2019-12-04 10:30:00,3113.5,0.0,46,True
2019-12-06 08:30:00,Z19,2019-12-06 08:25:00,2019-12-06 09:00:00,2019-12-06 08:25:00,3124.0,0.0,2019-12-06 09:00:00,3136.75,0.0,46,True
2019-12-11 08:30:00,Z19,2019-12-11 08:25:00,2019-12-11 09:00:00,2019-12-11 08:25:00,3139.0,0.0,2019-12-11 09:00:00,3140.0,0.0,46,True
2019-12-12 08:30:00,Z19,2019-12-12 08:25:00,2019-12-12 09:00:00,2019-12-12 08:25:00,3140.75,0.0,2019-12-12 09:00:00,3141.0,0.0,46,True
2019-12-13 08:30:00,Z19,2019-12-13 08:25:00,2019-12-13 09:00:00,2019-12-13 08:25:00,3175.25,0.0,2019-12-13 09:00:00,3176.0,0.0,46,True
2019-12-17 08:30:00,H20,2019-12-17 08:25:00,2019-12-17 09:00:00,2019-12-17 08:25:00,3199.0,0.0,2019-12-17 09:00:00,3200.5,0.0,46,True
2019-12-17 09:15:00,H20,2019-12-17 09:10:00,2019-12-17 09:45:00,2019-12-17 09:10:00,3201.5,0.0,2019-12-17 09:45:00,3198.25,0.0,46,True
2019-12-19 10:00:00,H20,2019-12-19 09:55:00,2019-12-19 10:30:00,2019-12-19 09:55:00,3200.5,0.0,2019-12-19 10:30:00,3200.75,0.0,46,True
2019-12-20 10:00:00,H20,2019-12-20 09:55:00,2019-12-20 10:30:00,2019-12-20 09:55:00,3221.5,0.0,2019-12-20 10:30:00,3223.25,0.0,46,True
2019-12-23 08:30:00,H20,2019-12-23 08:25:00,2019-12-23 09:00:00,2019-12-23 08:25:00,3232.25,0.0,2019-12-23 09:00:00,3231.0,0.0,46,True
2019-12-23 10:00:00,H20,2019-12-23 09:55:00,2019-12-23 10:30:00,2019-12-23 09:55:00,3227.5,0.0,2019-12-23 10:30:00,3227.5,0.0,46,True
2020-01-03 10:00:00,H20,2020-01-03 09:55:00,2020-01-03 10:30:00,2020-01-03 09:55:00,3234.25,0.0,2020-01-03 10:30:00,3238.25,0.0,46,True
2020-01-07 10:00:00,H20,2020-01-07 09:55:00,2020-01-07 10:30:00,2020-01-07 09:55:00,3233.25,0.0,2020-01-07 10:30:00,3238.5,0.0,46,True
2020-01-10 08:30:00,H20,2020-01-10 08:25:00,2020-01-10 09:00:00,2020-01-10 08:25:00,3281.25,0.0,2020-01-10 09:00:00,3281.5,0.0,46,True
2020-01-14 08:30:00,H20,2020-01-14 08:25:00,2020-01-14 09:00:00,2020-01-14 08:25:00,3285.75,0.0,2020-01-14 09:00:00,3288.5,0.0,46,True
2020-01-15 08:30:00,H20,2020-01-15 08:25:00,2020-01-15 09:00:00,2020-01-15 08:25:00,3285.75,0.0,2020-01-15 09:00:00,3280.25,0.0,46,True
2020-01-16 08:30:00,H20,2020-01-16 08:25:00,2020-01-16 09:00:00,2020-01-16 08:25:00,3303.5,0.0,2020-01-16 09:00:00,3304.25,0.0,46,True
2020-01-17 08:30:00,H20,2020-01-17 08:25:00,2020-01-17 09:00:00,2020-01-17 08:25:00,3324.5,0.0,2020-01-17 09:00:00,3326.0,0.0,46,True
2020-01-17 09:15:00,H20,2020-01-17 09:10:00,2020-01-17 09:45:00,2020-01-17 09:10:00,3326.0,0.0,2020-01-17 09:45:00,3322.5,0.0,46,True
2020-01-22 10:00:00,H20,2020-01-22 09:55:00,2020-01-22 10:30:00,2020-01-22 09:55:00,3334.0,0.0,2020-01-22 10:30:00,3334.75,0.0,46,True
2020-01-27 10:00:00,H20,2020-01-27 09:55:00,2020-01-27 10:30:00,2020-01-27 09:55:00,3250.75,0.0,2020-01-27 10:30:00,3251.5,0.0,46,True
2020-01-28 08:30:00,H20,2020-01-28 08:25:00,2020-01-28 09:00:00,2020-01-28 08:25:00,3259.75,0.0,2020-01-28 09:00:00,3259.5,0.0,46,True
2020-01-30 08:30:00,H20,2020-01-30 08:25:00,2020-01-30 09:00:00,2020-01-30 08:25:00,3250.25,0.0,2020-01-30 09:00:00,3252.75,0.0,46,True
2020-01-31 08:30:00,H20,2020-01-31 08:25:00,2020-01-31 09:00:00,2020-01-31 08:25:00,3274.5,0.0,2020-01-31 09:00:00,3277.25,0.0,46,True
2020-02-03 10:00:00,H20,2020-02-03 09:55:00,2020-02-03 10:30:00,2020-02-03 09:55:00,3256.25,0.0,2020-02-03 10:30:00,3265.25,0.0,46,True
2020-02-05 10:00:00,H20,2020-02-05 09:55:00,2020-02-05 10:30:00,2020-02-05 09:55:00,3325.25,0.0,2020-02-05 10:30:00,3315.25,0.0,46,True
2020-02-07 08:30:00,H20,2020-02-07 08:25:00,2020-02-07 09:00:00,2020-02-07 08:25:00,3339.5,0.0,2020-02-07 09:00:00,3333.75,0.0,46,True
2020-02-13 08:30:00,H20,2020-02-13 08:25:00,2020-02-13 09:00:00,2020-02-13 08:25:00,3361.5,0.0,2020-02-13 09:00:00,3364.0,0.0,46,True
2020-02-14 08:30:00,H20,2020-02-14 08:25:00,2020-02-14 09:00:00,2020-02-14 08:25:00,3383.5,0.0,2020-02-14 09:00:00,3379.25,0.0,46,True
2020-02-14 09:15:00,H20,2020-02-14 09:10:00,2020-02-14 09:45:00,2020-02-14 09:10:00,3378.75,0.0,2020-02-14 09:45:00,3377.25,0.0,46,True
2020-02-19 08:30:00,H20,2020-02-19 08:25:00,2020-02-19 09:00:00,2020-02-19 08:25:00,3379.0,0.0,2020-02-19 09:00:00,3380.0,0.0,46,True
2020-02-21 10:00:00,H20,2020-02-21 09:55:00,2020-02-21 10:30:00,2020-02-21 09:55:00,3342.0,0.0,2020-02-21 10:30:00,3344.25,0.0,46,True
2020-02-26 10:00:00,H20,2020-02-26 09:55:00,2020-02-26 10:30:00,2020-02-26 09:55:00,3157.5,0.0,2020-02-26 10:30:00,3166.5,0.0,46,True
2020-02-27 08:30:00,H20,2020-02-27 08:25:00,2020-02-27 09:00:00,2020-02-27 08:25:00,3067.5,0.0,2020-02-27 09:00:00,3057.75,0.0,46,True
2020-02-28 08:30:00,H20,2020-02-28 08:25:00,2020-02-28 09:00:00,2020-02-28 08:25:00,2929.0,0.0,2020-02-28 09:00:00,2903.0,0.0,46,True
2020-03-02 10:00:00,H20,2020-03-02 09:55:00,2020-03-02 10:30:00,2020-03-02 09:55:00,2974.25,0.0,2020-03-02 10:30:00,2954.0,0.0,46,True
2020-03-04 10:00:00,H20,2020-03-04 09:55:00,2020-03-04 10:30:00,2020-03-04 09:55:00,3039.0,0.0,2020-03-04 10:30:00,3060.25,0.0,46,True
2020-03-06 07:30:00,H20,2020-03-06 07:25:00,2020-03-06 08:00:00,2020-03-06 07:25:00,2938.5,0.0,2020-03-06 08:00:00,2931.25,0.0,46,True
2020-03-06 08:30:00,H20,2020-03-06 08:25:00,2020-03-06 09:00:00,2020-03-06 08:25:00,2922.0,0.0,2020-03-06 09:00:00,2927.0,0.0,46,True
2020-03-11 08:30:00,H20,2020-03-11 08:25:00,2020-03-11 09:00:00,2020-03-11 08:25:00,2788.5,0.0,2020-03-11 09:00:00,2769.0,0.0,46,True
2020-03-12 08:30:00,H20,2020-03-12 08:25:00,2020-03-12 09:00:00,2020-03-12 08:24:00,2601.0,-60.0,2020-03-12 09:00:00,2601.0,0.0,44,True
2020-03-17 08:30:00,M20,2020-03-17 08:25:00,2020-03-17 09:00:00,2020-03-17 08:25:00,2436.75,0.0,2020-03-17 09:00:00,2440.75,0.0,46,True
2020-03-17 09:15:00,M20,2020-03-17 09:10:00,2020-03-17 09:45:00,2020-03-17 09:10:00,2440.0,0.0,2020-03-17 09:45:00,2399.75,0.0,46,True
2020-03-18 08:30:00,M20,2020-03-18 08:25:00,2020-03-18 09:00:00,2020-03-18 08:24:00,2393.5,-60.0,2020-03-18 08:59:00,2393.5,-60.0,17,True
2020-03-20 10:00:00,M20,2020-03-20 09:55:00,2020-03-20 10:30:00,2020-03-20 09:55:00,2393.25,0.0,2020-03-20 10:30:00,2417.5,0.0,46,True
2020-03-24 10:00:00,M20,2020-03-24 09:55:00,2020-03-24 10:30:00,2020-03-24 09:55:00,2361.5,0.0,2020-03-24 10:30:00,2375.0,0.0,46,True
2020-03-25 08:30:00,M20,2020-03-25 08:25:00,2020-03-25 09:00:00,2020-03-25 08:25:00,2407.75,0.0,2020-03-25 09:00:00,2427.25,0.0,46,True
2020-03-27 08:30:00,M20,2020-03-27 08:25:00,2020-03-27 09:00:00,2020-03-27 08:25:00,2540.5,0.0,2020-03-27 09:00:00,2526.0,0.0,46,True
2020-04-01 10:00:00,M20,2020-04-01 09:55:00,2020-04-01 10:30:00,2020-04-01 09:55:00,2487.75,0.0,2020-04-01 10:30:00,2488.5,0.0,46,True
2020-04-03 08:30:00,M20,2020-04-03 08:25:00,2020-04-03 09:00:00,2020-04-03 08:25:00,2500.0,0.0,2020-04-03 09:00:00,2510.25,0.0,46,True
2020-04-03 10:00:00,M20,2020-04-03 09:55:00,2020-04-03 10:30:00,2020-04-03 09:55:00,2516.75,0.0,2020-04-03 10:30:00,2499.0,0.0,46,True
2020-04-09 08:30:00,M20,2020-04-09 08:25:00,2020-04-09 09:00:00,2020-04-09 08:25:00,2712.25,0.0,2020-04-09 09:00:00,2765.75,0.0,46,True
2020-04-10 08:30:00,M20,2020-04-10 08:25:00,2020-04-10 09:00:00,,,,,,,0,False
2020-04-15 08:30:00,M20,2020-04-15 08:25:00,2020-04-15 09:00:00,2020-04-15 08:25:00,2776.75,0.0,2020-04-15 09:00:00,2757.5,0.0,46,True
2020-04-15 09:15:00,M20,2020-04-15 09:10:00,2020-04-15 09:45:00,2020-04-15 09:10:00,2765.25,0.0,2020-04-15 09:45:00,2763.25,0.0,46,True
2020-04-16 08:30:00,M20,2020-04-16 08:25:00,2020-04-16 09:00:00,2020-04-16 08:25:00,2778.75,0.0,2020-04-16 09:00:00,2786.75,0.0,46,True
2020-04-21 10:00:00,M20,2020-04-21 09:55:00,2020-04-21 10:30:00,2020-04-21 09:55:00,2773.25,0.0,2020-04-21 10:30:00,2764.5,0.0,46,True
2020-04-23 10:00:00,M20,2020-04-23 09:55:00,2020-04-23 10:30:00,2020-04-23 09:55:00,2809.75,0.0,2020-04-23 10:30:00,2824.5,0.0,46,True
2020-04-24 08:30:00,M20,2020-04-24 08:25:00,2020-04-24 09:00:00,2020-04-24 08:25:00,2800.0,0.0,2020-04-24 09:00:00,2805.75,0.0,46,True
2020-04-29 08:30:00,M20,2020-04-29 08:25:00,2020-04-29 09:00:00,2020-04-29 08:25:00,2889.25,0.0,2020-04-29 09:00:00,2923.0,0.0,46,True
2020-04-30 08:30:00,M20,2020-04-30 08:25:00,2020-04-30 09:00:00,2020-04-30 08:25:00,2926.75,0.0,2020-04-30 09:00:00,2908.5,0.0,46,True
2020-05-01 10:00:00,M20,2020-05-01 09:55:00,2020-05-01 10:30:00,2020-05-01 09:55:00,2845.5,0.0,2020-05-01 10:30:00,2846.5,0.0,46,True
2020-05-05 10:00:00,M20,2020-05-05 09:55:00,2020-05-05 10:30:00,2020-05-05 09:55:00,2875.25,0.0,2020-05-05 10:30:00,2872.0,0.0,46,True
2020-05-08 08:30:00,M20,2020-05-08 08:25:00,2020-05-08 09:00:00,2020-05-08 08:25:00,2904.25,0.0,2020-05-08 09:00:00,2913.75,0.0,46,True
2020-05-12 08:30:00,M20,2020-05-12 08:25:00,2020-05-12 09:00:00,2020-05-12 08:25:00,2932.75,0.0,2020-05-12 09:00:00,2934.5,0.0,46,True
2020-05-13 08:30:00,M20,2020-05-13 08:25:00,2020-05-13 09:00:00,2020-05-13 08:25:00,2872.0,0.0,2020-05-13 09:00:00,2863.75,0.0,46,True
2020-05-15 08:30:00,M20,2020-05-15 08:25:00,2020-05-15 09:00:00,2020-05-15 08:25:00,2821.0,0.0,2020-05-15 09:00:00,2821.0,0.0,46,True
2020-05-15 09:15:00,M20,2020-05-15 09:10:00,2020-05-15 09:45:00,2020-05-15 09:10:00,2815.5,0.0,2020-05-15 09:45:00,2828.5,0.0,46,True
2020-05-19 08:30:00,M20,2020-05-19 08:25:00,2020-05-19 09:00:00,2020-05-19 08:25:00,2936.5,0.0,2020-05-19 09:00:00,2943.5,0.0,46,True
2020-05-21 10:00:00,M20,2020-05-21 09:55:00,2020-05-21 10:30:00,2020-05-21 09:55:00,2962.25,0.0,2020-05-21 10:30:00,2958.75,0.0,46,True
2020-05-26 10:00:00,M20,2020-05-26 09:55:00,2020-05-26 10:30:00,2020-05-26 09:55:00,3008.25,0.0,2020-05-26 10:30:00,3010.25,0.0,46,True
2020-05-28 08:30:00,M20,2020-05-28 08:25:00,2020-05-28 09:00:00,2020-05-28 08:25:00,3038.0,0.0,2020-05-28 09:00:00,3045.5,0.0,46,True
2020-05-29 08:30:00,M20,2020-05-29 08:25:00,2020-05-29 09:00:00,2020-05-29 08:25:00,3029.5,0.0,2020-05-29 09:00:00,3024.25,0.0,46,True
2020-06-01 10:00:00,M20,2020-06-01 09:55:00,2020-06-01 10:30:00,2020-06-01 09:55:00,3038.75,0.0,2020-06-01 10:30:00,3046.75,0.0,46,True
2020-06-03 10:00:00,M20,2020-06-03 09:55:00,2020-06-03 10:30:00,2020-06-03 09:55:00,3102.0,0.0,2020-06-03 10:30:00,3105.5,0.0,46,True
2020-06-05 08:30:00,M20,2020-06-05 08:25:00,2020-06-05 09:00:00,2020-06-05 08:25:00,3133.75,0.0,2020-06-05 09:00:00,3159.75,0.0,46,True
2020-06-10 08:30:00,M20,2020-06-10 08:25:00,2020-06-10 09:00:00,2020-06-10 08:25:00,3215.25,0.0,2020-06-10 09:00:00,3217.5,0.0,46,True
2020-06-11 08:30:00,M20,2020-06-11 08:25:00,2020-06-11 09:00:00,2020-06-11 08:25:00,3107.75,0.0,2020-06-11 09:00:00,3105.25,0.0,46,True
2020-06-16 08:30:00,U20,2020-06-16 08:25:00,2020-06-16 09:00:00,2020-06-16 08:25:00,3119.5,0.0,2020-06-16 09:00:00,3149.75,0.0,46,True
2020-06-16 09:15:00,U20,2020-06-16 09:10:00,2020-06-16 09:45:00,2020-06-16 09:10:00,3145.25,0.0,2020-06-16 09:45:00,3137.75,0.0,46,True
2020-06-17 08:30:00,U20,2020-06-17 08:25:00,2020-06-17 09:00:00,2020-06-17 08:25:00,3135.5,0.0,2020-06-17 09:00:00,3128.75,0.0,46,True
2020-06-22 10:00:00,U20,2020-06-22 09:55:00,2020-06-22 10:30:00,2020-06-22 09:55:00,3080.5,0.0,2020-06-22 10:30:00,3091.5,0.0,46,True
2020-06-23 10:00:00,U20,2020-06-23 09:55:00,2020-06-23 10:30:00,2020-06-23 09:55:00,3128.75,0.0,2020-06-23 10:30:00,3134.75,0.0,46,True
2020-06-25 08:30:00,U20,2020-06-25 08:25:00,2020-06-25 09:00:00,2020-06-25 08:25:00,3027.5,0.0,2020-06-25 09:00:00,3029.0,0.0,46,True
2020-06-26 08:30:00,U20,2020-06-26 08:25:00,2020-06-26 09:00:00,2020-06-26 08:25:00,3065.0,0.0,2020-06-26 09:00:00,3060.0,0.0,46,True
2020-07-01 10:00:00,U20,2020-07-01 09:55:00,2020-07-01 10:30:00,2020-07-01 09:55:00,3094.5,0.0,2020-07-01 10:30:00,3109.75,0.0,46,True
2020-07-02 08:30:00,U20,2020-07-02 08:25:00,2020-07-02 09:00:00,2020-07-02 08:25:00,3126.75,0.0,2020-07-02 09:00:00,3147.0,0.0,46,True
2020-07-06 10:00:00,U20,2020-07-06 09:55:00,2020-07-06 10:30:00,2020-07-06 09:55:00,3167.75,0.0,2020-07-06 10:30:00,3158.25,0.0,46,True
2020-07-10 08:30:00,U20,2020-07-10 08:25:00,2020-07-10 09:00:00,2020-07-10 08:25:00,3122.5,0.0,2020-07-10 09:00:00,3140.25,0.0,46,True
2020-07-14 08:30:00,U20,2020-07-14 08:25:00,2020-07-14 09:00:00,2020-07-14 08:25:00,3157.25,0.0,2020-07-14 09:00:00,3139.0,0.0,46,True
2020-07-15 09:15:00,U20,2020-07-15 09:10:00,2020-07-15 09:45:00,2020-07-15 09:10:00,3225.75,0.0,2020-07-15 09:45:00,3222.75,0.0,46,True
2020-07-16 08:30:00,U20,2020-07-16 08:25:00,2020-07-16 09:00:00,2020-07-16 08:25:00,3198.25,0.0,2020-07-16 09:00:00,3195.25,0.0,46,True
2020-07-17 08:30:00,U20,2020-07-17 08:25:00,2020-07-17 09:00:00,2020-07-17 08:25:00,3215.25,0.0,2020-07-17 09:00:00,3211.25,0.0,46,True
2020-07-22 10:00:00,U20,2020-07-22 09:55:00,2020-07-22 10:30:00,2020-07-22 09:55:00,3259.0,0.0,2020-07-22 10:30:00,3252.0,0.0,46,True
2020-07-24 10:00:00,U20,2020-07-24 09:55:00,2020-07-24 10:30:00,2020-07-24 09:55:00,3203.5,0.0,2020-07-24 10:30:00,3211.5,0.0,46,True
2020-07-27 08:30:00,U20,2020-07-27 08:25:00,2020-07-27 09:00:00,2020-07-27 08:25:00,3220.25,0.0,2020-07-27 09:00:00,3216.0,0.0,46,True
2020-07-30 08:30:00,U20,2020-07-30 08:25:00,2020-07-30 09:00:00,2020-07-30 08:25:00,3226.75,0.0,2020-07-30 09:00:00,3211.5,0.0,46,True
2020-07-31 08:30:00,U20,2020-07-31 08:25:00,2020-07-31 09:00:00,2020-07-31 08:25:00,3259.0,0.0,2020-07-31 09:00:00,3254.5,0.0,46,True
2020-08-03 10:00:00,U20,2020-08-03 09:55:00,2020-08-03 10:30:00,2020-08-03 09:55:00,3279.75,0.0,2020-08-03 10:30:00,3287.0,0.0,46,True
2020-08-05 10:00:00,U20,2020-08-05 09:55:00,2020-08-05 10:30:00,2020-08-05 09:55:00,3317.75,0.0,2020-08-05 10:30:00,3318.5,0.0,46,True
2020-08-07 08:30:00,U20,2020-08-07 08:25:00,2020-08-07 09:00:00,2020-08-07 08:25:00,3331.75,0.0,2020-08-07 09:00:00,3332.25,0.0,46,True
2020-08-11 08:30:00,U20,2020-08-11 08:25:00,2020-08-11 09:00:00,2020-08-11 08:25:00,3372.0,0.0,2020-08-11 09:00:00,3370.75,0.0,46,True
2020-08-12 08:30:00,U20,2020-08-12 08:25:00,2020-08-12 09:00:00,2020-08-12 08:25:00,3353.0,0.0,2020-08-12 09:00:00,3354.0,0.0,46,True
2020-08-14 08:30:00,U20,2020-08-14 08:25:00,2020-08-14 09:00:00,2020-08-14 08:25:00,3365.5,0.0,2020-08-14 09:00:00,3363.25,0.0,46,True
2020-08-14 09:15:00,U20,2020-08-14 09:10:00,2020-08-14 09:45:00,2020-08-14 09:10:00,3363.25,0.0,2020-08-14 09:45:00,3364.25,0.0,46,True
2020-08-18 08:30:00,U20,2020-08-18 08:25:00,2020-08-18 09:00:00,2020-08-18 08:25:00,3384.75,0.0,2020-08-18 09:00:00,3385.25,0.0,46,True
2020-08-21 10:00:00,U20,2020-08-21 09:55:00,2020-08-21 10:30:00,2020-08-21 09:55:00,3384.75,0.0,2020-08-21 10:30:00,3385.0,0.0,46,True
2020-08-25 10:00:00,U20,2020-08-25 09:55:00,2020-08-25 10:30:00,2020-08-25 09:55:00,3431.25,0.0,2020-08-25 10:30:00,3423.0,0.0,46,True
2020-08-26 08:30:00,U20,2020-08-26 08:25:00,2020-08-26 09:00:00,2020-08-26 08:25:00,3444.75,0.0,2020-08-26 09:00:00,3444.0,0.0,46,True
2020-08-28 08:30:00,U20,2020-08-28 08:25:00,2020-08-28 09:00:00,2020-08-28 08:25:00,3497.75,0.0,2020-08-28 09:00:00,3494.75,0.0,46,True
2020-09-01 10:00:00,U20,2020-09-01 09:55:00,2020-09-01 10:30:00,2020-09-01 09:55:00,3503.75,0.0,2020-09-01 10:30:00,3512.5,0.0,46,True
2020-09-03 10:00:00,U20,2020-09-03 09:55:00,2020-09-03 10:30:00,2020-09-03 09:55:00,3554.5,0.0,2020-09-03 10:30:00,3523.75,0.0,46,True
2020-09-04 08:30:00,U20,2020-09-04 08:25:00,2020-09-04 09:00:00,2020-09-04 08:25:00,3455.75,0.0,2020-09-04 09:00:00,3466.0,0.0,46,True
2020-09-10 08:30:00,U20,2020-09-10 08:25:00,2020-09-10 09:00:00,2020-09-10 08:25:00,3394.75,0.0,2020-09-10 09:00:00,3407.75,0.0,46,True
2020-09-11 08:30:00,U20,2020-09-11 08:25:00,2020-09-11 09:00:00,2020-09-11 08:25:00,3361.25,0.0,2020-09-11 09:00:00,3355.75,0.0,46,True
2020-09-15 09:15:00,Z20,2020-09-15 09:10:00,2020-09-15 09:45:00,2020-09-15 09:10:00,3401.75,0.0,2020-09-15 09:45:00,3404.75,0.0,46,True
2020-09-16 08:30:00,Z20,2020-09-16 08:25:00,2020-09-16 09:00:00,2020-09-16 08:25:00,3413.5,0.0,2020-09-16 09:00:00,3409.0,0.0,46,True
2020-09-17 08:30:00,Z20,2020-09-17 08:25:00,2020-09-17 09:00:00,2020-09-17 08:25:00,3334.0,0.0,2020-09-17 09:00:00,3321.0,0.0,46,True
2020-09-22 10:00:00,Z20,2020-09-22 09:55:00,2020-09-22 10:30:00,2020-09-22 09:55:00,3271.75,0.0,2020-09-22 10:30:00,3288.5,0.0,46,True
2020-09-24 10:00:00,Z20,2020-09-24 09:55:00,2020-09-24 10:30:00,2020-09-24 09:55:00,3222.5,0.0,2020-09-24 10:30:00,3222.5,0.0,46,True
2020-09-25 08:30:00,Z20,2020-09-25 08:25:00,2020-09-25 09:00:00,2020-09-25 08:25:00,3224.5,0.0,2020-09-25 09:00:00,3229.5,0.0,46,True
2020-10-01 08:30:00,Z20,2020-10-01 08:25:00,2020-10-01 09:00:00,2020-10-01 08:25:00,3381.75,0.0,2020-10-01 09:00:00,3377.0,0.0,46,True
2020-10-01 10:00:00,Z20,2020-10-01 09:55:00,2020-10-01 10:30:00,2020-10-01 09:55:00,3370.25,0.0,2020-10-01 10:30:00,3363.25,0.0,46,True
2020-10-02 08:30:00,Z20,2020-10-02 08:25:00,2020-10-02 09:00:00,2020-10-02 08:25:00,3325.5,0.0,2020-10-02 09:00:00,3312.5,0.0,46,True
2020-10-05 10:00:00,Z20,2020-10-05 09:55:00,2020-10-05 10:30:00,2020-10-05 09:55:00,3367.0,0.0,2020-10-05 10:30:00,3378.0,0.0,46,True
2020-10-13 08:30:00,Z20,2020-10-13 08:25:00,2020-10-13 09:00:00,2020-10-13 08:25:00,3527.25,0.0,2020-10-13 09:00:00,3520.25,0.0,46,True
2020-10-14 08:30:00,Z20,2020-10-14 08:25:00,2020-10-14 09:00:00,2020-10-14 08:25:00,3504.5,0.0,2020-10-14 09:00:00,3510.75,0.0,46,True
2020-10-16 08:30:00,Z20,2020-10-16 08:25:00,2020-10-16 09:00:00,2020-10-16 08:25:00,3484.75,0.0,2020-10-16 09:00:00,3490.5,0.0,46,True
2020-10-16 09:15:00,Z20,2020-10-16 09:10:00,2020-10-16 09:45:00,2020-10-16 09:10:00,3486.5,0.0,2020-10-16 09:45:00,3487.25,0.0,46,True
2020-10-20 08:30:00,Z20,2020-10-20 08:25:00,2020-10-20 09:00:00,2020-10-20 08:25:00,3429.5,0.0,2020-10-20 09:00:00,3434.0,0.0,46,True
2020-10-22 10:00:00,Z20,2020-10-22 09:55:00,2020-10-22 10:30:00,2020-10-22 09:55:00,3436.25,0.0,2020-10-22 10:30:00,3419.25,0.0,46,True
2020-10-26 10:00:00,Z20,2020-10-26 09:55:00,2020-10-26 10:30:00,2020-10-26 09:55:00,3425.0,0.0,2020-10-26 10:30:00,3414.25,0.0,46,True
2020-10-27 08:30:00,Z20,2020-10-27 08:25:00,2020-10-27 09:00:00,2020-10-27 08:25:00,3406.0,0.0,2020-10-27 09:00:00,3398.5,0.0,46,True
2020-10-29 08:30:00,Z20,2020-10-29 08:25:00,2020-10-29 09:00:00,2020-10-29 08:25:00,3263.5,0.0,2020-10-29 09:00:00,3270.5,0.0,46,True
2020-10-30 08:30:00,Z20,2020-10-30 08:25:00,2020-10-30 09:00:00,2020-10-30 08:25:00,3269.5,0.0,2020-10-30 09:00:00,3277.75,0.0,46,True
2020-11-02 10:00:00,Z20,2020-11-02 09:55:00,2020-11-02 10:30:00,2020-11-02 09:55:00,3305.0,0.0,2020-11-02 10:30:00,3314.25,0.0,46,True
2020-11-04 10:00:00,Z20,2020-11-04 09:55:00,2020-11-04 10:30:00,2020-11-04 09:55:00,3411.0,0.0,2020-11-04 10:30:00,3452.25,0.0,46,True
2020-11-06 08:30:00,Z20,2020-11-06 08:25:00,2020-11-06 09:00:00,2020-11-06 08:25:00,3477.5,0.0,2020-11-06 09:00:00,3502.75,0.0,46,True
2020-11-12 08:30:00,Z20,2020-11-12 08:25:00,2020-11-12 09:00:00,2020-11-12 08:25:00,3549.5,0.0,2020-11-12 09:00:00,3557.75,0.0,46,True
2020-11-13 08:30:00,Z20,2020-11-13 08:25:00,2020-11-13 09:00:00,2020-11-13 08:25:00,3557.75,0.0,2020-11-13 09:00:00,3556.75,0.0,46,True
2020-11-17 08:30:00,Z20,2020-11-17 08:25:00,2020-11-17 09:00:00,2020-11-17 08:25:00,3600.25,0.0,2020-11-17 09:00:00,3597.75,0.0,46,True
2020-11-17 09:15:00,Z20,2020-11-17 09:10:00,2020-11-17 09:45:00,2020-11-17 09:10:00,3596.5,0.0,2020-11-17 09:45:00,3590.5,0.0,46,True
2020-11-18 08:30:00,Z20,2020-11-18 08:25:00,2020-11-18 09:00:00,2020-11-18 08:25:00,3614.5,0.0,2020-11-18 09:00:00,3614.75,0.0,46,True
2020-11-19 10:00:00,Z20,2020-11-19 09:55:00,2020-11-19 10:30:00,2020-11-19 09:55:00,3562.75,0.0,2020-11-19 10:30:00,3551.75,0.0,46,True
2020-11-25 10:00:00,Z20,2020-11-25 09:55:00,2020-11-25 10:30:00,2020-11-25 09:55:00,3623.25,0.0,2020-11-25 10:30:00,3622.75,0.0,46,True
2020-12-01 10:00:00,Z20,2020-12-01 09:55:00,2020-12-01 10:30:00,2020-12-01 09:55:00,3662.75,0.0,2020-12-01 10:30:00,3671.0,0.0,46,True
2020-12-03 10:00:00,Z20,2020-12-03 09:55:00,2020-12-03 10:30:00,2020-12-03 09:55:00,3669.0,0.0,2020-12-03 10:30:00,3676.5,0.0,46,True
2020-12-04 08:30:00,Z20,2020-12-04 08:25:00,2020-12-04 09:00:00,2020-12-04 08:25:00,3675.25,0.0,2020-12-04 09:00:00,3673.75,0.0,46,True
2020-12-10 08:30:00,Z20,2020-12-10 08:25:00,2020-12-10 09:00:00,2020-12-10 08:25:00,3665.0,0.0,2020-12-10 09:00:00,3654.0,0.0,46,True
2020-12-11 08:30:00,Z20,2020-12-11 08:25:00,2020-12-11 09:00:00,2020-12-11 08:25:00,3641.25,0.0,2020-12-11 09:00:00,3645.75,0.0,46,True
2020-12-15 09:15:00,H21,2020-12-15 09:10:00,2020-12-15 09:45:00,2020-12-15 09:10:00,3665.25,0.0,2020-12-15 09:45:00,3665.75,0.0,46,True
2020-12-16 08:30:00,H21,2020-12-16 08:25:00,2020-12-16 09:00:00,2020-12-16 08:25:00,3694.75,0.0,2020-12-16 09:00:00,3692.75,0.0,46,True
2020-12-17 08:30:00,H21,2020-12-17 08:25:00,2020-12-17 09:00:00,2020-12-17 08:25:00,3713.75,0.0,2020-12-17 09:00:00,3710.75,0.0,46,True
2020-12-22 10:00:00,H21,2020-12-22 09:55:00,2020-12-22 10:30:00,2020-12-22 09:55:00,3683.75,0.0,2020-12-22 10:30:00,3685.0,0.0,46,True
2020-12-23 08:30:00,H21,2020-12-23 08:25:00,2020-12-23 09:00:00,2020-12-23 08:25:00,3684.75,0.0,2020-12-23 09:00:00,3687.25,0.0,46,True
2020-12-23 10:00:00,H21,2020-12-23 09:55:00,2020-12-23 10:30:00,2020-12-23 09:55:00,3694.25,0.0,2020-12-23 10:30:00,3691.5,0.0,46,True
2021-01-05 10:00:00,H21,2021-01-05 09:55:00,2021-01-05 10:30:00,2021-01-05 09:55:00,3706.5,0.0,2021-01-05 10:30:00,3699.25,0.0,46,True
2021-01-07 10:00:00,H21,2021-01-07 09:55:00,2021-01-07 10:30:00,2021-01-07 09:55:00,3774.0,0.0,2021-01-07 10:30:00,3795.0,0.0,46,True
2021-01-08 08:30:00,H21,2021-01-08 08:25:00,2021-01-08 09:00:00,2021-01-08 08:25:00,3808.5,0.0,2021-01-08 09:00:00,3805.5,0.0,46,True
2021-01-13 08:30:00,H21,2021-01-13 08:25:00,2021-01-13 09:00:00,2021-01-13 08:25:00,3783.5,0.0,2021-01-13 09:00:00,3787.0,0.0,46,True
2021-01-15 08:30:00,H21,2021-01-15 08:25:00,2021-01-15 09:00:00,2021-01-15 08:25:00,3779.5,0.0,2021-01-15 09:00:00,3771.75,0.0,46,True
2021-01-15 09:15:00,H21,2021-01-15 09:10:00,2021-01-15 09:45:00,2021-01-15 09:10:00,3770.5,0.0,2021-01-15 09:45:00,3778.0,0.0,46,True
2021-01-21 08:30:00,H21,2021-01-21 08:25:00,2021-01-21 09:00:00,2021-01-21 08:25:00,3853.5,0.0,2021-01-21 09:00:00,3845.75,0.0,46,True
2021-01-22 10:00:00,H21,2021-01-22 09:55:00,2021-01-22 10:30:00,2021-01-22 09:55:00,3831.25,0.0,2021-01-22 10:30:00,3828.5,0.0,46,True
2021-01-27 08:30:00,H21,2021-01-27 08:25:00,2021-01-27 09:00:00,2021-01-27 08:25:00,3805.5,0.0,2021-01-27 09:00:00,3804.25,0.0,46,True
2021-01-28 08:30:00,H21,2021-01-28 08:25:00,2021-01-28 09:00:00,2021-01-28 08:25:00,3734.0,0.0,2021-01-28 09:00:00,3767.25,0.0,46,True
2021-01-28 10:00:00,H21,2021-01-28 09:55:00,2021-01-28 10:30:00,2021-01-28 09:55:00,3785.25,0.0,2021-01-28 10:30:00,3796.25,0.0,46,True
2021-01-29 08:30:00,H21,2021-01-29 08:25:00,2021-01-29 09:00:00,2021-01-29 08:25:00,3749.75,0.0,2021-01-29 09:00:00,3764.5,0.0,46,True
2021-02-01 10:00:00,H21,2021-02-01 09:55:00,2021-02-01 10:30:00,2021-02-01 09:55:00,3723.5,0.0,2021-02-01 10:30:00,3736.5,0.0,46,True
2021-02-03 10:00:00,H21,2021-02-03 09:55:00,2021-02-03 10:30:00,2021-02-03 09:55:00,3825.75,0.0,2021-02-03 10:30:00,3813.75,0.0,46,True
2021-02-05 08:30:00,H21,2021-02-05 08:25:00,2021-02-05 09:00:00,2021-02-05 08:25:00,3881.75,0.0,2021-02-05 09:00:00,3880.5,0.0,46,True
2021-02-10 08:30:00,H21,2021-02-10 08:25:00,2021-02-10 09:00:00,2021-02-10 08:25:00,3917.5,0.0,2021-02-10 09:00:00,3924.75,0.0,46,True
2021-02-17 08:30:00,H21,2021-02-17 08:25:00,2021-02-17 09:00:00,2021-02-17 08:25:00,3925.0,0.0,2021-02-17 09:00:00,3915.5,0.0,46,True
2021-02-17 09:15:00,H21,2021-02-17 09:10:00,2021-02-17 09:45:00,2021-02-17 09:10:00,3912.25,0.0,2021-02-17 09:45:00,3909.5,0.0,46,True
2021-02-18 08:30:00,H21,2021-02-18 08:25:00,2021-02-18 09:00:00,2021-02-18 08:25:00,3910.5,0.0,2021-02-18 09:00:00,3899.25,0.0,46,True
2021-02-19 10:00:00,H21,2021-02-19 09:55:00,2021-02-19 10:30:00,2021-02-19 09:55:00,3918.5,0.0,2021-02-19 10:30:00,3918.5,0.0,46,True
2021-02-24 10:00:00,H21,2021-02-24 09:55:00,2021-02-24 10:30:00,2021-02-24 09:55:00,3869.0,0.0,2021-02-24 10:30:00,3873.5,0.0,46,True
2021-02-25 08:30:00,H21,2021-02-25 08:25:00,2021-02-25 09:00:00,2021-02-25 08:25:00,3907.25,0.0,2021-02-25 09:00:00,3909.25,0.0,46,True
2021-02-26 08:30:00,H21,2021-02-26 08:25:00,2021-02-26 09:00:00,2021-02-26 08:25:00,3823.5,0.0,2021-02-26 09:00:00,3846.25,0.0,46,True
2021-03-01 10:00:00,H21,2021-03-01 09:55:00,2021-03-01 10:30:00,2021-03-01 09:55:00,3871.25,0.0,2021-03-01 10:30:00,3883.25,0.0,46,True
2021-03-03 10:00:00,H21,2021-03-03 09:55:00,2021-03-03 10:30:00,2021-03-03 09:55:00,3862.25,0.0,2021-03-03 10:30:00,3837.75,0.0,46,True
2021-03-05 08:30:00,H21,2021-03-05 08:25:00,2021-03-05 09:00:00,2021-03-05 08:25:00,3781.0,0.0,2021-03-05 09:00:00,3794.75,0.0,46,True
2021-03-10 08:30:00,H21,2021-03-10 08:25:00,2021-03-10 09:00:00,2021-03-10 08:25:00,3872.25,0.0,2021-03-10 09:00:00,3890.5,0.0,46,True
2021-03-12 08:30:00,H21,2021-03-12 08:25:00,2021-03-12 09:00:00,2021-03-12 08:25:00,3924.75,0.0,2021-03-12 09:00:00,3921.5,0.0,46,True
2021-03-16 08:30:00,M21,2021-03-16 08:25:00,2021-03-16 09:00:00,2021-03-16 08:25:00,3963.25,0.0,2021-03-16 09:00:00,3961.0,0.0,46,True
2021-03-16 09:15:00,M21,2021-03-16 09:10:00,2021-03-16 09:45:00,2021-03-16 09:10:00,3961.75,0.0,2021-03-16 09:45:00,3966.0,0.0,46,True
2021-03-17 08:30:00,M21,2021-03-17 08:25:00,2021-03-17 09:00:00,2021-03-17 08:25:00,3941.25,0.0,2021-03-17 09:00:00,3940.75,0.0,46,True
2021-03-22 10:00:00,M21,2021-03-22 09:55:00,2021-03-22 10:30:00,2021-03-22 09:55:00,3917.75,0.0,2021-03-22 10:30:00,3917.25,0.0,46,True
2021-03-23 10:00:00,M21,2021-03-23 09:55:00,2021-03-23 10:30:00,2021-03-23 09:55:00,3924.25,0.0,2021-03-23 10:30:00,3930.5,0.0,46,True
2021-03-24 08:30:00,M21,2021-03-24 08:25:00,2021-03-24 09:00:00,2021-03-24 08:25:00,3916.75,0.0,2021-03-24 09:00:00,3913.5,0.0,46,True
2021-03-26 09:30:00,M21,2021-03-26 09:25:00,2021-03-26 10:00:00,2021-03-26 09:25:00,3913.0,0.0,2021-03-26 10:00:00,3918.5,0.0,46,True
2021-04-01 10:00:00,M21,2021-04-01 09:55:00,2021-04-01 10:30:00,2021-04-01 09:55:00,3988.25,0.0,2021-04-01 10:30:00,3995.75,0.0,46,True
2021-04-02 08:30:00,M21,2021-04-02 08:25:00,2021-04-02 09:00:00,2021-04-02 08:25:00,4024.0,0.0,2021-04-02 09:00:00,4031.0,0.0,46,True
2021-04-05 10:00:00,M21,2021-04-05 09:55:00,2021-04-05 10:30:00,2021-04-05 09:55:00,4049.25,0.0,2021-04-05 10:30:00,4057.5,0.0,46,True
2021-04-09 08:30:00,M21,2021-04-09 08:25:00,2021-04-09 09:00:00,2021-04-09 08:25:00,4090.25,0.0,2021-04-09 09:00:00,4084.0,0.0,46,True
2021-04-13 08:30:00,M21,2021-04-13 08:25:00,2021-04-13 09:00:00,2021-04-13 08:25:00,4111.0,0.0,2021-04-13 09:00:00,4122.5,0.0,46,True
2021-04-15 08:30:00,M21,2021-04-15 08:25:00,2021-04-15 09:00:00,2021-04-15 08:25:00,4142.75,0.0,2021-04-15 09:00:00,4142.75,0.0,46,True
2021-04-15 09:15:00,M21,2021-04-15 09:10:00,2021-04-15 09:45:00,2021-04-15 09:10:00,4140.5,0.0,2021-04-15 09:45:00,4143.5,0.0,46,True
2021-04-16 08:30:00,M21,2021-04-16 08:25:00,2021-04-16 09:00:00,2021-04-16 08:25:00,4170.5,0.0,2021-04-16 09:00:00,4172.25,0.0,46,True
2021-04-22 10:00:00,M21,2021-04-22 09:55:00,2021-04-22 10:30:00,2021-04-22 09:55:00,4153.75,0.0,2021-04-22 10:30:00,4159.5,0.0,46,True
2021-04-23 10:00:00,M21,2021-04-23 09:55:00,2021-04-23 10:30:00,2021-04-23 09:55:00,4143.25,0.0,2021-04-23 10:30:00,4147.0,0.0,46,True
2021-04-26 08:30:00,M21,2021-04-26 08:25:00,2021-04-26 09:00:00,2021-04-26 08:25:00,4171.5,0.0,2021-04-26 09:00:00,4172.75,0.0,46,True
2021-04-29 08:30:00,M21,2021-04-29 08:25:00,2021-04-29 09:00:00,2021-04-29 08:25:00,4206.25,0.0,2021-04-29 09:00:00,4208.25,0.0,46,True
2021-04-30 08:30:00,M21,2021-04-30 08:25:00,2021-04-30 09:00:00,2021-04-30 08:25:00,4184.5,0.0,2021-04-30 09:00:00,4179.75,0.0,46,True
2021-05-03 10:00:00,M21,2021-05-03 09:55:00,2021-05-03 10:30:00,2021-05-03 09:55:00,4200.0,0.0,2021-05-03 10:30:00,4198.25,0.0,46,True
2021-05-05 10:00:00,M21,2021-05-05 09:55:00,2021-05-05 10:30:00,2021-05-05 09:55:00,4169.5,0.0,2021-05-05 10:30:00,4162.75,0.0,46,True
2021-05-07 08:30:00,M21,2021-05-07 08:25:00,2021-05-07 09:00:00,2021-05-07 08:25:00,4204.0,0.0,2021-05-07 09:00:00,4208.0,0.0,46,True
2021-05-12 08:30:00,M21,2021-05-12 08:25:00,2021-05-12 09:00:00,2021-05-12 08:25:00,4133.25,0.0,2021-05-12 09:00:00,4115.0,0.0,46,True
2021-05-13 08:30:00,M21,2021-05-13 08:25:00,2021-05-13 09:00:00,2021-05-13 08:25:00,4069.25,0.0,2021-05-13 09:00:00,4070.0,0.0,46,True
2021-05-14 08:30:00,M21,2021-05-14 08:25:00,2021-05-14 09:00:00,2021-05-14 08:25:00,4134.5,0.0,2021-05-14 09:00:00,4131.25,0.0,46,True
2021-05-14 09:15:00,M21,2021-05-14 09:10:00,2021-05-14 09:45:00,2021-05-14 09:10:00,4133.0,0.0,2021-05-14 09:45:00,4144.75,0.0,46,True
2021-05-18 08:30:00,M21,2021-05-18 08:25:00,2021-05-18 09:00:00,2021-05-18 08:25:00,4164.25,0.0,2021-05-18 09:00:00,4160.5,0.0,46,True
2021-05-21 10:00:00,M21,2021-05-21 09:55:00,2021-05-21 10:30:00,2021-05-21 09:55:00,4180.75,0.0,2021-05-21 10:30:00,4172.25,0.0,46,True
2021-05-25 10:00:00,M21,2021-05-25 09:55:00,2021-05-25 10:30:00,2021-05-25 09:55:00,4200.25,0.0,2021-05-25 10:30:00,4196.75,0.0,46,True
2021-05-27 08:30:00,M21,2021-05-27 08:25:00,2021-05-27 09:00:00,2021-05-27 08:25:00,4189.25,0.0,2021-05-27 09:00:00,4198.75,0.0,46,True
2021-05-28 08:30:00,M21,2021-05-28 08:25:00,2021-05-28 09:00:00,2021-05-28 08:25:00,4209.75,0.0,2021-05-28 09:00:00,4209.25,0.0,46,True
2021-06-01 10:00:00,M21,2021-06-01 09:55:00,2021-06-01 10:30:00,2021-06-01 09:55:00,4214.5,0.0,2021-06-01 10:30:00,4208.5,0.0,46,True
2021-06-03 10:00:00,M21,2021-06-03 09:55:00,2021-06-03 10:30:00,2021-06-03 09:55:00,4173.25,0.0,2021-06-03 10:30:00,4179.75,0.0,46,True
2021-06-04 08:30:00,M21,2021-06-04 08:25:00,2021-06-04 09:00:00,2021-06-04 08:25:00,4194.25,0.0,2021-06-04 09:00:00,4207.25,0.0,46,True
2021-06-10 08:30:00,M21,2021-06-10 08:25:00,2021-06-10 09:00:00,2021-06-10 08:25:00,4219.25,0.0,2021-06-10 09:00:00,4230.25,0.0,46,True
2021-06-15 08:30:00,U21,2021-06-15 08:25:00,2021-06-15 09:00:00,2021-06-15 08:25:00,4252.0,0.0,2021-06-15 09:00:00,4247.0,0.0,46,True
2021-06-15 09:15:00,U21,2021-06-15 09:10:00,2021-06-15 09:45:00,2021-06-15 09:10:00,4247.0,0.0,2021-06-15 09:45:00,4243.5,0.0,46,True
2021-06-16 08:30:00,U21,2021-06-16 08:25:00,2021-06-16 09:00:00,2021-06-16 08:25:00,4234.75,0.0,2021-06-16 09:00:00,4238.0,0.0,46,True
2021-06-22 10:00:00,U21,2021-06-22 09:55:00,2021-06-22 10:30:00,2021-06-22 09:55:00,4209.0,0.0,2021-06-22 10:30:00,4218.25,0.0,46,True
2021-06-23 10:00:00,U21,2021-06-23 09:55:00,2021-06-23 10:30:00,2021-06-23 09:55:00,4239.0,0.0,2021-06-23 10:30:00,4241.25,0.0,46,True
2021-06-24 08:30:00,U21,2021-06-24 08:25:00,2021-06-24 09:00:00,2021-06-24 08:25:00,4253.5,0.0,2021-06-24 09:00:00,4250.5,0.0,46,True
2021-06-25 08:30:00,U21,2021-06-25 08:25:00,2021-06-25 09:00:00,2021-06-25 08:25:00,4260.25,0.0,2021-06-25 09:00:00,4263.5,0.0,46,True
2021-07-01 10:00:00,U21,2021-07-01 09:55:00,2021-07-01 10:30:00,2021-07-01 09:55:00,4297.25,0.0,2021-07-01 10:30:00,4299.0,0.0,46,True
2021-07-02 08:30:00,U21,2021-07-02 08:25:00,2021-07-02 09:00:00,2021-07-02 08:25:00,4315.0,0.0,2021-07-02 09:00:00,4323.25,0.0,46,True
2021-07-06 10:00:00,U21,2021-07-06 09:55:00,2021-07-06 10:30:00,2021-07-06 09:55:00,4335.75,0.0,2021-07-06 10:30:00,4326.25,0.0,46,True
2021-07-13 08:30:00,U21,2021-07-13 08:25:00,2021-07-13 09:00:00,2021-07-13 08:25:00,4376.25,0.0,2021-07-13 09:00:00,4358.5,0.0,46,True
2021-07-14 08:30:00,U21,2021-07-14 08:25:00,2021-07-14 09:00:00,2021-07-14 08:25:00,4368.25,0.0,2021-07-14 09:00:00,4377.75,0.0,46,True
2021-07-15 09:15:00,U21,2021-07-15 09:10:00,2021-07-15 09:45:00,2021-07-15 09:10:00,4354.75,0.0,2021-07-15 09:45:00,4351.0,0.0,46,True
2021-07-16 08:30:00,U21,2021-07-16 08:25:00,2021-07-16 09:00:00,2021-07-16 08:25:00,4363.0,0.0,2021-07-16 09:00:00,4364.5,0.0,46,True
2021-07-20 08:30:00,U21,2021-07-20 08:25:00,2021-07-20 09:00:00,2021-07-20 08:25:00,4273.25,0.0,2021-07-20 09:00:00,4267.75,0.0,46,True
2021-07-22 10:00:00,U21,2021-07-22 09:55:00,2021-07-22 10:30:00,2021-07-22 09:55:00,4347.0,0.0,2021-07-22 10:30:00,4352.5,0.0,46,True
2021-07-26 10:00:00,U21,2021-07-26 09:55:00,2021-07-26 10:30:00,2021-07-26 09:55:00,4404.25,0.0,2021-07-26 10:30:00,4400.0,0.0,46,True
2021-07-27 08:30:00,U21,2021-07-27 08:25:00,2021-07-27 09:00:00,2021-07-27 08:25:00,4405.25,0.0,2021-07-27 09:00:00,4407.0,0.0,46,True
2021-07-29 08:30:00,U21,2021-07-29 08:25:00,2021-07-29 09:00:00,2021-07-29 08:25:00,4402.25,0.0,2021-07-29 09:00:00,4403.0,0.0,46,True
2021-07-30 08:30:00,U21,2021-07-30 08:25:00,2021-07-30 09:00:00,2021-07-30 08:25:00,4379.75,0.0,2021-07-30 09:00:00,4384.0,0.0,46,True
2021-08-02 10:00:00,U21,2021-08-02 09:55:00,2021-08-02 10:30:00,2021-08-02 09:55:00,4408.0,0.0,2021-08-02 10:30:00,4410.75,0.0,46,True
2021-08-04 10:00:00,U21,2021-08-04 09:55:00,2021-08-04 10:30:00,2021-08-04 09:55:00,4402.0,0.0,2021-08-04 10:30:00,4398.0,0.0,46,True
2021-08-06 08:30:00,U21,2021-08-06 08:25:00,2021-08-06 09:00:00,2021-08-06 08:25:00,4423.0,0.0,2021-08-06 09:00:00,4424.0,0.0,46,True
2021-08-11 08:30:00,U21,2021-08-11 08:25:00,2021-08-11 09:00:00,2021-08-11 08:25:00,4425.5,0.0,2021-08-11 09:00:00,4437.0,0.0,46,True
2021-08-12 08:30:00,U21,2021-08-12 08:25:00,2021-08-12 09:00:00,2021-08-12 08:25:00,4441.25,0.0,2021-08-12 09:00:00,4438.0,0.0,46,True
2021-08-17 08:30:00,U21,2021-08-17 08:25:00,2021-08-17 09:00:00,2021-08-17 08:25:00,4452.0,0.0,2021-08-17 09:00:00,4453.0,0.0,46,True
2021-08-17 09:15:00,U21,2021-08-17 09:10:00,2021-08-17 09:45:00,2021-08-17 09:10:00,4450.25,0.0,2021-08-17 09:45:00,4450.25,0.0,46,True
2021-08-18 08:30:00,U21,2021-08-18 08:25:00,2021-08-18 09:00:00,2021-08-18 08:25:00,4438.0,0.0,2021-08-18 09:00:00,4436.0,0.0,46,True
2021-08-23 10:00:00,U21,2021-08-23 09:55:00,2021-08-23 10:30:00,2021-08-23 09:55:00,4466.0,0.0,2021-08-23 10:30:00,4471.0,0.0,46,True
2021-08-24 10:00:00,U21,2021-08-24 09:55:00,2021-08-24 10:30:00,2021-08-24 09:55:00,4482.5,0.0,2021-08-24 10:30:00,4485.0,0.0,46,True
2021-08-25 08:30:00,U21,2021-08-25 08:25:00,2021-08-25 09:00:00,2021-08-25 08:25:00,4481.0,0.0,2021-08-25 09:00:00,4485.0,0.0,46,True
2021-08-27 08:30:00,U21,2021-08-27 08:25:00,2021-08-27 09:00:00,2021-08-27 08:25:00,4477.5,0.0,2021-08-27 09:00:00,4479.0,0.0,46,True
2021-09-01 10:00:00,U21,2021-09-01 09:55:00,2021-09-01 10:30:00,2021-09-01 09:55:00,4527.5,0.0,2021-09-01 10:30:00,4527.25,0.0,46,True
2021-09-03 08:30:00,U21,2021-09-03 08:25:00,2021-09-03 09:00:00,2021-09-03 08:25:00,4542.25,0.0,2021-09-03 09:00:00,4538.75,0.0,46,True
2021-09-03 10:00:00,U21,2021-09-03 09:55:00,2021-09-03 10:30:00,2021-09-03 09:55:00,4522.5,0.0,2021-09-03 10:30:00,4528.5,0.0,46,True
2021-09-10 08:30:00,U21,2021-09-10 08:25:00,2021-09-10 09:00:00,2021-09-10 08:25:00,4510.0,0.0,2021-09-10 09:00:00,4511.0,0.0,46,True
2021-09-14 08:30:00,Z21,2021-09-14 08:25:00,2021-09-14 09:00:00,2021-09-14 08:25:00,4456.75,0.0,2021-09-14 09:00:00,4474.75,0.0,46,True
2021-09-15 09:15:00,Z21,2021-09-15 09:10:00,2021-09-15 09:45:00,2021-09-15 09:10:00,4441.0,0.0,2021-09-15 09:45:00,4436.25,0.0,46,True
2021-09-16 08:30:00,Z21,2021-09-16 08:25:00,2021-09-16 09:00:00,2021-09-16 08:25:00,4458.5,0.0,2021-09-16 09:00:00,4468.75,0.0,46,True
2021-09-21 08:30:00,Z21,2021-09-21 08:25:00,2021-09-21 09:00:00,2021-09-21 08:25:00,4377.5,0.0,2021-09-21 09:00:00,4369.5,0.0,46,True
2021-09-22 10:00:00,Z21,2021-09-22 09:55:00,2021-09-22 10:30:00,2021-09-22 09:55:00,4367.75,0.0,2021-09-22 10:30:00,4381.75,0.0,46,True
2021-09-24 10:00:00,Z21,2021-09-24 09:55:00,2021-09-24 10:30:00,2021-09-24 09:55:00,4432.75,0.0,2021-09-24 10:30:00,4437.25,0.0,46,True
2021-09-27 08:30:00,Z21,2021-09-27 08:25:00,2021-09-27 09:00:00,2021-09-27 08:25:00,4431.0,0.0,2021-09-27 09:00:00,4433.75,0.0,46,True
2021-10-01 08:30:00,Z21,2021-10-01 08:25:00,2021-10-01 09:00:00,2021-10-01 08:25:00,4316.5,0.0,2021-10-01 09:00:00,4310.25,0.0,46,True
2021-10-01 10:00:00,Z21,2021-10-01 09:55:00,2021-10-01 10:30:00,2021-10-01 09:55:00,4295.75,0.0,2021-10-01 10:30:00,4281.0,0.0,46,True
2021-10-05 10:00:00,Z21,2021-10-05 09:55:00,2021-10-05 10:30:00,2021-10-05 09:55:00,4321.75,0.0,2021-10-05 10:30:00,4344.75,0.0,46,True
2021-10-08 08:30:00,Z21,2021-10-08 08:25:00,2021-10-08 09:00:00,2021-10-08 08:25:00,4399.25,0.0,2021-10-08 09:00:00,4401.5,0.0,46,True
2021-10-13 08:30:00,Z21,2021-10-13 08:25:00,2021-10-13 09:00:00,2021-10-13 08:25:00,4348.5,0.0,2021-10-13 09:00:00,4339.5,0.0,46,True
2021-10-14 08:30:00,Z21,2021-10-14 08:25:00,2021-10-14 09:00:00,2021-10-14 08:25:00,4395.25,0.0,2021-10-14 09:00:00,4396.0,0.0,46,True
2021-10-15 08:30:00,Z21,2021-10-15 08:25:00,2021-10-15 09:00:00,2021-10-15 08:25:00,4445.75,0.0,2021-10-15 09:00:00,4447.75,0.0,46,True
2021-10-18 09:15:00,Z21,2021-10-18 09:10:00,2021-10-18 09:45:00,2021-10-18 09:10:00,4441.25,0.0,2021-10-18 09:45:00,4451.5,0.0,46,True
2021-10-19 08:30:00,Z21,2021-10-19 08:25:00,2021-10-19 09:00:00,2021-10-19 08:25:00,4497.0,0.0,2021-10-19 09:00:00,4492.75,0.0,46,True
2021-10-21 10:00:00,Z21,2021-10-21 09:55:00,2021-10-21 10:30:00,2021-10-21 09:55:00,4524.0,0.0,2021-10-21 10:30:00,4529.25,0.0,46,True
2021-10-26 10:00:00,Z21,2021-10-26 09:55:00,2021-10-26 10:30:00,2021-10-26 09:55:00,4580.25,0.0,2021-10-26 10:30:00,4586.0,0.0,46,True
2021-10-27 08:30:00,Z21,2021-10-27 08:25:00,2021-10-27 09:00:00,2021-10-27 08:25:00,4563.75,0.0,2021-10-27 09:00:00,4570.0,0.0,46,True
2021-10-28 08:30:00,Z21,2021-10-28 08:25:00,2021-10-28 09:00:00,2021-10-28 08:25:00,4560.5,0.0,2021-10-28 09:00:00,4557.75,0.0,46,True
2021-10-29 08:30:00,Z21,2021-10-29 08:25:00,2021-10-29 09:00:00,2021-10-29 08:25:00,4568.25,0.0,2021-10-29 09:00:00,4562.75,0.0,46,True
2021-11-01 10:00:00,Z21,2021-11-01 09:55:00,2021-11-01 10:30:00,2021-11-01 09:55:00,4600.5,0.0,2021-11-01 10:30:00,4592.75,0.0,46,True
2021-11-03 10:00:00,Z21,2021-11-03 09:55:00,2021-11-03 10:30:00,2021-11-03 09:55:00,4618.0,0.0,2021-11-03 10:30:00,4617.75,0.0,46,True
2021-11-05 08:30:00,Z21,2021-11-05 08:25:00,2021-11-05 09:00:00,2021-11-05 08:25:00,4685.0,0.0,2021-11-05 09:00:00,4693.5,0.0,46,True
2021-11-09 08:30:00,Z21,2021-11-09 08:25:00,2021-11-09 09:00:00,2021-11-09 08:25:00,4691.0,0.0,2021-11-09 09:00:00,4696.5,0.0,46,True
2021-11-10 08:30:00,Z21,2021-11-10 08:25:00,2021-11-10 09:00:00,2021-11-10 08:25:00,4670.5,0.0,2021-11-10 09:00:00,4663.5,0.0,46,True
2021-11-16 08:30:00,Z21,2021-11-16 08:25:00,2021-11-16 09:00:00,2021-11-16 08:25:00,4681.25,0.0,2021-11-16 09:00:00,4677.0,0.0,46,True
2021-11-16 09:15:00,Z21,2021-11-16 09:10:00,2021-11-16 09:45:00,2021-11-16 09:10:00,4677.25,0.0,2021-11-16 09:45:00,4690.25,0.0,46,True
2021-11-17 08:30:00,Z21,2021-11-17 08:25:00,2021-11-17 09:00:00,2021-11-17 08:25:00,4692.25,0.0,2021-11-17 09:00:00,4692.25,0.0,46,True
2021-11-22 10:00:00,Z21,2021-11-22 09:55:00,2021-11-22 10:30:00,2021-11-22 09:55:00,4731.75,0.0,2021-11-22 10:30:00,4739.0,0.0,46,True
2021-11-24 08:30:00,Z21,2021-11-24 08:25:00,2021-11-24 09:00:00,2021-11-24 08:25:00,4674.5,0.0,2021-11-24 09:00:00,4665.75,0.0,46,True
2021-11-24 10:00:00,Z21,2021-11-24 09:55:00,2021-11-24 10:30:00,2021-11-24 09:55:00,4661.75,0.0,2021-11-24 10:30:00,4677.0,0.0,46,True
2021-12-01 10:00:00,Z21,2021-12-01 09:55:00,2021-12-01 10:30:00,2021-12-01 09:55:00,4615.5,0.0,2021-12-01 10:30:00,4627.5,0.0,46,True
2021-12-03 08:30:00,Z21,2021-12-03 08:25:00,2021-12-03 09:00:00,2021-12-03 08:25:00,4585.0,0.0,2021-12-03 09:00:00,4591.5,0.0,46,True
2021-12-03 10:00:00,Z21,2021-12-03 09:55:00,2021-12-03 10:30:00,2021-12-03 09:55:00,4562.75,0.0,2021-12-03 10:30:00,4552.25,0.0,46,True
2021-12-10 08:30:00,Z21,2021-12-10 08:25:00,2021-12-10 09:00:00,2021-12-10 08:25:00,4682.25,0.0,2021-12-10 09:00:00,4701.75,0.0,46,True
2021-12-14 08:30:00,H22,2021-12-14 08:25:00,2021-12-14 09:00:00,2021-12-14 08:25:00,4647.5,0.0,2021-12-14 09:00:00,4630.75,0.0,46,True
2021-12-15 08:30:00,H22,2021-12-15 08:25:00,2021-12-15 09:00:00,2021-12-15 08:25:00,4629.25,0.0,2021-12-15 09:00:00,4625.25,0.0,46,True
2021-12-16 08:30:00,H22,2021-12-16 08:25:00,2021-12-16 09:00:00,2021-12-16 08:25:00,4731.5,0.0,2021-12-16 09:00:00,4723.5,0.0,46,True
2021-12-16 09:15:00,H22,2021-12-16 09:10:00,2021-12-16 09:45:00,2021-12-16 09:10:00,4719.0,0.0,2021-12-16 09:45:00,4712.75,0.0,46,True
2021-12-22 10:00:00,H22,2021-12-22 09:55:00,2021-12-22 10:30:00,2021-12-22 09:55:00,4648.5,0.0,2021-12-22 10:30:00,4653.25,0.0,46,True
2021-12-23 08:30:00,H22,2021-12-23 08:25:00,2021-12-23 09:00:00,2021-12-23 08:25:00,4697.0,0.0,2021-12-23 09:00:00,4698.25,0.0,46,True
2021-12-23 10:00:00,H22,2021-12-23 09:55:00,2021-12-23 10:30:00,2021-12-23 09:55:00,4709.75,0.0,2021-12-23 10:30:00,4717.5,0.0,46,True
2022-01-04 10:00:00,H22,2022-01-04 09:55:00,2022-01-04 10:30:00,2022-01-04 09:55:00,4805.75,0.0,2022-01-04 10:30:00,4804.25,0.0,46,True
2022-01-06 10:00:00,H22,2022-01-06 09:55:00,2022-01-06 10:30:00,2022-01-06 09:55:00,4687.75,0.0,2022-01-06 10:30:00,4690.75,0.0,46,True
2022-01-07 08:30:00,H22,2022-01-07 08:25:00,2022-01-07 09:00:00,2022-01-07 08:25:00,4690.25,0.0,2022-01-07 09:00:00,4679.5,0.0,46,True
2022-01-12 08:30:00,H22,2022-01-12 08:25:00,2022-01-12 09:00:00,2022-01-12 08:25:00,4717.5,0.0,2022-01-12 09:00:00,4728.0,0.0,46,True
2022-01-13 08:30:00,H22,2022-01-13 08:25:00,2022-01-13 09:00:00,2022-01-13 08:25:00,4721.25,0.0,2022-01-13 09:00:00,4727.5,0.0,46,True
2022-01-14 08:30:00,H22,2022-01-14 08:25:00,2022-01-14 09:00:00,2022-01-14 08:25:00,4624.5,0.0,2022-01-14 09:00:00,4611.25,0.0,46,True
2022-01-14 09:15:00,H22,2022-01-14 09:10:00,2022-01-14 09:45:00,2022-01-14 09:10:00,4617.0,0.0,2022-01-14 09:45:00,4637.25,0.0,46,True
2022-01-19 08:30:00,H22,2022-01-19 08:25:00,2022-01-19 09:00:00,2022-01-19 08:25:00,4593.25,0.0,2022-01-19 09:00:00,4592.0,0.0,46,True
2022-01-20 10:00:00,H22,2022-01-20 09:55:00,2022-01-20 10:30:00,2022-01-20 09:55:00,4568.5,0.0,2022-01-20 10:30:00,4575.0,0.0,46,True
2022-01-26 10:00:00,H22,2022-01-26 09:55:00,2022-01-26 10:30:00,2022-01-26 09:55:00,4424.5,0.0,2022-01-26 10:30:00,4388.25,0.0,46,True
2022-01-27 08:30:00,H22,2022-01-27 08:25:00,2022-01-27 09:00:00,2022-01-27 08:25:00,4363.75,0.0,2022-01-27 09:00:00,4377.0,0.0,46,True
2022-01-28 08:30:00,H22,2022-01-28 08:25:00,2022-01-28 09:00:00,2022-01-28 08:25:00,4277.0,0.0,2022-01-28 09:00:00,4310.75,0.0,46,True
2022-02-01 10:00:00,H22,2022-02-01 09:55:00,2022-02-01 10:30:00,2022-02-01 09:55:00,4500.75,0.0,2022-02-01 10:30:00,4495.5,0.0,46,True
2022-02-03 10:00:00,H22,2022-02-03 09:55:00,2022-02-03 10:30:00,2022-02-03 09:55:00,4508.75,0.0,2022-02-03 10:30:00,4532.75,0.0,46,True
2022-02-04 08:30:00,H22,2022-02-04 08:25:00,2022-02-04 09:00:00,2022-02-04 08:25:00,4476.25,0.0,2022-02-04 09:00:00,4446.75,0.0,46,True
2022-02-10 08:30:00,H22,2022-02-10 08:25:00,2022-02-10 09:00:00,2022-02-10 08:25:00,4576.0,0.0,2022-02-10 09:00:00,4531.75,0.0,46,True
2022-02-15 08:30:00,H22,2022-02-15 08:25:00,2022-02-15 09:00:00,2022-02-15 08:25:00,4456.75,0.0,2022-02-15 09:00:00,4443.0,0.0,46,True
2022-02-16 08:30:00,H22,2022-02-16 08:25:00,2022-02-16 09:00:00,2022-02-16 08:25:00,4457.5,0.0,2022-02-16 09:00:00,4443.75,0.0,46,True
2022-02-16 09:15:00,H22,2022-02-16 09:10:00,2022-02-16 09:45:00,2022-02-16 09:10:00,4441.5,0.0,2022-02-16 09:45:00,4445.25,0.0,46,True
2022-02-17 08:30:00,H22,2022-02-17 08:25:00,2022-02-17 09:00:00,2022-02-17 08:25:00,4449.0,0.0,2022-02-17 09:00:00,4438.25,0.0,46,True
2022-02-18 10:00:00,H22,2022-02-18 09:55:00,2022-02-18 10:30:00,2022-02-18 09:55:00,4386.5,0.0,2022-02-18 10:30:00,4365.25,0.0,46,True
2022-02-24 10:00:00,H22,2022-02-24 09:55:00,2022-02-24 10:30:00,2022-02-24 09:55:00,4148.75,0.0,2022-02-24 10:30:00,4150.5,0.0,46,True
2022-02-25 08:30:00,H22,2022-02-25 08:25:00,2022-02-25 09:00:00,2022-02-25 08:25:00,4304.5,0.0,2022-02-25 09:00:00,4300.5,0.0,46,True
2022-03-01 10:00:00,H22,2022-03-01 09:55:00,2022-03-01 10:30:00,2022-03-01 09:55:00,4348.75,0.0,2022-03-01 10:30:00,4349.25,0.0,46,True
2022-03-03 10:00:00,H22,2022-03-03 09:55:00,2022-03-03 10:30:00,2022-03-03 09:55:00,4399.75,0.0,2022-03-03 10:30:00,4378.25,0.0,46,True
2022-03-04 08:30:00,H22,2022-03-04 08:25:00,2022-03-04 09:00:00,2022-03-04 08:25:00,4321.75,0.0,2022-03-04 09:00:00,4321.5,0.0,46,True
2022-03-10 08:30:00,H22,2022-03-10 08:25:00,2022-03-10 09:00:00,2022-03-10 08:25:00,4227.75,0.0,2022-03-10 09:00:00,4223.0,0.0,46,True
2022-03-15 08:30:00,M22,2022-03-15 08:25:00,2022-03-15 09:00:00,2022-03-15 08:25:00,4175.5,0.0,2022-03-15 09:00:00,4188.0,0.0,46,True
2022-03-16 08:30:00,M22,2022-03-16 08:25:00,2022-03-16 09:00:00,2022-03-16 08:25:00,4307.0,0.0,2022-03-16 09:00:00,4296.25,0.0,46,True
2022-03-17 08:30:00,M22,2022-03-17 08:25:00,2022-03-17 09:00:00,2022-03-17 08:25:00,4333.5,0.0,2022-03-17 09:00:00,4331.0,0.0,46,True
2022-03-17 09:15:00,M22,2022-03-17 09:10:00,2022-03-17 09:45:00,2022-03-17 09:10:00,4329.75,0.0,2022-03-17 09:45:00,4342.5,0.0,46,True
2022-03-18 10:00:00,M22,2022-03-18 09:55:00,2022-03-18 10:30:00,2022-03-18 09:55:00,4393.5,0.0,2022-03-18 10:30:00,4405.75,0.0,46,True
2022-03-23 10:00:00,M22,2022-03-23 09:55:00,2022-03-23 10:30:00,2022-03-23 09:55:00,4472.0,0.0,2022-03-23 10:30:00,4484.75,0.0,46,True
2022-03-24 08:30:00,M22,2022-03-24 08:25:00,2022-03-24 09:00:00,2022-03-24 08:25:00,4467.0,0.0,2022-03-24 09:00:00,4469.0,0.0,46,True
2022-03-31 08:30:00,M22,2022-03-31 08:25:00,2022-03-31 09:00:00,2022-03-31 08:25:00,4599.0,0.0,2022-03-31 09:00:00,4597.75,0.0,46,True
2022-04-01 08:30:00,M22,2022-04-01 08:25:00,2022-04-01 09:00:00,2022-04-01 08:25:00,4552.25,0.0,2022-04-01 09:00:00,4542.0,0.0,46,True
2022-04-01 10:00:00,M22,2022-04-01 09:55:00,2022-04-01 10:30:00,2022-04-01 09:55:00,4528.25,0.0,2022-04-01 10:30:00,4522.25,0.0,46,True
2022-04-05 10:00:00,M22,2022-04-05 09:55:00,2022-04-05 10:30:00,2022-04-05 09:55:00,4576.75,0.0,2022-04-05 10:30:00,4556.5,0.0,46,True
2022-04-12 08:30:00,M22,2022-04-12 08:25:00,2022-04-12 09:00:00,2022-04-12 08:25:00,4416.25,0.0,2022-04-12 09:00:00,4456.75,0.0,46,True
2022-04-13 08:30:00,M22,2022-04-13 08:25:00,2022-04-13 09:00:00,2022-04-13 08:25:00,4391.25,0.0,2022-04-13 09:00:00,4389.75,0.0,46,True
2022-04-14 08:30:00,M22,2022-04-14 08:25:00,2022-04-14 09:00:00,2022-04-14 08:25:00,4440.75,0.0,2022-04-14 09:00:00,4429.0,0.0,46,True
2022-04-15 09:15:00,M22,2022-04-15 09:10:00,2022-04-15 09:45:00,,,,,,,0,False
2022-04-19 08:30:00,M22,2022-04-19 08:25:00,2022-04-19 09:00:00,2022-04-19 08:25:00,4388.75,0.0,2022-04-19 09:00:00,4387.25,0.0,46,True
2022-04-20 10:00:00,M22,2022-04-20 09:55:00,2022-04-20 10:30:00,2022-04-20 09:55:00,4458.5,0.0,2022-04-20 10:30:00,4463.0,0.0,46,True
2022-04-26 08:30:00,M22,2022-04-26 08:25:00,2022-04-26 09:00:00,2022-04-26 08:25:00,4276.5,0.0,2022-04-26 09:00:00,4272.25,0.0,46,True
2022-04-26 10:00:00,M22,2022-04-26 09:55:00,2022-04-26 10:30:00,2022-04-26 09:55:00,4243.75,0.0,2022-04-26 10:30:00,4230.5,0.0,46,True
2022-04-28 08:30:00,M22,2022-04-28 08:25:00,2022-04-28 09:00:00,2022-04-28 08:25:00,4236.5,0.0,2022-04-28 09:00:00,4226.75,0.0,46,True
2022-04-29 08:30:00,M22,2022-04-29 08:25:00,2022-04-29 09:00:00,2022-04-29 08:25:00,4253.0,0.0,2022-04-29 09:00:00,4240.5,0.0,46,True
2022-05-02 10:00:00,M22,2022-05-02 09:55:00,2022-05-02 10:30:00,2022-05-02 09:55:00,4129.5,0.0,2022-05-02 10:30:00,4158.75,0.0,46,True
2022-05-04 10:00:00,M22,2022-05-04 09:55:00,2022-05-04 10:30:00,2022-05-04 09:55:00,4171.75,0.0,2022-05-04 10:30:00,4158.75,0.0,46,True
2022-05-06 08:30:00,M22,2022-05-06 08:25:00,2022-05-06 09:00:00,2022-05-06 08:25:00,4126.25,0.0,2022-05-06 09:00:00,4115.0,0.0,46,True
2022-05-11 08:30:00,M22,2022-05-11 08:25:00,2022-05-11 09:00:00,2022-05-11 08:25:00,4041.75,0.0,2022-05-11 09:00:00,3954.75,0.0,46,True
2022-05-12 08:30:00,M22,2022-05-12 08:25:00,2022-05-12 09:00:00,2022-05-12 08:25:00,3897.0,0.0,2022-05-12 09:00:00,3897.75,0.0,46,True
2022-05-17 08:30:00,M22,2022-05-17 08:25:00,2022-05-17 09:00:00,2022-05-17 08:25:00,4063.25,0.0,2022-05-17 09:00:00,4068.25,0.0,46,True
2022-05-17 09:15:00,M22,2022-05-17 09:10:00,2022-05-17 09:45:00,2022-05-17 09:10:00,4069.75,0.0,2022-05-17 09:45:00,4061.0,0.0,46,True
2022-05-18 08:30:00,M22,2022-05-18 08:25:00,2022-05-18 09:00:00,2022-05-18 08:25:00,4056.75,0.0,2022-05-18 09:00:00,4039.5,0.0,46,True
2022-05-19 10:00:00,M22,2022-05-19 09:55:00,2022-05-19 10:30:00,2022-05-19 09:55:00,3891.5,0.0,2022-05-19 10:30:00,3891.5,0.0,46,True
2022-05-24 10:00:00,M22,2022-05-24 09:55:00,2022-05-24 10:30:00,2022-05-24 09:55:00,3915.0,0.0,2022-05-24 10:30:00,3887.25,0.0,46,True
2022-05-25 08:30:00,M22,2022-05-25 08:25:00,2022-05-25 09:00:00,2022-05-25 08:25:00,3921.5,0.0,2022-05-25 09:00:00,3928.5,0.0,46,True
2022-05-27 08:30:00,M22,2022-05-27 08:25:00,2022-05-27 09:00:00,2022-05-27 08:25:00,4064.25,0.0,2022-05-27 09:00:00,4086.5,0.0,46,True
2022-06-01 10:00:00,M22,2022-06-01 09:55:00,2022-06-01 10:30:00,2022-06-01 09:55:00,4153.75,0.0,2022-06-01 10:30:00,4110.25,0.0,46,True
2022-06-03 08:30:00,M22,2022-06-03 08:25:00,2022-06-03 09:00:00,2022-06-03 08:25:00,4149.0,0.0,2022-06-03 09:00:00,4138.5,0.0,46,True
2022-06-03 10:00:00,M22,2022-06-03 09:55:00,2022-06-03 10:30:00,2022-06-03 09:55:00,4129.5,0.0,2022-06-03 10:30:00,4122.0,0.0,46,True
2022-06-10 08:30:00,M22,2022-06-10 08:25:00,2022-06-10 09:00:00,2022-06-10 08:25:00,4021.75,0.0,2022-06-10 09:00:00,3950.0,0.0,46,True
2022-06-14 08:30:00,U22,2022-06-14 08:25:00,2022-06-14 09:00:00,2022-06-14 08:25:00,3766.5,0.0,2022-06-14 09:00:00,3775.5,0.0,46,True
2022-06-15 08:30:00,U22,2022-06-15 08:25:00,2022-06-15 09:00:00,2022-06-15 08:25:00,3770.5,0.0,2022-06-15 09:00:00,3778.25,0.0,46,True
2022-06-16 08:30:00,U22,2022-06-16 08:25:00,2022-06-16 09:00:00,2022-06-16 08:25:00,3725.0,0.0,2022-06-16 09:00:00,3715.5,0.0,46,True
2022-06-17 09:15:00,U22,2022-06-17 09:10:00,2022-06-17 09:45:00,2022-06-17 09:10:00,3676.0,0.0,2022-06-17 09:45:00,3702.0,0.0,46,True
2022-06-21 10:00:00,U22,2022-06-21 09:55:00,2022-06-21 10:30:00,2022-06-21 09:55:00,3759.5,0.0,2022-06-21 10:30:00,3771.75,0.0,46,True
2022-06-24 10:00:00,U22,2022-06-24 09:55:00,2022-06-24 10:30:00,2022-06-24 09:55:00,3858.0,0.0,2022-06-24 10:30:00,3885.25,0.0,46,True
2022-06-27 08:30:00,U22,2022-06-27 08:25:00,2022-06-27 09:00:00,2022-06-27 08:25:00,3930.75,0.0,2022-06-27 09:00:00,3922.75,0.0,46,True
2022-06-30 08:30:00,U22,2022-06-30 08:25:00,2022-06-30 09:00:00,2022-06-30 08:25:00,3772.75,0.0,2022-06-30 09:00:00,3768.25,0.0,46,True
2022-07-01 10:00:00,U22,2022-07-01 09:55:00,2022-07-01 10:30:00,2022-07-01 09:55:00,3808.25,0.0,2022-07-01 10:30:00,3763.5,0.0,46,True
2022-07-06 10:00:00,U22,2022-07-06 09:55:00,2022-07-06 10:30:00,2022-07-06 09:55:00,3830.25,0.0,2022-07-06 10:30:00,3837.5,0.0,46,True
2022-07-08 08:30:00,U22,2022-07-08 08:25:00,2022-07-08 09:00:00,2022-07-08 08:25:00,3903.25,0.0,2022-07-08 09:00:00,3885.75,0.0,46,True
2022-07-13 08:30:00,U22,2022-07-13 08:25:00,2022-07-13 09:00:00,2022-07-13 08:25:00,3843.0,0.0,2022-07-13 09:00:00,3768.75,0.0,46,True
2022-07-14 08:30:00,U22,2022-07-14 08:25:00,2022-07-14 09:00:00,2022-07-14 08:25:00,3752.25,0.0,2022-07-14 09:00:00,3754.25,0.0,46,True
2022-07-15 08:30:00,U22,2022-07-15 08:25:00,2022-07-15 09:00:00,2022-07-15 08:25:00,3797.5,0.0,2022-07-15 09:00:00,3828.0,0.0,46,True
2022-07-15 09:15:00,U22,2022-07-15 09:10:00,2022-07-15 09:45:00,2022-07-15 09:10:00,3834.25,0.0,2022-07-15 09:45:00,3828.25,0.0,46,True
2022-07-19 08:30:00,U22,2022-07-19 08:25:00,2022-07-19 09:00:00,2022-07-19 08:25:00,3857.75,0.0,2022-07-19 09:00:00,3870.0,0.0,46,True
2022-07-20 10:00:00,U22,2022-07-20 09:55:00,2022-07-20 10:30:00,2022-07-20 09:55:00,3933.25,0.0,2022-07-20 10:30:00,3950.0,0.0,46,True
2022-07-26 10:00:00,U22,2022-07-26 09:55:00,2022-07-26 10:30:00,2022-07-26 09:55:00,3944.75,0.0,2022-07-26 10:30:00,3936.75,0.0,46,True
2022-07-27 08:30:00,U22,2022-07-27 08:25:00,2022-07-27 09:00:00,2022-07-27 08:25:00,3958.25,0.0,2022-07-27 09:00:00,3960.0,0.0,46,True
2022-07-28 08:30:00,U22,2022-07-28 08:25:00,2022-07-28 09:00:00,2022-07-28 08:25:00,4013.0,0.0,2022-07-28 09:00:00,4021.5,0.0,46,True
2022-07-29 08:30:00,U22,2022-07-29 08:25:00,2022-07-29 09:00:00,2022-07-29 08:25:00,4097.25,0.0,2022-07-29 09:00:00,4090.75,0.0,46,True
2022-08-01 10:00:00,U22,2022-08-01 09:55:00,2022-08-01 10:30:00,2022-08-01 09:55:00,4124.5,0.0,2022-08-01 10:30:00,4119.5,0.0,46,True
2022-08-03 10:00:00,U22,2022-08-03 09:55:00,2022-08-03 10:30:00,2022-08-03 09:55:00,4126.5,0.0,2022-08-03 10:30:00,4125.5,0.0,46,True
2022-08-05 08:30:00,U22,2022-08-05 08:25:00,2022-08-05 09:00:00,2022-08-05 08:25:00,4157.75,0.0,2022-08-05 09:00:00,4112.25,0.0,46,True
2022-08-10 08:30:00,U22,2022-08-10 08:25:00,2022-08-10 09:00:00,2022-08-10 08:25:00,4138.0,0.0,2022-08-10 09:00:00,4191.0,0.0,46,True
2022-08-11 08:30:00,U22,2022-08-11 08:25:00,2022-08-11 09:00:00,2022-08-11 08:25:00,4235.0,0.0,2022-08-11 09:00:00,4242.75,0.0,46,True
2022-08-16 08:30:00,U22,2022-08-16 08:25:00,2022-08-16 09:00:00,2022-08-16 08:25:00,4294.0,0.0,2022-08-16 09:00:00,4288.0,0.0,46,True
2022-08-16 09:15:00,U22,2022-08-16 09:10:00,2022-08-16 09:45:00,2022-08-16 09:10:00,4288.0,0.0,2022-08-16 09:45:00,4291.75,0.0,46,True
2022-08-17 08:30:00,U22,2022-08-17 08:25:00,2022-08-17 09:00:00,2022-08-17 08:25:00,4271.25,0.0,2022-08-17 09:00:00,4269.0,0.0,46,True
2022-08-18 10:00:00,U22,2022-08-18 09:55:00,2022-08-18 10:30:00,2022-08-18 09:55:00,4270.25,0.0,2022-08-18 10:30:00,4270.5,0.0,46,True
2022-08-23 10:00:00,U22,2022-08-23 09:55:00,2022-08-23 10:30:00,2022-08-23 09:55:00,4150.0,0.0,2022-08-23 10:30:00,4148.75,0.0,46,True
2022-08-24 08:30:00,U22,2022-08-24 08:25:00,2022-08-24 09:00:00,2022-08-24 08:25:00,4138.25,0.0,2022-08-24 09:00:00,4131.75,0.0,46,True
2022-08-26 08:30:00,U22,2022-08-26 08:25:00,2022-08-26 09:00:00,2022-08-26 08:25:00,4190.5,0.0,2022-08-26 09:00:00,4202.75,0.0,46,True
2022-09-01 10:00:00,U22,2022-09-01 09:55:00,2022-09-01 10:30:00,2022-09-01 09:55:00,3924.25,0.0,2022-09-01 10:30:00,3926.75,0.0,46,True
2022-09-02 08:30:00,U22,2022-09-02 08:25:00,2022-09-02 09:00:00,2022-09-02 08:25:00,3974.0,0.0,2022-09-02 09:00:00,3993.0,0.0,46,True
2022-09-06 10:00:00,U22,2022-09-06 09:55:00,2022-09-06 10:30:00,2022-09-06 09:55:00,3909.5,0.0,2022-09-06 10:30:00,3903.75,0.0,46,True
2022-09-13 08:30:00,U22,2022-09-13 08:25:00,2022-09-13 09:00:00,2022-09-13 08:25:00,4140.25,0.0,2022-09-13 09:00:00,4018.25,0.0,46,True
2022-09-14 08:30:00,Z22,2022-09-14 08:25:00,2022-09-14 09:00:00,2022-09-14 08:25:00,3956.0,0.0,2022-09-14 09:00:00,3960.0,0.0,46,True
2022-09-15 08:30:00,Z22,2022-09-15 08:25:00,2022-09-15 09:00:00,2022-09-15 08:25:00,3953.5,0.0,2022-09-15 09:00:00,3959.75,0.0,46,True
2022-09-15 09:15:00,Z22,2022-09-15 09:10:00,2022-09-15 09:45:00,2022-09-15 09:10:00,3954.25,0.0,2022-09-15 09:45:00,3954.0,0.0,46,True
2022-09-20 08:30:00,Z22,2022-09-20 08:25:00,2022-09-20 09:00:00,2022-09-20 08:25:00,3890.5,0.0,2022-09-20 09:00:00,3892.5,0.0,46,True
2022-09-21 10:00:00,Z22,2022-09-21 09:55:00,2022-09-21 10:30:00,2022-09-21 09:55:00,3893.25,0.0,2022-09-21 10:30:00,3900.25,0.0,46,True
2022-09-27 08:30:00,Z22,2022-09-27 08:25:00,2022-09-27 09:00:00,2022-09-27 08:25:00,3720.25,0.0,2022-09-27 09:00:00,3710.5,0.0,46,True
2022-09-27 10:00:00,Z22,2022-09-27 09:55:00,2022-09-27 10:30:00,2022-09-27 09:55:00,3712.75,0.0,2022-09-27 10:30:00,3702.0,0.0,46,True
2022-09-30 08:30:00,Z22,2022-09-30 08:25:00,2022-09-30 09:00:00,2022-09-30 08:25:00,3669.75,0.0,2022-09-30 09:00:00,3658.25,0.0,46,True
2022-10-03 10:00:00,Z22,2022-10-03 09:55:00,2022-10-03 10:30:00,2022-10-03 09:55:00,3634.25,0.0,2022-10-03 10:30:00,3671.5,0.0,46,True
2022-10-05 10:00:00,Z22,2022-10-05 09:55:00,2022-10-05 10:30:00,2022-10-05 09:55:00,3767.5,0.0,2022-10-05 10:30:00,3741.25,0.0,46,True
2022-10-07 08:30:00,Z22,2022-10-07 08:25:00,2022-10-07 09:00:00,2022-10-07 08:25:00,3762.0,0.0,2022-10-07 09:00:00,3716.5,0.0,46,True
2022-10-12 08:30:00,Z22,2022-10-12 08:25:00,2022-10-12 09:00:00,2022-10-12 08:25:00,3631.25,0.0,2022-10-12 09:00:00,3605.5,0.0,46,True
2022-10-13 08:30:00,Z22,2022-10-13 08:25:00,2022-10-13 09:00:00,2022-10-13 08:25:00,3627.25,0.0,2022-10-13 09:00:00,3516.5,0.0,46,True
2022-10-14 08:30:00,Z22,2022-10-14 08:25:00,2022-10-14 09:00:00,2022-10-14 08:25:00,3687.25,0.0,2022-10-14 09:00:00,3723.25,0.0,46,True
2022-10-18 09:15:00,Z22,2022-10-18 09:10:00,2022-10-18 09:45:00,2022-10-18 09:10:00,3767.0,0.0,2022-10-18 09:45:00,3756.25,0.0,46,True
2022-10-19 08:30:00,Z22,2022-10-19 08:25:00,2022-10-19 09:00:00,2022-10-19 08:25:00,3712.75,0.0,2022-10-19 09:00:00,3709.5,0.0,46,True
2022-10-20 10:00:00,Z22,2022-10-20 09:55:00,2022-10-20 10:30:00,2022-10-20 09:55:00,3715.75,0.0,2022-10-20 10:30:00,3738.75,0.0,46,True
2022-10-26 10:00:00,Z22,2022-10-26 09:55:00,2022-10-26 10:30:00,2022-10-26 09:55:00,3844.5,0.0,2022-10-26 10:30:00,3865.0,0.0,46,True
2022-10-27 08:30:00,Z22,2022-10-27 08:25:00,2022-10-27 09:00:00,2022-10-27 08:25:00,3844.75,0.0,2022-10-27 09:00:00,3852.5,0.0,46,True
2022-10-28 08:30:00,Z22,2022-10-28 08:25:00,2022-10-28 09:00:00,2022-10-28 08:25:00,3798.25,0.0,2022-10-28 09:00:00,3806.25,0.0,46,True
2022-11-01 10:00:00,Z22,2022-11-01 09:55:00,2022-11-01 10:30:00,2022-11-01 09:55:00,3902.75,0.0,2022-11-01 10:30:00,3880.25,0.0,46,True
2022-11-03 10:00:00,Z22,2022-11-03 09:55:00,2022-11-03 10:30:00,2022-11-03 09:55:00,3712.75,0.0,2022-11-03 10:30:00,3738.5,0.0,46,True
2022-11-04 08:30:00,Z22,2022-11-04 08:25:00,2022-11-04 09:00:00,2022-11-04 08:25:00,3750.25,0.0,2022-11-04 09:00:00,3777.5,0.0,46,True
2022-11-10 08:30:00,Z22,2022-11-10 08:25:00,2022-11-10 09:00:00,2022-11-10 08:25:00,3767.0,0.0,2022-11-10 09:00:00,3877.5,0.0,46,True
2022-11-15 08:30:00,Z22,2022-11-15 08:25:00,2022-11-15 09:00:00,2022-11-15 08:25:00,4006.5,0.0,2022-11-15 09:00:00,4037.75,0.0,46,True
2022-11-16 08:30:00,Z22,2022-11-16 08:25:00,2022-11-16 09:00:00,2022-11-16 08:25:00,3996.5,0.0,2022-11-16 09:00:00,3987.75,0.0,46,True
2022-11-16 09:15:00,Z22,2022-11-16 09:10:00,2022-11-16 09:45:00,2022-11-16 09:10:00,3987.5,0.0,2022-11-16 09:45:00,3989.75,0.0,46,True
2022-11-17 08:30:00,Z22,2022-11-17 08:25:00,2022-11-17 09:00:00,2022-11-17 08:25:00,3925.5,0.0,2022-11-17 09:00:00,3914.0,0.0,46,True
2022-11-18 10:00:00,Z22,2022-11-18 09:55:00,2022-11-18 10:30:00,2022-11-18 09:55:00,3976.5,0.0,2022-11-18 10:30:00,3967.25,0.0,46,True
2022-11-23 08:30:00,Z22,2022-11-23 08:25:00,2022-11-23 09:00:00,2022-11-23 08:25:00,4009.0,0.0,2022-11-23 09:00:00,4008.25,0.0,46,True
2022-11-23 10:00:00,Z22,2022-11-23 09:55:00,2022-11-23 10:30:00,2022-11-23 09:55:00,4025.0,0.0,2022-11-23 10:30:00,4029.5,0.0,46,True
2022-12-01 08:30:00,Z22,2022-12-01 08:25:00,2022-12-01 09:00:00,2022-12-01 08:25:00,4091.0,0.0,2022-12-01 09:00:00,4094.0,0.0,46,True
2022-12-01 10:00:00,Z22,2022-12-01 09:55:00,2022-12-01 10:30:00,2022-12-01 09:55:00,4102.5,0.0,2022-12-01 10:30:00,4056.0,0.0,46,True
2022-12-02 07:30:00,Z22,2022-12-02 07:25:00,2022-12-02 08:00:00,2022-12-02 07:25:00,4079.0,0.0,2022-12-02 08:00:00,4079.75,0.0,46,True
2022-12-02 08:30:00,Z22,2022-12-02 08:25:00,2022-12-02 09:00:00,2022-12-02 08:25:00,4076.0,0.0,2022-12-02 09:00:00,4022.75,0.0,46,True
2022-12-05 10:00:00,Z22,2022-12-05 09:55:00,2022-12-05 10:30:00,2022-12-05 09:55:00,4042.25,0.0,2022-12-05 10:30:00,4030.25,0.0,46,True
2022-12-09 08:30:00,Z22,2022-12-09 08:25:00,2022-12-09 09:00:00,2022-12-09 08:25:00,3987.25,0.0,2022-12-09 09:00:00,3956.25,0.0,46,True
2022-12-13 08:30:00,Z22,2022-12-13 08:25:00,2022-12-13 09:00:00,2022-12-13 08:25:00,4018.5,0.0,2022-12-13 09:00:00,4107.75,0.0,46,True
2022-12-15 08:30:00,H23,2022-12-15 08:25:00,2022-12-15 09:00:00,2022-12-15 08:25:00,3978.75,0.0,2022-12-15 09:00:00,3977.75,0.0,46,True
2022-12-15 09:15:00,H23,2022-12-15 09:10:00,2022-12-15 09:45:00,2022-12-15 09:10:00,3974.25,0.0,2022-12-15 09:45:00,3966.25,0.0,46,True
2022-12-20 08:30:00,H23,2022-12-20 08:25:00,2022-12-20 09:00:00,2022-12-20 08:25:00,3834.25,0.0,2022-12-20 09:00:00,3836.0,0.0,46,True
2022-12-21 10:00:00,H23,2022-12-21 09:55:00,2022-12-21 10:30:00,2022-12-21 09:55:00,3876.5,0.0,2022-12-21 10:30:00,3895.5,0.0,46,True
2022-12-23 08:30:00,H23,2022-12-23 08:25:00,2022-12-23 09:00:00,2022-12-23 08:25:00,3861.5,0.0,2022-12-23 09:00:00,3848.25,0.0,46,True
2022-12-23 10:00:00,H23,2022-12-23 09:55:00,2022-12-23 10:30:00,2022-12-23 09:55:00,3821.25,0.0,2022-12-23 10:30:00,3859.5,0.0,46,True
2023-01-04 10:00:00,H23,2023-01-04 09:55:00,2023-01-04 10:30:00,2023-01-04 09:55:00,3867.25,0.0,2023-01-04 10:30:00,3849.5,0.0,46,True
2023-01-06 08:30:00,H23,2023-01-06 08:25:00,2023-01-06 09:00:00,2023-01-06 08:25:00,3823.75,0.0,2023-01-06 09:00:00,3868.75,0.0,46,True
2023-01-06 10:00:00,H23,2023-01-06 09:55:00,2023-01-06 10:30:00,2023-01-06 09:55:00,3847.75,0.0,2023-01-06 10:30:00,3869.25,0.0,46,True
2023-01-12 08:30:00,H23,2023-01-12 08:25:00,2023-01-12 09:00:00,2023-01-12 08:25:00,4005.25,0.0,2023-01-12 09:00:00,4013.0,0.0,46,True
2023-01-18 08:30:00,H23,2023-01-18 08:25:00,2023-01-18 09:00:00,2023-01-18 08:25:00,4017.5,0.0,2023-01-18 09:00:00,4022.75,0.0,46,True
2023-01-18 09:15:00,H23,2023-01-18 09:10:00,2023-01-18 09:45:00,2023-01-18 09:10:00,4026.25,0.0,2023-01-18 09:45:00,4022.0,0.0,46,True
2023-01-19 08:30:00,H23,2023-01-19 08:25:00,2023-01-19 09:00:00,2023-01-19 08:25:00,3912.5,0.0,2023-01-19 09:00:00,3918.5,0.0,46,True
2023-01-20 10:00:00,H23,2023-01-20 09:55:00,2023-01-20 10:30:00,2023-01-20 09:55:00,3925.25,0.0,2023-01-20 10:30:00,3939.5,0.0,46,True
2023-01-26 08:30:00,H23,2023-01-26 08:25:00,2023-01-26 09:00:00,2023-01-26 08:25:00,4049.0,0.0,2023-01-26 09:00:00,4056.25,0.0,46,True
2023-01-26 10:00:00,H23,2023-01-26 09:55:00,2023-01-26 10:30:00,2023-01-26 09:55:00,4041.5,0.0,2023-01-26 10:30:00,4051.25,0.0,46,True
2023-01-27 08:30:00,H23,2023-01-27 08:25:00,2023-01-27 09:00:00,2023-01-27 08:25:00,4061.0,0.0,2023-01-27 09:00:00,4061.5,0.0,46,True
2023-02-01 10:00:00,H23,2023-02-01 09:55:00,2023-02-01 10:30:00,2023-02-01 09:55:00,4087.5,0.0,2023-02-01 10:30:00,4082.0,0.0,46,True
2023-02-03 08:30:00,H23,2023-02-03 08:25:00,2023-02-03 09:00:00,2023-02-03 08:25:00,4169.75,0.0,2023-02-03 09:00:00,4139.75,0.0,46,True
2023-02-03 10:00:00,H23,2023-02-03 09:55:00,2023-02-03 10:30:00,2023-02-03 09:55:00,4163.25,0.0,2023-02-03 10:30:00,4175.0,0.0,46,True
2023-02-14 08:30:00,H23,2023-02-14 08:25:00,2023-02-14 09:00:00,2023-02-14 08:25:00,4162.5,0.0,2023-02-14 09:00:00,4150.75,0.0,46,True
2023-02-15 08:30:00,H23,2023-02-15 08:25:00,2023-02-15 09:00:00,2023-02-15 08:25:00,4127.75,0.0,2023-02-15 09:00:00,4128.0,0.0,46,True
2023-02-15 09:15:00,H23,2023-02-15 09:10:00,2023-02-15 09:45:00,2023-02-15 09:10:00,4127.25,0.0,2023-02-15 09:45:00,4128.0,0.0,46,True
2023-02-16 08:30:00,H23,2023-02-16 08:25:00,2023-02-16 09:00:00,2023-02-16 08:25:00,4138.5,0.0,2023-02-16 09:00:00,4111.25,0.0,46,True
2023-02-21 10:00:00,H23,2023-02-21 09:55:00,2023-02-21 10:30:00,2023-02-21 09:55:00,4044.0,0.0,2023-02-21 10:30:00,4031.5,0.0,46,True
2023-02-24 08:30:00,H23,2023-02-24 08:25:00,2023-02-24 09:00:00,2023-02-24 08:25:00,3990.0,0.0,2023-02-24 09:00:00,3968.0,0.0,46,True
2023-02-24 10:00:00,H23,2023-02-24 09:55:00,2023-02-24 10:30:00,2023-02-24 09:55:00,3957.75,0.0,2023-02-24 10:30:00,3950.75,0.0,46,True
2023-02-27 08:30:00,H23,2023-02-27 08:25:00,2023-02-27 09:00:00,2023-02-27 08:25:00,3998.0,0.0,2023-02-27 09:00:00,4012.25,0.0,46,True
2023-03-01 10:00:00,H23,2023-03-01 09:55:00,2023-03-01 10:30:00,2023-03-01 09:55:00,3974.5,0.0,2023-03-01 10:30:00,3953.5,0.0,46,True
2023-03-03 10:00:00,H23,2023-03-03 09:55:00,2023-03-03 10:30:00,2023-03-03 09:55:00,4015.25,0.0,2023-03-03 10:30:00,4019.75,0.0,46,True
2023-03-10 08:30:00,H23,2023-03-10 08:25:00,2023-03-10 09:00:00,2023-03-10 08:25:00,3909.75,0.0,2023-03-10 09:00:00,3926.75,0.0,46,True
2023-03-14 08:30:00,M23,2023-03-14 08:25:00,2023-03-14 09:00:00,2023-03-14 08:25:00,3923.5,0.0,2023-03-14 09:00:00,3936.0,0.0,46,True
2023-03-15 08:30:00,M23,2023-03-15 08:25:00,2023-03-15 09:00:00,2023-03-15 08:25:00,3884.75,0.0,2023-03-15 09:00:00,3878.0,0.0,46,True
2023-03-16 08:30:00,M23,2023-03-16 08:25:00,2023-03-16 09:00:00,2023-03-16 08:25:00,3925.25,0.0,2023-03-16 09:00:00,3911.25,0.0,46,True
2023-03-17 09:15:00,M23,2023-03-17 09:10:00,2023-03-17 09:45:00,2023-03-17 09:10:00,3973.5,0.0,2023-03-17 09:45:00,3976.5,0.0,46,True
2023-03-21 10:00:00,M23,2023-03-21 09:55:00,2023-03-21 10:30:00,2023-03-21 09:55:00,4024.5,0.0,2023-03-21 10:30:00,4013.0,0.0,46,True
2023-03-23 10:00:00,M23,2023-03-23 09:55:00,2023-03-23 10:30:00,2023-03-23 09:55:00,4004.75,0.0,2023-03-23 10:30:00,4014.0,0.0,46,True
2023-03-24 08:30:00,M23,2023-03-24 08:25:00,2023-03-24 09:00:00,2023-03-24 08:25:00,3943.75,0.0,2023-03-24 09:00:00,3952.5,0.0,46,True
2023-03-31 08:30:00,M23,2023-03-31 08:25:00,2023-03-31 09:00:00,2023-03-31 08:25:00,4088.0,0.0,2023-03-31 09:00:00,4091.0,0.0,46,True
2023-04-03 10:00:00,M23,2023-04-03 09:55:00,2023-04-03 10:30:00,2023-04-03 09:55:00,4147.25,0.0,2023-04-03 10:30:00,4154.5,0.0,46,True
2023-04-05 10:00:00,M23,2023-04-05 09:55:00,2023-04-05 10:30:00,2023-04-05 09:55:00,4123.75,0.0,2023-04-05 10:30:00,4114.75,0.0,46,True
2023-04-07 08:30:00,M23,2023-04-07 08:25:00,2023-04-07 09:00:00,2023-04-07 08:25:00,4126.25,0.0,2023-04-07 09:00:00,4139.0,0.0,46,True
2023-04-12 08:30:00,M23,2023-04-12 08:25:00,2023-04-12 09:00:00,2023-04-12 08:25:00,4139.75,0.0,2023-04-12 09:00:00,4159.0,0.0,46,True
2023-04-13 08:30:00,M23,2023-04-13 08:25:00,2023-04-13 09:00:00,2023-04-13 08:25:00,4123.5,0.0,2023-04-13 09:00:00,4132.5,0.0,46,True
2023-04-14 08:30:00,M23,2023-04-14 08:25:00,2023-04-14 09:00:00,2023-04-14 08:25:00,4174.0,0.0,2023-04-14 09:00:00,4166.0,0.0,46,True
2023-04-14 09:15:00,M23,2023-04-14 09:10:00,2023-04-14 09:45:00,2023-04-14 09:10:00,4165.5,0.0,2023-04-14 09:45:00,4183.0,0.0,46,True
2023-04-18 08:30:00,M23,2023-04-18 08:25:00,2023-04-18 09:00:00,2023-04-18 08:25:00,4195.75,0.0,2023-04-18 09:00:00,4195.0,0.0,46,True
2023-04-20 10:00:00,M23,2023-04-20 09:55:00,2023-04-20 10:30:00,2023-04-20 09:55:00,4150.5,0.0,2023-04-20 10:30:00,4157.5,0.0,46,True
2023-04-25 10:00:00,M23,2023-04-25 09:55:00,2023-04-25 10:30:00,2023-04-25 09:55:00,4133.75,0.0,2023-04-25 10:30:00,4127.75,0.0,46,True
2023-04-26 08:30:00,M23,2023-04-26 08:25:00,2023-04-26 09:00:00,2023-04-26 08:25:00,4100.0,0.0,2023-04-26 09:00:00,4106.25,0.0,46,True
2023-04-27 08:30:00,M23,2023-04-27 08:25:00,2023-04-27 09:00:00,2023-04-27 08:25:00,4102.5,0.0,2023-04-27 09:00:00,4102.5,0.0,46,True
2023-04-28 08:30:00,M23,2023-04-28 08:25:00,2023-04-28 09:00:00,2023-04-28 08:25:00,4141.25,0.0,2023-04-28 09:00:00,4144.5,0.0,46,True
2023-05-01 10:00:00,M23,2023-05-01 09:55:00,2023-05-01 10:30:00,2023-05-01 09:55:00,4193.0,0.0,2023-05-01 10:30:00,4190.5,0.0,46,True
2023-05-03 10:00:00,M23,2023-05-03 09:55:00,2023-05-03 10:30:00,2023-05-03 09:55:00,4152.5,0.0,2023-05-03 10:30:00,4143.25,0.0,46,True
2023-05-05 08:30:00,M23,2023-05-05 08:25:00,2023-05-05 09:00:00,2023-05-05 08:25:00,4104.5,0.0,2023-05-05 09:00:00,4106.75,0.0,46,True
2023-05-10 08:30:00,M23,2023-05-10 08:25:00,2023-05-10 09:00:00,2023-05-10 08:25:00,4129.5,0.0,2023-05-10 09:00:00,4167.25,0.0,46,True
2023-05-11 08:30:00,M23,2023-05-11 08:25:00,2023-05-11 09:00:00,2023-05-11 08:25:00,4154.0,0.0,2023-05-11 09:00:00,4144.0,0.0,46,True
2023-05-16 08:30:00,M23,2023-05-16 08:25:00,2023-05-16 09:00:00,2023-05-16 08:25:00,4143.75,0.0,2023-05-16 09:00:00,4139.75,0.0,46,True
2023-05-16 09:15:00,M23,2023-05-16 09:10:00,2023-05-16 09:45:00,2023-05-16 09:10:00,4137.25,0.0,2023-05-16 09:45:00,4147.5,0.0,46,True
2023-05-17 08:30:00,M23,2023-05-17 08:25:00,2023-05-17 09:00:00,2023-05-17 08:25:00,4136.0,0.0,2023-05-17 09:00:00,4140.75,0.0,46,True
2023-05-18 10:00:00,M23,2023-05-18 09:55:00,2023-05-18 10:30:00,2023-05-18 09:55:00,4168.25,0.0,2023-05-18 10:30:00,4189.5,0.0,46,True
2023-05-23 10:00:00,M23,2023-05-23 09:55:00,2023-05-23 10:30:00,2023-05-23 09:55:00,4195.0,0.0,2023-05-23 10:30:00,4193.75,0.0,46,True
2023-05-26 08:30:00,M23,2023-05-26 08:25:00,2023-05-26 09:00:00,2023-05-26 08:25:00,4167.0,0.0,2023-05-26 09:00:00,4166.75,0.0,46,True
2023-06-01 10:00:00,M23,2023-06-01 09:55:00,2023-06-01 10:30:00,2023-06-01 09:55:00,4179.0,0.0,2023-06-01 10:30:00,4191.25,0.0,46,True
2023-06-02 08:30:00,M23,2023-06-02 08:25:00,2023-06-02 09:00:00,2023-06-02 08:25:00,4245.25,0.0,2023-06-02 09:00:00,4250.0,0.0,46,True
2023-06-05 10:00:00,M23,2023-06-05 09:55:00,2023-06-05 10:30:00,2023-06-05 09:55:00,4292.5,0.0,2023-06-05 10:30:00,4287.75,0.0,46,True
2023-06-13 08:30:00,M23,2023-06-13 08:25:00,2023-06-13 09:00:00,2023-06-13 08:25:00,4345.5,0.0,2023-06-13 09:00:00,4366.75,0.0,46,True
2023-06-14 08:30:00,U23,2023-06-14 08:25:00,2023-06-14 09:00:00,2023-06-14 08:25:00,4424.0,0.0,2023-06-14 09:00:00,4420.0,0.0,46,True
2023-06-15 08:30:00,U23,2023-06-15 08:25:00,2023-06-15 09:00:00,2023-06-15 08:25:00,4400.25,0.0,2023-06-15 09:00:00,4405.0,0.0,46,True
2023-06-15 09:15:00,U23,2023-06-15 09:10:00,2023-06-15 09:45:00,2023-06-15 09:10:00,4408.0,0.0,2023-06-15 09:45:00,4421.0,0.0,46,True
2023-06-20 08:30:00,U23,2023-06-20 08:25:00,2023-06-20 09:00:00,2023-06-20 08:25:00,4443.0,0.0,2023-06-20 09:00:00,4444.0,0.0,46,True
2023-06-22 10:00:00,U23,2023-06-22 09:55:00,2023-06-22 10:30:00,2023-06-22 09:55:00,4406.5,0.0,2023-06-22 10:30:00,4412.75,0.0,46,True
2023-06-27 08:30:00,U23,2023-06-27 08:25:00,2023-06-27 09:00:00,2023-06-27 08:25:00,4373.25,0.0,2023-06-27 09:00:00,4376.75,0.0,46,True
2023-06-27 10:00:00,U23,2023-06-27 09:55:00,2023-06-27 10:30:00,2023-06-27 09:55:00,4381.5,0.0,2023-06-27 10:30:00,4384.75,0.0,46,True
2023-06-30 08:30:00,U23,2023-06-30 08:25:00,2023-06-30 09:00:00,2023-06-30 08:25:00,4454.0,0.0,2023-06-30 09:00:00,4465.5,0.0,46,True
2023-07-03 10:00:00,U23,2023-07-03 09:55:00,2023-07-03 10:30:00,2023-07-03 09:55:00,4485.0,0.0,2023-07-03 10:30:00,4488.5,0.0,46,True
2023-07-06 10:00:00,U23,2023-07-06 09:55:00,2023-07-06 10:30:00,2023-07-06 09:55:00,4430.75,0.0,2023-07-06 10:30:00,4427.5,0.0,46,True
2023-07-07 08:30:00,U23,2023-07-07 08:25:00,2023-07-07 09:00:00,2023-07-07 08:25:00,4442.0,0.0,2023-07-07 09:00:00,4438.5,0.0,46,True
2023-07-12 08:30:00,U23,2023-07-12 08:25:00,2023-07-12 09:00:00,2023-07-12 08:25:00,4482.75,0.0,2023-07-12 09:00:00,4505.5,0.0,46,True
2023-07-13 08:30:00,U23,2023-07-13 08:25:00,2023-07-13 09:00:00,2023-07-13 08:25:00,4523.25,0.0,2023-07-13 09:00:00,4524.5,0.0,46,True
2023-07-18 08:30:00,U23,2023-07-18 08:25:00,2023-07-18 09:00:00,2023-07-18 08:25:00,4551.0,0.0,2023-07-18 09:00:00,4548.25,0.0,46,True
2023-07-18 09:15:00,U23,2023-07-18 09:10:00,2023-07-18 09:45:00,2023-07-18 09:10:00,4549.5,0.0,2023-07-18 09:45:00,4556.25,0.0,46,True
2023-07-19 08:30:00,U23,2023-07-19 08:25:00,2023-07-19 09:00:00,2023-07-19 08:25:00,4587.5,0.0,2023-07-19 09:00:00,4589.0,0.0,46,True
2023-07-20 10:00:00,U23,2023-07-20 09:55:00,2023-07-20 10:30:00,2023-07-20 09:55:00,4592.0,0.0,2023-07-20 10:30:00,4575.5,0.0,46,True
2023-07-26 10:00:00,U23,2023-07-26 09:55:00,2023-07-26 10:30:00,2023-07-26 09:55:00,4588.5,0.0,2023-07-26 10:30:00,4587.75,0.0,46,True
2023-07-27 08:30:00,U23,2023-07-27 08:25:00,2023-07-27 09:00:00,2023-07-27 08:25:00,4627.5,0.0,2023-07-27 09:00:00,4628.75,0.0,46,True
2023-07-28 08:30:00,U23,2023-07-28 08:25:00,2023-07-28 09:00:00,2023-07-28 08:25:00,4592.0,0.0,2023-07-28 09:00:00,4596.0,0.0,46,True
2023-08-01 10:00:00,U23,2023-08-01 09:55:00,2023-08-01 10:30:00,2023-08-01 09:55:00,4603.5,0.0,2023-08-01 10:30:00,4596.0,0.0,46,True
2023-08-03 10:00:00,U23,2023-08-03 09:55:00,2023-08-03 10:30:00,2023-08-03 09:55:00,4519.5,0.0,2023-08-03 10:30:00,4507.75,0.0,46,True
2023-08-04 08:30:00,U23,2023-08-04 08:25:00,2023-08-04 09:00:00,2023-08-04 08:25:00,4529.5,0.0,2023-08-04 09:00:00,4536.25,0.0,46,True
2023-08-10 08:30:00,U23,2023-08-10 08:25:00,2023-08-10 09:00:00,2023-08-10 08:25:00,4510.5,0.0,2023-08-10 09:00:00,4518.25,0.0,46,True
2023-08-11 08:30:00,U23,2023-08-11 08:25:00,2023-08-11 09:00:00,2023-08-11 08:25:00,4482.0,0.0,2023-08-11 09:00:00,4468.75,0.0,46,True
2023-08-15 08:30:00,U23,2023-08-15 08:25:00,2023-08-15 09:00:00,2023-08-15 08:25:00,4478.0,0.0,2023-08-15 09:00:00,4474.5,0.0,46,True
2023-08-16 08:30:00,U23,2023-08-16 08:25:00,2023-08-16 09:00:00,2023-08-16 08:25:00,4451.0,0.0,2023-08-16 09:00:00,4445.25,0.0,46,True
2023-08-16 09:15:00,U23,2023-08-16 09:10:00,2023-08-16 09:45:00,2023-08-16 09:10:00,4445.25,0.0,2023-08-16 09:45:00,4460.25,0.0,46,True
2023-08-22 10:00:00,U23,2023-08-22 09:55:00,2023-08-22 10:30:00,2023-08-22 09:55:00,4416.5,0.0,2023-08-22 10:30:00,4413.5,0.0,46,True
2023-08-23 10:00:00,U23,2023-08-23 09:55:00,2023-08-23 10:30:00,2023-08-23 09:55:00,4419.75,0.0,2023-08-23 10:30:00,4427.75,0.0,46,True
2023-08-24 08:30:00,U23,2023-08-24 08:25:00,2023-08-24 09:00:00,2023-08-24 08:25:00,4465.25,0.0,2023-08-24 09:00:00,4464.25,0.0,46,True
2023-08-31 08:30:00,U23,2023-08-31 08:25:00,2023-08-31 09:00:00,2023-08-31 08:25:00,4537.75,0.0,2023-08-31 09:00:00,4533.25,0.0,46,True
2023-09-01 08:30:00,U23,2023-09-01 08:25:00,2023-09-01 09:00:00,2023-09-01 08:25:00,4531.5,0.0,2023-09-01 09:00:00,4543.25,0.0,46,True
2023-09-01 10:00:00,U23,2023-09-01 09:55:00,2023-09-01 10:30:00,2023-09-01 09:55:00,4529.75,0.0,2023-09-01 10:30:00,4533.0,0.0,46,True
2023-09-06 10:00:00,U23,2023-09-06 09:55:00,2023-09-06 10:30:00,2023-09-06 09:55:00,4488.75,0.0,2023-09-06 10:30:00,4472.25,0.0,46,True
2023-09-13 08:30:00,U23,2023-09-13 08:25:00,2023-09-13 09:00:00,2023-09-13 08:25:00,4463.25,0.0,2023-09-13 09:00:00,4463.75,0.0,46,True
2023-09-14 08:30:00,Z23,2023-09-14 08:25:00,2023-09-14 09:00:00,2023-09-14 08:25:00,4537.75,0.0,2023-09-14 09:00:00,4539.75,0.0,46,True
2023-09-15 09:15:00,Z23,2023-09-15 09:10:00,2023-09-15 09:45:00,2023-09-15 09:10:00,4547.75,0.0,2023-09-15 09:45:00,4530.5,0.0,46,True
2023-09-19 08:30:00,Z23,2023-09-19 08:25:00,2023-09-19 09:00:00,2023-09-19 08:25:00,4503.0,0.0,2023-09-19 09:00:00,4496.0,0.0,46,True
2023-09-21 10:00:00,Z23,2023-09-21 09:55:00,2023-09-21 10:30:00,2023-09-21 09:55:00,4402.5,0.0,2023-09-21 10:30:00,4405.25,0.0,46,True
2023-09-26 10:00:00,Z23,2023-09-26 09:55:00,2023-09-26 10:30:00,2023-09-26 09:55:00,4342.5,0.0,2023-09-26 10:30:00,4334.75,0.0,46,True
2023-09-27 08:30:00,Z23,2023-09-27 08:25:00,2023-09-27 09:00:00,2023-09-27 08:25:00,4327.0,0.0,2023-09-27 09:00:00,4330.75,0.0,46,True
2023-09-29 08:30:00,Z23,2023-09-29 08:25:00,2023-09-29 09:00:00,2023-09-29 08:25:00,4361.0,0.0,2023-09-29 09:00:00,4368.75,0.0,46,True
2023-10-02 10:00:00,Z23,2023-10-02 09:55:00,2023-10-02 10:30:00,2023-10-02 09:55:00,4319.0,0.0,2023-10-02 10:30:00,4316.0,0.0,46,True
2023-10-04 10:00:00,Z23,2023-10-04 09:55:00,2023-10-04 10:30:00,2023-10-04 09:55:00,4277.75,0.0,2023-10-04 10:30:00,4260.75,0.0,46,True
2023-10-06 08:30:00,Z23,2023-10-06 08:25:00,2023-10-06 09:00:00,2023-10-06 08:25:00,4293.75,0.0,2023-10-06 09:00:00,4250.75,0.0,46,True
2023-10-11 08:30:00,Z23,2023-10-11 08:25:00,2023-10-11 09:00:00,2023-10-11 08:25:00,4404.25,0.0,2023-10-11 09:00:00,4409.25,0.0,46,True
2023-10-12 08:30:00,Z23,2023-10-12 08:25:00,2023-10-12 09:00:00,2023-10-12 08:25:00,4427.5,0.0,2023-10-12 09:00:00,4413.0,0.0,46,True
2023-10-17 08:30:00,Z23,2023-10-17 08:25:00,2023-10-17 09:00:00,2023-10-17 08:25:00,4389.75,0.0,2023-10-17 09:00:00,4376.75,0.0,46,True
2023-10-17 09:15:00,Z23,2023-10-17 09:10:00,2023-10-17 09:45:00,2023-10-17 09:10:00,4375.0,0.0,2023-10-17 09:45:00,4371.0,0.0,46,True
2023-10-18 08:30:00,Z23,2023-10-18 08:25:00,2023-10-18 09:00:00,2023-10-18 08:25:00,4386.0,0.0,2023-10-18 09:00:00,4378.25,0.0,46,True
2023-10-19 10:00:00,Z23,2023-10-19 09:55:00,2023-10-19 10:30:00,2023-10-19 09:55:00,4343.5,0.0,2023-10-19 10:30:00,4327.25,0.0,46,True
2023-10-25 10:00:00,Z23,2023-10-25 09:55:00,2023-10-25 10:30:00,2023-10-25 09:55:00,4233.5,0.0,2023-10-25 10:30:00,4228.5,0.0,46,True
2023-10-26 08:30:00,Z23,2023-10-26 08:25:00,2023-10-26 09:00:00,2023-10-26 08:25:00,4181.25,0.0,2023-10-26 09:00:00,4197.0,0.0,46,True
2023-10-27 08:30:00,Z23,2023-10-27 08:25:00,2023-10-27 09:00:00,2023-10-27 08:25:00,4170.0,0.0,2023-10-27 09:00:00,4175.5,0.0,46,True
2023-11-01 10:00:00,Z23,2023-11-01 09:55:00,2023-11-01 10:30:00,2023-11-01 09:55:00,4226.5,0.0,2023-11-01 10:30:00,4241.75,0.0,46,True
2023-11-03 08:30:00,Z23,2023-11-03 08:25:00,2023-11-03 09:00:00,2023-11-03 08:25:00,4333.25,0.0,2023-11-03 09:00:00,4355.5,0.0,46,True
2023-11-03 10:00:00,Z23,2023-11-03 09:55:00,2023-11-03 10:30:00,2023-11-03 09:55:00,4376.0,0.0,2023-11-03 10:30:00,4368.0,0.0,46,True
2023-11-14 08:30:00,Z23,2023-11-14 08:25:00,2023-11-14 09:00:00,2023-11-14 08:25:00,4431.0,0.0,2023-11-14 09:00:00,4486.5,0.0,46,True
2023-11-15 08:30:00,Z23,2023-11-15 08:25:00,2023-11-15 09:00:00,2023-11-15 08:25:00,4532.5,0.0,2023-11-15 09:00:00,4524.75,0.0,46,True
2023-11-16 09:15:00,Z23,2023-11-16 09:10:00,2023-11-16 09:45:00,2023-11-16 09:10:00,4516.5,0.0,2023-11-16 09:45:00,4519.5,0.0,46,True
2023-11-17 08:30:00,Z23,2023-11-17 08:25:00,2023-11-17 09:00:00,2023-11-17 08:25:00,4539.25,0.0,2023-11-17 09:00:00,4531.75,0.0,46,True
2023-11-21 10:00:00,Z23,2023-11-21 09:55:00,2023-11-21 10:30:00,2023-11-21 09:55:00,4547.5,0.0,2023-11-21 10:30:00,4539.0,0.0,46,True
2023-11-22 08:30:00,Z23,2023-11-22 08:25:00,2023-11-22 09:00:00,2023-11-22 08:25:00,4563.0,0.0,2023-11-22 09:00:00,4567.0,0.0,46,True
2023-11-27 10:00:00,Z23,2023-11-27 09:55:00,2023-11-27 10:30:00,2023-11-27 09:55:00,4558.0,0.0,2023-11-27 10:30:00,4562.25,0.0,46,True
2023-11-30 08:30:00,Z23,2023-11-30 08:25:00,2023-11-30 09:00:00,2023-11-30 08:25:00,4573.75,0.0,2023-11-30 09:00:00,4568.0,0.0,46,True
2023-12-01 10:00:00,Z23,2023-12-01 09:55:00,2023-12-01 10:30:00,2023-12-01 09:55:00,4571.5,0.0,2023-12-01 10:30:00,4565.0,0.0,46,True
2023-12-05 10:00:00,Z23,2023-12-05 09:55:00,2023-12-05 10:30:00,2023-12-05 09:55:00,4567.0,0.0,2023-12-05 10:30:00,4574.75,0.0,46,True
2023-12-08 08:30:00,Z23,2023-12-08 08:25:00,2023-12-08 09:00:00,2023-12-08 08:25:00,4584.0,0.0,2023-12-08 09:00:00,4582.75,0.0,46,True
2023-12-12 08:30:00,Z23,2023-12-12 08:25:00,2023-12-12 09:00:00,2023-12-12 08:25:00,4634.25,0.0,2023-12-12 09:00:00,4622.75,0.0,46,True
2023-12-13 08:30:00,Z23,2023-12-13 08:25:00,2023-12-13 09:00:00,2023-12-13 08:25:00,4652.0,0.0,2023-12-13 09:00:00,4656.25,0.0,46,True
2023-12-14 08:30:00,H24,2023-12-14 08:25:00,2023-12-14 09:00:00,2023-12-14 08:25:00,4773.75,0.0,2023-12-14 09:00:00,4786.5,0.0,46,True
2023-12-15 09:15:00,H24,2023-12-15 09:10:00,2023-12-15 09:45:00,2023-12-15 09:10:00,4776.25,0.0,2023-12-15 09:45:00,4768.75,0.0,46,True
2023-12-19 08:30:00,H24,2023-12-19 08:25:00,2023-12-19 09:00:00,2023-12-19 08:25:00,4802.5,0.0,2023-12-19 09:00:00,4799.5,0.0,46,True
2023-12-20 10:00:00,H24,2023-12-20 09:55:00,2023-12-20 10:30:00,2023-12-20 09:55:00,4817.25,0.0,2023-12-20 10:30:00,4824.5,0.0,46,True
2023-12-22 08:30:00,H24,2023-12-22 08:25:00,2023-12-22 09:00:00,2023-12-22 08:25:00,4799.0,0.0,2023-12-22 09:00:00,4807.0,0.0,46,True
2023-12-22 10:00:00,H24,2023-12-22 09:55:00,2023-12-22 10:30:00,2023-12-22 09:55:00,4820.0,0.0,2023-12-22 10:30:00,4819.25,0.0,46,True
2024-01-03 10:00:00,H24,2024-01-03 09:55:00,2024-01-03 10:30:00,2024-01-03 09:55:00,4760.25,0.0,2024-01-03 10:30:00,4755.0,0.0,46,True
2024-01-05 08:30:00,H24,2024-01-05 08:25:00,2024-01-05 09:00:00,2024-01-05 08:25:00,4720.75,0.0,2024-01-05 09:00:00,4721.5,0.0,46,True
2024-01-05 10:00:00,H24,2024-01-05 09:55:00,2024-01-05 10:30:00,2024-01-05 09:55:00,4737.5,0.0,2024-01-05 10:30:00,4748.25,0.0,46,True
2024-01-11 08:30:00,H24,2024-01-11 08:25:00,2024-01-11 09:00:00,2024-01-11 08:25:00,4828.75,0.0,2024-01-11 09:00:00,4807.5,0.0,46,True
2024-01-12 08:30:00,H24,2024-01-12 08:25:00,2024-01-12 09:00:00,2024-01-12 08:25:00,4801.75,0.0,2024-01-12 09:00:00,4814.5,0.0,46,True
2024-01-17 08:30:00,H24,2024-01-17 08:25:00,2024-01-17 09:00:00,2024-01-17 08:25:00,4777.25,0.0,2024-01-17 09:00:00,4767.5,0.0,46,True
2024-01-17 09:15:00,H24,2024-01-17 09:10:00,2024-01-17 09:45:00,2024-01-17 09:10:00,4769.25,0.0,2024-01-17 09:45:00,4762.0,0.0,46,True
2024-01-18 08:30:00,H24,2024-01-18 08:25:00,2024-01-18 09:00:00,2024-01-18 08:25:00,4791.75,0.0,2024-01-18 09:00:00,4784.5,0.0,46,True
2024-01-19 10:00:00,H24,2024-01-19 09:55:00,2024-01-19 10:30:00,2024-01-19 09:55:00,4822.0,0.0,2024-01-19 10:30:00,4822.0,0.0,46,True
2024-01-25 08:30:00,H24,2024-01-25 08:25:00,2024-01-25 09:00:00,2024-01-25 08:25:00,4902.75,0.0,2024-01-25 09:00:00,4915.25,0.0,46,True
2024-01-25 10:00:00,H24,2024-01-25 09:55:00,2024-01-25 10:30:00,2024-01-25 09:55:00,4917.0,0.0,2024-01-25 10:30:00,4924.25,0.0,46,True
2024-01-26 08:30:00,H24,2024-01-26 08:25:00,2024-01-26 09:00:00,2024-01-26 08:25:00,4919.75,0.0,2024-01-26 09:00:00,4925.0,0.0,46,True
2024-02-01 10:00:00,H24,2024-02-01 09:55:00,2024-02-01 10:30:00,2024-02-01 09:55:00,4886.5,0.0,2024-02-01 10:30:00,4897.75,0.0,46,True
2024-02-02 08:30:00,H24,2024-02-02 08:25:00,2024-02-02 09:00:00,2024-02-02 08:25:00,4957.0,0.0,2024-02-02 09:00:00,4931.75,0.0,46,True
2024-02-05 10:00:00,H24,2024-02-05 09:55:00,2024-02-05 10:30:00,2024-02-05 09:55:00,4969.25,0.0,2024-02-05 10:30:00,4949.25,0.0,46,True
2024-02-13 08:30:00,H24,2024-02-13 08:25:00,2024-02-13 09:00:00,2024-02-13 08:25:00,5024.75,0.0,2024-02-13 09:00:00,4975.25,0.0,46,True
2024-02-15 08:30:00,H24,2024-02-15 08:25:00,2024-02-15 09:00:00,2024-02-15 08:25:00,5022.0,0.0,2024-02-15 09:00:00,5022.0,0.0,46,True
2024-02-15 09:15:00,H24,2024-02-15 09:10:00,2024-02-15 09:45:00,2024-02-15 09:10:00,5020.0,0.0,2024-02-15 09:45:00,5024.5,0.0,46,True
2024-02-16 08:30:00,H24,2024-02-16 08:25:00,2024-02-16 09:00:00,2024-02-16 08:25:00,5054.0,0.0,2024-02-16 09:00:00,5043.25,0.0,46,True
2024-02-22 10:00:00,H24,2024-02-22 09:55:00,2024-02-22 10:30:00,2024-02-22 09:55:00,5072.25,0.0,2024-02-22 10:30:00,5076.5,0.0,46,True
2024-02-26 10:00:00,H24,2024-02-26 09:55:00,2024-02-26 10:30:00,2024-02-26 09:55:00,5103.0,0.0,2024-02-26 10:30:00,5098.5,0.0,46,True
2024-02-27 08:30:00,H24,2024-02-27 08:25:00,2024-02-27 09:00:00,2024-02-27 08:25:00,5081.5,0.0,2024-02-27 09:00:00,5086.75,0.0,46,True
2024-02-29 08:30:00,H24,2024-02-29 08:25:00,2024-02-29 09:00:00,2024-02-29 08:25:00,5063.25,0.0,2024-02-29 09:00:00,5097.0,0.0,46,True
2024-03-01 10:00:00,H24,2024-03-01 09:55:00,2024-03-01 10:30:00,2024-03-01 09:55:00,5103.75,0.0,2024-03-01 10:30:00,5117.75,0.0,46,True
2024-03-05 10:00:00,H24,2024-03-05 09:55:00,2024-03-05 10:30:00,2024-03-05 09:55:00,5109.0,0.0,2024-03-05 10:30:00,5095.5,0.0,46,True
2024-03-08 08:30:00,H24,2024-03-08 08:25:00,2024-03-08 09:00:00,2024-03-08 08:25:00,5158.5,0.0,2024-03-08 09:00:00,5175.25,0.0,46,True
2024-03-12 08:30:00,H24,2024-03-12 08:25:00,2024-03-12 09:00:00,2024-03-12 08:25:00,5135.75,0.0,2024-03-12 09:00:00,5144.75,0.0,46,True
2024-03-14 08:30:00,M24,2024-03-14 08:25:00,2024-03-14 09:00:00,2024-03-14 08:25:00,5247.5,0.0,2024-03-14 09:00:00,5243.75,0.0,46,True
2024-03-15 09:15:00,M24,2024-03-15 09:10:00,2024-03-15 09:45:00,2024-03-15 09:10:00,5215.5,0.0,2024-03-15 09:45:00,5186.75,0.0,46,True
2024-03-19 08:30:00,M24,2024-03-19 08:25:00,2024-03-19 09:00:00,2024-03-19 08:25:00,5187.5,0.0,2024-03-19 09:00:00,5197.75,0.0,46,True
2024-03-21 10:00:00,M24,2024-03-21 09:55:00,2024-03-21 10:30:00,2024-03-21 09:55:00,5311.5,0.0,2024-03-21 10:30:00,5315.0,0.0,46,True
2024-03-25 10:00:00,M24,2024-03-25 09:55:00,2024-03-25 10:30:00,2024-03-25 09:55:00,5281.75,0.0,2024-03-25 10:30:00,5283.25,0.0,46,True
2024-03-26 08:30:00,M24,2024-03-26 08:25:00,2024-03-26 09:00:00,2024-03-26 08:25:00,5296.75,0.0,2024-03-26 09:00:00,5289.75,0.0,46,True
2024-03-29 08:30:00,M24,2024-03-29 08:25:00,2024-03-29 09:00:00,,,,,,,0,False
2024-04-01 10:00:00,M24,2024-04-01 09:55:00,2024-04-01 10:30:00,2024-04-01 09:55:00,5314.5,0.0,2024-04-01 10:30:00,5302.75,0.0,46,True
2024-04-03 10:00:00,M24,2024-04-03 09:55:00,2024-04-03 10:30:00,2024-04-03 09:55:00,5254.5,0.0,2024-04-03 10:30:00,5276.0,0.0,46,True
2024-04-05 08:30:00,M24,2024-04-05 08:25:00,2024-04-05 09:00:00,2024-04-05 08:25:00,5214.25,0.0,2024-04-05 09:00:00,5214.25,0.0,46,True
2024-04-10 08:30:00,M24,2024-04-10 08:25:00,2024-04-10 09:00:00,2024-04-10 08:25:00,5266.25,0.0,2024-04-10 09:00:00,5188.0,0.0,46,True
2024-04-11 08:30:00,M24,2024-04-11 08:25:00,2024-04-11 09:00:00,2024-04-11 08:25:00,5180.75,0.0,2024-04-11 09:00:00,5214.5,0.0,46,True
2024-04-15 08:30:00,M24,2024-04-15 08:25:00,2024-04-15 09:00:00,2024-04-15 08:25:00,5199.0,0.0,2024-04-15 09:00:00,5209.0,0.0,46,True
2024-04-16 08:30:00,M24,2024-04-16 08:25:00,2024-04-16 09:00:00,2024-04-16 08:25:00,5106.25,0.0,2024-04-16 09:00:00,5114.75,0.0,46,True
2024-04-16 09:15:00,M24,2024-04-16 09:10:00,2024-04-16 09:45:00,2024-04-16 09:10:00,5111.75,0.0,2024-04-16 09:45:00,5094.0,0.0,46,True
2024-04-18 10:00:00,M24,2024-04-18 09:55:00,2024-04-18 10:30:00,2024-04-18 09:55:00,5064.5,0.0,2024-04-18 10:30:00,5076.75,0.0,46,True
2024-04-23 10:00:00,M24,2024-04-23 09:55:00,2024-04-23 10:30:00,2024-04-23 09:55:00,5086.5,0.0,2024-04-23 10:30:00,5099.0,0.0,46,True
2024-04-24 08:30:00,M24,2024-04-24 08:25:00,2024-04-24 09:00:00,2024-04-24 08:25:00,5121.0,0.0,2024-04-24 09:00:00,5109.0,0.0,46,True
2024-04-25 08:30:00,M24,2024-04-25 08:25:00,2024-04-25 09:00:00,2024-04-25 08:25:00,5070.25,0.0,2024-04-25 09:00:00,5045.5,0.0,46,True
2024-04-26 08:30:00,M24,2024-04-26 08:25:00,2024-04-26 09:00:00,2024-04-26 08:25:00,5118.25,0.0,2024-04-26 09:00:00,5123.75,0.0,46,True
2024-05-01 10:00:00,M24,2024-05-01 09:55:00,2024-05-01 10:30:00,2024-05-01 09:55:00,5050.5,0.0,2024-05-01 10:30:00,5052.0,0.0,46,True
2024-05-03 08:30:00,M24,2024-05-03 08:25:00,2024-05-03 09:00:00,2024-05-03 08:25:00,5110.5,0.0,2024-05-03 09:00:00,5147.5,0.0,46,True
2024-05-03 10:00:00,M24,2024-05-03 09:55:00,2024-05-03 10:30:00,2024-05-03 09:55:00,5158.5,0.0,2024-05-03 10:30:00,5140.75,0.0,46,True
2024-05-14 08:30:00,M24,2024-05-14 08:25:00,2024-05-14 09:00:00,2024-05-14 08:25:00,5248.5,0.0,2024-05-14 09:00:00,5242.0,0.0,46,True
2024-05-15 08:30:00,M24,2024-05-15 08:25:00,2024-05-15 09:00:00,2024-05-15 08:25:00,5271.0,0.0,2024-05-15 09:00:00,5293.25,0.0,46,True
2024-05-16 08:30:00,M24,2024-05-16 08:25:00,2024-05-16 09:00:00,2024-05-16 08:25:00,5339.25,0.0,2024-05-16 09:00:00,5332.5,0.0,46,True
2024-05-16 09:15:00,M24,2024-05-16 09:10:00,2024-05-16 09:45:00,2024-05-16 09:10:00,5331.5,0.0,2024-05-16 09:45:00,5334.25,0.0,46,True
2024-05-22 10:00:00,M24,2024-05-22 09:55:00,2024-05-22 10:30:00,2024-05-22 09:55:00,5341.75,0.0,2024-05-22 10:30:00,5341.25,0.0,46,True
2024-05-23 10:00:00,M24,2024-05-23 09:55:00,2024-05-23 10:30:00,2024-05-23 09:55:00,5325.0,0.0,2024-05-23 10:30:00,5327.75,0.0,46,True
2024-05-24 08:30:00,M24,2024-05-24 08:25:00,2024-05-24 09:00:00,2024-05-24 08:25:00,5296.0,0.0,2024-05-24 09:00:00,5302.0,0.0,46,True
2024-05-31 08:30:00,M24,2024-05-31 08:25:00,2024-05-31 09:00:00,2024-05-31 08:25:00,5250.0,0.0,2024-05-31 09:00:00,5269.25,0.0,46,True
2024-06-03 10:00:00,M24,2024-06-03 09:55:00,2024-06-03 10:30:00,2024-06-03 09:55:00,5298.75,0.0,2024-06-03 10:30:00,5301.25,0.0,46,True
2024-06-05 10:00:00,M24,2024-06-05 09:55:00,2024-06-05 10:30:00,2024-06-05 09:55:00,5319.5,0.0,2024-06-05 10:30:00,5323.75,0.0,46,True
2024-06-07 08:30:00,M24,2024-06-07 08:25:00,2024-06-07 09:00:00,2024-06-07 08:25:00,5366.75,0.0,2024-06-07 09:00:00,5341.5,0.0,46,True
2024-06-12 08:30:00,M24,2024-06-12 08:25:00,2024-06-12 09:00:00,2024-06-12 08:25:00,5389.75,0.0,2024-06-12 09:00:00,5431.0,0.0,46,True
2024-06-13 08:30:00,M24,2024-06-13 08:25:00,2024-06-13 09:00:00,2024-06-13 08:25:00,5440.5,0.0,2024-06-13 09:00:00,5440.75,0.0,46,True
2024-06-18 08:30:00,U24,2024-06-18 08:25:00,2024-06-18 09:00:00,2024-06-18 08:25:00,5548.75,0.0,2024-06-18 09:00:00,5543.75,0.0,46,True
2024-06-18 09:15:00,U24,2024-06-18 09:10:00,2024-06-18 09:45:00,2024-06-18 09:10:00,5543.0,0.0,2024-06-18 09:45:00,5555.5,0.0,46,True
2024-06-20 08:30:00,U24,2024-06-20 08:25:00,2024-06-20 09:00:00,2024-06-20 08:25:00,5578.25,0.0,2024-06-20 09:00:00,5571.5,0.0,46,True
2024-06-21 10:00:00,U24,2024-06-21 09:55:00,2024-06-21 10:30:00,2024-06-21 09:55:00,5525.0,0.0,2024-06-21 10:30:00,5529.5,0.0,46,True
2024-06-26 10:00:00,U24,2024-06-26 09:55:00,2024-06-26 10:30:00,2024-06-26 09:55:00,5526.5,0.0,2024-06-26 10:30:00,5527.25,0.0,46,True
2024-06-27 08:30:00,U24,2024-06-27 08:25:00,2024-06-27 09:00:00,2024-06-27 08:25:00,5535.25,0.0,2024-06-27 09:00:00,5542.0,0.0,46,True
2024-06-28 08:30:00,U24,2024-06-28 08:25:00,2024-06-28 09:00:00,2024-06-28 08:25:00,5566.5,0.0,2024-06-28 09:00:00,5557.5,0.0,46,True
2024-07-01 10:00:00,U24,2024-07-01 09:55:00,2024-07-01 10:30:00,2024-07-01 09:55:00,5524.5,0.0,2024-07-01 10:30:00,5521.0,0.0,46,True
2024-07-03 10:00:00,U24,2024-07-03 09:55:00,2024-07-03 10:30:00,2024-07-03 09:55:00,5572.25,0.0,2024-07-03 10:30:00,5570.5,0.0,46,True
2024-07-05 08:30:00,U24,2024-07-05 08:25:00,2024-07-05 09:00:00,2024-07-05 08:25:00,5592.0,0.0,2024-07-05 09:00:00,5592.25,0.0,46,True
2024-07-11 08:30:00,U24,2024-07-11 08:25:00,2024-07-11 09:00:00,2024-07-11 08:25:00,5680.25,0.0,2024-07-11 09:00:00,5683.0,0.0,46,True
2024-07-12 08:30:00,U24,2024-07-12 08:25:00,2024-07-12 09:00:00,2024-07-12 08:25:00,5639.5,0.0,2024-07-12 09:00:00,5644.5,0.0,46,True
2024-07-16 08:30:00,U24,2024-07-16 08:25:00,2024-07-16 09:00:00,2024-07-16 08:25:00,5691.75,0.0,2024-07-16 09:00:00,5693.5,0.0,46,True
2024-07-17 08:30:00,U24,2024-07-17 08:25:00,2024-07-17 09:00:00,2024-07-17 08:25:00,5665.25,0.0,2024-07-17 09:00:00,5657.75,0.0,46,True
2024-07-17 09:15:00,U24,2024-07-17 09:10:00,2024-07-17 09:45:00,2024-07-17 09:10:00,5659.25,0.0,2024-07-17 09:45:00,5663.5,0.0,46,True
2024-07-23 10:00:00,U24,2024-07-23 09:55:00,2024-07-23 10:30:00,2024-07-23 09:55:00,5616.25,0.0,2024-07-23 10:30:00,5621.0,0.0,46,True
2024-07-24 10:00:00,U24,2024-07-24 09:55:00,2024-07-24 10:30:00,2024-07-24 09:55:00,5527.75,0.0,2024-07-24 10:30:00,5520.0,0.0,46,True
2024-07-25 08:30:00,U24,2024-07-25 08:25:00,2024-07-25 09:00:00,2024-07-25 08:25:00,5459.25,0.0,2024-07-25 09:00:00,5473.75,0.0,46,True
2024-07-26 08:30:00,U24,2024-07-26 08:25:00,2024-07-26 09:00:00,2024-07-26 08:25:00,5487.75,0.0,2024-07-26 09:00:00,5480.0,0.0,46,True
2024-08-01 10:00:00,U24,2024-08-01 09:55:00,2024-08-01 10:30:00,2024-08-01 09:55:00,5594.0,0.0,2024-08-01 10:30:00,5553.75,0.0,46,True
2024-08-02 08:30:00,U24,2024-08-02 08:25:00,2024-08-02 09:00:00,2024-08-02 08:25:00,5423.25,0.0,2024-08-02 09:00:00,5393.75,0.0,46,True
2024-08-05 10:00:00,U24,2024-08-05 09:55:00,2024-08-05 10:30:00,2024-08-05 09:55:00,5202.75,0.0,2024-08-05 10:30:00,5190.75,0.0,46,True
2024-08-13 08:30:00,U24,2024-08-13 08:25:00,2024-08-13 09:00:00,2024-08-13 08:25:00,5390.5,0.0,2024-08-13 09:00:00,5402.0,0.0,46,True
2024-08-14 08:30:00,U24,2024-08-14 08:25:00,2024-08-14 09:00:00,2024-08-14 08:25:00,5461.75,0.0,2024-08-14 09:00:00,5467.0,0.0,46,True
2024-08-15 08:30:00,U24,2024-08-15 08:25:00,2024-08-15 09:00:00,2024-08-15 08:25:00,5490.5,0.0,2024-08-15 09:00:00,5527.0,0.0,46,True
2024-08-15 09:15:00,U24,2024-08-15 09:10:00,2024-08-15 09:45:00,2024-08-15 09:10:00,5524.0,0.0,2024-08-15 09:45:00,5531.75,0.0,46,True
2024-08-16 08:30:00,U24,2024-08-16 08:25:00,2024-08-16 09:00:00,2024-08-16 08:25:00,5551.0,0.0,2024-08-16 09:00:00,5542.25,0.0,46,True
2024-08-22 10:00:00,U24,2024-08-22 09:55:00,2024-08-22 10:30:00,2024-08-22 09:55:00,5659.25,0.0,2024-08-22 10:30:00,5638.25,0.0,46,True
2024-08-23 10:00:00,U24,2024-08-23 09:55:00,2024-08-23 10:30:00,2024-08-23 09:55:00,5628.0,0.0,2024-08-23 10:30:00,5658.5,0.0,46,True
2024-08-26 08:30:00,U24,2024-08-26 08:25:00,2024-08-26 09:00:00,2024-08-26 08:25:00,5660.75,0.0,2024-08-26 09:00:00,5661.25,0.0,46,True
2024-08-30 08:30:00,U24,2024-08-30 08:25:00,2024-08-30 09:00:00,2024-08-30 08:25:00,5636.0,0.0,2024-08-30 09:00:00,5628.25,0.0,46,True
2024-09-03 10:00:00,U24,2024-09-03 09:55:00,2024-09-03 10:30:00,2024-09-03 09:55:00,5605.25,0.0,2024-09-03 10:30:00,5589.0,0.0,46,True
2024-09-05 10:00:00,U24,2024-09-05 09:55:00,2024-09-05 10:30:00,2024-09-05 09:55:00,5537.5,0.0,2024-09-05 10:30:00,5554.25,0.0,46,True
2024-09-06 08:30:00,U24,2024-09-06 08:25:00,2024-09-06 09:00:00,2024-09-06 08:25:00,5488.5,0.0,2024-09-06 09:00:00,5516.25,0.0,46,True
2024-09-11 08:30:00,U24,2024-09-11 08:25:00,2024-09-11 09:00:00,2024-09-11 08:25:00,5497.25,0.0,2024-09-11 09:00:00,5499.25,0.0,46,True
2024-09-12 08:30:00,U24,2024-09-12 08:25:00,2024-09-12 09:00:00,2024-09-12 08:25:00,5574.0,0.0,2024-09-12 09:00:00,5564.0,0.0,46,True
2024-09-17 08:30:00,Z24,2024-09-17 08:25:00,2024-09-17 09:00:00,2024-09-17 08:25:00,5719.5,0.0,2024-09-17 09:00:00,5724.25,0.0,46,True
2024-09-17 09:15:00,Z24,2024-09-17 09:10:00,2024-09-17 09:45:00,2024-09-17 09:10:00,5725.5,0.0,2024-09-17 09:45:00,5724.0,0.0,46,True
2024-09-18 08:30:00,Z24,2024-09-18 08:25:00,2024-09-18 09:00:00,2024-09-18 08:25:00,5704.5,0.0,2024-09-18 09:00:00,5709.75,0.0,46,True
2024-09-19 10:00:00,Z24,2024-09-19 09:55:00,2024-09-19 10:30:00,2024-09-19 09:55:00,5760.5,0.0,2024-09-19 10:30:00,5782.75,0.0,46,True
2024-09-25 10:00:00,Z24,2024-09-25 09:55:00,2024-09-25 10:30:00,2024-09-25 09:55:00,5792.0,0.0,2024-09-25 10:30:00,5790.75,0.0,46,True
2024-09-26 08:30:00,Z24,2024-09-26 08:25:00,2024-09-26 09:00:00,2024-09-26 08:25:00,5826.5,0.0,2024-09-26 09:00:00,5826.25,0.0,46,True
2024-09-27 08:30:00,Z24,2024-09-27 08:25:00,2024-09-27 09:00:00,2024-09-27 08:25:00,5807.75,0.0,2024-09-27 09:00:00,5811.75,0.0,46,True
2024-10-01 10:00:00,Z24,2024-10-01 09:55:00,2024-10-01 10:30:00,2024-10-01 09:55:00,5761.25,0.0,2024-10-01 10:30:00,5742.25,0.0,46,True
2024-10-03 10:00:00,Z24,2024-10-03 09:55:00,2024-10-03 10:30:00,2024-10-03 09:55:00,5747.75,0.0,2024-10-03 10:30:00,5736.75,0.0,46,True
2024-10-04 08:30:00,Z24,2024-10-04 08:25:00,2024-10-04 09:00:00,2024-10-04 08:25:00,5765.75,0.0,2024-10-04 09:00:00,5801.25,0.0,46,True
2024-10-10 08:30:00,Z24,2024-10-10 08:25:00,2024-10-10 09:00:00,2024-10-10 08:25:00,5835.25,0.0,2024-10-10 09:00:00,5820.5,0.0,46,True
2024-10-11 08:30:00,Z24,2024-10-11 08:25:00,2024-10-11 09:00:00,2024-10-11 08:25:00,5827.25,0.0,2024-10-11 09:00:00,5826.75,0.0,46,True
2024-10-17 08:30:00,Z24,2024-10-17 08:25:00,2024-10-17 09:00:00,2024-10-17 08:25:00,5914.5,0.0,2024-10-17 09:00:00,5918.75,0.0,46,True
2024-10-17 09:15:00,Z24,2024-10-17 09:10:00,2024-10-17 09:45:00,2024-10-17 09:10:00,5924.0,0.0,2024-10-17 09:45:00,5906.75,0.0,46,True
2024-10-18 08:30:00,Z24,2024-10-18 08:25:00,2024-10-18 09:00:00,2024-10-18 08:25:00,5898.25,0.0,2024-10-18 09:00:00,5900.5,0.0,46,True
2024-10-23 10:00:00,Z24,2024-10-23 09:55:00,2024-10-23 10:30:00,2024-10-23 09:55:00,5870.25,0.0,2024-10-23 10:30:00,5865.25,0.0,46,True
2024-10-24 10:00:00,Z24,2024-10-24 09:55:00,2024-10-24 10:30:00,2024-10-24 09:55:00,5851.5,0.0,2024-10-24 10:30:00,5848.25,0.0,46,True
2024-10-25 08:30:00,Z24,2024-10-25 08:25:00,2024-10-25 09:00:00,2024-10-25 08:25:00,5866.25,0.0,2024-10-25 09:00:00,5871.5,0.0,46,True
2024-10-30 08:30:00,Z24,2024-10-30 08:25:00,2024-10-30 09:00:00,2024-10-30 08:25:00,5871.25,0.0,2024-10-30 09:00:00,5865.75,0.0,46,True
2024-10-31 08:30:00,Z24,2024-10-31 08:25:00,2024-10-31 09:00:00,2024-10-31 08:25:00,5819.5,0.0,2024-10-31 09:00:00,5812.5,0.0,46,True
2024-11-01 08:30:00,Z24,2024-11-01 08:25:00,2024-11-01 09:00:00,2024-11-01 08:25:00,5761.5,0.0,2024-11-01 09:00:00,5765.25,0.0,46,True
2024-11-01 10:00:00,Z24,2024-11-01 09:55:00,2024-11-01 10:30:00,2024-11-01 09:55:00,5780.5,0.0,2024-11-01 10:30:00,5800.5,0.0,46,True
2024-11-05 10:00:00,Z24,2024-11-05 09:55:00,2024-11-05 10:30:00,2024-11-05 09:55:00,5783.75,0.0,2024-11-05 10:30:00,5788.25,0.0,46,True
2024-11-13 08:30:00,Z24,2024-11-13 08:25:00,2024-11-13 09:00:00,2024-11-13 08:25:00,6002.75,0.0,2024-11-13 09:00:00,6014.0,0.0,46,True
2024-11-14 08:30:00,Z24,2024-11-14 08:25:00,2024-11-14 09:00:00,2024-11-14 08:25:00,6022.75,0.0,2024-11-14 09:00:00,6012.5,0.0,46,True
2024-11-15 08:30:00,Z24,2024-11-15 08:25:00,2024-11-15 09:00:00,2024-11-15 08:25:00,5947.75,0.0,2024-11-15 09:00:00,5944.75,0.0,46,True
2024-11-15 09:15:00,Z24,2024-11-15 09:10:00,2024-11-15 09:45:00,2024-11-15 09:10:00,5941.5,0.0,2024-11-15 09:45:00,5934.5,0.0,46,True
2024-11-19 08:30:00,Z24,2024-11-19 08:25:00,2024-11-19 09:00:00,2024-11-19 08:25:00,5898.75,0.0,2024-11-19 09:00:00,5858.75,0.0,46,True
2024-11-21 10:00:00,Z24,2024-11-21 09:55:00,2024-11-21 10:30:00,2024-11-21 09:55:00,5937.75,0.0,2024-11-21 10:30:00,5908.75,0.0,46,True
2024-11-26 10:00:00,Z24,2024-11-26 09:55:00,2024-11-26 10:30:00,2024-11-26 09:55:00,6020.75,0.0,2024-11-26 10:30:00,6020.25,0.0,46,True
2024-11-27 08:30:00,Z24,2024-11-27 08:25:00,2024-11-27 09:00:00,2024-11-27 08:25:00,6034.5,0.0,2024-11-27 09:00:00,6035.5,0.0,46,True
2024-11-27 10:00:00,Z24,2024-11-27 09:55:00,2024-11-27 10:30:00,2024-11-27 09:55:00,6031.0,0.0,2024-11-27 10:30:00,6022.5,0.0,46,True
2024-12-02 10:00:00,Z24,2024-12-02 09:55:00,2024-12-02 10:30:00,2024-12-02 09:55:00,6053.5,0.0,2024-12-02 10:30:00,6057.75,0.0,46,True
2024-12-04 10:00:00,Z24,2024-12-04 09:55:00,2024-12-04 10:30:00,2024-12-04 09:55:00,6084.5,0.0,2024-12-04 10:30:00,6079.75,0.0,46,True
2024-12-06 08:30:00,Z24,2024-12-06 08:25:00,2024-12-06 09:00:00,2024-12-06 08:25:00,6083.5,0.0,2024-12-06 09:00:00,6096.25,0.0,46,True
2024-12-11 08:30:00,Z24,2024-12-11 08:25:00,2024-12-11 09:00:00,2024-12-11 08:25:00,6054.25,0.0,2024-12-11 09:00:00,6072.0,0.0,46,True
2024-12-12 08:30:00,Z24,2024-12-12 08:25:00,2024-12-12 09:00:00,2024-12-12 08:25:00,6081.75,0.0,2024-12-12 09:00:00,6078.75,0.0,46,True
2024-12-17 08:30:00,H25,2024-12-17 08:25:00,2024-12-17 09:00:00,2024-12-17 08:25:00,6129.5,0.0,2024-12-17 09:00:00,6131.75,0.0,46,True
2024-12-17 09:15:00,H25,2024-12-17 09:10:00,2024-12-17 09:45:00,2024-12-17 09:10:00,6132.5,0.0,2024-12-17 09:45:00,6130.0,0.0,46,True
2024-12-18 08:30:00,H25,2024-12-18 08:25:00,2024-12-18 09:00:00,2024-12-18 08:25:00,6145.75,0.0,2024-12-18 09:00:00,6130.5,0.0,46,True
2024-12-19 10:00:00,H25,2024-12-19 09:55:00,2024-12-19 10:30:00,2024-12-19 09:55:00,5976.75,0.0,2024-12-19 10:30:00,5962.75,0.0,46,True
2024-12-20 08:30:00,H25,2024-12-20 08:25:00,2024-12-20 09:00:00,2024-12-20 08:25:00,5883.25,0.0,2024-12-20 09:00:00,5896.75,0.0,46,True
2024-12-23 08:30:00,H25,2024-12-23 08:25:00,2024-12-23 09:00:00,2024-12-23 08:25:00,6005.25,0.0,2024-12-23 09:00:00,5987.5,0.0,46,True
2024-12-23 10:00:00,H25,2024-12-23 09:55:00,2024-12-23 10:30:00,2024-12-23 09:55:00,5989.5,0.0,2024-12-23 10:30:00,5979.75,0.0,46,True
2025-01-03 10:00:00,H25,2025-01-03 09:55:00,2025-01-03 10:30:00,2025-01-03 09:55:00,5947.25,0.0,2025-01-03 10:30:00,5951.0,0.0,46,True
2025-01-07 10:00:00,H25,2025-01-07 09:55:00,2025-01-07 10:30:00,2025-01-07 09:55:00,6037.75,0.0,2025-01-07 10:30:00,5998.75,0.0,46,True
2025-01-10 08:30:00,H25,2025-01-10 08:25:00,2025-01-10 09:00:00,2025-01-10 08:25:00,5946.75,0.0,2025-01-10 09:00:00,5897.25,0.0,46,True
2025-01-14 08:30:00,H25,2025-01-14 08:25:00,2025-01-14 09:00:00,2025-01-14 08:25:00,5876.25,0.0,2025-01-14 09:00:00,5896.0,0.0,46,True
2025-01-15 08:30:00,H25,2025-01-15 08:25:00,2025-01-15 09:00:00,2025-01-15 08:25:00,5904.5,0.0,2025-01-15 09:00:00,5973.0,0.0,46,True
2025-01-16 08:30:00,H25,2025-01-16 08:25:00,2025-01-16 09:00:00,2025-01-16 08:25:00,5994.0,0.0,2025-01-16 09:00:00,5997.25,0.0,46,True
2025-01-17 08:30:00,H25,2025-01-17 08:25:00,2025-01-17 09:00:00,2025-01-17 08:25:00,6011.25,0.0,2025-01-17 09:00:00,6022.25,0.0,46,True
2025-01-17 09:15:00,H25,2025-01-17 09:10:00,2025-01-17 09:45:00,2025-01-17 09:10:00,6024.75,0.0,2025-01-17 09:45:00,6024.0,0.0,46,True
2025-01-24 10:00:00,H25,2025-01-24 09:55:00,2025-01-24 10:30:00,2025-01-24 09:55:00,6156.75,0.0,2025-01-24 10:30:00,6149.5,0.0,46,True
2025-01-27 10:00:00,H25,2025-01-27 09:55:00,2025-01-27 10:30:00,2025-01-27 09:55:00,6031.5,0.0,2025-01-27 10:30:00,6040.5,0.0,46,True
2025-01-28 08:30:00,H25,2025-01-28 08:25:00,2025-01-28 09:00:00,2025-01-28 08:25:00,6065.0,0.0,2025-01-28 09:00:00,6054.25,0.0,46,True
2025-01-30 08:30:00,H25,2025-01-30 08:25:00,2025-01-30 09:00:00,2025-01-30 08:25:00,6083.0,0.0,2025-01-30 09:00:00,6091.0,0.0,46,True
2025-01-31 08:30:00,H25,2025-01-31 08:25:00,2025-01-31 09:00:00,2025-01-31 08:25:00,6126.5,0.0,2025-01-31 09:00:00,6125.75,0.0,46,True
2025-02-03 10:00:00,H25,2025-02-03 09:55:00,2025-02-03 10:30:00,2025-02-03 09:55:00,5962.5,0.0,2025-02-03 10:30:00,6004.25,0.0,46,True
2025-02-05 10:00:00,H25,2025-02-05 09:55:00,2025-02-05 10:30:00,2025-02-05 09:55:00,6045.0,0.0,2025-02-05 10:30:00,6047.25,0.0,46,True
2025-02-07 08:30:00,H25,2025-02-07 08:25:00,2025-02-07 09:00:00,2025-02-07 08:25:00,6099.5,0.0,2025-02-07 09:00:00,6109.0,0.0,46,True
2025-02-12 08:30:00,H25,2025-02-12 08:25:00,2025-02-12 09:00:00,2025-02-12 08:25:00,6092.5,0.0,2025-02-12 09:00:00,6027.5,0.0,46,True
2025-02-13 08:30:00,H25,2025-02-13 08:25:00,2025-02-13 09:00:00,2025-02-13 08:25:00,6069.5,0.0,2025-02-13 09:00:00,6083.5,0.0,46,True
2025-02-14 08:30:00,H25,2025-02-14 08:25:00,2025-02-14 09:00:00,2025-02-14 08:25:00,6129.25,0.0,2025-02-14 09:00:00,6132.75,0.0,46,True
2025-02-14 09:15:00,H25,2025-02-14 09:10:00,2025-02-14 09:45:00,2025-02-14 09:10:00,6133.5,0.0,2025-02-14 09:45:00,6139.75,0.0,46,True
2025-02-19 08:30:00,H25,2025-02-19 08:25:00,2025-02-19 09:00:00,2025-02-19 08:25:00,6137.75,0.0,2025-02-19 09:00:00,6133.0,0.0,46,True
2025-02-21 10:00:00,H25,2025-02-21 09:55:00,2025-02-21 10:30:00,2025-02-21 09:55:00,6114.5,0.0,2025-02-21 10:30:00,6099.0,0.0,46,True
2025-02-26 10:00:00,H25,2025-02-26 09:55:00,2025-02-26 10:30:00,2025-02-26 09:55:00,6002.25,0.0,2025-02-26 10:30:00,6012.5,0.0,46,True
2025-02-27 08:30:00,H25,2025-02-27 08:25:00,2025-02-27 09:00:00,2025-02-27 08:25:00,6005.25,0.0,2025-02-27 09:00:00,5987.75,0.0,46,True
2025-02-28 08:30:00,H25,2025-02-28 08:25:00,2025-02-28 09:00:00,2025-02-28 08:25:00,5883.75,0.0,2025-02-28 09:00:00,5890.0,0.0,46,True
2025-03-03 10:00:00,H25,2025-03-03 09:55:00,2025-03-03 10:30:00,2025-03-03 09:55:00,5960.0,0.0,2025-03-03 10:30:00,5965.5,0.0,46,True
2025-03-05 10:00:00,H25,2025-03-05 09:55:00,2025-03-05 10:30:00,2025-03-05 09:55:00,5787.5,0.0,2025-03-05 10:30:00,5778.25,0.0,46,True
2025-03-07 08:30:00,H25,2025-03-07 08:25:00,2025-03-07 09:00:00,2025-03-07 08:25:00,5745.5,0.0,2025-03-07 09:00:00,5738.5,0.0,46,True
2025-03-12 08:30:00,H25,2025-03-12 08:25:00,2025-03-12 09:00:00,2025-03-12 08:25:00,5621.75,0.0,2025-03-12 09:00:00,5639.5,0.0,46,True
2025-03-13 08:30:00,H25,2025-03-13 08:25:00,2025-03-13 09:00:00,2025-03-13 08:25:00,5582.75,0.0,2025-03-13 09:00:00,5598.5,0.0,46,True
2025-03-17 08:30:00,M25,2025-03-17 08:25:00,2025-03-17 09:00:00,2025-03-17 08:25:00,5674.75,0.0,2025-03-17 09:00:00,5690.0,0.0,46,True
2025-03-18 08:30:00,M25,2025-03-18 08:25:00,2025-03-18 09:00:00,2025-03-18 08:25:00,5715.5,0.0,2025-03-18 09:00:00,5703.5,0.0,46,True
2025-03-18 09:15:00,M25,2025-03-18 09:10:00,2025-03-18 09:45:00,2025-03-18 09:10:00,5708.25,0.0,2025-03-18 09:45:00,5677.0,0.0,46,True
2025-03-20 10:00:00,M25,2025-03-20 09:55:00,2025-03-20 10:30:00,2025-03-20 09:55:00,5716.75,0.0,2025-03-20 10:30:00,5754.0,0.0,46,True
2025-03-25 10:00:00,M25,2025-03-25 09:55:00,2025-03-25 10:30:00,2025-03-25 09:55:00,5822.0,0.0,2025-03-25 10:30:00,5831.25,0.0,46,True
2025-03-26 08:30:00,M25,2025-03-26 08:25:00,2025-03-26 09:00:00,2025-03-26 08:25:00,5824.75,0.0,2025-03-26 09:00:00,5830.0,0.0,46,True
2025-03-28 08:30:00,M25,2025-03-28 08:25:00,2025-03-28 09:00:00,2025-03-28 08:25:00,5730.0,0.0,2025-03-28 09:00:00,5712.5,0.0,46,True
2025-04-01 10:00:00,M25,2025-04-01 09:55:00,2025-04-01 10:30:00,2025-04-01 09:55:00,5640.5,0.0,2025-04-01 10:30:00,5619.0,0.0,46,True
2025-04-03 10:00:00,M25,2025-04-03 09:55:00,2025-04-03 10:30:00,2025-04-03 09:55:00,5511.75,0.0,2025-04-03 10:30:00,5493.25,0.0,46,True
2025-04-04 08:30:00,M25,2025-04-04 08:25:00,2025-04-04 09:00:00,2025-04-04 08:25:00,5278.5,0.0,2025-04-04 09:00:00,5304.75,0.0,46,True
2025-04-10 08:30:00,M25,2025-04-10 08:25:00,2025-04-10 09:00:00,2025-04-10 08:25:00,5378.5,0.0,2025-04-10 09:00:00,5388.0,0.0,46,True
2025-04-11 08:30:00,M25,2025-04-11 08:25:00,2025-04-11 09:00:00,2025-04-11 08:25:00,5322.25,0.0,2025-04-11 09:00:00,5309.0,0.0,46,True
2025-04-16 08:30:00,M25,2025-04-16 08:25:00,2025-04-16 09:00:00,2025-04-16 08:25:00,5387.25,0.0,2025-04-16 09:00:00,5376.0,0.0,46,True
2025-04-16 09:15:00,M25,2025-04-16 09:10:00,2025-04-16 09:45:00,2025-04-16 09:10:00,5369.75,0.0,2025-04-16 09:45:00,5370.25,0.0,46,True
2025-04-17 08:30:00,M25,2025-04-17 08:25:00,2025-04-17 09:00:00,2025-04-17 08:25:00,5332.25,0.0,2025-04-17 09:00:00,5330.0,0.0,46,True
2025-04-23 10:00:00,M25,2025-04-23 09:55:00,2025-04-23 10:30:00,2025-04-23 09:55:00,5465.75,0.0,2025-04-23 10:30:00,5488.0,0.0,46,True
2025-04-24 08:30:00,M25,2025-04-24 08:25:00,2025-04-24 09:00:00,2025-04-24 08:25:00,5391.25,0.0,2025-04-24 09:00:00,5406.5,0.0,46,True
2025-04-24 10:00:00,M25,2025-04-24 09:55:00,2025-04-24 10:30:00,2025-04-24 09:55:00,5430.0,0.0,2025-04-24 10:30:00,5467.0,0.0,46,True
2025-04-30 08:30:00,M25,2025-04-30 08:25:00,2025-04-30 09:00:00,2025-04-30 08:25:00,5544.75,0.0,2025-04-30 09:00:00,5506.5,0.0,46,True
2025-04-30 10:00:00,M25,2025-04-30 09:55:00,2025-04-30 10:30:00,2025-04-30 09:55:00,5470.25,0.0,2025-04-30 10:30:00,5507.25,0.0,46,True
2025-05-01 10:00:00,M25,2025-05-01 09:55:00,2025-05-01 10:30:00,2025-05-01 09:55:00,5646.0,0.0,2025-05-01 10:30:00,5658.25,0.0,46,True
2025-05-02 08:30:00,M25,2025-05-02 08:25:00,2025-05-02 09:00:00,2025-05-02 08:25:00,5648.5,0.0,2025-05-02 09:00:00,5690.0,0.0,46,True
2025-05-05 10:00:00,M25,2025-05-05 09:55:00,2025-05-05 10:30:00,2025-05-05 09:55:00,5665.75,0.0,2025-05-05 10:30:00,5674.0,0.0,46,True
2025-05-13 08:30:00,M25,2025-05-13 08:25:00,2025-05-13 09:00:00,2025-05-13 08:25:00,5861.75,0.0,2025-05-13 09:00:00,5867.25,0.0,46,True
2025-05-15 08:30:00,M25,2025-05-15 08:25:00,2025-05-15 09:00:00,2025-05-15 08:25:00,5881.5,0.0,2025-05-15 09:00:00,5885.75,0.0,46,True
2025-05-15 09:15:00,M25,2025-05-15 09:10:00,2025-05-15 09:45:00,2025-05-15 09:10:00,5891.75,0.0,2025-05-15 09:45:00,5894.0,0.0,46,True
2025-05-16 08:30:00,M25,2025-05-16 08:25:00,2025-05-16 09:00:00,2025-05-16 08:25:00,5955.75,0.0,2025-05-16 09:00:00,5944.25,0.0,46,True
2025-05-22 10:00:00,M25,2025-05-22 09:55:00,2025-05-22 10:30:00,2025-05-22 09:55:00,5865.5,0.0,2025-05-22 10:30:00,5860.5,0.0,46,True
2025-05-23 10:00:00,M25,2025-05-23 09:55:00,2025-05-23 10:30:00,2025-05-23 09:55:00,5790.0,0.0,2025-05-23 10:30:00,5806.0,0.0,46,True
2025-05-27 08:30:00,M25,2025-05-27 08:25:00,2025-05-27 09:00:00,2025-05-27 08:25:00,5898.75,0.0,2025-05-27 09:00:00,5891.75,0.0,46,True
2025-05-30 08:30:00,M25,2025-05-30 08:25:00,2025-05-30 09:00:00,2025-05-30 08:25:00,5895.25,0.0,2025-05-30 09:00:00,5899.0,0.0,46,True
2025-06-02 10:00:00,M25,2025-06-02 09:55:00,2025-06-02 10:30:00,2025-06-02 09:55:00,5893.5,0.0,2025-06-02 10:30:00,5905.25,0.0,46,True
2025-06-04 10:00:00,M25,2025-06-04 09:55:00,2025-06-04 10:30:00,2025-06-04 09:55:00,5993.75,0.0,2025-06-04 10:30:00,5994.75,0.0,46,True
2025-06-06 08:30:00,M25,2025-06-06 08:25:00,2025-06-06 09:00:00,2025-06-06 08:25:00,5972.25,0.0,2025-06-06 09:00:00,5995.0,0.0,46,True
2025-06-11 08:30:00,M25,2025-06-11 08:25:00,2025-06-11 09:00:00,2025-06-11 08:25:00,6036.75,0.0,2025-06-11 09:00:00,6060.5,0.0,46,True
2025-06-12 08:30:00,M25,2025-06-12 08:25:00,2025-06-12 09:00:00,2025-06-12 08:25:00,5996.25,0.0,2025-06-12 09:00:00,6014.0,0.0,46,True
2025-06-17 08:30:00,U25,2025-06-17 08:25:00,2025-06-17 09:00:00,2025-06-17 08:25:00,6067.75,0.0,2025-06-17 09:00:00,6058.25,0.0,46,True
2025-06-17 09:15:00,U25,2025-06-17 09:10:00,2025-06-17 09:45:00,2025-06-17 09:10:00,6057.5,0.0,2025-06-17 09:45:00,6063.25,0.0,46,True
2025-06-18 08:30:00,U25,2025-06-18 08:25:00,2025-06-18 09:00:00,2025-06-18 08:25:00,6047.25,0.0,2025-06-18 09:00:00,6042.0,0.0,46,True
2025-06-23 10:00:00,U25,2025-06-23 09:55:00,2025-06-23 10:30:00,2025-06-23 09:55:00,6039.75,0.0,2025-06-23 10:30:00,6049.75,0.0,46,True
2025-06-25 10:00:00,U25,2025-06-25 09:55:00,2025-06-25 10:30:00,2025-06-25 09:55:00,6156.0,0.0,2025-06-25 10:30:00,6153.0,0.0,46,True
2025-06-26 08:30:00,U25,2025-06-26 08:25:00,2025-06-26 09:00:00,2025-06-26 08:25:00,6168.25,0.0,2025-06-26 09:00:00,6165.25,0.0,46,True
2025-06-27 08:30:00,U25,2025-06-27 08:25:00,2025-06-27 09:00:00,2025-06-27 08:25:00,6216.5,0.0,2025-06-27 09:00:00,6209.5,0.0,46,True
2025-07-01 10:00:00,U25,2025-07-01 09:55:00,2025-07-01 10:30:00,2025-07-01 09:55:00,6246.25,0.0,2025-07-01 10:30:00,6245.25,0.0,46,True
2025-07-03 08:30:00,U25,2025-07-03 08:25:00,2025-07-03 09:00:00,2025-07-03 08:25:00,6280.0,0.0,2025-07-03 09:00:00,6286.25,0.0,46,True
2025-07-03 10:00:00,U25,2025-07-03 09:55:00,2025-07-03 10:30:00,2025-07-03 09:55:00,6313.5,0.0,2025-07-03 10:30:00,6318.75,0.0,46,True
2025-07-15 08:30:00,U25,2025-07-15 08:25:00,2025-07-15 09:00:00,2025-07-15 08:25:00,6327.0,0.0,2025-07-15 09:00:00,6334.5,0.0,46,True
2025-07-16 08:30:00,U25,2025-07-16 08:25:00,2025-07-16 09:00:00,2025-07-16 08:25:00,6284.75,0.0,2025-07-16 09:00:00,6296.5,0.0,46,True
2025-07-16 09:15:00,U25,2025-07-16 09:10:00,2025-07-16 09:45:00,2025-07-16 09:10:00,6296.25,0.0,2025-07-16 09:45:00,6292.75,0.0,46,True
2025-07-17 08:30:00,U25,2025-07-17 08:25:00,2025-07-17 09:00:00,2025-07-17 08:25:00,6301.0,0.0,2025-07-17 09:00:00,6313.25,0.0,46,True
2025-07-18 08:30:00,U25,2025-07-18 08:25:00,2025-07-18 09:00:00,2025-07-18 08:25:00,6345.75,0.0,2025-07-18 09:00:00,6347.25,0.0,46,True
2025-07-23 10:00:00,U25,2025-07-23 09:55:00,2025-07-23 10:30:00,2025-07-23 09:55:00,6359.25,0.0,2025-07-23 10:30:00,6363.0,0.0,46,True
2025-07-24 10:00:00,U25,2025-07-24 09:55:00,2025-07-24 10:30:00,2025-07-24 09:55:00,6404.25,0.0,2025-07-24 10:30:00,6404.75,0.0,46,True
2025-07-25 08:30:00,U25,2025-07-25 08:25:00,2025-07-25 09:00:00,2025-07-25 08:25:00,6409.5,0.0,2025-07-25 09:00:00,6406.75,0.0,46,True
2025-07-30 08:30:00,U25,2025-07-30 08:25:00,2025-07-30 09:00:00,2025-07-30 08:25:00,6412.25,0.0,2025-07-30 09:00:00,6410.25,0.0,46,True
2025-07-31 08:30:00,U25,2025-07-31 08:25:00,2025-07-31 09:00:00,2025-07-31 08:25:00,6453.75,0.0,2025-07-31 09:00:00,6454.5,0.0,46,True
2025-08-01 08:30:00,U25,2025-08-01 08:25:00,2025-08-01 09:00:00,2025-08-01 08:25:00,6316.0,0.0,2025-08-01 09:00:00,6312.5,0.0,46,True
2025-08-01 10:00:00,U25,2025-08-01 09:55:00,2025-08-01 10:30:00,2025-08-01 09:55:00,6264.25,0.0,2025-08-01 10:30:00,6281.5,0.0,46,True
2025-08-05 10:00:00,U25,2025-08-05 09:55:00,2025-08-05 10:30:00,2025-08-05 09:55:00,6365.5,0.0,2025-08-05 10:30:00,6342.25,0.0,46,True
2025-08-12 08:30:00,U25,2025-08-12 08:25:00,2025-08-12 09:00:00,2025-08-12 08:25:00,6403.0,0.0,2025-08-12 09:00:00,6430.5,0.0,46,True
2025-08-14 08:30:00,U25,2025-08-14 08:25:00,2025-08-14 09:00:00,2025-08-14 08:25:00,6488.5,0.0,2025-08-14 09:00:00,6461.25,0.0,46,True
2025-08-15 08:30:00,U25,2025-08-15 08:25:00,2025-08-15 09:00:00,2025-08-15 08:25:00,6492.75,0.0,2025-08-15 09:00:00,6497.5,0.0,46,True
2025-08-15 09:15:00,U25,2025-08-15 09:10:00,2025-08-15 09:45:00,2025-08-15 09:10:00,6497.0,0.0,2025-08-15 09:45:00,6483.0,0.0,46,True
2025-08-19 08:30:00,U25,2025-08-19 08:25:00,2025-08-19 09:00:00,2025-08-19 08:25:00,6467.0,0.0,2025-08-19 09:00:00,6463.75,0.0,46,True
2025-08-21 10:00:00,U25,2025-08-21 09:55:00,2025-08-21 10:30:00,2025-08-21 09:55:00,6385.5,0.0,2025-08-21 10:30:00,6407.75,0.0,46,True
2025-08-25 10:00:00,U25,2025-08-25 09:55:00,2025-08-25 10:30:00,2025-08-25 09:55:00,6467.5,0.0,2025-08-25 10:30:00,6470.0,0.0,46,True
2025-08-26 08:30:00,U25,2025-08-26 08:25:00,2025-08-26 09:00:00,2025-08-26 08:25:00,6449.25,0.0,2025-08-26 09:00:00,6450.75,0.0,46,True
2025-08-29 08:30:00,U25,2025-08-29 08:25:00,2025-08-29 09:00:00,2025-08-29 08:25:00,6495.0,0.0,2025-08-29 09:00:00,6501.0,0.0,46,True
2025-09-02 10:00:00,U25,2025-09-02 09:55:00,2025-09-02 10:30:00,2025-09-02 09:55:00,6413.25,0.0,2025-09-02 10:30:00,6415.0,0.0,46,True
2025-09-04 10:00:00,U25,2025-09-04 09:55:00,2025-09-04 10:30:00,2025-09-04 09:55:00,6468.25,0.0,2025-09-04 10:30:00,6472.5,0.0,46,True
2025-09-05 08:30:00,U25,2025-09-05 08:25:00,2025-09-05 09:00:00,2025-09-05 08:25:00,6516.75,0.0,2025-09-05 09:00:00,6536.25,0.0,46,True
2025-09-10 08:30:00,U25,2025-09-10 08:25:00,2025-09-10 09:00:00,2025-09-10 08:25:00,6541.25,0.0,2025-09-10 09:00:00,6553.0,0.0,46,True
2025-09-11 08:30:00,U25,2025-09-11 08:25:00,2025-09-11 09:00:00,2025-09-11 08:25:00,6552.5,0.0,2025-09-11 09:00:00,6557.75,0.0,46,True
2025-09-16 08:30:00,Z25,2025-09-16 08:25:00,2025-09-16 09:00:00,2025-09-16 08:25:00,6686.5,0.0,2025-09-16 09:00:00,6683.75,0.0,46,True
2025-09-16 09:15:00,Z25,2025-09-16 09:10:00,2025-09-16 09:45:00,2025-09-16 09:10:00,6683.75,0.0,2025-09-16 09:45:00,6676.5,0.0,46,True
2025-09-17 08:30:00,Z25,2025-09-17 08:25:00,2025-09-17 09:00:00,2025-09-17 08:25:00,6664.75,0.0,2025-09-17 09:00:00,6667.0,0.0,46,True
2025-09-24 10:00:00,Z25,2025-09-24 09:55:00,2025-09-24 10:30:00,2025-09-24 09:55:00,6710.5,0.0,2025-09-24 10:30:00,6714.25,0.0,46,True
2025-09-25 08:30:00,Z25,2025-09-25 08:25:00,2025-09-25 09:00:00,2025-09-25 08:25:00,6671.75,0.0,2025-09-25 09:00:00,6658.75,0.0,46,True
2025-09-25 10:00:00,Z25,2025-09-25 09:55:00,2025-09-25 10:30:00,2025-09-25 09:55:00,6638.0,0.0,2025-09-25 10:30:00,6665.75,0.0,46,True
2025-09-26 08:30:00,Z25,2025-09-26 08:25:00,2025-09-26 09:00:00,2025-09-26 08:25:00,6669.25,0.0,2025-09-26 09:00:00,6678.0,0.0,46,True
2025-10-01 10:00:00,Z25,2025-10-01 09:55:00,2025-10-01 10:30:00,2025-10-01 09:55:00,6712.75,0.0,2025-10-01 10:30:00,6730.5,0.0,46,True
2025-10-03 10:00:00,Z25,2025-10-03 09:55:00,2025-10-03 10:30:00,2025-10-03 09:55:00,6783.0,0.0,2025-10-03 10:30:00,6786.75,0.0,46,True
2025-10-23 10:00:00,Z25,2025-10-23 09:55:00,2025-10-23 10:30:00,2025-10-23 09:55:00,6761.25,0.0,2025-10-23 10:30:00,6751.0,0.0,46,True
2025-10-24 08:30:00,Z25,2025-10-24 08:25:00,2025-10-24 09:00:00,2025-10-24 08:25:00,6794.75,0.0,2025-10-24 09:00:00,6812.75,0.0,46,True
2025-11-03 10:00:00,Z25,2025-11-03 09:55:00,2025-11-03 10:30:00,2025-11-03 09:55:00,6874.5,0.0,2025-11-03 10:30:00,6851.0,0.0,46,True
2025-11-05 10:00:00,Z25,2025-11-05 09:55:00,2025-11-05 10:30:00,2025-11-05 09:55:00,6820.0,0.0,2025-11-05 10:30:00,6821.75,0.0,46,True
2025-11-20 08:30:00,Z25,2025-11-20 08:25:00,2025-11-20 09:00:00,2025-11-20 08:25:00,6741.25,0.0,2025-11-20 09:00:00,6768.0,0.0,46,True
2025-11-20 10:00:00,Z25,2025-11-20 09:55:00,2025-11-20 10:30:00,2025-11-20 09:55:00,6780.25,0.0,2025-11-20 10:30:00,6784.5,0.0,46,True
2025-11-25 08:30:00,Z25,2025-11-25 08:25:00,2025-11-25 09:00:00,2025-11-25 08:25:00,6724.75,0.0,2025-11-25 09:00:00,6718.5,0.0,46,True
2025-11-26 08:30:00,Z25,2025-11-26 08:25:00,2025-11-26 09:00:00,2025-11-26 08:25:00,6803.0,0.0,2025-11-26 09:00:00,6801.25,0.0,46,True
2025-12-01 10:00:00,Z25,2025-12-01 09:55:00,2025-12-01 10:30:00,2025-12-01 09:55:00,6840.0,0.0,2025-12-01 10:30:00,6821.0,0.0,46,True
2025-12-03 09:15:00,Z25,2025-12-03 09:10:00,2025-12-03 09:45:00,2025-12-03 09:10:00,6823.0,0.0,2025-12-03 09:45:00,6832.0,0.0,46,True
2025-12-03 10:00:00,Z25,2025-12-03 09:55:00,2025-12-03 10:30:00,2025-12-03 09:55:00,6831.5,0.0,2025-12-03 10:30:00,6839.5,0.0,46,True
2025-12-05 10:00:00,Z25,2025-12-05 09:55:00,2025-12-05 10:30:00,2025-12-05 09:55:00,6889.25,0.0,2025-12-05 10:30:00,6901.25,0.0,46,True
2025-12-16 08:29:00,H26,2025-12-16 08:24:00,2025-12-16 08:59:00,2025-12-16 08:24:00,6875.75,0.0,2025-12-16 08:59:00,6867.75,0.0,46,True
2025-12-16 08:30:00,H26,2025-12-16 08:25:00,2025-12-16 09:00:00,2025-12-16 08:25:00,6876.75,0.0,2025-12-16 09:00:00,6866.5,0.0,46,True
2025-12-18 08:30:00,H26,2025-12-18 08:25:00,2025-12-18 09:00:00,2025-12-18 08:25:00,6808.75,0.0,2025-12-18 09:00:00,6829.25,0.0,46,True
2025-12-19 10:00:00,H26,2025-12-19 09:55:00,2025-12-19 10:30:00,2025-12-19 09:55:00,6873.0,0.0,2025-12-19 10:30:00,6870.0,0.0,46,True
2025-12-23 08:30:00,H26,2025-12-23 08:25:00,2025-12-23 09:00:00,2025-12-23 08:25:00,6926.75,0.0,2025-12-23 09:00:00,6915.75,0.0,46,True
2025-12-23 09:14:00,H26,2025-12-23 09:09:00,2025-12-23 09:44:00,2025-12-23 09:09:00,6915.0,0.0,2025-12-23 09:44:00,6938.5,0.0,46,True
2025-12-23 09:15:00,H26,2025-12-23 09:10:00,2025-12-23 09:45:00,2025-12-23 09:10:00,6914.0,0.0,2025-12-23 09:45:00,6939.0,0.0,46,True
2026-01-05 10:00:00,H26,2026-01-05 09:55:00,2026-01-05 10:30:00,2026-01-05 09:55:00,6939.0,0.0,2026-01-05 10:30:00,6953.75,0.0,46,True
2026-01-07 10:00:00,H26,2026-01-07 09:55:00,2026-01-07 10:30:00,2026-01-07 09:55:00,6995.0,0.0,2026-01-07 10:30:00,6982.5,0.0,46,True
2026-01-09 08:29:00,H26,2026-01-09 08:24:00,2026-01-09 08:59:00,2026-01-09 08:24:00,6973.25,0.0,2026-01-09 08:59:00,6987.0,0.0,46,True
2026-01-09 08:30:00,H26,2026-01-09 08:25:00,2026-01-09 09:00:00,2026-01-09 08:25:00,6972.75,0.0,2026-01-09 09:00:00,6987.25,0.0,46,True
2026-01-13 08:30:00,H26,2026-01-13 08:25:00,2026-01-13 09:00:00,2026-01-13 08:25:00,7006.25,0.0,2026-01-13 09:00:00,7020.25,0.0,46,True
2026-01-13 09:59:00,H26,2026-01-13 09:54:00,2026-01-13 10:29:00,2026-01-13 09:54:00,7007.0,0.0,2026-01-13 10:29:00,6990.0,0.0,46,True
2026-01-13 10:00:00,H26,2026-01-13 09:55:00,2026-01-13 10:30:00,2026-01-13 09:55:00,7009.25,0.0,2026-01-13 10:30:00,6989.75,0.0,46,True
2026-01-14 08:29:00,H26,2026-01-14 08:24:00,2026-01-14 08:59:00,2026-01-14 08:24:00,6978.25,0.0,2026-01-14 08:59:00,6970.75,0.0,46,True
2026-01-14 08:30:00,H26,2026-01-14 08:25:00,2026-01-14 09:00:00,2026-01-14 08:25:00,6977.5,0.0,2026-01-14 09:00:00,6972.0,0.0,46,True
2026-01-14 10:00:00,H26,2026-01-14 09:55:00,2026-01-14 10:30:00,2026-01-14 09:55:00,6956.25,0.0,2026-01-14 10:30:00,6943.75,0.0,46,True
2026-01-16 09:15:00,H26,2026-01-16 09:10:00,2026-01-16 09:45:00,2026-01-16 09:10:00,6992.5,0.0,2026-01-16 09:45:00,6995.5,0.0,46,True
2026-01-22 09:59:00,H26,2026-01-22 09:54:00,2026-01-22 10:29:00,2026-01-22 09:54:00,6941.75,0.0,2026-01-22 10:29:00,6941.0,0.0,46,True
2026-01-22 10:00:00,H26,2026-01-22 09:55:00,2026-01-22 10:30:00,2026-01-22 09:55:00,6937.0,0.0,2026-01-22 10:30:00,6942.75,0.0,46,True
2026-01-26 08:30:00,H26,2026-01-26 08:25:00,2026-01-26 09:00:00,2026-01-26 08:25:00,6944.0,0.0,2026-01-26 09:00:00,6952.0,0.0,46,True
2026-01-30 08:30:00,H26,2026-01-30 08:25:00,2026-01-30 09:00:00,2026-01-30 08:25:00,6959.0,0.0,2026-01-30 09:00:00,6958.5,0.0,46,True
2026-02-02 10:00:00,H26,2026-02-02 09:55:00,2026-02-02 10:30:00,2026-02-02 09:55:00,6981.75,0.0,2026-02-02 10:30:00,6992.5,0.0,46,True
2026-02-04 10:00:00,H26,2026-02-04 09:55:00,2026-02-04 10:30:00,2026-02-04 09:55:00,6943.25,0.0,2026-02-04 10:30:00,6939.5,0.0,46,True
2026-02-10 08:30:00,H26,2026-02-10 08:25:00,2026-02-10 09:00:00,2026-02-10 08:25:00,6979.25,0.0,2026-02-10 09:00:00,6985.0,0.0,46,True
2026-02-11 08:30:00,H26,2026-02-11 08:25:00,2026-02-11 09:00:00,2026-02-11 08:25:00,6973.25,0.0,2026-02-11 09:00:00,7002.75,0.0,46,True
2026-02-12 10:00:00,H26,2026-02-12 09:55:00,2026-02-12 10:30:00,2026-02-12 09:55:00,6973.25,0.0,2026-02-12 10:30:00,6973.0,0.0,46,True
2026-02-13 08:30:00,H26,2026-02-13 08:25:00,2026-02-13 09:00:00,2026-02-13 08:25:00,6838.25,0.0,2026-02-13 09:00:00,6857.25,0.0,46,True
2026-02-18 08:29:00,H26,2026-02-18 08:24:00,2026-02-18 08:59:00,2026-02-18 08:24:00,6885.25,0.0,2026-02-18 08:59:00,6873.75,0.0,46,True
2026-02-18 08:30:00,H26,2026-02-18 08:25:00,2026-02-18 09:00:00,2026-02-18 08:25:00,6887.0,0.0,2026-02-18 09:00:00,6873.0,0.0,46,True
2026-02-18 09:15:00,H26,2026-02-18 09:10:00,2026-02-18 09:45:00,2026-02-18 09:10:00,6876.75,0.0,2026-02-18 09:45:00,6886.0,0.0,46,True
2026-02-20 08:30:00,H26,2026-02-20 08:25:00,2026-02-20 09:00:00,2026-02-20 08:25:00,6871.25,0.0,2026-02-20 09:00:00,6861.0,0.0,46,True
2026-02-20 09:59:00,H26,2026-02-20 09:54:00,2026-02-20 10:29:00,2026-02-20 09:54:00,6871.5,0.0,2026-02-20 10:29:00,6898.75,0.0,46,True
2026-02-20 10:00:00,H26,2026-02-20 09:55:00,2026-02-20 10:30:00,2026-02-20 09:55:00,6873.0,0.0,2026-02-20 10:30:00,6898.25,0.0,46,True
2026-02-27 08:30:00,H26,2026-02-27 08:25:00,2026-02-27 09:00:00,2026-02-27 08:25:00,6870.0,0.0,2026-02-27 09:00:00,6863.5,0.0,46,True
2026-03-02 10:00:00,H26,2026-03-02 09:55:00,2026-03-02 10:30:00,2026-03-02 09:55:00,6849.75,0.0,2026-03-02 10:30:00,6858.25,0.0,46,True
2026-03-04 10:00:00,H26,2026-03-04 09:55:00,2026-03-04 10:30:00,2026-03-04 09:55:00,6830.75,0.0,2026-03-04 10:30:00,6880.5,0.0,46,True
2026-03-06 08:30:00,H26,2026-03-06 08:25:00,2026-03-06 09:00:00,2026-03-06 08:25:00,6796.5,0.0,2026-03-06 09:00:00,6741.5,0.0,46,True
2026-03-10 10:00:00,H26,2026-03-10 09:55:00,2026-03-10 10:30:00,2026-03-10 09:55:00,6779.25,0.0,2026-03-10 10:30:00,6801.5,0.0,46,True
2026-03-11 08:30:00,H26,2026-03-11 08:25:00,2026-03-11 09:00:00,2026-03-11 08:25:00,6784.5,0.0,2026-03-11 09:00:00,6776.25,0.0,46,True
2026-03-12 08:30:00,H26,2026-03-12 08:25:00,2026-03-12 09:00:00,2026-03-12 08:25:00,6737.25,0.0,2026-03-12 09:00:00,6735.75,0.0,46,True
2026-03-13 08:30:00,M26,2026-03-13 08:25:00,2026-03-13 09:00:00,2026-03-13 08:25:00,6749.25,0.0,2026-03-13 09:00:00,6759.5,0.0,46,True
2026-03-16 09:15:00,M26,2026-03-16 09:10:00,2026-03-16 09:45:00,2026-03-16 09:10:00,6746.0,0.0,2026-03-16 09:45:00,6768.5,0.0,46,True
2026-03-18 08:30:00,M26,2026-03-18 08:25:00,2026-03-18 09:00:00,2026-03-18 08:25:00,6769.25,0.0,2026-03-18 09:00:00,6737.0,0.0,46,True
2026-03-19 10:00:00,M26,2026-03-19 09:55:00,2026-03-19 10:30:00,2026-03-19 09:55:00,6641.75,0.0,2026-03-19 10:30:00,6625.75,0.0,46,True
2026-04-01 08:30:00,M26,2026-04-01 08:25:00,2026-04-01 09:00:00,2026-04-01 08:25:00,6615.25,0.0,2026-04-01 09:00:00,6595.25,0.0,46,True
2026-04-01 10:00:00,M26,2026-04-01 09:55:00,2026-04-01 10:30:00,2026-04-01 09:55:00,6610.0,0.0,2026-04-01 10:30:00,6621.75,0.0,46,True
2026-04-03 08:30:00,M26,2026-04-03 08:25:00,2026-04-03 09:00:00,2026-04-03 08:25:00,6612.5,0.0,2026-04-03 09:00:00,6600.5,0.0,46,True
2026-04-06 10:00:00,M26,2026-04-06 09:55:00,2026-04-06 10:30:00,2026-04-06 09:55:00,6636.75,0.0,2026-04-06 10:30:00,6652.25,0.0,46,True
2026-04-07 08:30:00,M26,2026-04-07 08:25:00,2026-04-07 09:00:00,2026-04-07 08:25:00,6625.5,0.0,2026-04-07 09:00:00,6622.0,0.0,46,True
2026-04-09 08:30:00,M26,2026-04-09 08:25:00,2026-04-09 09:00:00,2026-04-09 08:25:00,6806.5,0.0,2026-04-09 09:00:00,6806.75,0.0,46,True
2026-04-10 08:30:00,M26,2026-04-10 08:25:00,2026-04-10 09:00:00,2026-04-10 08:25:00,6867.0,0.0,2026-04-10 09:00:00,6870.5,0.0,46,True
2026-04-13 10:00:00,M26,2026-04-13 09:55:00,2026-04-13 10:30:00,2026-04-13 09:55:00,6846.75,0.0,2026-04-13 10:30:00,6857.0,0.0,46,True
2026-04-14 08:30:00,M26,2026-04-14 08:25:00,2026-04-14 09:00:00,2026-04-14 08:25:00,6938.0,0.0,2026-04-14 09:00:00,6939.0,0.0,46,True
2026-04-16 09:15:00,M26,2026-04-16 09:10:00,2026-04-16 09:45:00,2026-04-16 09:10:00,7072.25,0.0,2026-04-16 09:45:00,7068.5,0.0,46,True
2026-04-21 08:30:00,M26,2026-04-21 08:25:00,2026-04-21 09:00:00,2026-04-21 08:25:00,7170.5,0.0,2026-04-21 09:00:00,7165.0,0.0,46,True
2026-04-29 08:29:00,M26,2026-04-29 08:24:00,2026-04-29 08:59:00,2026-04-29 08:24:00,7171.75,0.0,2026-04-29 08:59:00,7169.0,0.0,46,True
2026-04-29 08:30:00,M26,2026-04-29 08:25:00,2026-04-29 09:00:00,2026-04-29 08:25:00,7172.25,0.0,2026-04-29 09:00:00,7170.75,0.0,46,True
2026-04-30 08:30:00,M26,2026-04-30 08:25:00,2026-04-30 09:00:00,2026-04-30 08:25:00,7209.0,0.0,2026-04-30 09:00:00,7205.25,0.0,46,True
2026-05-01 10:00:00,M26,2026-05-01 09:55:00,2026-05-01 10:30:00,2026-05-01 09:55:00,7284.25,0.0,2026-05-01 10:30:00,7290.75,0.0,46,True
2026-05-05 09:59:00,M26,2026-05-05 09:54:00,2026-05-05 10:29:00,2026-05-05 09:54:00,7272.75,0.0,2026-05-05 10:29:00,7282.5,0.0,46,True
2026-05-05 10:00:00,M26,2026-05-05 09:55:00,2026-05-05 10:30:00,2026-05-05 09:55:00,7273.5,0.0,2026-05-05 10:30:00,7281.0,0.0,46,True
