Date (UTC),Timestamp (UTC),≤2.0%,2.1%,2.2%,2.3%,2.4%,2.5%,2.6%,2.7%,≥2.8%
02-13-2026 23:00,1771023600,0.41,0.41,0.41,0.41,0.425,0.41,0.41,0.41,0.41
02-14-2026 00:00,1771027200,0.405,0.405,0.41,0.41,0.425,0.41,0.41,0.41,0.41
02-14-2026 01:00,1771030800,0.355,0.355,0.355,0.355,0.37,0.355,0.355,0.355,0.355
02-14-2026 02:00,1771034400,0.365,0.355,0.355,0.355,0.375,0.355,0.355,0.355,0.305
02-14-2026 03:00,1771038000,0.36,0.355,0.355,0.35,0.375,0.355,0.355,0.355,0.305
02-14-2026 04:00,1771041600,0.365,0.355,0.355,0.35,0.375,0.355,0.355,0.355,0.305
02-14-2026 05:00,1771045200,0.37,0.355,0.355,0.355,0.37,0.355,0.355,0.355,0.305
02-14-2026 06:00,1771048800,0.36,0.355,0.355,0.355,0.37,0.355,0.355,0.355,0.305
02-14-2026 07:00,1771052400,0.36,0.345,0.345,0.355,0.37,0.345,0.345,0.345,0.305
02-14-2026 08:00,1771056000,0.285,0.28,0.28,0.28,0.29,0.28,0.28,0.28,0.28
02-14-2026 09:00,1771059600,0.29,0.28,0.28,0.28,0.295,0.28,0.28,0.28,0.28
02-14-2026 10:00,1771063200,0.28,0.28,0.28,0.28,0.29,0.28,0.28,0.28,0.28
02-14-2026 11:00,1771066800,0.285,0.275,0.28,0.28,0.3,0.275,0.28,0.275,0.275
02-14-2026 12:00,1771070400,0.28,0.275,0.27,0.27,0.29,0.275,0.27,0.275,0.275
02-14-2026 13:00,1771074000,0.28,0.275,0.27,0.27,0.29,0.275,0.27,0.275,0.275
02-14-2026 14:00,1771077600,0.285,0.275,0.27,0.27,0.295,0.275,0.27,0.275,0.275
02-14-2026 15:00,1771081200,0.28,0.275,0.27,0.27,0.29,0.275,0.27,0.275,0.275
02-14-2026 16:00,1771084800,0.29,0.275,0.26,0.27,0.295,0.275,0.27,0.275,0.275
02-14-2026 17:00,1771088400,0.27,0.25,0.275,0.275,0.3,0.28,0.27,0.275,0.275
02-14-2026 18:00,1771092000,0.27,0.25,0.275,0.265,0.3,0.28,0.27,0.275,0.275
02-14-2026 19:00,1771095600,0.27,0.25,0.275,0.275,0.3,0.28,0.27,0.275,0.275
02-14-2026 21:00,1771102800,0.27,0.25,0.275,0.275,0.3,0.28,0.27,0.275,0.275
02-14-2026 22:00,1771106400,0.265,0.25,0.26,0.26,0.305,0.285,0.275,0.28,0.28
02-14-2026 23:00,1771110000,0.145,0.25,0.255,0.275,0.3,0.28,0.27,0.275,0.265
02-15-2026 00:00,1771113600,0.145,0.25,0.265,0.215,0.3,0.28,0.27,0.275,0.265
02-15-2026 01:00,1771117200,0.15,0.25,0.265,0.285,0.305,0.285,0.27,0.275,0.245
02-15-2026 02:00,1771120800,0.145,0.245,0.265,0.26,0.31,0.27,0.265,0.275,0.245
02-15-2026 03:00,1771124400,0.145,0.245,0.22,0.2,0.275,0.285,0.265,0.275,0.24
02-15-2026 04:00,1771128000,0.16,0.23,0.215,0.24,0.315,0.215,0.22,0.22,0.215
02-15-2026 05:00,1771131600,0.12,0.235,0.195,0.205,0.325,0.235,0.24,0.225,0.22
02-15-2026 06:00,1771135200,0.12,0.195,0.135,0.165,0.32,0.16,0.125,0.135,0.135
02-15-2026 07:00,1771138800,0.12,0.205,0.155,0.175,0.26,0.195,0.14,0.18,0.165
02-15-2026 08:00,1771142400,0.12,0.19,0.18,0.14,0.215,0.195,0.165,0.165,0.195
02-15-2026 09:00,1771146000,0.12,0.19,0.125,0.135,0.24,0.18,0.18,0.21,0.19
02-15-2026 10:00,1771149600,0.12,0.17,0.13,0.165,0.24,0.17,0.165,0.155,0.2
02-15-2026 11:00,1771153200,0.12,0.16,0.125,0.125,0.215,0.18,0.155,0.13,0.17
02-15-2026 12:00,1771156800,0.1,0.18,0.15,0.145,0.22,0.255,0.175,0.16,0.185
02-15-2026 13:00,1771160400,0.1,0.2,0.125,0.15,0.2,0.165,0.18,0.13,0.165
02-15-2026 14:00,1771164000,0.1,0.16,0.1,0.27,0.2,0.175,0.105,0.11,0.15
02-15-2026 15:00,1771167600,0.1,0.14,0.095,0.255,0.19,0.195,0.09,0.135,0.135
02-15-2026 16:00,1771171200,0.07,0.13,0.07,0.27,0.19,0.11,0.075,0.1,0.08
02-15-2026 17:00,1771174800,0.085,0.16,0.07,0.295,0.17,0.1,0.08,0.095,0.075
02-15-2026 18:00,1771178400,0.145,0.155,0.085,0.31,0.22,0.1,0.08,0.055,0.075
02-15-2026 19:00,1771182000,0.09,0.205,0.085,0.355,0.21,0.1,0.075,0.05,0.075
02-15-2026 20:00,1771185600,0.095,0.205,0.095,0.335,0.2,0.1,0.075,0.05,0.075
02-15-2026 21:00,1771189200,0.145,0.21,0.095,0.32,0.195,0.1,0.065,0.05,0.075
02-15-2026 22:00,1771192800,0.14,0.21,0.065,0.33,0.19,0.1,0.065,0.05,0.075
02-15-2026 23:00,1771196400,0.085,0.21,0.065,0.33,0.21,0.1,0.07,0.0795,0.075
02-16-2026 00:00,1771200000,0.125,0.21,0.065,0.335,0.195,0.1,0.065,0.054,0.075
02-16-2026 01:00,1771203600,0.1,0.21,0.065,0.335,0.235,0.1,0.065,0.153,0.075
02-16-2026 02:00,1771207200,0.15,0.17,0.065,0.2,0.31,0.1,0.245,0.189,0.075
02-16-2026 03:00,1771210800,0.125,0.14,0.05,0.15,0.28,0.1,0.125,0.1015,0.07
02-16-2026 04:00,1771214400,0.08,0.18,0.065,0.21,0.345,0.1,0.21,0.208,0.065
02-16-2026 05:00,1771218000,0.11,0.18,0.045,0.35,0.23,0.105,0.055,0.1775,0.075
02-16-2026 06:00,1771221600,0.075,0.12,0.045,0.33,0.235,0.1,0.055,0.05,0.075
02-16-2026 07:00,1771225200,0.075,0.16,0.065,0.25,0.235,0.09,0.08,0.0485,0.07
02-16-2026 08:00,1771228800,0.07,0.09,0.055,0.23,0.25,0.105,0.06,0.0415,0.07
02-16-2026 09:00,1771232400,0.065,0.145,0.055,0.35,0.215,0.105,0.065,0.0415,0.075
02-16-2026 10:00,1771236000,0.065,0.16,0.055,0.355,0.255,0.11,0.065,0.1645,0.075
02-16-2026 11:00,1771239600,0.06,0.085,0.045,0.305,0.285,0.1,0.055,0.1535,0.08
02-16-2026 12:00,1771243200,0.06,0.09,0.045,0.3,0.23,0.1,0.055,0.1475,0.075
02-16-2026 13:00,1771246800,0.06,0.085,0.06,0.34,0.165,0.1,0.055,0.1375,0.08
02-16-2026 14:00,1771250400,0.06,0.1,0.06,0.29,0.26,0.1,0.055,0.109,0.075
02-16-2026 15:00,1771254000,0.06,0.09,0.06,0.3,0.22,0.1,0.055,0.0715,0.195
02-16-2026 16:00,1771257600,0.06,0.09,0.06,0.27,0.16,0.1,0.055,0.1105,0.21
02-16-2026 17:00,1771261200,0.06,0.09,0.06,0.32,0.145,0.1,0.055,0.125,0.235
02-16-2026 18:00,1771264800,0.06,0.085,0.06,0.325,0.165,0.1,0.055,0.0895,0.235
02-16-2026 19:00,1771268400,0.06,0.085,0.06,0.305,0.165,0.1,0.055,0.1505,0.22
02-16-2026 20:00,1771272000,0.06,0.09,0.06,0.295,0.165,0.1,0.055,0.1365,0.22
02-16-2026 21:00,1771275600,0.06,0.09,0.06,0.315,0.175,0.1,0.055,0.1355,0.235
02-16-2026 22:00,1771279200,0.06,0.09,0.06,0.235,0.16,0.1,0.055,0.14,0.22
02-16-2026 23:00,1771282800,0.06,0.09,0.06,0.23,0.165,0.1,0.055,0.1635,0.195
02-17-2026 00:00,1771286400,0.06,0.09,0.06,0.225,0.145,0.1,0.055,0.1335,0.205
02-17-2026 01:00,1771290000,0.06,0.09,0.06,0.225,0.14,0.1,0.055,0.1515,0.21
02-17-2026 02:00,1771293600,0.06,0.09,0.06,0.22,0.165,0.1,0.055,0.15,0.21
02-17-2026 03:00,1771297200,0.06,0.09,0.06,0.235,0.165,0.1,0.055,0.158,0.205
02-17-2026 04:00,1771300800,0.06,0.09,0.06,0.24,0.19,0.1,0.055,0.1495,0.2
02-17-2026 05:00,1771304400,0.06,0.09,0.06,0.235,0.15,0.1,0.055,0.1495,0.21
02-17-2026 06:00,1771308000,0.06,0.09,0.06,0.24,0.155,0.1,0.055,0.1635,0.21
02-17-2026 07:00,1771311600,0.06,0.09,0.06,0.24,0.155,0.1,0.055,0.161,0.215
02-17-2026 08:00,1771315200,0.06,0.09,0.06,0.22,0.155,0.1,0.06,0.1605,0.22
02-17-2026 09:00,1771318800,0.06,0.09,0.06,0.24,0.155,0.1,0.06,0.1495,0.22
02-17-2026 10:00,1771322400,0.06,0.09,0.06,0.15,0.155,0.1,0.06,0.1495,0.175
02-17-2026 11:00,1771326000,0.06,0.08,0.06,0.18,0.155,0.095,0.06,0.1485,0.17
02-17-2026 12:00,1771329600,0.06,0.08,0.06,0.23,0.155,0.095,0.06,0.1485,0.17
02-17-2026 13:00,1771333200,0.06,0.08,0.06,0.205,0.155,0.1,0.06,0.1545,0.18
02-17-2026 14:00,1771336800,0.06,0.09,0.06,0.24,0.155,0.1,0.06,0.1525,0.18
02-17-2026 15:00,1771340400,0.06,0.09,0.06,0.24,0.155,0.1,0.06,0.1565,0.18
02-17-2026 16:00,1771344000,0.06,0.09,0.06,0.24,0.155,0.1,0.06,0.1525,0.18
02-17-2026 17:00,1771347600,0.06,0.09,0.06,0.24,0.155,0.1,0.06,0.153,0.18
02-17-2026 18:00,1771351200,0.06,0.09,0.06,0.24,0.155,0.1,0.065,0.1515,0.18
02-17-2026 19:00,1771354800,0.06,0.085,0.06,0.26,0.15,0.105,0.06,0.143,0.17
02-17-2026 20:00,1771358400,0.06,0.09,0.06,0.245,0.16,0.105,0.06,0.1445,0.165
02-17-2026 21:00,1771362000,0.06,0.09,0.06,0.245,0.16,0.105,0.06,0.1445,0.17
02-17-2026 22:00,1771365600,0.06,0.09,0.06,0.235,0.165,0.105,0.065,0.1445,0.17
02-17-2026 23:00,1771369200,0.06,0.09,0.06,0.215,0.195,0.105,0.06,0.1415,0.135
02-18-2026 00:00,1771372800,0.06,0.09,0.06,0.225,0.155,0.265,0.06,0.1445,0.14
02-18-2026 01:00,1771376400,0.06,0.09,0.06,0.23,0.155,0.25,0.06,0.134,0.135
02-18-2026 02:00,1771380000,0.06,0.09,0.06,0.245,0.155,0.245,0.06,0.145,0.14
02-18-2026 03:00,1771383600,0.06,0.09,0.06,0.245,0.155,0.26,0.06,0.134,0.14
02-18-2026 04:00,1771387200,0.06,0.09,0.06,0.24,0.16,0.27,0.06,0.144,0.14
02-18-2026 05:00,1771390800,0.06,0.09,0.06,0.24,0.21,0.28,0.06,0.144,0.14
02-18-2026 06:00,1771394400,0.06,0.09,0.06,0.23,0.155,0.265,0.06,0.117,0.14
02-18-2026 07:00,1771398000,0.06,0.09,0.06,0.195,0.155,0.235,0.06,0.1445,0.145
02-18-2026 08:00,1771401600,0.06,0.09,0.06,0.21,0.155,0.235,0.055,0.1445,0.145
02-18-2026 09:00,1771405200,0.06,0.09,0.06,0.24,0.155,0.285,0.06,0.1445,0.145
02-18-2026 10:00,1771408800,0.06,0.09,0.06,0.215,0.155,0.225,0.06,0.1445,0.105
02-18-2026 11:00,1771412400,0.06,0.08,0.06,0.245,0.155,0.225,0.06,0.1445,0.1
02-18-2026 12:00,1771416000,0.06,0.08,0.06,0.23,0.155,0.3,0.055,0.145,0.105
02-18-2026 13:00,1771419600,0.06,0.08,0.06,0.24,0.28,0.25,0.06,0.145,0.105
02-18-2026 14:00,1771423200,0.06,0.09,0.06,0.205,0.205,0.235,0.06,0.145,0.105
02-18-2026 15:00,1771426800,0.06,0.09,0.06,0.195,0.155,0.235,0.06,0.145,0.105
02-18-2026 16:00,1771430400,0.06,0.09,0.06,0.225,0.155,0.22,0.06,0.1445,0.105
02-18-2026 17:00,1771434000,0.06,0.09,0.06,0.225,0.155,0.215,0.06,0.1445,0.105
02-18-2026 18:00,1771437600,0.06,0.09,0.06,0.195,0.155,0.23,0.06,0.128,0.105
02-18-2026 19:00,1771441200,0.06,0.09,0.06,0.185,0.155,0.225,0.06,0.145,0.105
02-18-2026 20:00,1771444800,0.06,0.09,0.06,0.235,0.155,0.225,0.06,0.145,0.105
02-18-2026 21:00,1771448400,0.06,0.09,0.06,0.19,0.155,0.23,0.06,0.1455,0.105
02-18-2026 22:00,1771452000,0.06,0.09,0.06,0.23,0.155,0.25,0.06,0.139,0.105
02-18-2026 23:00,1771455600,0.06,0.09,0.06,0.225,0.135,0.27,0.06,0.144,0.105
02-19-2026 00:00,1771459200,0.06,0.09,0.06,0.225,0.23,0.24,0.06,0.145,0.105
02-19-2026 01:00,1771462800,0.06,0.09,0.06,0.195,0.215,0.26,0.06,0.1435,0.105
02-19-2026 02:00,1771466400,0.06,0.09,0.06,0.23,0.235,0.25,0.06,0.1435,0.105
02-19-2026 03:00,1771470000,0.06,0.09,0.06,0.23,0.16,0.24,0.06,0.1435,0.105
02-19-2026 04:00,1771473600,0.06,0.09,0.06,0.225,0.25,0.29,0.055,0.1445,0.105
02-19-2026 05:00,1771477200,0.06,0.09,0.06,0.205,0.17,0.23,0.055,0.143,0.105
02-19-2026 06:00,1771480800,0.06,0.09,0.06,0.23,0.155,0.23,0.055,0.143,0.105
02-19-2026 07:00,1771484400,0.06,0.09,0.06,0.22,0.155,0.225,0.055,0.119,0.105
02-19-2026 08:00,1771488000,0.06,0.09,0.06,0.165,0.155,0.235,0.22,0.145,0.105
02-19-2026 09:00,1771491600,0.06,0.09,0.06,0.24,0.155,0.265,0.18,0.143,0.105
02-19-2026 10:00,1771495200,0.06,0.09,0.06,0.205,0.155,0.26,0.195,0.1405,0.105
02-19-2026 11:00,1771498800,0.06,0.085,0.06,0.22,0.155,0.275,0.17,0.145,0.11
02-19-2026 12:00,1771502400,0.06,0.085,0.06,0.22,0.155,0.275,0.17,0.145,0.11
02-19-2026 13:00,1771506000,0.06,0.085,0.06,0.24,0.155,0.245,0.165,0.145,0.105
02-19-2026 14:00,1771509600,0.06,0.09,0.06,0.205,0.155,0.25,0.145,0.1435,0.105
02-19-2026 15:00,1771513200,0.06,0.08,0.06,0.215,0.155,0.275,0.15,0.1435,0.105
02-19-2026 16:00,1771516800,0.06,0.08,0.06,0.225,0.155,0.265,0.155,0.1445,0.105
02-19-2026 17:00,1771520400,0.06,0.065,0.06,0.215,0.13,0.275,0.165,0.137,0.105
02-19-2026 18:00,1771524000,0.06,0.055,0.06,0.21,0.13,0.265,0.16,0.1365,0.105
02-19-2026 19:00,1771527600,0.06,0.055,0.06,0.21,0.13,0.26,0.16,0.136,0.105
02-19-2026 20:00,1771531200,0.06,0.055,0.06,0.21,0.13,0.255,0.16,0.1365,0.105
02-19-2026 21:00,1771534800,0.06,0.055,0.06,0.21,0.13,0.27,0.16,0.124,0.105
02-19-2026 22:00,1771538400,0.06,0.055,0.06,0.205,0.13,0.255,0.16,0.136,0.105
02-19-2026 23:00,1771542000,0.06,0.045,0.06,0.195,0.125,0.25,0.16,0.1345,0.105
02-20-2026 00:00,1771545600,0.06,0.04,0.06,0.195,0.125,0.25,0.155,0.1345,0.105
02-20-2026 01:00,1771549200,0.06,0.04,0.06,0.195,0.13,0.25,0.155,0.1345,0.105
02-20-2026 02:00,1771552800,0.06,0.04,0.06,0.21,0.13,0.245,0.175,0.133,0.105
02-20-2026 03:00,1771556400,0.06,0.0445,0.06,0.175,0.13,0.27,0.185,0.13,0.105
02-20-2026 04:00,1771560000,0.06,0.0685,0.06,0.155,0.13,0.24,0.195,0.1445,0.11
02-20-2026 05:00,1771563600,0.06,0.0685,0.06,0.195,0.13,0.23,0.16,0.1415,0.11
02-20-2026 06:00,1771567200,0.06,0.0795,0.06,0.195,0.13,0.275,0.18,0.143,0.105
02-20-2026 07:00,1771570800,0.06,0.079,0.06,0.195,0.145,0.275,0.175,0.14,0.105
02-20-2026 08:00,1771574400,0.06,0.079,0.06,0.195,0.13,0.275,0.18,0.1445,0.105
02-20-2026 09:00,1771578000,0.06,0.079,0.06,0.19,0.13,0.275,0.19,0.1445,0.105
02-20-2026 10:00,1771581600,0.06,0.079,0.06,0.115,0.115,0.275,0.2,0.1395,0.105
02-20-2026 11:00,1771585200,0.06,0.079,0.06,0.135,0.115,0.28,0.195,0.1345,0.105
02-20-2026 12:00,1771588800,0.06,0.0785,0.06,0.14,0.115,0.305,0.195,0.136,0.1
02-20-2026 13:00,1771592400,0.06,0.0795,0.06,0.12,0.115,0.245,0.21,0.1275,0.105
02-20-2026 14:00,1771596000,0.06,0.0795,0.06,0.12,0.13,0.235,0.2,0.1245,0.105
02-20-2026 15:00,1771599600,0.06,0.0795,0.06,0.12,0.13,0.23,0.21,0.1175,0.105
02-20-2026 16:00,1771603200,0.06,0.0795,0.06,0.115,0.11,0.22,0.205,0.111,0.105
02-20-2026 17:00,1771606800,0.06,0.0795,0.06,0.17,0.105,0.215,0.2,0.1035,0.1
02-20-2026 18:00,1771610400,0.06,0.0795,0.06,0.125,0.105,0.23,0.21,0.102,0.105
02-20-2026 19:00,1771614000,0.06,0.0795,0.06,0.185,0.105,0.215,0.185,0.096,0.105
02-20-2026 20:00,1771617600,0.06,0.0795,0.06,0.185,0.105,0.215,0.22,0.0915,0.105
02-20-2026 21:00,1771621200,0.06,0.0795,0.06,0.155,0.105,0.21,0.215,0.0855,0.105
02-20-2026 22:00,1771624800,0.06,0.0805,0.06,0.115,0.105,0.205,0.215,0.1355,0.105
02-20-2026 23:00,1771628400,0.06,0.0805,0.06,0.115,0.105,0.215,0.215,0.132,0.105
02-21-2026 00:00,1771632000,0.06,0.0805,0.06,0.115,0.105,0.24,0.215,0.1355,0.105
02-21-2026 01:00,1771635600,0.06,0.0805,0.06,0.15,0.105,0.24,0.2,0.1305,0.105
02-21-2026 02:00,1771639200,0.06,0.0805,0.06,0.125,0.105,0.235,0.225,0.1355,0.105
02-21-2026 03:00,1771642800,0.06,0.0805,0.06,0.145,0.105,0.23,0.22,0.129,0.1
02-21-2026 04:00,1771646400,0.06,0.079,0.06,0.12,0.12,0.235,0.195,0.126,0.1
02-21-2026 05:00,1771650000,0.06,0.079,0.06,0.16,0.12,0.23,0.175,0.119,0.1
02-21-2026 06:00,1771653600,0.06,0.0805,0.06,0.13,0.12,0.245,0.19,0.115,0.1
02-21-2026 07:00,1771657200,0.06,0.0805,0.06,0.175,0.12,0.245,0.2,0.1265,0.1
02-21-2026 08:00,1771660800,0.06,0.0805,0.06,0.165,0.12,0.245,0.2,0.1265,0.1
02-21-2026 09:00,1771664400,0.06,0.0805,0.06,0.13,0.12,0.255,0.2,0.1265,0.1
02-21-2026 10:00,1771668000,0.06,0.0805,0.06,0.13,0.11,0.235,0.205,0.125,0.095
02-21-2026 11:00,1771671600,0.06,0.069,0.06,0.115,0.11,0.25,0.2,0.1155,0.095
02-21-2026 12:00,1771675200,0.06,0.0795,0.06,0.115,0.11,0.225,0.19,0.1125,0.095
02-21-2026 13:00,1771678800,0.06,0.07,0.06,0.135,0.105,0.235,0.21,0.1305,0.105
02-21-2026 14:00,1771682400,0.06,0.0645,0.06,0.115,0.105,0.24,0.235,0.1285,0.105
02-21-2026 15:00,1771686000,0.06,0.0635,0.065,0.195,0.105,0.25,0.24,0.129,0.105
02-21-2026 16:00,1771689600,0.06,0.0585,0.06,0.125,0.105,0.245,0.23,0.1285,0.105
02-21-2026 17:00,1771693200,0.045,0.053,0.06,0.12,0.105,0.235,0.2,0.127,0.12
02-21-2026 18:00,1771696800,0.045,0.0495,0.06,0.14,0.105,0.255,0.19,0.1245,0.095
02-21-2026 19:00,1771700400,0.045,0.0455,0.06,0.12,0.105,0.245,0.185,0.127,0.1
02-21-2026 20:00,1771704000,0.045,0.085,0.06,0.18,0.11,0.265,0.19,0.127,0.095
02-21-2026 21:00,1771707600,0.045,0.077,0.06,0.12,0.105,0.25,0.2,0.127,0.105
02-21-2026 22:00,1771711200,0.045,0.0725,0.06,0.125,0.105,0.245,0.19,0.1255,0.105
02-21-2026 23:00,1771714800,0.045,0.079,0.06,0.115,0.105,0.25,0.185,0.1255,0.105
02-22-2026 00:00,1771718400,0.045,0.069,0.06,0.115,0.1,0.245,0.225,0.127,0.085
02-22-2026 01:00,1771722000,0.045,0.064,0.06,0.155,0.105,0.23,0.22,0.1245,0.1
02-22-2026 02:00,1771725600,0.045,0.089,0.06,0.145,0.11,0.245,0.215,0.127,0.1
02-22-2026 03:00,1771729200,0.045,0.089,0.06,0.14,0.11,0.25,0.195,0.1255,0.075
02-22-2026 04:00,1771732800,0.045,0.0895,0.06,0.155,0.12,0.26,0.22,0.126,0.115
02-22-2026 05:00,1771736400,0.045,0.084,0.06,0.155,0.12,0.255,0.21,0.1265,0.115
02-22-2026 06:00,1771740000,0.045,0.0875,0.06,0.195,0.12,0.265,0.205,0.1265,0.115
02-22-2026 07:00,1771743600,0.045,0.08,0.06,0.2,0.12,0.265,0.24,0.1265,0.115
02-22-2026 08:00,1771747200,0.045,0.082,0.06,0.185,0.12,0.265,0.24,0.1265,0.115
02-22-2026 09:00,1771750800,0.045,0.0815,0.06,0.15,0.12,0.24,0.21,0.1265,0.115
02-22-2026 10:00,1771754400,0.045,0.0815,0.06,0.115,0.11,0.255,0.215,0.126,0.115
02-22-2026 11:00,1771758000,0.045,0.082,0.06,0.135,0.11,0.23,0.225,0.1285,0.115
02-22-2026 12:00,1771761600,0.045,0.0745,0.06,0.12,0.105,0.24,0.195,0.1275,0.115
02-22-2026 13:00,1771765200,0.045,0.065,0.06,0.125,0.105,0.23,0.17,0.132,0.115
02-22-2026 14:00,1771768800,0.045,0.064,0.06,0.14,0.105,0.25,0.205,0.1285,0.115
02-22-2026 15:00,1771772400,0.045,0.06,0.06,0.145,0.105,0.24,0.18,0.13,0.115
02-22-2026 16:00,1771776000,0.045,0.082,0.06,0.125,0.11,0.24,0.195,0.13,0.115
02-22-2026 17:00,1771779600,0.045,0.084,0.06,0.145,0.11,0.235,0.215,0.1285,0.115
02-22-2026 18:00,1771783200,0.045,0.089,0.06,0.175,0.11,0.24,0.195,0.1285,0.115
02-22-2026 19:00,1771786800,0.045,0.084,0.06,0.16,0.11,0.26,0.205,0.1285,0.115
02-22-2026 20:00,1771790400,0.045,0.0645,0.06,0.16,0.135,0.255,0.215,0.1295,0.115
02-22-2026 21:00,1771794000,0.045,0.062,0.065,0.145,0.115,0.25,0.215,0.13,0.115
02-22-2026 22:00,1771797600,0.045,0.0495,0.06,0.155,0.11,0.235,0.175,0.125,0.095
02-22-2026 23:00,1771801200,0.045,0.0465,0.06,0.15,0.105,0.23,0.165,0.125,0.095
02-23-2026 00:00,1771804800,0.045,0.045,0.06,0.15,0.105,0.235,0.16,0.1265,0.095
02-23-2026 02:00,1771812000,0.045,0.045,0.06,0.155,0.11,0.25,0.205,0.128,0.095
02-23-2026 03:00,1771815600,0.045,0.045,0.06,0.145,0.11,0.25,0.2,0.128,0.095
02-23-2026 04:00,1771819200,0.045,0.064,0.06,0.14,0.12,0.24,0.195,0.128,0.1
02-23-2026 05:00,1771822800,0.045,0.0665,0.06,0.165,0.12,0.25,0.205,0.128,0.1
02-23-2026 06:00,1771826400,0.045,0.0595,0.06,0.175,0.11,0.26,0.185,0.1275,0.1
02-23-2026 07:00,1771830000,0.045,0.0765,0.06,0.125,0.12,0.245,0.17,0.128,0.1
02-23-2026 08:00,1771833600,0.045,0.072,0.06,0.115,0.12,0.265,0.22,0.128,0.1
02-23-2026 09:00,1771837200,0.045,0.078,0.06,0.12,0.12,0.255,0.22,0.128,0.1
02-23-2026 10:00,1771840800,0.045,0.078,0.06,0.12,0.11,0.25,0.2,0.1305,0.1
02-23-2026 11:00,1771844400,0.045,0.0585,0.06,0.145,0.1,0.24,0.2,0.13,0.1
02-23-2026 12:00,1771848000,0.045,0.051,0.06,0.12,0.105,0.215,0.205,0.13,0.1
02-23-2026 13:00,1771851600,0.045,0.0455,0.06,0.15,0.13,0.225,0.21,0.13,0.1
02-23-2026 14:00,1771855200,0.05,0.045,0.06,0.145,0.11,0.225,0.205,0.13,0.1
02-23-2026 15:00,1771858800,0.05,0.045,0.06,0.115,0.105,0.22,0.205,0.13,0.1
02-23-2026 16:00,1771862400,0.05,0.045,0.06,0.105,0.105,0.215,0.205,0.128,0.1
02-23-2026 17:00,1771866000,0.05,0.045,0.06,0.12,0.105,0.21,0.205,0.127,0.1
02-23-2026 18:00,1771869600,0.05,0.045,0.06,0.145,0.105,0.195,0.2,0.1235,0.1
02-23-2026 19:00,1771873200,0.05,0.045,0.06,0.135,0.105,0.195,0.215,0.1235,0.1
02-23-2026 20:00,1771876800,0.05,0.045,0.06,0.12,0.105,0.195,0.21,0.12,0.1
02-23-2026 21:00,1771880400,0.05,0.045,0.06,0.12,0.1,0.195,0.225,0.12,0.1
02-23-2026 22:00,1771884000,0.05,0.045,0.06,0.125,0.105,0.195,0.235,0.1175,0.1
02-23-2026 23:00,1771887600,0.05,0.0445,0.06,0.15,0.105,0.195,0.24,0.1175,0.1
02-24-2026 00:00,1771891200,0.05,0.045,0.06,0.145,0.105,0.195,0.24,0.1175,0.1
02-24-2026 01:00,1771894800,0.05,0.045,0.06,0.135,0.105,0.195,0.24,0.1175,0.1
02-24-2026 02:00,1771898400,0.05,0.045,0.06,0.145,0.105,0.195,0.24,0.1175,0.1
02-24-2026 03:00,1771902000,0.05,0.045,0.06,0.145,0.1,0.195,0.235,0.1175,0.1
02-24-2026 04:00,1771905600,0.045,0.0455,0.06,0.145,0.11,0.2,0.24,0.117,0.105
02-24-2026 05:00,1771909200,0.045,0.0455,0.06,0.145,0.12,0.2,0.24,0.117,0.105
02-24-2026 06:00,1771912800,0.0415,0.0455,0.06,0.145,0.105,0.22,0.24,0.117,0.105
02-24-2026 07:00,1771916400,0.0395,0.071,0.06,0.145,0.12,0.22,0.235,0.117,0.105
02-24-2026 08:00,1771920000,0.0415,0.064,0.05,0.15,0.12,0.2,0.24,0.1265,0.11
02-24-2026 09:00,1771923600,0.0415,0.06,0.055,0.155,0.115,0.2,0.245,0.1275,0.105
02-24-2026 10:00,1771927200,0.042,0.057,0.06,0.15,0.11,0.21,0.24,0.125,0.105
02-24-2026 11:00,1771930800,0.0415,0.056,0.06,0.145,0.115,0.2,0.24,0.1265,0.09
02-24-2026 12:00,1771934400,0.043,0.053,0.06,0.145,0.105,0.2,0.24,0.1265,0.09
02-24-2026 13:00,1771938000,0.043,0.05,0.06,0.135,0.145,0.24,0.245,0.13,0.09
02-24-2026 14:00,1771941600,0.042,0.0425,0.06,0.14,0.135,0.22,0.245,0.13,0.09
02-24-2026 15:00,1771945200,0.044,0.0395,0.06,0.14,0.135,0.24,0.245,0.13,0.09
02-24-2026 16:00,1771948800,0.044,0.0385,0.06,0.14,0.2,0.235,0.245,0.13,0.09
02-24-2026 17:00,1771952400,0.044,0.078,0.06,0.14,0.17,0.24,0.245,0.13,0.09
02-24-2026 18:00,1771956000,0.0395,0.08,0.06,0.14,0.14,0.24,0.245,0.13,0.09
02-24-2026 19:00,1771959600,0.056,0.13,0.19,0.135,0.19,0.24,0.24,0.13,0.09
02-24-2026 20:00,1771963200,0.0555,0.125,0.175,0.14,0.125,0.24,0.24,0.13,0.09
02-24-2026 21:00,1771966800,0.0555,0.0925,0.185,0.14,0.14,0.24,0.245,0.13,0.09
02-24-2026 22:00,1771970400,0.055,0.085,0.105,0.14,0.11,0.23,0.24,0.1245,0.09
02-24-2026 23:00,1771974000,0.061,0.075,0.1,0.14,0.105,0.22,0.24,0.1245,0.09
02-25-2026 00:00,1771977600,0.0635,0.116,0.2,0.14,0.105,0.22,0.24,0.1245,0.09
02-25-2026 01:00,1771981200,0.056,0.1175,0.205,0.14,0.105,0.235,0.245,0.1245,0.09
02-25-2026 02:00,1771984800,0.056,0.1715,0.21,0.14,0.115,0.225,0.24,0.1245,0.09
02-25-2026 03:00,1771988400,0.056,0.172,0.21,0.14,0.105,0.215,0.235,0.126,0.09
02-25-2026 04:00,1771992000,0.0565,0.18,0.21,0.145,0.105,0.215,0.235,0.126,0.1
02-25-2026 05:00,1771995600,0.057,0.1835,0.195,0.145,0.105,0.195,0.24,0.1235,0.1
02-25-2026 06:00,1771999200,0.0575,0.1895,0.175,0.145,0.105,0.195,0.24,0.1235,0.1
02-25-2026 07:00,1772002800,0.133,0.1555,0.19,0.145,0.105,0.2,0.23,0.1235,0.1
02-25-2026 08:00,1772006400,0.1295,0.155,0.195,0.145,0.105,0.2,0.23,0.1235,0.1
02-25-2026 09:00,1772010000,0.1295,0.1515,0.195,0.145,0.105,0.2,0.235,0.1225,0.1
02-25-2026 10:00,1772013600,0.1275,0.15,0.175,0.145,0.115,0.22,0.235,0.1255,0.1
02-25-2026 11:00,1772017200,0.131,0.1565,0.205,0.145,0.115,0.21,0.235,0.124,0.1
02-25-2026 12:00,1772020800,0.104,0.157,0.16,0.145,0.105,0.205,0.21,0.121,0.1
02-25-2026 13:00,1772024400,0.0915,0.134,0.175,0.145,0.105,0.205,0.24,0.121,0.1
02-25-2026 14:00,1772028000,0.081,0.1635,0.17,0.145,0.105,0.195,0.23,0.1195,0.1
02-25-2026 15:00,1772031600,0.085,0.167,0.165,0.145,0.105,0.195,0.24,0.1195,0.095
02-25-2026 16:00,1772035200,0.0785,0.1745,0.185,0.145,0.105,0.195,0.23,0.118,0.1
02-25-2026 17:00,1772038800,0.092,0.1735,0.175,0.145,0.105,0.21,0.235,0.1175,0.1
02-25-2026 18:00,1772042400,0.0915,0.1635,0.165,0.145,0.105,0.23,0.225,0.1175,0.1
02-25-2026 19:00,1772046000,0.095,0.1675,0.17,0.145,0.075,0.23,0.215,0.1165,0.1
02-25-2026 20:00,1772049600,0.0935,0.157,0.175,0.145,0.075,0.225,0.22,0.1265,0.095
02-25-2026 21:00,1772053200,0.095,0.1615,0.205,0.145,0.065,0.255,0.215,0.123,0.1
02-25-2026 22:00,1772056800,0.096,0.168,0.185,0.145,0.065,0.25,0.24,0.1215,0.1
02-25-2026 23:00,1772060400,0.093,0.166,0.18,0.145,0.0645,0.255,0.24,0.117,0.1
02-26-2026 00:00,1772064000,0.0965,0.1755,0.195,0.145,0.061,0.25,0.24,0.1195,0.095
02-26-2026 01:00,1772067600,0.095,0.168,0.2,0.145,0.064,0.245,0.24,0.117,0.09
02-26-2026 02:00,1772071200,0.0965,0.1695,0.21,0.14,0.0655,0.25,0.23,0.117,0.09
02-26-2026 03:00,1772074800,0.096,0.1695,0.19,0.145,0.0655,0.24,0.24,0.117,0.09
02-26-2026 04:00,1772078400,0.0925,0.167,0.205,0.125,0.0575,0.22,0.235,0.1165,0.09
02-26-2026 05:00,1772082000,0.0945,0.167,0.235,0.125,0.072,0.21,0.22,0.1165,0.09
02-26-2026 06:00,1772085600,0.095,0.167,0.23,0.125,0.069,0.21,0.225,0.1165,0.09
02-26-2026 07:00,1772089200,0.0965,0.17,0.27,0.12,0.0695,0.225,0.24,0.1195,0.1
02-26-2026 08:00,1772092800,0.0965,0.1695,0.26,0.12,0.072,0.215,0.24,0.1195,0.1
02-26-2026 09:00,1772096400,0.094,0.1695,0.26,0.125,0.071,0.215,0.24,0.1185,0.1
02-26-2026 10:00,1772100000,0.1095,0.1695,0.24,0.12,0.07,0.21,0.245,0.118,0.1
02-26-2026 11:00,1772103600,0.1095,0.1695,0.24,0.12,0.069,0.215,0.23,0.118,0.1
02-26-2026 12:00,1772107200,0.1095,0.1695,0.24,0.12,0.065,0.215,0.245,0.118,0.1
02-26-2026 13:00,1772110800,0.117,0.17,0.255,0.125,0.054,0.215,0.23,0.1175,0.1
02-26-2026 14:00,1772114400,0.102,0.17,0.245,0.12,0.0485,0.215,0.23,0.117,0.1
02-26-2026 15:00,1772118000,0.1045,0.17,0.255,0.125,0.038,0.245,0.225,0.1195,0.1
02-26-2026 16:00,1772121600,0.1035,0.17,0.21,0.12,0.0325,0.245,0.23,0.1195,0.1
02-26-2026 17:00,1772125200,0.1045,0.17,0.24,0.125,0.069,0.215,0.24,0.1205,0.1
02-26-2026 18:00,1772128800,0.0985,0.156,0.165,0.115,0.0665,0.215,0.245,0.12,0.09
02-26-2026 19:00,1772132400,0.069,0.1555,0.205,0.12,0.053,0.2,0.24,0.117,0.09
02-26-2026 20:00,1772136000,0.0545,0.155,0.16,0.115,0.0415,0.215,0.245,0.1205,0.08
02-26-2026 21:00,1772139600,0.0825,0.045,0.19,0.115,0.04,0.225,0.24,0.1125,0.08
02-26-2026 22:00,1772143200,0.0705,0.0445,0.215,0.125,0.0745,0.225,0.24,0.1145,0.08
02-26-2026 23:00,1772146800,0.0665,0.0445,0.2,0.125,0.0605,0.245,0.245,0.1145,0.08
02-27-2026 00:00,1772150400,0.0555,0.0445,0.23,0.125,0.062,0.245,0.245,0.1145,0.08
02-27-2026 01:00,1772154000,0.049,0.0445,0.23,0.125,0.066,0.24,0.245,0.1145,0.08
02-27-2026 02:00,1772157600,0.046,0.045,0.215,0.125,0.0595,0.24,0.245,0.1145,0.08
02-27-2026 03:00,1772161200,0.046,0.045,0.22,0.125,0.06,0.235,0.245,0.1145,0.08
02-27-2026 04:00,1772164800,0.0975,0.0475,0.23,0.115,0.076,0.245,0.245,0.115,0.085
02-27-2026 05:00,1772168400,0.086,0.046,0.255,0.115,0.0615,0.24,0.245,0.115,0.085
02-27-2026 06:00,1772172000,0.0805,0.046,0.255,0.115,0.0665,0.24,0.245,0.115,0.085
02-27-2026 07:00,1772175600,0.075,0.046,0.255,0.115,0.0595,0.235,0.24,0.115,0.085
02-27-2026 08:00,1772179200,0.067,0.0455,0.155,0.115,0.0705,0.24,0.245,0.115,0.085
02-27-2026 09:00,1772182800,0.053,0.046,0.14,0.115,0.0605,0.24,0.24,0.115,0.085
02-27-2026 10:00,1772186400,0.053,0.046,0.105,0.115,0.0545,0.235,0.245,0.115,0.085
02-27-2026 11:00,1772190000,0.05,0.0455,0.145,0.115,0.0545,0.245,0.24,0.115,0.085
02-27-2026 12:00,1772193600,0.05,0.046,0.15,0.115,0.0545,0.245,0.24,0.115,0.085
02-27-2026 13:00,1772197200,0.05,0.0455,0.135,0.115,0.056,0.245,0.24,0.115,0.085
02-27-2026 14:00,1772200800,0.049,0.046,0.105,0.115,0.0545,0.24,0.24,0.115,0.085
02-27-2026 15:00,1772204400,0.0475,0.046,0.15,0.115,0.0505,0.245,0.24,0.115,0.085
02-27-2026 16:00,1772208000,0.0475,0.046,0.15,0.115,0.0475,0.24,0.24,0.115,0.085
02-27-2026 17:00,1772211600,0.046,0.046,0.105,0.115,0.0555,0.24,0.24,0.115,0.085
02-27-2026 18:00,1772215200,0.0265,0.046,0.065,0.115,0.043,0.235,0.24,0.115,0.085
02-27-2026 19:00,1772218800,0.0265,0.0455,0.065,0.105,0.0565,0.24,0.24,0.115,0.085
02-27-2026 20:00,1772222400,0.0265,0.0455,0.065,0.105,0.0445,0.23,0.24,0.115,0.085
02-27-2026 21:00,1772226000,0.0265,0.0455,0.065,0.105,0.037,0.235,0.24,0.115,0.085
02-27-2026 22:00,1772229600,0.0265,0.046,0.065,0.1,0.0675,0.235,0.275,0.115,0.085
02-27-2026 23:00,1772233200,0.0265,0.0455,0.145,0.09,0.0495,0.22,0.24,0.115,0.085
02-28-2026 00:00,1772236800,0.0265,0.0455,0.07,0.095,0.0485,0.23,0.24,0.115,0.085
02-28-2026 01:00,1772240400,0.0265,0.0455,0.07,0.09,0.0465,0.23,0.24,0.115,0.085
02-28-2026 02:00,1772244000,0.0265,0.0455,0.07,0.09,0.045,0.235,0.24,0.115,0.085
02-28-2026 03:00,1772247600,0.0265,0.0455,0.07,0.09,0.0445,0.23,0.24,0.115,0.08
02-28-2026 04:00,1772251200,0.0865,0.0445,0.065,0.095,0.0425,0.235,0.235,0.112,0.085
02-28-2026 05:00,1772254800,0.0615,0.0445,0.065,0.095,0.0415,0.235,0.235,0.107,0.095
02-28-2026 06:00,1772258400,0.041,0.0445,0.065,0.095,0.0395,0.235,0.235,0.103,0.095
02-28-2026 07:00,1772262000,0.0265,0.0445,0.065,0.1,0.0385,0.235,0.235,0.102,0.095
02-28-2026 08:00,1772265600,0.026,0.0445,0.065,0.1,0.0375,0.23,0.235,0.102,0.095
02-28-2026 09:00,1772269200,0.026,0.0445,0.065,0.1,0.0725,0.23,0.24,0.102,0.095
02-28-2026 10:00,1772272800,0.026,0.0445,0.065,0.1,0.0685,0.235,0.24,0.102,0.1
02-28-2026 11:00,1772276400,0.026,0.0445,0.065,0.095,0.062,0.235,0.24,0.102,0.16
02-28-2026 12:00,1772280000,0.026,0.0445,0.065,0.095,0.06,0.235,0.24,0.102,0.16
02-28-2026 13:00,1772283600,0.026,0.0445,0.065,0.095,0.057,0.235,0.24,0.102,0.16
02-28-2026 14:00,1772287200,0.026,0.0445,0.065,0.095,0.0495,0.24,0.24,0.102,0.175
02-28-2026 15:00,1772290800,0.026,0.0445,0.065,0.1,0.055,0.235,0.24,0.115,0.18
02-28-2026 16:00,1772294400,0.0295,0.049,0.065,0.1,0.0525,0.235,0.24,0.113,0.17
02-28-2026 17:00,1772298000,0.0345,0.049,0.065,0.1,0.0545,0.235,0.24,0.113,0.17
02-28-2026 18:00,1772301600,0.0295,0.049,0.065,0.095,0.0505,0.23,0.24,0.102,0.18
02-28-2026 19:00,1772305200,0.0295,0.049,0.065,0.095,0.058,0.23,0.24,0.102,0.18
02-28-2026 20:00,1772308800,0.0345,0.049,0.065,0.095,0.057,0.235,0.24,0.102,0.17
02-28-2026 21:00,1772312400,0.123,0.0555,0.17,0.095,0.0585,0.235,0.24,0.102,0.17
02-28-2026 22:00,1772316000,0.127,0.0555,0.17,0.095,0.052,0.225,0.24,0.075,0.185
02-28-2026 23:00,1772319600,0.1255,0.0655,0.17,0.1,0.0535,0.21,0.24,0.078,0.17
03-01-2026 00:00,1772323200,0.1255,0.0615,0.17,0.1,0.054,0.21,0.24,0.078,0.205
03-01-2026 01:00,1772326800,0.1255,0.061,0.17,0.1,0.057,0.195,0.24,0.072,0.16
03-01-2026 02:00,1772330400,0.127,0.0605,0.17,0.09,0.0545,0.195,0.24,0.071,0.165
03-01-2026 03:00,1772334000,0.1265,0.0605,0.17,0.095,0.055,0.195,0.24,0.072,0.175
03-01-2026 04:00,1772337600,0.127,0.061,0.17,0.11,0.06,0.19,0.235,0.069,0.17
03-01-2026 05:00,1772341200,0.127,0.065,0.175,0.11,0.0555,0.185,0.235,0.063,0.19
03-01-2026 06:00,1772344800,0.1275,0.066,0.165,0.13,0.0835,0.185,0.24,0.063,0.205
03-01-2026 07:00,1772348400,0.127,0.066,0.175,0.13,0.079,0.19,0.24,0.063,0.205
03-01-2026 08:00,1772352000,0.1275,0.066,0.19,0.13,0.073,0.19,0.225,0.063,0.225
03-01-2026 09:00,1772355600,0.126,0.1285,0.18,0.13,0.069,0.18,0.2,0.06,0.22
03-01-2026 10:00,1772359200,0.124,0.129,0.18,0.13,0.064,0.18,0.2,0.058,0.22
03-01-2026 11:00,1772362800,0.1395,0.1335,0.17,0.13,0.0585,0.17,0.19,0.0535,0.22
03-01-2026 12:00,1772366400,0.131,0.1225,0.155,0.125,0.0655,0.155,0.175,0.0565,0.17
03-01-2026 13:00,1772370000,0.131,0.122,0.18,0.13,0.0675,0.155,0.22,0.0505,0.16
03-01-2026 14:00,1772373600,0.13,0.122,0.18,0.13,0.068,0.155,0.215,0.0495,0.14
03-01-2026 15:00,1772377200,0.131,0.1235,0.175,0.13,0.0695,0.155,0.22,0.0475,0.135
03-01-2026 16:00,1772380800,0.132,0.1245,0.18,0.13,0.0685,0.155,0.22,0.046,0.145
03-01-2026 17:00,1772384400,0.132,0.1245,0.18,0.13,0.069,0.155,0.22,0.046,0.13
03-01-2026 18:00,1772388000,0.1305,0.123,0.17,0.13,0.069,0.155,0.205,0.046,0.12
03-01-2026 19:00,1772391600,0.1305,0.123,0.17,0.13,0.0685,0.155,0.205,0.046,0.13
03-01-2026 20:00,1772395200,0.1305,0.123,0.17,0.13,0.0685,0.155,0.205,0.046,0.13
03-01-2026 21:00,1772398800,0.129,0.122,0.165,0.13,0.066,0.155,0.205,0.046,0.125
03-01-2026 22:00,1772402400,0.129,0.122,0.165,0.13,0.0655,0.155,0.205,0.046,0.125
03-01-2026 23:00,1772406000,0.129,0.122,0.165,0.13,0.069,0.155,0.205,0.046,0.125
03-02-2026 00:00,1772409600,0.129,0.122,0.165,0.13,0.068,0.155,0.205,0.046,0.105
03-02-2026 01:00,1772413200,0.129,0.122,0.165,0.13,0.0665,0.155,0.205,0.046,0.11
03-02-2026 02:00,1772416800,0.129,0.122,0.165,0.13,0.0655,0.155,0.205,0.046,0.125
03-02-2026 03:00,1772420400,0.129,0.122,0.165,0.13,0.0655,0.155,0.205,0.0455,0.125
03-02-2026 04:00,1772424000,0.126,0.116,0.16,0.13,0.064,0.155,0.205,0.045,0.11
03-02-2026 05:00,1772427600,0.126,0.116,0.16,0.13,0.0645,0.155,0.205,0.045,0.11
03-02-2026 06:00,1772431200,0.126,0.116,0.16,0.11,0.0625,0.15,0.205,0.045,0.11
03-02-2026 07:00,1772434800,0.126,0.116,0.16,0.11,0.084,0.185,0.205,0.045,0.11
03-02-2026 08:00,1772438400,0.126,0.116,0.16,0.11,0.078,0.185,0.205,0.045,0.11
03-02-2026 09:00,1772442000,0.126,0.116,0.16,0.12,0.0735,0.185,0.205,0.045,0.11
03-02-2026 10:00,1772445600,0.126,0.116,0.16,0.12,0.068,0.225,0.205,0.045,0.115
03-02-2026 11:00,1772449200,0.126,0.116,0.16,0.12,0.0645,0.225,0.205,0.045,0.115
03-02-2026 12:00,1772452800,0.126,0.116,0.16,0.12,0.065,0.225,0.205,0.045,0.115
03-02-2026 13:00,1772456400,0.126,0.116,0.16,0.12,0.0655,0.225,0.205,0.045,0.115
03-02-2026 14:00,1772460000,0.126,0.116,0.16,0.12,0.065,0.23,0.205,0.045,0.115
03-02-2026 15:00,1772463600,0.126,0.116,0.16,0.12,0.0705,0.23,0.205,0.045,0.115
03-02-2026 16:00,1772467200,0.076,0.0795,0.16,0.115,0.04,0.235,0.21,0.051,0.21
03-02-2026 17:00,1772470800,0.07,0.0795,0.16,0.115,0.0355,0.235,0.205,0.051,0.21
03-02-2026 18:00,1772474400,0.07,0.0745,0.16,0.115,0.033,0.235,0.205,0.051,0.21
03-02-2026 19:00,1772478000,0.07,0.0745,0.16,0.115,0.027,0.22,0.205,0.0855,0.27
03-02-2026 20:00,1772481600,0.07,0.0745,0.16,0.115,0.025,0.215,0.205,0.083,0.27
03-02-2026 21:00,1772485200,0.07,0.0745,0.16,0.115,0.024,0.21,0.205,0.08,0.27
03-02-2026 22:00,1772488800,0.0445,0.059,0.155,0.115,0.041,0.215,0.225,0.08,0.28
03-02-2026 23:00,1772492400,0.0455,0.059,0.15,0.115,0.0405,0.2,0.22,0.08,0.27
03-03-2026 00:00,1772496000,0.045,0.0635,0.145,0.12,0.0405,0.225,0.215,0.08,0.275
03-03-2026 01:00,1772499600,0.045,0.0635,0.145,0.12,0.04,0.23,0.215,0.08,0.24
03-03-2026 02:00,1772503200,0.045,0.0635,0.145,0.12,0.04,0.235,0.215,0.08,0.24
03-03-2026 03:00,1772506800,0.045,0.0635,0.145,0.12,0.0405,0.235,0.215,0.08,0.24
03-03-2026 04:00,1772510400,0.045,0.0625,0.145,0.105,0.041,0.235,0.21,0.08,0.23
03-03-2026 05:00,1772514000,0.044,0.0625,0.145,0.115,0.041,0.24,0.21,0.08,0.23
03-03-2026 06:00,1772517600,0.044,0.0625,0.145,0.115,0.041,0.235,0.21,0.08,0.245
03-03-2026 07:00,1772521200,0.0405,0.0625,0.145,0.115,0.041,0.235,0.21,0.08,0.245
03-03-2026 08:00,1772524800,0.0275,0.06,0.12,0.11,0.071,0.235,0.21,0.0815,0.21
03-03-2026 09:00,1772528400,0.028,0.06,0.12,0.11,0.071,0.235,0.21,0.0815,0.26
03-03-2026 10:00,1772532000,0.028,0.06,0.12,0.11,0.071,0.23,0.21,0.0815,0.255
03-03-2026 11:00,1772535600,0.028,0.06,0.105,0.11,0.0705,0.225,0.21,0.0845,0.34
03-03-2026 12:00,1772539200,0.028,0.06,0.105,0.11,0.07,0.2,0.21,0.0845,0.36
03-03-2026 13:00,1772542800,0.0215,0.0495,0.09,0.09,0.0555,0.145,0.205,0.1605,0.415
03-03-2026 14:00,1772546400,0.025,0.0495,0.09,0.09,0.0515,0.145,0.205,0.155,0.425
03-03-2026 15:00,1772550000,0.025,0.049,0.08,0.085,0.0465,0.15,0.195,0.154,0.395
03-03-2026 16:00,1772553600,0.023,0.0495,0.08,0.085,0.045,0.135,0.195,0.166,0.38
03-03-2026 17:00,1772557200,0.0265,0.0495,0.075,0.085,0.0255,0.135,0.185,0.173,0.39
03-03-2026 18:00,1772560800,0.026,0.0455,0.07,0.08,0.048,0.135,0.185,0.177,0.435
03-03-2026 19:00,1772564400,0.027,0.0435,0.07,0.08,0.0425,0.135,0.165,0.1805,0.425
03-03-2026 20:00,1772568000,0.026,0.044,0.07,0.075,0.0335,0.135,0.19,0.162,0.425
03-03-2026 21:00,1772571600,0.027,0.0455,0.075,0.085,0.0265,0.135,0.19,0.162,0.425
03-03-2026 22:00,1772575200,0.026,0.0455,0.075,0.075,0.03,0.135,0.185,0.156,0.435
03-03-2026 23:00,1772578800,0.0275,0.0455,0.075,0.075,0.033,0.135,0.185,0.15,0.425
03-04-2026 00:00,1772582400,0.068,0.0455,0.075,0.09,0.0255,0.135,0.19,0.1495,0.425
03-04-2026 01:00,1772586000,0.06,0.0435,0.065,0.075,0.0275,0.135,0.195,0.1495,0.425
03-04-2026 02:00,1772589600,0.0665,0.0435,0.065,0.075,0.026,0.075,0.195,0.207,0.425
03-04-2026 03:00,1772593200,0.0635,0.0445,0.065,0.075,0.026,0.085,0.2,0.209,0.425
03-04-2026 04:00,1772596800,0.057,0.0435,0.065,0.075,0.0475,0.075,0.195,0.21,0.425
03-04-2026 05:00,1772600400,0.0535,0.044,0.065,0.075,0.0295,0.065,0.195,0.2175,0.425
03-04-2026 06:00,1772604000,0.04,0.041,0.065,0.07,0.02,0.055,0.185,0.188,0.485
03-04-2026 07:00,1772607600,0.0235,0.0405,0.075,0.075,0.074,0.045,0.15,0.1555,0.495
03-04-2026 08:00,1772611200,0.0175,0.0405,0.075,0.075,0.073,0.045,0.155,0.1535,0.495
03-04-2026 09:00,1772614800,0.0175,0.036,0.065,0.065,0.061,0.055,0.155,0.1555,0.49
03-04-2026 10:00,1772618400,0.0175,0.0335,0.06,0.055,0.0615,0.05,0.145,0.1865,0.49
03-04-2026 11:00,1772622000,0.0175,0.033,0.065,0.06,0.059,0.045,0.145,0.175,0.49
03-04-2026 12:00,1772625600,0.0175,0.0325,0.065,0.06,0.0415,0.045,0.165,0.184,0.485
03-04-2026 13:00,1772629200,0.0175,0.031,0.065,0.06,0.033,0.04,0.17,0.1865,0.455
03-04-2026 14:00,1772632800,0.0175,0.0345,0.065,0.065,0.032,0.045,0.17,0.197,0.455
03-04-2026 15:00,1772636400,0.0175,0.034,0.065,0.065,0.032,0.05,0.17,0.2065,0.455
03-04-2026 16:00,1772640000,0.017,0.034,0.055,0.065,0.028,0.04,0.18,0.2195,0.43
03-04-2026 17:00,1772643600,0.0165,0.0335,0.055,0.055,0.0205,0.04,0.18,0.2195,0.43
03-04-2026 18:00,1772647200,0.0165,0.0335,0.05,0.055,0.019,0.03,0.175,0.213,0.45
03-04-2026 19:00,1772650800,0.016,0.034,0.05,0.06,0.019,0.03,0.18,0.213,0.445
03-04-2026 20:00,1772654400,0.0155,0.0335,0.055,0.055,0.019,0.03,0.16,0.213,0.445
03-04-2026 21:00,1772658000,0.0155,0.0345,0.055,0.055,0.0335,0.0395,0.155,0.213,0.445
03-04-2026 22:00,1772661600,0.0155,0.034,0.055,0.055,0.029,0.0395,0.185,0.213,0.43
03-04-2026 23:00,1772665200,0.0155,0.034,0.055,0.055,0.034,0.0455,0.215,0.2135,0.375
03-05-2026 00:00,1772668800,0.0155,0.034,0.055,0.055,0.0325,0.0455,0.195,0.191,0.385
03-05-2026 01:00,1772672400,0.0155,0.034,0.055,0.055,0.033,0.0455,0.185,0.1925,0.395
03-05-2026 02:00,1772676000,0.0155,0.0345,0.06,0.055,0.0245,0.0455,0.185,0.1925,0.415
03-05-2026 03:00,1772679600,0.0155,0.034,0.06,0.055,0.0225,0.0455,0.18,0.1925,0.425
03-05-2026 04:00,1772683200,0.0155,0.0415,0.06,0.055,0.0365,0.0455,0.18,0.198,0.395
03-05-2026 05:00,1772686800,0.0155,0.04,0.075,0.055,0.0455,0.08,0.225,0.198,0.39
03-05-2026 06:00,1772690400,0.0155,0.038,0.06,0.055,0.0415,0.0695,0.235,0.1995,0.39
03-05-2026 07:00,1772694000,0.0155,0.038,0.06,0.055,0.0415,0.07,0.225,0.2005,0.395
03-05-2026 08:00,1772697600,0.0155,0.0365,0.085,0.055,0.03,0.07,0.215,0.2,0.38
03-05-2026 09:00,1772701200,0.0155,0.038,0.055,0.045,0.022,0.0585,0.195,0.232,0.45
03-05-2026 10:00,1772704800,0.016,0.037,0.055,0.045,0.021,0.046,0.175,0.22,0.455
03-05-2026 11:00,1772708400,0.016,0.0355,0.055,0.04,0.023,0.051,0.19,0.218,0.45
03-05-2026 12:00,1772712000,0.0145,0.0235,0.04,0.035,0.021,0.051,0.175,0.218,0.45
03-05-2026 13:00,1772715600,0.014,0.028,0.04,0.0355,0.0205,0.059,0.18,0.2115,0.485
03-05-2026 14:00,1772719200,0.014,0.026,0.0355,0.0355,0.023,0.0545,0.18,0.211,0.485
03-05-2026 15:00,1772722800,0.014,0.027,0.0355,0.0405,0.0225,0.048,0.17,0.211,0.505
03-05-2026 16:00,1772726400,0.014,0.026,0.0455,0.04,0.0225,0.0435,0.17,0.211,0.505
03-05-2026 17:00,1772730000,0.014,0.029,0.043,0.0405,0.0225,0.0435,0.17,0.211,0.505
03-05-2026 18:00,1772733600,0.014,0.028,0.0415,0.04,0.022,0.0385,0.17,0.24,0.5
03-05-2026 19:00,1772737200,0.0145,0.027,0.0655,0.036,0.0225,0.0395,0.17,0.2385,0.495
03-05-2026 20:00,1772740800,0.0135,0.026,0.0505,0.035,0.021,0.0395,0.165,0.2385,0.52
03-05-2026 21:00,1772744400,0.0135,0.025,0.0295,0.0345,0.023,0.036,0.155,0.225,0.54
03-05-2026 22:00,1772748000,0.013,0.0245,0.034,0.0395,0.0145,0.025,0.155,0.215,0.55
03-05-2026 23:00,1772751600,0.012,0.0245,0.0175,0.033,0.015,0.0205,0.085,0.1405,0.655
03-06-2026 00:00,1772755200,0.012,0.0225,0.0265,0.033,0.014,0.029,0.085,0.141,0.63
03-06-2026 01:00,1772758800,0.0115,0.0205,0.035,0.0275,0.0105,0.02,0.085,0.177,0.675
03-06-2026 02:00,1772762400,0.012,0.0205,0.0115,0.015,0.0135,0.0155,0.095,0.1715,0.61
03-06-2026 03:00,1772766000,0.012,0.045,0.011,0.0205,0.0145,0.0125,0.085,0.17,0.64
03-06-2026 04:00,1772769600,0.0115,0.045,0.011,0.0165,0.0115,0.0125,0.11,0.1655,0.625
03-06-2026 05:00,1772773200,0.0115,0.0475,0.011,0.014,0.0115,0.0125,0.135,0.167,0.61
03-06-2026 06:00,1772776800,0.0115,0.047,0.011,0.013,0.0115,0.0125,0.125,0.1595,0.625
03-06-2026 07:00,1772780400,0.0115,0.045,0.011,0.0125,0.0115,0.0125,0.12,0.148,0.63
03-06-2026 08:00,1772784000,0.0115,0.044,0.011,0.0105,0.0115,0.0125,0.12,0.148,0.635
03-06-2026 09:00,1772787600,0.0115,0.0455,0.011,0.0105,0.0115,0.0125,0.12,0.148,0.635
03-06-2026 10:00,1772791200,0.011,0.045,0.0105,0.0105,0.0115,0.0125,0.135,0.1545,0.63
03-06-2026 11:00,1772794800,0.011,0.028,0.0105,0.0105,0.0115,0.0125,0.11,0.155,0.635
03-06-2026 12:00,1772798400,0.011,0.0225,0.0105,0.0125,0.0085,0.011,0.11,0.156,0.675
03-06-2026 13:00,1772802000,0.012,0.0205,0.0105,0.0075,0.008,0.011,0.11,0.1565,0.68
03-06-2026 14:00,1772805600,0.0125,0.0145,0.0105,0.0145,0.0085,0.011,0.11,0.155,0.695
03-06-2026 15:00,1772809200,0.0125,0.0145,0.0105,0.0075,0.008,0.011,0.105,0.1585,0.69
03-06-2026 16:00,1772812800,0.012,0.0135,0.007,0.0075,0.0065,0.0115,0.09,0.1545,0.73
03-06-2026 17:00,1772816400,0.012,0.013,0.0075,0.007,0.005,0.011,0.09,0.149,0.735
03-06-2026 18:00,1772820000,0.012,0.013,0.0075,0.0065,0.005,0.011,0.085,0.144,0.735
03-06-2026 19:00,1772823600,0.012,0.011,0.0075,0.0065,0.005,0.011,0.085,0.1445,0.74
03-06-2026 20:00,1772827200,0.012,0.011,0.008,0.0065,0.008,0.011,0.085,0.1445,0.74
03-06-2026 21:00,1772830800,0.012,0.011,0.0075,0.0065,0.007,0.0105,0.085,0.146,0.74
03-06-2026 22:00,1772834400,0.012,0.0105,0.007,0.0065,0.007,0.0105,0.085,0.159,0.715
03-06-2026 23:00,1772838000,0.0105,0.0085,0.007,0.0065,0.006,0.0105,0.08,0.137,0.76
03-07-2026 00:00,1772841600,0.0105,0.0085,0.007,0.0065,0.007,0.0105,0.08,0.1405,0.76
03-07-2026 01:00,1772845200,0.012,0.01,0.0045,0.005,0.007,0.0085,0.05,0.1305,0.775
03-07-2026 02:00,1772848800,0.012,0.01,0.0045,0.006,0.007,0.0085,0.05,0.1305,0.775
03-07-2026 03:00,1772852400,0.012,0.01,0.0045,0.0065,0.007,0.0085,0.05,0.1495,0.775
03-07-2026 04:00,1772856000,0.012,0.01,0.0045,0.0065,0.007,0.0085,0.05,0.1525,0.775
03-07-2026 05:00,1772859600,0.012,0.01,0.0045,0.0065,0.007,0.0085,0.05,0.142,0.775
03-07-2026 06:00,1772863200,0.012,0.0105,0.0045,0.0065,0.007,0.0085,0.05,0.15,0.775
03-07-2026 07:00,1772866800,0.0115,0.011,0.0045,0.0065,0.007,0.0085,0.045,0.1395,0.775
03-07-2026 08:00,1772870400,0.012,0.0105,0.0045,0.006,0.0075,0.0085,0.05,0.1475,0.775
03-07-2026 09:00,1772874000,0.012,0.0105,0.0045,0.006,0.007,0.0085,0.07,0.14,0.76
03-07-2026 10:00,1772877600,0.011,0.0105,0.0045,0.0055,0.007,0.0085,0.07,0.1405,0.765
03-07-2026 11:00,1772881200,0.011,0.0095,0.0045,0.0055,0.007,0.0085,0.07,0.1385,0.765
03-07-2026 12:00,1772884800,0.0115,0.01,0.0075,0.008,0.0075,0.0085,0.06,0.1405,0.77
03-07-2026 13:00,1772888400,0.0115,0.011,0.008,0.008,0.0085,0.0085,0.06,0.1375,0.765
03-07-2026 14:00,1772892000,0.0115,0.01,0.008,0.008,0.0085,0.0085,0.075,0.139,0.75
03-07-2026 15:00,1772895600,0.0115,0.01,0.0075,0.008,0.008,0.0085,0.09,0.1345,0.755
03-07-2026 16:00,1772899200,0.0115,0.01,0.0075,0.008,0.008,0.009,0.085,0.1295,0.75
03-07-2026 17:00,1772902800,0.0115,0.01,0.008,0.008,0.0075,0.009,0.085,0.1245,0.755
03-07-2026 18:00,1772906400,0.0115,0.01,0.0075,0.0075,0.007,0.009,0.085,0.125,0.755
03-07-2026 19:00,1772910000,0.012,0.0085,0.007,0.008,0.0055,0.008,0.085,0.1215,0.76
03-07-2026 20:00,1772913600,0.012,0.01,0.0095,0.0085,0.008,0.013,0.085,0.121,0.76
03-07-2026 21:00,1772917200,0.012,0.0105,0.009,0.0085,0.008,0.013,0.085,0.1185,0.755
03-07-2026 22:00,1772920800,0.012,0.01,0.0095,0.0085,0.008,0.013,0.085,0.1225,0.755
03-07-2026 23:00,1772924400,0.012,0.0135,0.009,0.0085,0.008,0.013,0.08,0.119,0.76
03-08-2026 00:00,1772928000,0.012,0.013,0.009,0.0085,0.008,0.0135,0.07,0.1225,0.76
03-08-2026 01:00,1772931600,0.0115,0.01,0.0095,0.0085,0.0085,0.014,0.07,0.1245,0.76
03-08-2026 02:00,1772935200,0.0115,0.01,0.01,0.0075,0.008,0.013,0.07,0.123,0.775
03-08-2026 03:00,1772938800,0.0115,0.01,0.0095,0.0075,0.008,0.013,0.07,0.122,0.77
03-08-2026 04:00,1772942400,0.0115,0.01,0.01,0.0075,0.008,0.013,0.07,0.1225,0.775
03-08-2026 05:00,1772946000,0.0115,0.01,0.0095,0.008,0.008,0.013,0.07,0.121,0.765
03-08-2026 06:00,1772949600,0.0115,0.01,0.01,0.0075,0.008,0.013,0.07,0.1185,0.765
03-08-2026 07:00,1772953200,0.0115,0.0125,0.009,0.0075,0.0075,0.0125,0.04,0.123,0.78
03-08-2026 08:00,1772956800,0.013,0.0135,0.01,0.008,0.0085,0.013,0.045,0.1225,0.785
03-08-2026 09:00,1772960400,0.0135,0.012,0.0095,0.008,0.009,0.0135,0.05,0.125,0.78
03-08-2026 10:00,1772964000,0.013,0.013,0.0095,0.008,0.0075,0.0135,0.04,0.1195,0.79
03-08-2026 11:00,1772967600,0.014,0.013,0.0095,0.008,0.0075,0.012,0.035,0.12,0.795
03-08-2026 12:00,1772971200,0.0135,0.019,0.0085,0.0085,0.0075,0.013,0.04,0.116,0.795
03-08-2026 13:00,1772974800,0.014,0.0215,0.0085,0.008,0.0055,0.013,0.039,0.118,0.795
03-08-2026 14:00,1772978400,0.013,0.0175,0.0095,0.008,0.0065,0.013,0.0405,0.12,0.795
03-08-2026 15:00,1772982000,0.013,0.015,0.008,0.008,0.0065,0.013,0.0405,0.119,0.795
03-08-2026 16:00,1772985600,0.014,0.0105,0.009,0.0085,0.0085,0.0115,0.0405,0.1175,0.795
03-08-2026 17:00,1772989200,0.016,0.01,0.0095,0.009,0.0085,0.0125,0.042,0.1175,0.795
03-08-2026 18:00,1772992800,0.016,0.0095,0.0095,0.009,0.0085,0.0125,0.0385,0.116,0.795
03-08-2026 19:00,1772996400,0.016,0.0095,0.009,0.009,0.0085,0.0115,0.038,0.116,0.795
03-08-2026 20:00,1773000000,0.016,0.01,0.009,0.009,0.009,0.0105,0.0355,0.116,0.795
03-08-2026 21:00,1773003600,0.016,0.009,0.009,0.009,0.0085,0.0105,0.035,0.117,0.795
03-08-2026 22:00,1773007200,0.016,0.0085,0.0095,0.009,0.009,0.0135,0.034,0.119,0.795
03-08-2026 23:00,1773010800,0.014,0.009,0.0095,0.009,0.0095,0.013,0.032,0.0795,0.85
03-09-2026 00:00,1773014400,0.0135,0.0085,0.009,0.0085,0.0095,0.009,0.032,0.0545,0.89
03-09-2026 01:00,1773018000,0.0125,0.009,0.009,0.0085,0.009,0.009,0.0175,0.055,0.9
03-09-2026 02:00,1773021600,0.0125,0.0095,0.009,0.0085,0.0085,0.009,0.0175,0.0585,0.895
03-09-2026 03:00,1773025200,0.0135,0.0085,0.009,0.0085,0.0085,0.008,0.02,0.0285,0.925
03-09-2026 04:00,1773028800,0.0145,0.009,0.009,0.0085,0.0085,0.008,0.015,0.0235,0.925
03-09-2026 05:00,1773032400,0.0145,0.0085,0.0095,0.0085,0.0095,0.0105,0.0195,0.0335,0.915
03-09-2026 06:00,1773036000,0.0115,0.0085,0.0085,0.0085,0.0085,0.0105,0.02,0.04,0.89
03-09-2026 07:00,1773039600,0.012,0.0125,0.01,0.0085,0.0095,0.011,0.0195,0.0415,0.89
03-09-2026 08:00,1773043200,0.012,0.013,0.0095,0.0085,0.009,0.0105,0.0195,0.0415,0.885
03-09-2026 09:00,1773046800,0.011,0.008,0.009,0.0085,0.009,0.0105,0.02,0.0425,0.885
03-09-2026 10:00,1773050400,0.011,0.008,0.0095,0.0085,0.009,0.011,0.0195,0.05,0.885
03-09-2026 11:00,1773054000,0.0615,0.0085,0.0085,0.0085,0.0075,0.0105,0.014,0.0455,0.875
03-09-2026 12:00,1773057600,0.0235,0.008,0.0075,0.0065,0.0065,0.01,0.0105,0.0355,0.875
03-09-2026 13:00,1773061200,0.0195,0.008,0.0075,0.0065,0.007,0.011,0.005,0.0425,0.875
03-09-2026 14:00,1773064800,0.0185,0.008,0.0075,0.006,0.007,0.0095,0.0045,0.0395,0.865
03-09-2026 15:00,1773068400,0.0385,0.008,0.008,0.0065,0.007,0.0105,0.0045,0.041,0.865
03-09-2026 16:00,1773072000,0.0375,0.0095,0.0095,0.009,0.007,0.01,0.0045,0.039,0.865
03-09-2026 17:00,1773075600,0.0375,0.0085,0.01,0.0095,0.0085,0.011,0.014,0.036,0.865
03-09-2026 18:00,1773079200,0.0505,0.0085,0.01,0.0095,0.0085,0.011,0.013,0.0375,0.87
03-09-2026 19:00,1773082800,0.0415,0.008,0.0085,0.0095,0.0075,0.009,0.015,0.0355,0.87
03-09-2026 20:00,1773086400,0.0235,0.008,0.008,0.0095,0.0085,0.011,0.041,0.0425,0.805
03-09-2026 21:00,1773090000,0.0265,0.008,0.008,0.008,0.0085,0.0135,0.1275,0.083,0.725
03-09-2026 22:00,1773093600,0.0265,0.009,0.0085,0.0095,0.009,0.0135,0.0755,0.162,0.665
03-09-2026 23:00,1773097200,0.025,0.009,0.0085,0.0095,0.009,0.0225,0.0895,0.183,0.625
03-10-2026 00:00,1773100800,0.023,0.0085,0.008,0.0095,0.0085,0.0185,0.0895,0.2265,0.63
03-10-2026 01:00,1773104400,0.0235,0.0085,0.0075,0.0095,0.007,0.0145,0.082,0.161,0.66
03-10-2026 02:00,1773108000,0.0225,0.0085,0.0075,0.009,0.007,0.0185,0.0875,0.168,0.665
03-10-2026 03:00,1773111600,0.0195,0.007,0.0055,0.0095,0.007,0.0165,0.0875,0.1455,0.72
03-10-2026 04:00,1773115200,0.0175,0.007,0.006,0.009,0.007,0.015,0.0815,0.144,0.73
03-10-2026 05:00,1773118800,0.0165,0.007,0.006,0.009,0.007,0.017,0.079,0.144,0.67
03-10-2026 06:00,1773122400,0.0165,0.007,0.006,0.009,0.007,0.014,0.058,0.1435,0.675
03-10-2026 07:00,1773126000,0.017,0.0075,0.007,0.0095,0.0075,0.018,0.052,0.1315,0.725
03-10-2026 08:00,1773129600,0.017,0.0075,0.0065,0.0095,0.0075,0.026,0.051,0.096,0.72
03-10-2026 09:00,1773133200,0.0165,0.0075,0.0065,0.0095,0.007,0.026,0.053,0.1125,0.72
03-10-2026 10:00,1773136800,0.016,0.0075,0.0065,0.0095,0.007,0.0235,0.055,0.0965,0.715
03-10-2026 11:00,1773140400,0.016,0.0075,0.0065,0.0095,0.007,0.024,0.053,0.0985,0.72
03-10-2026 12:00,1773144000,0.02,0.0085,0.0065,0.0085,0.007,0.01,0.0505,0.068,0.72
03-10-2026 13:00,1773147600,0.0195,0.0085,0.0065,0.0085,0.007,0.01,0.052,0.0645,0.72
03-10-2026 14:00,1773151200,0.0195,0.0085,0.007,0.0085,0.007,0.01,0.0515,0.0655,0.765
03-10-2026 15:00,1773154800,0.0285,0.0075,0.0065,0.0085,0.0075,0.0115,0.052,0.0715,0.77
03-10-2026 16:00,1773158400,0.041,0.0435,0.0065,0.0085,0.0075,0.014,0.0485,0.0665,0.75
03-10-2026 17:00,1773162000,0.048,0.0375,0.005,0.0085,0.0075,0.0165,0.0485,0.083,0.76
03-10-2026 18:00,1773165600,0.039,0.019,0.0055,0.0085,0.0075,0.016,0.0505,0.0755,0.745
03-10-2026 19:00,1773169200,0.0155,0.0345,0.0055,0.0085,0.0085,0.0165,0.0515,0.062,0.745
03-10-2026 20:00,1773172800,0.0155,0.015,0.0055,0.0085,0.0085,0.0165,0.0505,0.065,0.75
03-10-2026 21:00,1773176400,0.013,0.0125,0.006,0.009,0.009,0.0195,0.0535,0.0595,0.745
03-10-2026 22:00,1773180000,0.0135,0.0135,0.008,0.0095,0.0095,0.022,0.057,0.0865,0.68
03-10-2026 23:00,1773183600,0.0135,0.0135,0.0085,0.0095,0.0095,0.0205,0.078,0.0905,0.715
03-11-2026 00:00,1773187200,0.013,0.0125,0.0075,0.0095,0.0095,0.0205,0.09,0.0975,0.715
03-11-2026 01:00,1773190800,0.013,0.013,0.0075,0.009,0.0095,0.021,0.0895,0.097,0.71
03-11-2026 02:00,1773194400,0.013,0.013,0.008,0.009,0.0095,0.02,0.0895,0.097,0.71
03-11-2026 03:00,1773198000,0.013,0.013,0.008,0.009,0.0095,0.018,0.09,0.097,0.71
03-11-2026 04:00,1773201600,0.013,0.0125,0.0075,0.01,0.0095,0.018,0.0895,0.0975,0.715
03-11-2026 05:00,1773205200,0.013,0.013,0.0075,0.024,0.0095,0.021,0.092,0.1005,0.71
03-11-2026 06:00,1773208800,0.0135,0.0125,0.0075,0.019,0.0095,0.018,0.0875,0.097,0.705
03-11-2026 07:00,1773212400,0.032,0.012,0.009,0.017,0.0095,0.018,0.08,0.0735,0.7
03-11-2026 08:00,1773216000,0.037,0.0115,0.0085,0.0125,0.0095,0.0165,0.0815,0.074,0.685
03-11-2026 09:00,1773219600,0.0325,0.0115,0.0165,0.011,0.01,0.019,0.082,0.0745,0.675
03-11-2026 10:00,1773223200,0.0345,0.0125,0.013,0.01,0.011,0.025,0.082,0.082,0.675
03-11-2026 11:00,1773226800,0.0325,0.013,0.012,0.0145,0.01,0.0185,0.083,0.0835,0.675
03-11-2026 12:00,1773230400,0.0335,0.012,0.011,0.0135,0.011,0.0185,0.0825,0.0835,0.675
03-11-2026 13:00,1773234000,0.015,0.019,0.011,0.013,0.0115,0.021,0.082,0.091,0.73
03-11-2026 14:00,1773237600,0.012,0.0105,0.0095,0.0105,0.0095,0.016,0.074,0.0715,0.795
03-11-2026 15:00,1773241200,0.0145,0.0145,0.009,0.01,0.009,0.016,0.0675,0.0715,0.795
03-11-2026 16:00,1773244800,0.011,0.0135,0.011,0.0085,0.0085,0.013,0.045,0.0815,0.83
03-11-2026 17:00,1773248400,0.0115,0.007,0.0075,0.0065,0.0075,0.013,0.0595,0.0705,0.825
03-11-2026 18:00,1773252000,0.007,0.0065,0.012,0.0065,0.0075,0.0085,0.0555,0.0705,0.81
03-11-2026 19:00,1773255600,0.0115,0.009,0.0155,0.0075,0.0075,0.0105,0.0545,0.071,0.825
03-11-2026 20:00,1773259200,0.0065,0.006,0.0105,0.0065,0.0065,0.0075,0.052,0.0705,0.835
03-11-2026 21:00,1773262800,0.006,0.006,0.0055,0.006,0.0055,0.0075,0.0525,0.063,0.845
03-11-2026 22:00,1773266400,0.0075,0.006,0.0045,0.007,0.0065,0.0075,0.0195,0.057,0.89
03-11-2026 23:00,1773270000,0.007,0.006,0.0055,0.007,0.0065,0.0075,0.021,0.0545,0.89
03-12-2026 00:00,1773273600,0.006,0.0065,0.0065,0.0065,0.0075,0.0075,0.021,0.054,0.905
03-12-2026 01:00,1773277200,0.0035,0.0065,0.0035,0.0055,0.0055,0.0075,0.0185,0.0505,0.905
03-12-2026 02:00,1773280800,0.004,0.0065,0.0055,0.0065,0.007,0.008,0.0175,0.0345,0.905
03-12-2026 03:00,1773284400,0.0045,0.0085,0.0055,0.006,0.007,0.008,0.0205,0.0385,0.905
03-12-2026 04:00,1773288000,0.0055,0.0095,0.0055,0.006,0.007,0.008,0.0155,0.0365,0.91
03-12-2026 05:00,1773291600,0.006,0.0105,0.006,0.0065,0.008,0.008,0.015,0.035,0.905
03-12-2026 06:00,1773295200,0.004,0.008,0.0085,0.0065,0.008,0.008,0.015,0.0345,0.9
03-12-2026 07:00,1773298800,0.004,0.007,0.0085,0.0065,0.008,0.008,0.016,0.0355,0.885
03-12-2026 08:00,1773302400,0.004,0.007,0.0085,0.0065,0.008,0.008,0.0235,0.039,0.885
03-12-2026 09:00,1773306000,0.004,0.007,0.0085,0.006,0.008,0.0085,0.023,0.038,0.885
03-12-2026 10:00,1773309600,0.004,0.007,0.0085,0.006,0.008,0.0085,0.019,0.038,0.9
03-12-2026 11:00,1773313200,0.006,0.0065,0.0085,0.005,0.0065,0.0085,0.0185,0.0355,0.915
03-12-2026 12:00,1773316800,0.0065,0.007,0.0085,0.0055,0.0075,0.0085,0.017,0.0355,0.92
03-12-2026 13:00,1773320400,0.0035,0.0065,0.0075,0.0055,0.006,0.0085,0.013,0.0155,0.945
03-12-2026 14:00,1773324000,0.0035,0.0065,0.0065,0.0055,0.0065,0.008,0.013,0.0145,0.945
03-12-2026 15:00,1773327600,0.0045,0.006,0.006,0.004,0.006,0.0075,0.013,0.0135,0.945
03-12-2026 16:00,1773331200,0.0045,0.0065,0.0055,0.004,0.0065,0.0075,0.012,0.0135,0.945
03-12-2026 17:00,1773334800,0.0045,0.0065,0.006,0.004,0.0065,0.0075,0.0115,0.0135,0.945
03-12-2026 18:00,1773338400,0.0045,0.007,0.0055,0.0055,0.007,0.0075,0.0115,0.0135,0.945
03-12-2026 19:00,1773342000,0.0045,0.007,0.0055,0.0055,0.007,0.0075,0.0115,0.0135,0.945
03-12-2026 20:00,1773345600,0.0045,0.007,0.0055,0.0055,0.007,0.0075,0.0115,0.0135,0.945
03-12-2026 21:00,1773349200,0.0045,0.007,0.0055,0.0055,0.007,0.0075,0.0115,0.0135,0.945
03-12-2026 22:00,1773352800,0.004,0.007,0.0055,0.0055,0.007,0.0075,0.011,0.0145,0.945
03-12-2026 23:00,1773356400,0.004,0.007,0.0065,0.0055,0.007,0.0075,0.0115,0.0145,0.945
03-13-2026 00:00,1773360000,0.0035,0.0055,0.0065,0.0055,0.0055,0.0075,0.0105,0.0145,0.945
03-13-2026 01:00,1773363600,0.0035,0.006,0.0065,0.004,0.0055,0.0065,0.0105,0.014,0.955
03-13-2026 02:00,1773367200,0.0035,0.0055,0.0065,0.0035,0.0055,0.0065,0.0105,0.0125,0.955
03-13-2026 03:00,1773370800,0.0035,0.0055,0.0065,0.0035,0.0055,0.0065,0.0105,0.0125,0.955
03-13-2026 04:00,1773374400,0.0035,0.006,0.007,0.004,0.006,0.007,0.0105,0.012,0.955
03-13-2026 05:00,1773378000,0.004,0.006,0.007,0.004,0.006,0.007,0.0105,0.0125,0.955
03-13-2026 06:00,1773381600,0.004,0.006,0.007,0.004,0.006,0.007,0.0105,0.012,0.955
03-13-2026 07:00,1773385200,0.0035,0.006,0.0065,0.004,0.006,0.007,0.0105,0.012,0.955
03-13-2026 08:00,1773388800,0.003,0.0065,0.006,0.0045,0.0065,0.007,0.011,0.018,0.95
03-13-2026 09:00,1773392400,0.0035,0.0065,0.006,0.0045,0.0065,0.007,0.011,0.018,0.95
03-13-2026 10:00,1773396000,0.0025,0.005,0.006,0.005,0.0065,0.007,0.011,0.0155,0.955
03-13-2026 11:00,1773399600,0.0025,0.0045,0.006,0.0045,0.0065,0.007,0.011,0.0155,0.955
03-13-2026 12:00,1773403200,0.0025,0.005,0.006,0.0045,0.0065,0.006,0.0105,0.0155,0.955
03-13-2026 13:00,1773406800,0.0025,0.0045,0.0055,0.004,0.006,0.0055,0.0055,0.0155,0.955
03-13-2026 14:00,1773410400,0.0025,0.0045,0.0055,0.004,0.006,0.0055,0.0055,0.017,0.955
03-13-2026 15:00,1773414000,0.0025,0.0035,0.0055,0.0035,0.0065,0.006,0.0055,0.017,0.955
03-13-2026 16:00,1773417600,0.0025,0.006,0.0055,0.0045,0.0065,0.006,0.007,0.0165,0.955
03-13-2026 17:00,1773421200,0.0025,0.006,0.0055,0.0045,0.0065,0.006,0.0065,0.0165,0.955
03-13-2026 18:00,1773424800,0.0025,0.006,0.0055,0.0045,0.0065,0.0065,0.0065,0.0165,0.955
03-13-2026 19:00,1773428400,0.0025,0.006,0.0055,0.0045,0.0065,0.0065,0.0065,0.0165,0.955
03-13-2026 20:00,1773432000,0.0025,0.006,0.0055,0.0045,0.0065,0.0065,0.0065,0.017,0.955
03-13-2026 21:00,1773435600,0.0025,0.006,0.0055,0.0045,0.0065,0.0065,0.0065,0.017,0.955
03-13-2026 22:00,1773439200,0.0025,0.006,0.0055,0.0045,0.0065,0.0065,0.0065,0.019,0.94
03-13-2026 23:00,1773442800,0.0025,0.005,0.0055,0.0045,0.006,0.006,0.0075,0.017,0.95
03-14-2026 00:00,1773446400,0.0025,0.005,0.0055,0.0045,0.0055,0.006,0.0055,0.0155,0.96
03-14-2026 01:00,1773450000,0.0025,0.005,0.0055,0.0045,0.0055,0.006,0.0055,0.015,0.96
03-14-2026 02:00,1773453600,0.0025,0.005,0.0055,0.0045,0.0055,0.006,0.0055,0.015,0.955
03-14-2026 03:00,1773457200,0.0025,0.005,0.0055,0.0045,0.0055,0.006,0.0055,0.015,0.96
03-14-2026 04:00,1773460800,0.0025,0.006,0.0055,0.005,0.0065,0.007,0.0055,0.017,0.96
03-14-2026 05:00,1773464400,0.0025,0.006,0.0055,0.005,0.0065,0.007,0.0055,0.017,0.96
03-14-2026 06:00,1773468000,0.0025,0.006,0.0055,0.005,0.0065,0.007,0.0055,0.017,0.955
03-14-2026 07:00,1773471600,0.0025,0.006,0.0055,0.005,0.0065,0.007,0.0055,0.017,0.96
03-14-2026 08:00,1773475200,0.0025,0.006,0.0055,0.005,0.0065,0.007,0.0055,0.017,0.96
03-14-2026 09:00,1773478800,0.0025,0.006,0.0055,0.005,0.0065,0.007,0.0055,0.017,0.955
03-14-2026 10:00,1773482400,0.0025,0.006,0.0055,0.005,0.0065,0.007,0.0055,0.0175,0.955
03-14-2026 11:00,1773486000,0.0025,0.006,0.0055,0.0055,0.0065,0.007,0.0055,0.0175,0.945
03-14-2026 12:00,1773489600,0.0025,0.006,0.0055,0.0055,0.0065,0.007,0.0055,0.0175,0.945
03-14-2026 13:00,1773493200,0.0025,0.006,0.0055,0.0055,0.0065,0.007,0.0055,0.0175,0.945
03-14-2026 14:00,1773496800,0.0025,0.0065,0.0055,0.0055,0.0065,0.0075,0.0055,0.0175,0.945
03-14-2026 15:00,1773500400,0.0025,0.0065,0.0055,0.0055,0.0065,0.0075,0.0055,0.0175,0.945
03-14-2026 16:00,1773504000,0.0025,0.0065,0.0055,0.0055,0.0065,0.0075,0.0055,0.0175,0.945
03-14-2026 17:00,1773507600,0.0025,0.0065,0.0055,0.0055,0.0065,0.0075,0.0055,0.0175,0.945
03-14-2026 18:00,1773511200,0.0025,0.0065,0.0055,0.005,0.0065,0.0075,0.0075,0.017,0.955
03-14-2026 19:00,1773514800,0.0025,0.0065,0.0055,0.005,0.0065,0.0075,0.0075,0.017,0.955
03-14-2026 20:00,1773518400,0.0025,0.0065,0.0055,0.005,0.0065,0.0075,0.0075,0.017,0.945
03-14-2026 21:00,1773522000,0.0025,0.0065,0.0055,0.005,0.0065,0.0075,0.009,0.0175,0.945
03-14-2026 22:00,1773525600,0.0025,0.0065,0.0055,0.005,0.0065,0.0075,0.0105,0.016,0.945
03-14-2026 23:00,1773529200,0.0025,0.0065,0.0055,0.005,0.0065,0.0075,0.0085,0.017,0.945
03-15-2026 00:00,1773532800,0.0025,0.0065,0.0055,0.005,0.0065,0.0075,0.0085,0.017,0.945
03-15-2026 01:00,1773536400,0.0025,0.0065,0.0055,0.005,0.0065,0.0075,0.008,0.0165,0.945
03-15-2026 02:00,1773540000,0.0025,0.0065,0.0055,0.005,0.0065,0.0075,0.0105,0.017,0.945
03-15-2026 03:00,1773543600,0.0025,0.0065,0.0055,0.005,0.0065,0.0075,0.008,0.017,0.945
03-15-2026 04:00,1773547200,0.0025,0.0065,0.0055,0.005,0.0065,0.0075,0.008,0.017,0.945
03-15-2026 05:00,1773550800,0.0025,0.0065,0.0055,0.005,0.0065,0.0075,0.0085,0.017,0.945
03-15-2026 06:00,1773554400,0.0025,0.0065,0.0055,0.005,0.0065,0.007,0.0085,0.0165,0.95
03-15-2026 07:00,1773558000,0.0025,0.0065,0.0055,0.005,0.0065,0.007,0.0085,0.0165,0.95
03-15-2026 08:00,1773561600,0.0025,0.0065,0.0055,0.005,0.0065,0.007,0.0085,0.0165,0.95
03-15-2026 09:00,1773565200,0.0025,0.0065,0.0055,0.005,0.0065,0.007,0.0105,0.0165,0.95
03-15-2026 10:00,1773568800,0.0025,0.0065,0.0055,0.005,0.0065,0.007,0.008,0.015,0.955
03-15-2026 11:00,1773572400,0.0025,0.0065,0.0055,0.005,0.0065,0.007,0.0105,0.016,0.95
03-15-2026 12:00,1773576000,0.0025,0.006,0.0055,0.005,0.0065,0.007,0.009,0.0145,0.95
03-15-2026 13:00,1773579600,0.0025,0.006,0.0055,0.005,0.0065,0.007,0.006,0.014,0.95
03-15-2026 14:00,1773583200,0.0025,0.005,0.0035,0.0045,0.0065,0.0055,0.0045,0.014,0.95
03-15-2026 15:00,1773586800,0.0025,0.005,0.0035,0.0045,0.0065,0.005,0.0045,0.014,0.95
03-15-2026 16:00,1773590400,0.0025,0.005,0.0035,0.0045,0.005,0.006,0.0055,0.0145,0.945
03-15-2026 17:00,1773594000,0.0025,0.0045,0.0035,0.0045,0.005,0.005,0.0045,0.0145,0.945
03-15-2026 18:00,1773597600,0.0025,0.005,0.003,0.0045,0.005,0.005,0.005,0.0145,0.945
03-15-2026 19:00,1773601200,0.0025,0.005,0.003,0.0045,0.005,0.005,0.005,0.014,0.95
03-15-2026 20:00,1773604800,0.0025,0.0045,0.003,0.0045,0.005,0.005,0.005,0.014,0.95
03-15-2026 21:00,1773608400,0.0025,0.0045,0.003,0.0045,0.0045,0.005,0.011,0.014,0.95
03-15-2026 22:00,1773612000,0.0025,0.0045,0.0025,0.0045,0.0045,0.005,0.011,0.014,0.95
03-15-2026 23:00,1773615600,0.0025,0.0045,0.0025,0.0045,0.0045,0.005,0.0095,0.014,0.945
03-16-2026 00:00,1773619200,0.0025,0.0045,0.0025,0.0025,0.0045,0.005,0.0095,0.014,0.945
03-16-2026 01:00,1773622800,0.0025,0.004,0.0025,0.0025,0.0045,0.005,0.0115,0.014,0.945
03-16-2026 02:00,1773626400,0.0025,0.004,0.0025,0.0025,0.0045,0.005,0.011,0.014,0.945
03-16-2026 03:00,1773630000,0.0025,0.004,0.0025,0.0025,0.0045,0.005,0.011,0.0135,0.945
03-16-2026 04:00,1773633600,0.0025,0.004,0.0025,0.0025,0.0045,0.005,0.011,0.0135,0.945
03-16-2026 05:00,1773637200,0.0025,0.004,0.0025,0.0025,0.0045,0.005,0.011,0.0135,0.945
03-16-2026 06:00,1773640800,0.0025,0.004,0.0025,0.0025,0.0045,0.005,0.011,0.0135,0.945
03-16-2026 07:00,1773644400,0.0025,0.004,0.0025,0.0025,0.0045,0.005,0.011,0.0135,0.945
03-16-2026 08:00,1773648000,0.0025,0.004,0.0025,0.0025,0.0045,0.005,0.011,0.013,0.945
03-16-2026 09:00,1773651600,0.0025,0.004,0.0025,0.0025,0.0045,0.0045,0.011,0.0125,0.945
03-16-2026 10:00,1773655200,0.0025,0.004,0.0025,0.0025,0.0045,0.0045,0.011,0.012,0.945
03-16-2026 11:00,1773658800,0.0025,0.004,0.0025,0.0025,0.0045,0.0045,0.011,0.012,0.945
03-16-2026 12:00,1773662400,0.003,0.004,0.0025,0.0025,0.0045,0.0045,0.0105,0.028,0.945
03-16-2026 13:00,1773666000,0.003,0.004,0.0025,0.0025,0.0045,0.0045,0.006,0.0365,0.945
03-16-2026 14:00,1773669600,0.003,0.005,0.0025,0.0035,0.004,0.0045,0.0055,0.023,0.963
03-16-2026 15:00,1773673200,0.003,0.0045,0.0025,0.0025,0.004,0.004,0.004,0.0145,0.9675
03-16-2026 16:00,1773676800,0.003,0.0045,0.0025,0.0025,0.004,0.004,0.004,0.0135,0.9675
03-16-2026 17:00,1773680400,0.003,0.004,0.0025,0.0025,0.0035,0.004,0.0085,0.0125,0.9635
03-16-2026 18:00,1773684000,0.003,0.004,0.0025,0.0025,0.0035,0.004,0.0105,0.011,0.965
03-16-2026 19:00,1773687600,0.003,0.004,0.0025,0.0025,0.0035,0.004,0.013,0.011,0.9605
03-16-2026 20:00,1773691200,0.003,0.004,0.0025,0.0025,0.0035,0.004,0.011,0.011,0.9655
03-16-2026 21:00,1773694800,0.003,0.004,0.0025,0.0025,0.0035,0.004,0.0125,0.011,0.9655
03-16-2026 22:00,1773698400,0.003,0.004,0.0025,0.0025,0.0035,0.004,0.012,0.011,0.965
03-16-2026 23:00,1773702000,0.003,0.004,0.0025,0.0025,0.0035,0.005,0.011,0.011,0.965
03-17-2026 00:00,1773705600,0.003,0.004,0.0025,0.0025,0.0035,0.005,0.01,0.0105,0.9655
03-17-2026 01:00,1773709200,0.003,0.004,0.0025,0.0025,0.0035,0.0055,0.009,0.0105,0.963
03-17-2026 02:00,1773712800,0.003,0.004,0.0025,0.0025,0.0035,0.0055,0.0075,0.0105,0.9635
03-17-2026 03:00,1773716400,0.003,0.004,0.0025,0.0025,0.0035,0.0055,0.006,0.0105,0.964
03-17-2026 04:00,1773720000,0.003,0.004,0.0025,0.0025,0.0055,0.0055,0.006,0.0105,0.9605
03-17-2026 05:00,1773723600,0.0035,0.004,0.0035,0.004,0.0055,0.0055,0.006,0.0105,0.9605
03-17-2026 06:00,1773727200,0.0035,0.004,0.0035,0.004,0.0055,0.0055,0.0065,0.0105,0.9605
03-17-2026 07:00,1773730800,0.0035,0.004,0.0035,0.004,0.0055,0.0055,0.0065,0.0105,0.9605
03-17-2026 08:00,1773734400,0.0035,0.004,0.0035,0.004,0.0055,0.0055,0.0065,0.0105,0.9605
03-17-2026 09:00,1773738000,0.0035,0.004,0.0035,0.004,0.0055,0.0055,0.0065,0.0075,0.9605
03-17-2026 10:00,1773741600,0.0035,0.004,0.0035,0.004,0.0055,0.0055,0.0065,0.007,0.9605
03-17-2026 11:00,1773745200,0.0035,0.004,0.0035,0.004,0.0055,0.0055,0.006,0.007,0.9605
03-17-2026 12:00,1773748800,0.0035,0.004,0.0035,0.004,0.0055,0.0055,0.006,0.007,0.9605
03-17-2026 13:00,1773752400,0.0035,0.004,0.0035,0.004,0.0055,0.0055,0.006,0.007,0.9605
03-17-2026 14:00,1773756000,0.0035,0.004,0.0035,0.004,0.0055,0.0055,0.006,0.007,0.9605
03-17-2026 15:00,1773759600,0.0035,0.004,0.0035,0.004,0.0055,0.0055,0.0085,0.009,0.9605
03-17-2026 16:00,1773763200,0.0035,0.004,0.0035,0.004,0.0055,0.0055,0.0085,0.011,0.9605
03-17-2026 17:00,1773766800,0.0035,0.004,0.0035,0.004,0.0055,0.0055,0.009,0.0095,0.961
03-17-2026 18:00,1773770400,0.003,0.004,0.0035,0.004,0.005,0.0055,0.009,0.011,0.961
03-17-2026 19:00,1773774000,0.0035,0.004,0.0035,0.0055,0.005,0.0055,0.009,0.0095,0.961
03-17-2026 20:00,1773777600,0.0035,0.004,0.0035,0.0055,0.005,0.0055,0.009,0.011,0.961
03-17-2026 21:00,1773781200,0.0035,0.004,0.0035,0.0055,0.005,0.0055,0.009,0.014,0.955
03-17-2026 22:00,1773784800,0.0035,0.004,0.0035,0.0055,0.005,0.0055,0.009,0.014,0.9525
03-17-2026 23:00,1773788400,0.0035,0.004,0.0035,0.006,0.005,0.0055,0.009,0.015,0.9505
03-18-2026 00:00,1773792000,0.0035,0.004,0.0035,0.006,0.005,0.0055,0.009,0.016,0.953
03-18-2026 01:00,1773795600,0.0035,0.004,0.0035,0.006,0.005,0.0055,0.0095,0.016,0.953
03-18-2026 02:00,1773799200,0.003,0.004,0.0035,0.004,0.0055,0.0055,0.0085,0.0105,0.956
03-18-2026 03:00,1773802800,0.0035,0.004,0.0035,0.005,0.0055,0.0055,0.0085,0.015,0.958
03-18-2026 04:00,1773806400,0.0025,0.004,0.0035,0.005,0.0055,0.0055,0.0085,0.011,0.9575
03-18-2026 05:00,1773810000,0.0025,0.004,0.0035,0.0055,0.0055,0.0055,0.0085,0.011,0.9595
03-18-2026 06:00,1773813600,0.0025,0.004,0.0035,0.0055,0.006,0.0055,0.0085,0.0135,0.953
03-18-2026 07:00,1773817200,0.0025,0.004,0.0035,0.0055,0.006,0.0055,0.0085,0.0105,0.9525
03-18-2026 08:00,1773820800,0.0025,0.005,0.0045,0.0045,0.006,0.006,0.008,0.0185,0.9525
03-18-2026 09:00,1773824400,0.0025,0.005,0.0045,0.004,0.005,0.0055,0.007,0.01,0.9585
03-18-2026 10:00,1773828000,0.0025,0.005,0.0045,0.004,0.005,0.0055,0.0075,0.0105,0.954
03-18-2026 11:00,1773831600,0.0025,0.005,0.0045,0.004,0.005,0.006,0.007,0.011,0.948
03-18-2026 12:00,1773835200,0.0025,0.005,0.0045,0.005,0.005,0.0055,0.007,0.011,0.948
03-18-2026 13:00,1773838800,0.003,0.005,0.006,0.005,0.005,0.0055,0.0075,0.0115,0.9565
03-18-2026 14:00,1773842400,0.0035,0.005,0.0055,0.005,0.005,0.0055,0.0075,0.0115,0.951
03-18-2026 15:00,1773846000,0.0035,0.005,0.0055,0.005,0.005,0.0055,0.0075,0.0115,0.951
03-18-2026 16:00,1773849600,0.0035,0.005,0.0045,0.005,0.0055,0.0055,0.007,0.0095,0.9655
03-18-2026 17:00,1773853200,0.0025,0.0055,0.004,0.006,0.0055,0.005,0.007,0.0105,0.96
03-18-2026 18:00,1773856800,0.0025,0.0055,0.0065,0.006,0.0055,0.005,0.007,0.0105,0.96
03-18-2026 19:00,1773860400,0.0025,0.0055,0.0065,0.0055,0.0055,0.005,0.009,0.009,0.9615
03-18-2026 20:00,1773864000,0.0025,0.0055,0.0055,0.0055,0.0055,0.005,0.008,0.009,0.962
03-18-2026 21:00,1773867600,0.0045,0.005,0.004,0.005,0.004,0.005,0.009,0.009,0.9625
03-18-2026 22:00,1773871200,0.004,0.0035,0.004,0.0045,0.0025,0.004,0.009,0.0065,0.9715
03-18-2026 23:00,1773874800,0.003,0.003,0.0035,0.004,0.0025,0.005,0.0075,0.006,0.974
03-19-2026 00:00,1773878400,0.004,0.003,0.0035,0.004,0.0025,0.005,0.0075,0.006,0.974
03-19-2026 01:00,1773882000,0.004,0.003,0.003,0.004,0.0025,0.005,0.0075,0.0065,0.973
03-19-2026 02:00,1773885600,0.004,0.003,0.003,0.0035,0.0025,0.005,0.008,0.0065,0.973
03-19-2026 03:00,1773889200,0.0035,0.0025,0.003,0.0035,0.0025,0.005,0.006,0.0065,0.973
03-19-2026 04:00,1773892800,0.0035,0.0025,0.003,0.0035,0.0025,0.005,0.006,0.0065,0.9725
03-19-2026 05:00,1773896400,0.004,0.0025,0.003,0.0035,0.0025,0.0055,0.0065,0.0065,0.9725
03-19-2026 06:00,1773900000,0.004,0.0025,0.003,0.0035,0.0025,0.006,0.0065,0.0065,0.9725
03-19-2026 07:00,1773903600,0.0035,0.0025,0.003,0.0035,0.0025,0.0065,0.0065,0.0065,0.973
03-19-2026 08:00,1773907200,0.004,0.0025,0.003,0.0035,0.0025,0.0065,0.0065,0.0065,0.9695
03-19-2026 09:00,1773910800,0.004,0.0025,0.003,0.0035,0.0025,0.0065,0.0065,0.0065,0.9695
03-19-2026 10:00,1773914400,0.004,0.004,0.0035,0.004,0.0025,0.0075,0.009,0.008,0.9695
03-19-2026 11:00,1773918000,0.004,0.004,0.0035,0.0035,0.0025,0.006,0.009,0.008,0.9695
03-19-2026 12:00,1773921600,0.005,0.0035,0.0035,0.0035,0.0025,0.006,0.009,0.0095,0.969
03-19-2026 13:00,1773925200,0.0045,0.0035,0.0035,0.0035,0.0025,0.006,0.009,0.0085,0.968
03-19-2026 14:00,1773928800,0.0045,0.0035,0.0035,0.0035,0.0025,0.006,0.009,0.0075,0.9685
03-19-2026 15:00,1773932400,0.005,0.0035,0.0035,0.0035,0.0025,0.0055,0.0085,0.008,0.968
03-19-2026 16:00,1773936000,0.005,0.0035,0.0035,0.0035,0.0025,0.0055,0.0085,0.0095,0.968
03-19-2026 17:00,1773939600,0.005,0.0035,0.0035,0.0035,0.0025,0.0055,0.0085,0.0095,0.968
03-19-2026 18:00,1773943200,0.005,0.0035,0.0035,0.0035,0.0025,0.0055,0.008,0.0095,0.9665
03-19-2026 19:00,1773946800,0.0045,0.0035,0.0035,0.0035,0.0025,0.0045,0.0065,0.0065,0.9665
03-19-2026 20:00,1773950400,0.0045,0.0035,0.0035,0.0035,0.0025,0.0045,0.007,0.011,0.9665
03-19-2026 21:00,1773954000,0.0045,0.0035,0.0035,0.0035,0.0025,0.0045,0.007,0.013,0.952
03-19-2026 22:00,1773957600,0.0055,0.0035,0.0035,0.0035,0.0025,0.0045,0.007,0.012,0.953
03-19-2026 23:00,1773961200,0.0055,0.0035,0.0035,0.0035,0.0025,0.0045,0.007,0.0125,0.955
03-20-2026 00:00,1773964800,0.0055,0.0035,0.0035,0.0035,0.0025,0.0045,0.007,0.013,0.955
03-20-2026 01:00,1773968400,0.005,0.0035,0.0035,0.0035,0.0025,0.0045,0.007,0.011,0.955
03-20-2026 02:00,1773972000,0.005,0.0035,0.0035,0.0035,0.0025,0.0045,0.007,0.0115,0.954
03-20-2026 03:00,1773975600,0.005,0.0035,0.0035,0.0035,0.0025,0.0045,0.0075,0.0115,0.954
03-20-2026 04:00,1773979200,0.0055,0.0035,0.0035,0.0035,0.0025,0.0045,0.0075,0.0125,0.9625
03-20-2026 05:00,1773982800,0.0045,0.0035,0.0035,0.0035,0.0025,0.0045,0.008,0.0155,0.9665
03-20-2026 06:00,1773986400,0.004,0.0035,0.0035,0.0035,0.0025,0.0045,0.008,0.0155,0.967
03-20-2026 07:00,1773990000,0.005,0.0035,0.0035,0.0035,0.0025,0.0045,0.008,0.011,0.9675
03-20-2026 08:00,1773993600,0.0045,0.0035,0.0035,0.0035,0.0025,0.005,0.009,0.01,0.968
03-20-2026 09:00,1773997200,0.0045,0.0035,0.0035,0.0035,0.0025,0.005,0.008,0.0085,0.971
03-20-2026 10:00,1774000800,0.0045,0.0035,0.0035,0.0035,0.0025,0.004,0.008,0.0085,0.971
03-20-2026 11:00,1774004400,0.0035,0.0035,0.0035,0.0035,0.003,0.004,0.0155,0.0075,0.965
03-20-2026 12:00,1774008000,0.0035,0.0035,0.0035,0.0035,0.005,0.004,0.0145,0.008,0.9635
03-20-2026 13:00,1774011600,0.0035,0.0035,0.0035,0.0035,0.0045,0.004,0.0135,0.0075,0.962
03-20-2026 14:00,1774015200,0.0035,0.0035,0.0035,0.0035,0.004,0.004,0.013,0.011,0.9645
03-20-2026 15:00,1774018800,0.0035,0.0035,0.0035,0.0035,0.004,0.004,0.0115,0.0075,0.968
03-20-2026 16:00,1774022400,0.0045,0.0035,0.003,0.0035,0.004,0.004,0.0115,0.009,0.9645
03-20-2026 17:00,1774026000,0.0045,0.0035,0.003,0.0035,0.004,0.004,0.0115,0.0075,0.965
03-20-2026 18:00,1774029600,0.0035,0.0035,0.003,0.0035,0.004,0.004,0.0115,0.006,0.965
03-20-2026 19:00,1774033200,0.003,0.0035,0.003,0.0035,0.004,0.004,0.013,0.006,0.962
03-20-2026 20:00,1774036800,0.003,0.0035,0.003,0.0035,0.004,0.004,0.013,0.006,0.9615
03-20-2026 21:00,1774040400,0.0045,0.0035,0.003,0.0035,0.004,0.004,0.013,0.006,0.9615
03-20-2026 22:00,1774044000,0.0045,0.0035,0.003,0.0035,0.004,0.004,0.013,0.0065,0.9655
03-20-2026 23:00,1774047600,0.0045,0.0035,0.003,0.0035,0.004,0.004,0.013,0.006,0.9645
03-21-2026 00:00,1774051200,0.0045,0.0035,0.003,0.0035,0.004,0.004,0.013,0.006,0.967
03-21-2026 01:00,1774054800,0.0045,0.0035,0.003,0.0035,0.0035,0.004,0.013,0.0055,0.9685
03-21-2026 02:00,1774058400,0.0045,0.0035,0.003,0.0035,0.004,0.004,0.012,0.006,0.9655
03-21-2026 03:00,1774062000,0.0045,0.0035,0.003,0.0035,0.004,0.0035,0.012,0.006,0.9665
03-21-2026 04:00,1774065600,0.0045,0.0035,0.003,0.0035,0.004,0.0035,0.012,0.006,0.9675
03-21-2026 05:00,1774069200,0.0045,0.0035,0.003,0.0035,0.004,0.0035,0.012,0.0065,0.9675
03-21-2026 06:00,1774072800,0.0045,0.0035,0.003,0.0035,0.004,0.0035,0.012,0.009,0.9615
03-21-2026 07:00,1774076400,0.0045,0.0035,0.003,0.0035,0.004,0.0035,0.012,0.009,0.959
03-21-2026 08:00,1774080000,0.0045,0.0035,0.003,0.0035,0.004,0.0035,0.012,0.009,0.9635
03-21-2026 09:00,1774083600,0.0045,0.0035,0.003,0.0035,0.004,0.0035,0.012,0.006,0.968
03-21-2026 10:00,1774087200,0.0045,0.0035,0.003,0.0035,0.004,0.0035,0.012,0.0065,0.9655
03-21-2026 11:00,1774090800,0.0045,0.0035,0.003,0.0035,0.004,0.0035,0.0165,0.0065,0.963
03-21-2026 12:00,1774094400,0.0045,0.0035,0.003,0.0035,0.004,0.0035,0.0165,0.0065,0.9655
03-21-2026 13:00,1774098000,0.0045,0.0035,0.003,0.0035,0.004,0.0035,0.0155,0.0065,0.968
03-21-2026 14:00,1774101600,0.0045,0.003,0.003,0.003,0.004,0.0035,0.0155,0.007,0.966
03-21-2026 15:00,1774105200,0.0045,0.003,0.003,0.003,0.004,0.0035,0.0155,0.007,0.9645
03-21-2026 16:00,1774108800,0.0045,0.0025,0.0025,0.0025,0.004,0.0045,0.0155,0.007,0.9645
03-21-2026 17:00,1774112400,0.0045,0.0025,0.0025,0.0025,0.004,0.0045,0.0155,0.007,0.9645
03-21-2026 18:00,1774116000,0.0045,0.0025,0.0025,0.0025,0.0035,0.005,0.0155,0.007,0.964
03-21-2026 19:00,1774119600,0.0045,0.0025,0.0025,0.0025,0.0035,0.005,0.0145,0.0065,0.9645
03-21-2026 20:00,1774123200,0.0045,0.0025,0.0025,0.0025,0.0035,0.004,0.015,0.007,0.966
03-21-2026 21:00,1774126800,0.0045,0.0025,0.0025,0.0025,0.003,0.003,0.013,0.005,0.97
03-21-2026 22:00,1774130400,0.0045,0.0025,0.0025,0.0025,0.0025,0.003,0.0125,0.005,0.966
03-21-2026 23:00,1774134000,0.0045,0.0025,0.0025,0.0025,0.0025,0.003,0.0125,0.005,0.97
03-22-2026 00:00,1774137600,0.005,0.0025,0.0025,0.0025,0.0025,0.003,0.0125,0.005,0.967
03-22-2026 01:00,1774141200,0.0035,0.0025,0.0025,0.0025,0.0025,0.0025,0.0095,0.0045,0.9675
03-22-2026 02:00,1774144800,0.0035,0.0025,0.0025,0.0025,0.0025,0.0025,0.0085,0.0045,0.9685
03-22-2026 03:00,1774148400,0.003,0.0025,0.0025,0.0025,0.0025,0.0025,0.0075,0.0045,0.976
03-22-2026 04:00,1774152000,0.0045,0.0025,0.0025,0.0025,0.0025,0.0025,0.0075,0.0045,0.974
03-22-2026 05:00,1774155600,0.0045,0.0025,0.0025,0.0025,0.0025,0.0025,0.0075,0.0045,0.9665
03-22-2026 06:00,1774159200,0.0045,0.0025,0.0025,0.0025,0.0025,0.0025,0.006,0.0045,0.975
03-22-2026 07:00,1774162800,0.0045,0.0025,0.0025,0.0025,0.0025,0.0025,0.006,0.0045,0.965
03-22-2026 08:00,1774166400,0.0045,0.0025,0.0025,0.0025,0.0035,0.003,0.0065,0.005,0.9665
03-22-2026 09:00,1774170000,0.0045,0.0025,0.0025,0.0025,0.004,0.003,0.0065,0.005,0.973
03-22-2026 10:00,1774173600,0.0035,0.0025,0.0025,0.0025,0.004,0.003,0.007,0.005,0.972
03-22-2026 11:00,1774177200,0.004,0.0025,0.0025,0.0025,0.004,0.003,0.0065,0.0055,0.972
03-22-2026 12:00,1774180800,0.0035,0.0025,0.0025,0.0025,0.004,0.003,0.006,0.0055,0.971
03-22-2026 13:00,1774184400,0.0035,0.0025,0.0025,0.0025,0.004,0.0025,0.0075,0.0055,0.972
03-22-2026 14:00,1774188000,0.0035,0.0025,0.0025,0.0025,0.004,0.003,0.0075,0.0055,0.972
03-22-2026 15:00,1774191600,0.004,0.004,0.003,0.003,0.004,0.0035,0.008,0.0065,0.9395
03-22-2026 16:00,1774195200,0.004,0.0035,0.003,0.003,0.004,0.003,0.008,0.0065,0.942
03-22-2026 17:00,1774198800,0.004,0.0035,0.003,0.003,0.004,0.0035,0.008,0.0065,0.942
03-22-2026 18:00,1774202400,0.004,0.004,0.003,0.003,0.004,0.0035,0.008,0.0075,0.934
03-22-2026 19:00,1774206000,0.004,0.004,0.003,0.003,0.005,0.0045,0.02,0.0085,0.952
03-22-2026 20:00,1774209600,0.004,0.004,0.003,0.003,0.005,0.0045,0.014,0.008,0.961
03-22-2026 21:00,1774213200,0.004,0.004,0.003,0.003,0.005,0.0045,0.0105,0.008,0.9635
03-22-2026 22:00,1774216800,0.003,0.003,0.002,0.0025,0.0035,0.003,0.0055,0.0065,0.9665
03-22-2026 23:00,1774220400,0.003,0.003,0.0015,0.0025,0.004,0.003,0.0055,0.0055,0.9735
03-23-2026 00:00,1774224000,0.003,0.003,0.0015,0.0025,0.004,0.003,0.0055,0.0055,0.9715
03-23-2026 01:00,1774227600,0.003,0.003,0.0015,0.0035,0.003,0.003,0.0055,0.0055,0.973
03-23-2026 02:00,1774231200,0.003,0.003,0.0015,0.0035,0.003,0.003,0.0055,0.0055,0.973
03-23-2026 03:00,1774234800,0.003,0.003,0.0015,0.0035,0.003,0.003,0.0055,0.0055,0.97
03-23-2026 04:00,1774238400,0.0035,0.003,0.0015,0.0035,0.003,0.003,0.0055,0.0055,0.972
03-23-2026 05:00,1774242000,0.004,0.003,0.0015,0.0035,0.003,0.004,0.0055,0.0055,0.972
03-23-2026 06:00,1774245600,0.004,0.003,0.0015,0.0035,0.003,0.004,0.0055,0.0055,0.973
03-23-2026 07:00,1774249200,0.004,0.003,0.003,0.0035,0.003,0.004,0.0055,0.0055,0.978
03-23-2026 08:00,1774252800,0.003,0.003,0.002,0.003,0.003,0.005,0.0055,0.005,0.978
03-23-2026 09:00,1774256400,0.004,0.003,0.0025,0.0035,0.003,0.004,0.0055,0.005,0.9765
03-23-2026 10:00,1774260000,0.004,0.003,0.0025,0.0035,0.003,0.004,0.01,0.0055,0.974
03-23-2026 11:00,1774263600,0.004,0.003,0.0025,0.0035,0.003,0.004,0.011,0.0055,0.9715
03-23-2026 12:00,1774267200,0.005,0.003,0.0025,0.0035,0.003,0.004,0.01,0.0055,0.969
03-23-2026 13:00,1774270800,0.0025,0.0035,0.0035,0.0045,0.0035,0.0055,0.0105,0.0065,0.969
03-23-2026 14:00,1774274400,0.0025,0.003,0.0025,0.0035,0.003,0.0045,0.0105,0.0055,0.969
03-23-2026 15:00,1774278000,0.0025,0.003,0.003,0.0045,0.003,0.005,0.0105,0.0065,0.9675
03-23-2026 16:00,1774281600,0.0025,0.003,0.003,0.0045,0.003,0.005,0.01,0.0065,0.9675
03-23-2026 17:00,1774285200,0.004,0.003,0.003,0.0045,0.003,0.005,0.0105,0.0065,0.9675
03-23-2026 18:00,1774288800,0.0035,0.003,0.003,0.0045,0.003,0.005,0.01,0.0065,0.968
03-23-2026 19:00,1774292400,0.0035,0.003,0.003,0.0045,0.0025,0.005,0.0095,0.0065,0.968
03-23-2026 20:00,1774296000,0.0035,0.0025,0.003,0.0045,0.0025,0.005,0.01,0.0065,0.968
03-23-2026 21:00,1774299600,0.0035,0.0045,0.003,0.0045,0.0025,0.004,0.0145,0.011,0.9675
03-23-2026 22:00,1774303200,0.0035,0.0045,0.003,0.0045,0.0025,0.004,0.012,0.0125,0.968
03-23-2026 23:00,1774306800,0.0035,0.0045,0.003,0.0045,0.0025,0.0035,0.012,0.012,0.969
03-24-2026 00:00,1774310400,0.0035,0.0045,0.003,0.0045,0.0025,0.0035,0.01,0.012,0.969
03-24-2026 01:00,1774314000,0.0035,0.004,0.002,0.0035,0.0025,0.0035,0.0115,0.0105,0.9685
03-24-2026 02:00,1774317600,0.004,0.0045,0.0025,0.0035,0.0025,0.004,0.0115,0.0105,0.9655
03-24-2026 03:00,1774321200,0.004,0.0045,0.0025,0.0035,0.0025,0.004,0.0115,0.0105,0.9655
03-24-2026 04:00,1774324800,0.004,0.0045,0.0025,0.0035,0.0025,0.004,0.0115,0.0105,0.967
03-24-2026 05:00,1774328400,0.004,0.0045,0.0025,0.0035,0.0025,0.004,0.0115,0.0105,0.967
03-24-2026 06:00,1774332000,0.0045,0.0045,0.0025,0.0035,0.0025,0.004,0.0115,0.01,0.967
03-24-2026 07:00,1774335600,0.0045,0.0045,0.003,0.0035,0.004,0.004,0.012,0.011,0.9655
03-24-2026 08:00,1774339200,0.0045,0.0045,0.003,0.0035,0.004,0.004,0.0115,0.011,0.966
03-24-2026 09:00,1774342800,0.0045,0.0045,0.003,0.0035,0.0045,0.004,0.0115,0.011,0.966
03-24-2026 10:00,1774346400,0.0045,0.0045,0.003,0.0035,0.0045,0.004,0.0115,0.0115,0.966
03-24-2026 11:00,1774350000,0.0045,0.0045,0.003,0.0035,0.004,0.004,0.0115,0.0115,0.966
03-24-2026 12:00,1774353600,0.0045,0.0045,0.003,0.0035,0.004,0.004,0.0115,0.0115,0.966
03-24-2026 13:00,1774357200,0.0045,0.0045,0.003,0.0035,0.004,0.004,0.0115,0.0115,0.9665
03-24-2026 14:00,1774360800,0.0045,0.0045,0.003,0.0035,0.004,0.004,0.0115,0.011,0.9665
03-24-2026 15:00,1774364400,0.0045,0.0045,0.003,0.0035,0.004,0.004,0.0115,0.0105,0.9665
03-24-2026 16:00,1774368000,0.0045,0.0045,0.003,0.0035,0.004,0.004,0.012,0.0105,0.9665
03-24-2026 17:00,1774371600,0.0045,0.004,0.003,0.0035,0.004,0.0025,0.012,0.0105,0.9665
03-24-2026 18:00,1774375200,0.004,0.004,0.003,0.0035,0.004,0.004,0.012,0.0105,0.9665
03-24-2026 19:00,1774378800,0.004,0.004,0.003,0.0035,0.004,0.004,0.012,0.0105,0.9665
03-24-2026 20:00,1774382400,0.004,0.004,0.003,0.0035,0.004,0.004,0.012,0.0105,0.9665
03-24-2026 21:00,1774386000,0.004,0.004,0.003,0.0035,0.004,0.004,0.012,0.0105,0.9665
03-24-2026 22:00,1774389600,0.004,0.004,0.003,0.0035,0.004,0.004,0.012,0.0105,0.9665
03-24-2026 23:00,1774393200,0.003,0.003,0.002,0.003,0.003,0.003,0.011,0.0095,0.9695
03-25-2026 00:00,1774396800,0.003,0.003,0.002,0.003,0.003,0.003,0.011,0.0095,0.9695
03-25-2026 01:00,1774400400,0.003,0.003,0.002,0.003,0.003,0.003,0.011,0.0095,0.97
03-25-2026 02:00,1774404000,0.003,0.003,0.002,0.0025,0.003,0.003,0.011,0.0095,0.97
03-25-2026 03:00,1774407600,0.003,0.003,0.002,0.0025,0.003,0.003,0.011,0.0095,0.97
03-25-2026 04:00,1774411200,0.003,0.003,0.002,0.0025,0.003,0.003,0.011,0.0095,0.97
03-25-2026 05:00,1774414800,0.003,0.003,0.002,0.0025,0.003,0.003,0.011,0.0095,0.9705
03-25-2026 06:00,1774418400,0.003,0.003,0.002,0.0025,0.003,0.003,0.011,0.0095,0.97
03-25-2026 07:00,1774422000,0.003,0.003,0.002,0.0025,0.003,0.003,0.011,0.0095,0.97
03-25-2026 08:00,1774425600,0.0035,0.0035,0.0025,0.0025,0.0035,0.0035,0.012,0.0075,0.97
03-25-2026 09:00,1774429200,0.004,0.003,0.002,0.0025,0.0035,0.003,0.012,0.006,0.97
03-25-2026 10:00,1774432800,0.0035,0.003,0.002,0.0025,0.0035,0.003,0.012,0.006,0.97
03-25-2026 11:00,1774436400,0.0035,0.003,0.002,0.0025,0.0035,0.003,0.012,0.006,0.971
03-25-2026 12:00,1774440000,0.0035,0.003,0.002,0.0025,0.0035,0.003,0.012,0.006,0.9715
03-25-2026 13:00,1774443600,0.0035,0.003,0.002,0.0025,0.0035,0.003,0.013,0.006,0.9715
03-25-2026 14:00,1774447200,0.0035,0.003,0.003,0.0025,0.0035,0.003,0.012,0.007,0.97
03-25-2026 15:00,1774450800,0.0035,0.003,0.003,0.0025,0.0035,0.003,0.0115,0.008,0.97
03-25-2026 16:00,1774454400,0.0035,0.003,0.003,0.0025,0.0035,0.003,0.0115,0.008,0.97
03-25-2026 17:00,1774458000,0.0035,0.003,0.003,0.0025,0.0035,0.003,0.0115,0.008,0.97
03-25-2026 18:00,1774461600,0.0035,0.003,0.003,0.0025,0.0035,0.003,0.0115,0.008,0.97
03-25-2026 19:00,1774465200,0.0035,0.003,0.003,0.0025,0.0035,0.003,0.011,0.008,0.9705
03-25-2026 20:00,1774468800,0.0035,0.003,0.003,0.0025,0.0035,0.003,0.01,0.008,0.9715
03-25-2026 21:00,1774472400,0.0035,0.003,0.0035,0.0025,0.0035,0.003,0.01,0.009,0.9715
03-25-2026 22:00,1774476000,0.0035,0.003,0.0035,0.0025,0.0035,0.003,0.009,0.0095,0.9715
03-25-2026 23:00,1774479600,0.0035,0.003,0.0035,0.0025,0.0035,0.003,0.009,0.0095,0.9715
03-26-2026 00:00,1774483200,0.0035,0.003,0.003,0.0025,0.0035,0.003,0.009,0.0095,0.972
03-26-2026 01:00,1774486800,0.003,0.003,0.002,0.0025,0.003,0.005,0.009,0.008,0.9715
03-26-2026 02:00,1774490400,0.0035,0.003,0.002,0.0025,0.0035,0.0045,0.0085,0.0085,0.972
03-26-2026 03:00,1774494000,0.0035,0.003,0.002,0.0025,0.0035,0.0045,0.009,0.0085,0.9715
03-26-2026 04:00,1774497600,0.0035,0.003,0.0025,0.0025,0.0035,0.0045,0.009,0.0085,0.9715
03-26-2026 05:00,1774501200,0.0035,0.003,0.0025,0.0025,0.0035,0.0045,0.009,0.0085,0.9715
03-26-2026 06:00,1774504800,0.0035,0.003,0.0025,0.0025,0.0035,0.0045,0.009,0.0085,0.9715
03-26-2026 07:00,1774508400,0.0035,0.003,0.0025,0.0025,0.0035,0.0045,0.0085,0.009,0.9715
03-26-2026 08:00,1774512000,0.0035,0.003,0.0025,0.0025,0.0035,0.0045,0.0085,0.009,0.9715
03-26-2026 09:00,1774515600,0.0035,0.003,0.0025,0.0025,0.0035,0.0045,0.0085,0.009,0.9715
03-26-2026 10:00,1774519200,0.0025,0.0025,0.0025,0.0025,0.0035,0.0045,0.0085,0.009,0.9715
03-26-2026 11:00,1774522800,0.0025,0.0025,0.0015,0.0025,0.0035,0.0045,0.0085,0.0075,0.9715
03-26-2026 12:00,1774526400,0.0025,0.0025,0.0015,0.0025,0.0035,0.0045,0.0085,0.0075,0.9715
03-26-2026 13:00,1774530000,0.0025,0.0025,0.0015,0.0025,0.0035,0.0045,0.0085,0.0045,0.9715
03-26-2026 14:00,1774533600,0.0025,0.0025,0.0015,0.0025,0.0015,0.0035,0.0085,0.0045,0.9715
03-26-2026 15:00,1774537200,0.0025,0.0025,0.0015,0.0025,0.007,0.0035,0.012,0.0045,0.971
03-26-2026 16:00,1774540800,0.0025,0.0025,0.0015,0.0025,0.006,0.0035,0.011,0.0045,0.973
03-26-2026 17:00,1774544400,0.0025,0.0025,0.0015,0.0025,0.0055,0.0035,0.011,0.0045,0.973
03-26-2026 18:00,1774548000,0.0025,0.0025,0.0015,0.0025,0.0045,0.0035,0.01,0.0065,0.9745
03-26-2026 19:00,1774551600,0.0025,0.0025,0.0015,0.0025,0.004,0.0035,0.008,0.008,0.9745
03-26-2026 20:00,1774555200,0.0025,0.0025,0.0015,0.0025,0.004,0.0035,0.0085,0.008,0.975
03-26-2026 21:00,1774558800,0.0025,0.0025,0.0015,0.0025,0.004,0.0035,0.009,0.008,0.975
03-26-2026 22:00,1774562400,0.0025,0.0025,0.0015,0.0025,0.004,0.0035,0.0085,0.008,0.975
03-26-2026 23:00,1774566000,0.0025,0.0025,0.0015,0.0025,0.0025,0.0035,0.009,0.007,0.975
03-27-2026 00:00,1774569600,0.0025,0.0025,0.0015,0.0025,0.0025,0.0035,0.008,0.008,0.975
03-27-2026 01:00,1774573200,0.0025,0.0025,0.0015,0.0025,0.0025,0.003,0.0075,0.008,0.9755
03-27-2026 02:00,1774576800,0.0025,0.0025,0.0015,0.0025,0.0035,0.0025,0.007,0.0065,0.9755
03-27-2026 03:00,1774580400,0.0025,0.0025,0.0015,0.0025,0.0035,0.0025,0.007,0.0065,0.9755
03-27-2026 04:00,1774584000,0.0025,0.0025,0.0015,0.0025,0.0035,0.0025,0.0075,0.0065,0.9755
03-27-2026 05:00,1774587600,0.0025,0.0025,0.0015,0.0025,0.0035,0.0025,0.0085,0.0065,0.9755
03-27-2026 06:00,1774591200,0.0025,0.0025,0.0015,0.0025,0.0035,0.0025,0.0085,0.0055,0.976
03-27-2026 07:00,1774594800,0.0025,0.0025,0.0015,0.0025,0.0035,0.0025,0.0085,0.0055,0.976
03-27-2026 08:00,1774598400,0.0025,0.0025,0.0015,0.0025,0.0035,0.0025,0.009,0.0055,0.976
03-27-2026 09:00,1774602000,0.0025,0.0025,0.0015,0.0025,0.0025,0.0025,0.0085,0.0055,0.976
03-27-2026 10:00,1774605600,0.0025,0.0025,0.0015,0.0025,0.0025,0.0025,0.0085,0.0055,0.976
03-27-2026 11:00,1774609200,0.0025,0.0025,0.0015,0.0025,0.0025,0.0025,0.009,0.0055,0.976
03-27-2026 12:00,1774612800,0.0025,0.0025,0.0015,0.0025,0.0025,0.0025,0.0085,0.0055,0.9755
03-27-2026 13:00,1774616400,0.0025,0.0025,0.0015,0.0025,0.0025,0.0025,0.009,0.0055,0.9755
03-27-2026 14:00,1774620000,0.0025,0.0025,0.0015,0.0025,0.0025,0.0025,0.009,0.0055,0.9755
03-27-2026 15:00,1774623600,0.0025,0.0025,0.0015,0.0025,0.0025,0.0025,0.009,0.0055,0.9745
03-27-2026 16:00,1774627200,0.0025,0.0025,0.0015,0.0025,0.0025,0.0025,0.009,0.0055,0.9745
03-27-2026 17:00,1774630800,0.0025,0.0025,0.0015,0.0025,0.0025,0.0025,0.009,0.0055,0.9745
03-27-2026 18:00,1774634400,0.0025,0.0025,0.0015,0.0025,0.0025,0.0025,0.0085,0.0055,0.9745
03-27-2026 19:00,1774638000,0.0025,0.0025,0.0015,0.0025,0.0025,0.0025,0.0085,0.0055,0.9745
03-27-2026 20:00,1774641600,0.0025,0.0025,0.0015,0.0025,0.0025,0.0025,0.01,0.0055,0.9745
03-27-2026 21:00,1774645200,0.0025,0.0025,0.0015,0.0025,0.0025,0.0025,0.01,0.0055,0.9745
03-27-2026 22:00,1774648800,0.0025,0.0025,0.0015,0.0025,0.0025,0.0025,0.006,0.0055,0.9745
03-27-2026 23:00,1774652400,0.0025,0.002,0.0015,0.0025,0.0025,0.0025,0.0055,0.0055,0.9745
03-28-2026 00:00,1774656000,0.0025,0.002,0.0015,0.0025,0.0025,0.0025,0.0055,0.0055,0.9745
03-28-2026 01:00,1774659600,0.0025,0.002,0.0015,0.0025,0.0025,0.0025,0.0055,0.0055,0.9745
03-28-2026 02:00,1774663200,0.0025,0.002,0.0015,0.0025,0.0025,0.0025,0.0055,0.0055,0.9745
03-28-2026 03:00,1774666800,0.0025,0.002,0.0015,0.0025,0.0025,0.0025,0.0055,0.0055,0.9745
03-28-2026 04:00,1774670400,0.0025,0.002,0.0015,0.0025,0.0025,0.0025,0.0055,0.0055,0.9745
03-28-2026 05:00,1774674000,0.0025,0.002,0.0015,0.0025,0.0025,0.0025,0.0055,0.0055,0.9745
03-28-2026 06:00,1774677600,0.0025,0.002,0.0015,0.0025,0.0025,0.0025,0.0055,0.0055,0.9745
03-28-2026 07:00,1774681200,0.0025,0.002,0.0015,0.0025,0.0025,0.0025,0.0055,0.0055,0.9745
03-28-2026 08:00,1774684800,0.0025,0.002,0.0015,0.0025,0.0025,0.0025,0.0055,0.0055,0.9735
03-28-2026 09:00,1774688400,0.0025,0.002,0.0015,0.0025,0.0025,0.0025,0.0055,0.0055,0.9735
03-28-2026 10:00,1774692000,0.0025,0.002,0.0015,0.0025,0.0025,0.0025,0.0055,0.0055,0.9735
03-28-2026 11:00,1774695600,0.0025,0.002,0.0015,0.0025,0.0025,0.0025,0.0055,0.0055,0.973
03-28-2026 12:00,1774699200,0.0025,0.002,0.0015,0.0025,0.0025,0.0025,0.0055,0.0055,0.973
03-28-2026 13:00,1774702800,0.0025,0.002,0.0015,0.0025,0.0025,0.0025,0.0055,0.0055,0.973
03-28-2026 14:00,1774706400,0.0025,0.002,0.0015,0.0025,0.0025,0.0025,0.0055,0.0055,0.973
03-28-2026 15:00,1774710000,0.0025,0.002,0.0015,0.0025,0.0025,0.0025,0.0055,0.0055,0.973
03-28-2026 16:00,1774713600,0.0075,0.002,0.0015,0.0025,0.0025,0.0025,0.005,0.009,0.973
03-28-2026 17:00,1774717200,0.0075,0.002,0.0015,0.0025,0.0025,0.0025,0.005,0.0095,0.973
03-28-2026 18:00,1774720800,0.0075,0.002,0.0015,0.0025,0.0025,0.0025,0.005,0.0075,0.973
03-28-2026 19:00,1774724400,0.0065,0.002,0.0015,0.0025,0.0025,0.0025,0.005,0.0085,0.976
03-28-2026 20:00,1774728000,0.0065,0.002,0.0015,0.0025,0.0025,0.0025,0.005,0.0085,0.976
03-28-2026 21:00,1774731600,0.007,0.002,0.0015,0.0025,0.0025,0.0025,0.0055,0.0075,0.976
03-28-2026 22:00,1774735200,0.006,0.002,0.0015,0.0025,0.0025,0.0025,0.005,0.006,0.976
03-28-2026 23:00,1774738800,0.0075,0.002,0.0015,0.0025,0.0025,0.0025,0.0045,0.0085,0.976
03-29-2026 00:00,1774742400,0.006,0.002,0.0015,0.0025,0.0025,0.0025,0.0045,0.008,0.976
03-29-2026 01:00,1774746000,0.006,0.002,0.0015,0.0025,0.0025,0.0025,0.0045,0.007,0.9775
03-29-2026 02:00,1774749600,0.004,0.002,0.0015,0.0025,0.0025,0.0025,0.0045,0.0055,0.9775
03-29-2026 03:00,1774753200,0.0035,0.002,0.0015,0.0025,0.0025,0.0025,0.0045,0.0055,0.9775
03-29-2026 04:00,1774756800,0.0045,0.0015,0.0015,0.0025,0.0025,0.0025,0.0045,0.0065,0.979
03-29-2026 05:00,1774760400,0.0055,0.0015,0.0015,0.0025,0.0025,0.0025,0.0045,0.0065,0.979
03-29-2026 06:00,1774764000,0.0055,0.0015,0.0015,0.0025,0.0025,0.0025,0.0045,0.007,0.979
03-29-2026 07:00,1774767600,0.0035,0.0015,0.0015,0.0025,0.0025,0.0025,0.008,0.0065,0.979
03-29-2026 08:00,1774771200,0.003,0.0015,0.0015,0.0025,0.0025,0.0025,0.007,0.006,0.979
03-29-2026 09:00,1774774800,0.0035,0.0015,0.0015,0.0025,0.0025,0.0025,0.0065,0.0065,0.979
03-29-2026 10:00,1774778400,0.0035,0.0015,0.0015,0.0025,0.0025,0.0025,0.0065,0.0065,0.979
03-29-2026 11:00,1774782000,0.0035,0.0015,0.0015,0.0015,0.0015,0.0015,0.008,0.0065,0.979
03-29-2026 12:00,1774785600,0.0035,0.0015,0.0015,0.0015,0.0015,0.0015,0.008,0.0065,0.979
03-29-2026 13:00,1774789200,0.0035,0.0015,0.0015,0.0015,0.0015,0.0015,0.008,0.0065,0.979
03-29-2026 14:00,1774792800,0.0035,0.0015,0.0015,0.0015,0.0015,0.0015,0.0095,0.0065,0.979
03-29-2026 15:00,1774796400,0.0035,0.0015,0.0015,0.0015,0.0015,0.0015,0.0095,0.0065,0.979
03-29-2026 16:00,1774800000,0.005,0.0015,0.0015,0.0015,0.0015,0.0015,0.009,0.0065,0.978
03-29-2026 17:00,1774803600,0.0055,0.0015,0.0015,0.0015,0.0015,0.0015,0.009,0.006,0.978
03-29-2026 18:00,1774807200,0.0055,0.0015,0.0015,0.0015,0.0015,0.0015,0.009,0.006,0.978
03-29-2026 19:00,1774810800,0.005,0.0015,0.0015,0.0015,0.0015,0.0015,0.0045,0.0065,0.9795
03-29-2026 20:00,1774814400,0.005,0.0015,0.0015,0.0015,0.0015,0.0015,0.0045,0.0055,0.981
03-29-2026 21:00,1774818000,0.005,0.0015,0.0015,0.0015,0.0015,0.0015,0.0045,0.0055,0.981
03-29-2026 22:00,1774821600,0.005,0.0015,0.0015,0.0015,0.0015,0.0015,0.0045,0.0055,0.981
03-29-2026 23:00,1774825200,0.005,0.0015,0.0015,0.0015,0.0015,0.0015,0.0045,0.0055,0.981
03-30-2026 00:00,1774828800,0.005,0.0015,0.0015,0.0015,0.0015,0.0015,0.0045,0.0055,0.981
03-30-2026 01:00,1774832400,0.004,0.0015,0.0015,0.0015,0.0015,0.0015,0.0045,0.0055,0.981
03-30-2026 02:00,1774836000,0.004,0.0015,0.0015,0.0015,0.0015,0.0015,0.0045,0.006,0.981
03-30-2026 03:00,1774839600,0.004,0.0015,0.0015,0.0015,0.0015,0.0015,0.0045,0.006,0.981
03-30-2026 04:00,1774843200,0.004,0.0015,0.0015,0.0015,0.0015,0.0015,0.0045,0.006,0.981
03-30-2026 05:00,1774846800,0.004,0.0015,0.0015,0.0015,0.0015,0.0015,0.0045,0.006,0.981
03-30-2026 06:00,1774850400,0.0045,0.0015,0.0015,0.0015,0.0015,0.0015,0.0045,0.0045,0.981
03-30-2026 07:00,1774854000,0.0045,0.0015,0.0015,0.0015,0.0015,0.0015,0.0045,0.0045,0.981
03-30-2026 08:00,1774857600,0.0045,0.0015,0.0015,0.0015,0.0015,0.0015,0.0045,0.004,0.981
03-30-2026 09:00,1774861200,0.0045,0.0015,0.0015,0.0015,0.0015,0.0015,0.0045,0.0045,0.981
03-30-2026 10:00,1774864800,0.004,0.0015,0.0015,0.0015,0.0015,0.0015,0.0045,0.005,0.9825
03-30-2026 11:00,1774868400,0.004,0.0015,0.0015,0.0015,0.0015,0.0015,0.0045,0.005,0.9825
03-30-2026 12:00,1774872000,0.004,0.0015,0.0015,0.0015,0.0015,0.0015,0.0045,0.006,0.9825
03-30-2026 13:00,1774875600,0.004,0.0015,0.0015,0.0015,0.0015,0.0015,0.0045,0.006,0.9825
03-30-2026 14:00,1774879200,0.004,0.0015,0.0015,0.0015,0.0015,0.0015,0.0045,0.006,0.9825
03-30-2026 15:00,1774882800,0.004,0.0015,0.0015,0.0015,0.0015,0.0015,0.0045,0.0055,0.9825
03-30-2026 16:00,1774886400,0.005,0.0015,0.0015,0.0015,0.0015,0.0015,0.0045,0.005,0.9825
03-30-2026 17:00,1774890000,0.005,0.0015,0.0015,0.0015,0.0015,0.0015,0.0045,0.005,0.9825
03-30-2026 18:00,1774893600,0.005,0.0015,0.0015,0.0015,0.0015,0.0015,0.0045,0.005,0.9825
03-30-2026 19:00,1774897200,0.005,0.0015,0.0015,0.0015,0.0015,0.0015,0.0045,0.0055,0.9825
03-30-2026 20:00,1774900800,0.005,0.0015,0.0015,0.0015,0.0015,0.0015,0.0045,0.0055,0.9825
03-30-2026 21:00,1774904400,0.005,0.0015,0.0015,0.0015,0.0015,0.0015,0.0045,0.005,0.9825
03-30-2026 22:00,1774908000,0.004,0.0015,0.0015,0.0015,0.0015,0.0015,0.0045,0.005,0.9825
03-30-2026 23:00,1774911600,0.0035,0.0015,0.0015,0.0015,0.0015,0.0015,0.0045,0.005,0.9825
03-31-2026 00:00,1774915200,0.0035,0.0015,0.0015,0.0015,0.0015,0.0015,0.0045,0.005,0.9825
03-31-2026 01:00,1774918800,0.003,0.0015,0.0015,0.0015,0.0015,0.0015,0.0045,0.005,0.9825
03-31-2026 02:00,1774922400,0.003,0.0015,0.0015,0.0015,0.0015,0.0015,0.0045,0.005,0.9825
03-31-2026 03:00,1774926000,0.003,0.0015,0.0015,0.0015,0.0015,0.0015,0.0045,0.005,0.9825
03-31-2026 04:00,1774929600,0.003,0.0015,0.0015,0.0015,0.0015,0.0015,0.0045,0.005,0.9825
03-31-2026 05:00,1774933200,0.003,0.0015,0.0015,0.0015,0.0015,0.0015,0.0045,0.005,0.985
03-31-2026 06:00,1774936800,0.003,0.0015,0.0015,0.0015,0.0015,0.0015,0.0045,0.005,0.985
03-31-2026 07:00,1774940400,0.003,0.0015,0.0015,0.0015,0.0015,0.0015,0.0045,0.005,0.985
03-31-2026 08:00,1774944000,0.003,0.0015,0.0015,0.0015,0.0015,0.0015,0.0045,0.005,0.985
03-31-2026 09:00,1774947600,0.003,0.0015,0.0015,0.0015,0.0015,0.0015,0.0045,0.005,0.985
03-31-2026 10:00,1774951200,0.003,0.0015,0.0015,0.0015,0.0015,0.0015,0.0045,0.005,0.985
03-31-2026 11:00,1774954800,0.003,0.0015,0.0015,0.0015,0.0015,0.0015,0.0045,0.005,0.985
03-31-2026 12:00,1774958400,0.003,0.0015,0.0015,0.0015,0.0015,0.0015,0.0045,0.005,0.985
03-31-2026 13:00,1774962000,0.003,0.0015,0.0015,0.0015,0.0015,0.0015,0.0045,0.005,0.985
03-31-2026 14:00,1774965600,0.003,0.0015,0.0015,0.0015,0.0015,0.0015,0.0045,0.0055,0.985
03-31-2026 15:00,1774969200,0.005,0.0015,0.0015,0.0015,0.0015,0.0015,0.0045,0.0045,0.985
03-31-2026 16:00,1774972800,0.005,0.0015,0.0015,0.0015,0.0015,0.0015,0.0045,0.005,0.985
03-31-2026 17:00,1774976400,0.0055,0.0015,0.0015,0.0015,0.0015,0.0015,0.0035,0.005,0.985
03-31-2026 18:00,1774980000,0.0055,0.0015,0.0015,0.0015,0.0015,0.0015,0.0035,0.005,0.985
03-31-2026 20:00,1774987200,0.0055,0.0015,0.0015,0.0015,0.0015,0.0015,0.0035,0.005,0.9835
03-31-2026 21:00,1774990800,0.0055,0.0015,0.0015,0.0015,0.0015,0.0015,0.0035,0.004,0.9835
03-31-2026 22:00,1774994400,0.0055,0.0015,0.0015,0.0015,0.0015,0.0015,0.0035,0.004,0.9835
03-31-2026 23:00,1774998000,0.0055,0.0015,0.0015,0.0015,0.0015,0.0015,0.004,0.0035,0.9835
04-01-2026 00:00,1775001600,0.0055,0.0015,0.0015,0.0015,0.0015,0.0015,0.004,0.0035,0.9835
04-01-2026 01:00,1775005200,0.0055,0.0015,0.0015,0.0015,0.0015,0.0015,0.004,0.0035,0.9835
04-01-2026 02:00,1775008800,0.0055,0.0015,0.0015,0.0015,0.0015,0.0015,0.004,0.0035,0.9835
04-01-2026 03:00,1775012400,0.0055,0.0015,0.0015,0.0015,0.0015,0.0015,0.004,0.0035,0.9835
04-01-2026 04:00,1775016000,0.0055,0.0015,0.0015,0.0015,0.0015,0.0015,0.004,0.0035,0.9835
04-01-2026 05:00,1775019600,0.005,0.0015,0.0015,0.0015,0.0015,0.0015,0.004,0.0035,0.984
04-01-2026 06:00,1775023200,0.0055,0.0015,0.0015,0.0015,0.0015,0.0015,0.004,0.0035,0.9835
04-01-2026 07:00,1775026800,0.0055,0.0015,0.0015,0.0015,0.0015,0.0015,0.004,0.0035,0.9835
04-01-2026 08:00,1775030400,0.006,0.0015,0.0015,0.0015,0.0015,0.0015,0.0045,0.006,0.9825
04-01-2026 09:00,1775034000,0.0055,0.0015,0.0015,0.0015,0.0015,0.0015,0.0045,0.005,0.983
04-01-2026 10:00,1775037600,0.005,0.0015,0.0015,0.0015,0.0015,0.0015,0.0045,0.004,0.984
04-01-2026 11:00,1775041200,0.004,0.0015,0.0015,0.0015,0.0015,0.0015,0.0045,0.004,0.9845
04-01-2026 12:00,1775044800,0.004,0.0015,0.0015,0.0015,0.0015,0.0015,0.0045,0.004,0.9845
04-01-2026 13:00,1775048400,0.004,0.0015,0.0015,0.0015,0.0015,0.0015,0.006,0.0035,0.984
04-01-2026 14:00,1775052000,0.005,0.0015,0.0015,0.0015,0.0015,0.0015,0.0065,0.0045,0.982
04-01-2026 15:00,1775055600,0.006,0.0015,0.0015,0.0015,0.0015,0.0015,0.005,0.004,0.982
04-01-2026 16:00,1775059200,0.0065,0.0015,0.0015,0.0015,0.0015,0.0015,0.0045,0.0045,0.982
04-01-2026 17:00,1775062800,0.0065,0.0015,0.0015,0.0015,0.0015,0.0015,0.0045,0.0045,0.982
04-01-2026 18:00,1775066400,0.007,0.0015,0.0015,0.0015,0.0015,0.0015,0.0045,0.0045,0.982
04-01-2026 19:00,1775070000,0.007,0.0015,0.0015,0.0015,0.0015,0.0015,0.0045,0.0045,0.982
04-01-2026 20:00,1775073600,0.007,0.0015,0.0015,0.0015,0.0015,0.0015,0.0045,0.0035,0.982
04-01-2026 21:00,1775077200,0.0055,0.0015,0.0015,0.0015,0.0015,0.0015,0.0035,0.0025,0.985
04-01-2026 22:00,1775080800,0.0055,0.0015,0.0015,0.0015,0.0015,0.0015,0.0035,0.0025,0.985
04-01-2026 23:00,1775084400,0.0055,0.0015,0.0015,0.0015,0.0015,0.0015,0.0035,0.0025,0.985
04-02-2026 00:00,1775088000,0.0055,0.0015,0.0015,0.0015,0.0015,0.0015,0.0035,0.0025,0.985
04-02-2026 01:00,1775091600,0.0055,0.0015,0.0015,0.0015,0.0015,0.0015,0.0035,0.0025,0.985
04-02-2026 02:00,1775095200,0.005,0.0015,0.0015,0.0015,0.0015,0.0015,0.0035,0.0025,0.9855
04-02-2026 03:00,1775098800,0.005,0.0015,0.0015,0.0015,0.0015,0.0015,0.0035,0.0025,0.9855
04-02-2026 04:00,1775102400,0.005,0.0015,0.0005,0.0015,0.0015,0.0015,0.0035,0.0025,0.986
04-02-2026 05:00,1775106000,0.005,0.0015,0.0005,0.0015,0.0015,0.0015,0.0035,0.0025,0.986
04-02-2026 06:00,1775109600,0.005,0.0015,0.0005,0.0015,0.0015,0.0015,0.0035,0.0025,0.986
04-02-2026 07:00,1775113200,0.005,0.0015,0.0005,0.0015,0.0015,0.0015,0.0035,0.0025,0.986
04-02-2026 08:00,1775116800,0.005,0.0015,0.0005,0.0015,0.0015,0.0015,0.0035,0.0025,0.986
04-02-2026 09:00,1775120400,0.005,0.0015,0.0005,0.0015,0.0015,0.0015,0.0035,0.0025,0.9855
04-02-2026 10:00,1775124000,0.0055,0.0005,0.0015,0.0015,0.0005,0.0015,0.003,0.0025,0.9845
04-02-2026 11:00,1775127600,0.0055,0.0005,0.0015,0.0015,0.0005,0.0005,0.0025,0.0025,0.9845
04-02-2026 12:00,1775131200,0.0055,0.0005,0.0015,0.0015,0.0005,0.0005,0.0025,0.0025,0.9845
04-02-2026 13:00,1775134800,0.0055,0.0005,0.0015,0.0015,0.0005,0.0005,0.0025,0.0025,0.9845
04-02-2026 14:00,1775138400,0.0055,0.0005,0.0015,0.0015,0.0005,0.0005,0.0025,0.0025,0.9845
04-02-2026 15:00,1775142000,0.0055,0.0005,0.0015,0.0015,0.0005,0.0005,0.0025,0.0025,0.9845
04-02-2026 16:00,1775145600,0.005,0.0005,0.0015,0.0015,0.0005,0.0005,0.0025,0.0025,0.9775
04-02-2026 17:00,1775149200,0.005,0.0005,0.0015,0.0015,0.0005,0.0005,0.0025,0.0025,0.98
04-02-2026 18:00,1775152800,0.005,0.0005,0.0015,0.0015,0.0005,0.0005,0.0025,0.0025,0.98
04-02-2026 19:00,1775156400,0.005,0.0005,0.0015,0.0015,0.0005,0.0005,0.0025,0.0025,0.985
04-02-2026 20:00,1775160000,0.005,0.0005,0.0015,0.0015,0.0005,0.0005,0.0025,0.0025,0.9845
04-02-2026 21:00,1775163600,0.005,0.0005,0.0015,0.0015,0.0005,0.0005,0.0025,0.0025,0.9845
04-02-2026 22:00,1775167200,0.005,0.0005,0.0015,0.0015,0.0005,0.0005,0.0025,0.0025,0.9845
04-02-2026 23:00,1775170800,0.005,0.0005,0.0015,0.0015,0.0005,0.0005,0.0025,0.0025,0.9845
04-03-2026 00:00,1775174400,0.005,0.0005,0.0015,0.0015,0.0005,0.0005,0.0025,0.0025,0.9845
04-03-2026 01:00,1775178000,0.005,0.0005,0.0015,0.0015,0.0005,0.0005,0.0025,0.0025,0.9845
04-03-2026 02:00,1775181600,0.0055,0.0005,0.0015,0.0015,0.0005,0.0005,0.0025,0.0025,0.9845
04-03-2026 03:00,1775185200,0.0055,0.0005,0.0015,0.0015,0.0005,0.0005,0.0025,0.0025,0.9845
04-03-2026 04:00,1775188800,0.009,0.0005,0.0015,0.0015,0.0005,0.0005,0.0025,0.0025,0.984
04-03-2026 05:00,1775192400,0.0095,0.0005,0.0015,0.0015,0.0005,0.0005,0.0025,0.0025,0.9835
04-03-2026 07:00,1775199600,0.0045,0.0005,0.0015,0.0015,0.0005,0.0005,0.0025,0.0025,0.9895
04-03-2026 08:00,1775203200,0.0045,0.0005,0.0015,0.0015,0.001,0.0005,0.0015,0.0025,0.9895
04-03-2026 09:00,1775206800,0.0045,0.0005,0.0015,0.0015,0.0005,0.0005,0.0015,0.0025,0.9895
04-03-2026 10:00,1775210400,0.004,0.0005,0.0015,0.0015,0.001,0.0005,0.0015,0.0025,0.9895
04-03-2026 11:00,1775214000,0.004,0.0005,0.0015,0.0015,0.001,0.0005,0.0015,0.0025,0.9895
04-03-2026 12:00,1775217600,0.004,0.0005,0.0015,0.0015,0.001,0.0005,0.0015,0.0025,0.9895
04-03-2026 13:00,1775221200,0.004,0.0005,0.0015,0.0015,0.001,0.0005,0.0015,0.0025,0.9895
04-03-2026 14:00,1775224800,0.005,0.0005,0.0015,0.0015,0.001,0.0005,0.0015,0.0025,0.9895
04-03-2026 15:00,1775228400,0.005,0.0005,0.0015,0.0015,0.001,0.0005,0.0015,0.0025,0.9895
04-03-2026 16:00,1775232000,0.005,0.0005,0.0015,0.0015,0.0005,0.0005,0.0015,0.0025,0.9895
04-03-2026 17:00,1775235600,0.005,0.0005,0.0015,0.0015,0.0005,0.0005,0.0015,0.0025,0.9895
04-03-2026 18:00,1775239200,0.0055,0.0005,0.0015,0.0015,0.0005,0.0005,0.0015,0.0025,0.9895
04-03-2026 19:00,1775242800,0.005,0.0005,0.0015,0.0015,0.001,0.0005,0.0015,0.0025,0.9885
04-03-2026 20:00,1775246400,0.005,0.0005,0.0015,0.0015,0.001,0.0005,0.0015,0.0025,0.9885
04-03-2026 21:00,1775250000,0.005,0.0005,0.0015,0.0015,0.001,0.0005,0.0015,0.0025,0.9885
04-03-2026 22:00,1775253600,0.005,0.0005,0.0015,0.0015,0.001,0.0005,0.0015,0.0025,0.9885
04-03-2026 23:00,1775257200,0.005,0.0005,0.0015,0.0015,0.001,0.0005,0.0015,0.0025,0.9885
04-04-2026 00:00,1775260800,0.005,0.0005,0.0015,0.0015,0.001,0.0005,0.0015,0.0025,0.9885
04-04-2026 01:00,1775264400,0.005,0.0005,0.0015,0.0015,0.001,0.0005,0.0015,0.0025,0.9885
04-04-2026 02:00,1775268000,0.004,0.0005,0.0015,0.0015,0.001,0.0005,0.0015,0.0025,0.9885
04-04-2026 03:00,1775271600,0.004,0.0005,0.0015,0.0015,0.001,0.0005,0.0015,0.0025,0.9885
04-04-2026 04:00,1775275200,0.004,0.0005,0.0015,0.0015,0.001,0.0005,0.0015,0.0025,0.9885
04-04-2026 05:00,1775278800,0.004,0.0005,0.0015,0.0015,0.001,0.0005,0.0015,0.0025,0.9885
04-04-2026 06:00,1775282400,0.004,0.0005,0.0015,0.0015,0.001,0.0005,0.0015,0.0025,0.9885
04-04-2026 07:00,1775286000,0.006,0.0005,0.0015,0.0015,0.001,0.0005,0.0015,0.0025,0.9885
04-04-2026 08:00,1775289600,0.0065,0.0005,0.0015,0.0015,0.001,0.0005,0.0015,0.0025,0.9885
04-04-2026 09:00,1775293200,0.0065,0.0005,0.0015,0.0015,0.001,0.0005,0.0015,0.0025,0.9885
04-04-2026 10:00,1775296800,0.0065,0.0005,0.0015,0.0015,0.001,0.0005,0.0015,0.0025,0.9885
04-04-2026 11:00,1775300400,0.0065,0.0005,0.0015,0.0015,0.001,0.0005,0.0015,0.0025,0.989
04-04-2026 12:00,1775304000,0.0065,0.0005,0.0015,0.0015,0.001,0.0005,0.0015,0.0025,0.989
04-04-2026 13:00,1775307600,0.0065,0.0005,0.0015,0.003,0.001,0.0005,0.0015,0.0025,0.989
04-04-2026 14:00,1775311200,0.0065,0.0005,0.0015,0.003,0.001,0.0005,0.0015,0.0025,0.988
04-04-2026 15:00,1775314800,0.0065,0.0005,0.0015,0.003,0.001,0.0005,0.0015,0.0025,0.988
04-04-2026 16:00,1775318400,0.0065,0.0005,0.0015,0.003,0.001,0.0005,0.0015,0.0025,0.988
04-04-2026 17:00,1775322000,0.0035,0.0005,0.0015,0.003,0.0065,0.0015,0.002,0.0025,0.988
04-04-2026 18:00,1775325600,0.0035,0.0005,0.0015,0.003,0.0065,0.0015,0.002,0.0025,0.988
04-04-2026 19:00,1775329200,0.0035,0.0005,0.0015,0.003,0.0045,0.0015,0.002,0.0025,0.988
04-04-2026 20:00,1775332800,0.0035,0.0005,0.0015,0.0035,0.0045,0.0015,0.002,0.0025,0.988
04-04-2026 21:00,1775336400,0.0035,0.0005,0.0015,0.0035,0.0045,0.0015,0.002,0.0025,0.988
04-04-2026 22:00,1775340000,0.0035,0.0005,0.0015,0.003,0.0045,0.0015,0.002,0.0025,0.988
04-04-2026 23:00,1775343600,0.0035,0.0005,0.0015,0.003,0.0045,0.0015,0.002,0.0025,0.988
04-05-2026 00:00,1775347200,0.0035,0.0005,0.0015,0.003,0.005,0.0015,0.0025,0.0025,0.988
04-05-2026 01:00,1775350800,0.0035,0.0005,0.0015,0.003,0.005,0.0015,0.0025,0.0015,0.988
04-05-2026 02:00,1775354400,0.0035,0.0005,0.0015,0.003,0.005,0.0015,0.0025,0.0015,0.988
04-05-2026 03:00,1775358000,0.0035,0.0005,0.0015,0.003,0.005,0.0015,0.0025,0.0015,0.988
04-05-2026 04:00,1775361600,0.004,0.0005,0.0015,0.003,0.005,0.0015,0.003,0.0015,0.988
04-05-2026 05:00,1775365200,0.004,0.0005,0.0015,0.003,0.005,0.0015,0.003,0.0015,0.988
04-05-2026 06:00,1775368800,0.004,0.0005,0.0015,0.0035,0.005,0.0015,0.003,0.0015,0.988
04-05-2026 07:00,1775372400,0.004,0.0005,0.0015,0.003,0.005,0.0015,0.003,0.0015,0.988
04-05-2026 08:00,1775376000,0.004,0.0005,0.0015,0.003,0.005,0.0015,0.003,0.0015,0.988
04-05-2026 09:00,1775379600,0.004,0.0005,0.0015,0.003,0.005,0.0015,0.003,0.0015,0.988
04-05-2026 10:00,1775383200,0.0015,0.0005,0.0015,0.003,0.0025,0.0015,0.0015,0.0015,0.988
04-05-2026 11:00,1775386800,0.0015,0.0005,0.0015,0.003,0.0025,0.0015,0.0015,0.0015,0.988
04-05-2026 12:00,1775390400,0.0015,0.0005,0.0015,0.0035,0.0025,0.0015,0.0015,0.0015,0.988
04-05-2026 13:00,1775394000,0.0015,0.0005,0.0015,0.0025,0.0025,0.0015,0.0015,0.005,0.988
04-05-2026 14:00,1775397600,0.0015,0.0005,0.0015,0.0025,0.0025,0.0015,0.0015,0.005,0.9865
04-05-2026 15:00,1775401200,0.0015,0.0005,0.0015,0.0015,0.0025,0.0015,0.0015,0.005,0.9865
04-05-2026 16:00,1775404800,0.0015,0.0005,0.0015,0.0015,0.0025,0.0015,0.0015,0.005,0.9865
04-05-2026 17:00,1775408400,0.0015,0.0005,0.0015,0.003,0.0025,0.0015,0.0015,0.005,0.9865
04-05-2026 18:00,1775412000,0.0015,0.0005,0.0015,0.0035,0.0025,0.0015,0.0015,0.005,0.9865
04-05-2026 19:00,1775415600,0.0015,0.0005,0.0015,0.0035,0.0025,0.0015,0.0015,0.01,0.9865
04-05-2026 20:00,1775419200,0.0015,0.0005,0.0015,0.003,0.0025,0.0015,0.0015,0.01,0.9865
04-05-2026 21:00,1775422800,0.0015,0.0005,0.0015,0.0035,0.0025,0.0015,0.0015,0.01,0.9845
04-05-2026 22:00,1775426400,0.0015,0.0005,0.0015,0.0035,0.0025,0.0015,0.0015,0.01,0.9845
04-05-2026 23:00,1775430000,0.0015,0.0005,0.0015,0.003,0.0025,0.0015,0.0015,0.0065,0.9845
04-06-2026 00:00,1775433600,0.0015,0.0005,0.0015,0.0015,0.0025,0.0015,0.0015,0.0065,0.9845
04-06-2026 01:00,1775437200,0.0015,0.0005,0.0015,0.0015,0.0025,0.0015,0.0015,0.0075,0.9845
04-06-2026 02:00,1775440800,0.0015,0.0005,0.0015,0.0015,0.0025,0.0015,0.0015,0.0075,0.9845
04-06-2026 03:00,1775444400,0.0015,0.0005,0.0015,0.0015,0.0025,0.0015,0.0015,0.0075,0.9845
04-06-2026 04:00,1775448000,0.006,0.0005,0.0015,0.0015,0.0015,0.001,0.0005,0.0075,0.9845
04-06-2026 05:00,1775451600,0.006,0.0005,0.0015,0.0015,0.0015,0.001,0.0005,0.008,0.9845
04-06-2026 06:00,1775455200,0.006,0.0005,0.0015,0.0015,0.0015,0.001,0.0005,0.008,0.9845
04-06-2026 07:00,1775458800,0.006,0.0005,0.0015,0.0015,0.0015,0.001,0.0005,0.007,0.9845
04-06-2026 08:00,1775462400,0.004,0.0005,0.0015,0.0015,0.0025,0.001,0.0005,0.007,0.9845
04-06-2026 09:00,1775466000,0.004,0.0005,0.0015,0.0015,0.0025,0.001,0.0005,0.007,0.988
04-06-2026 10:00,1775469600,0.0035,0.0005,0.0015,0.0015,0.002,0.001,0.0005,0.008,0.988
04-06-2026 11:00,1775473200,0.0045,0.0005,0.0015,0.0015,0.002,0.001,0.0005,0.0075,0.988
04-06-2026 12:00,1775476800,0.0045,0.0005,0.0015,0.0015,0.002,0.001,0.0005,0.0075,0.988
04-06-2026 13:00,1775480400,0.004,0.0005,0.0015,0.0015,0.002,0.001,0.0005,0.008,0.988
04-06-2026 14:00,1775484000,0.004,0.0005,0.0015,0.0015,0.002,0.001,0.0005,0.007,0.988
04-06-2026 15:00,1775487600,0.004,0.0005,0.0015,0.0015,0.002,0.001,0.0005,0.0065,0.988
04-06-2026 16:00,1775491200,0.004,0.0005,0.0015,0.0015,0.002,0.001,0.0005,0.0065,0.989
04-06-2026 17:00,1775494800,0.004,0.0005,0.0015,0.003,0.002,0.001,0.0005,0.0065,0.989
04-06-2026 18:00,1775498400,0.0035,0.0005,0.0015,0.0015,0.0015,0.001,0.0005,0.0075,0.987
04-06-2026 19:00,1775502000,0.0035,0.0005,0.0015,0.0015,0.0015,0.001,0.0005,0.008,0.987
04-06-2026 20:00,1775505600,0.0035,0.0005,0.0015,0.0015,0.0015,0.001,0.0005,0.007,0.987
04-06-2026 21:00,1775509200,0.0035,0.0005,0.0015,0.0015,0.0015,0.001,0.0005,0.0075,0.987
04-06-2026 22:00,1775512800,0.0035,0.0005,0.0015,0.0015,0.0015,0.001,0.0005,0.007,0.987
04-06-2026 23:00,1775516400,0.0035,0.0005,0.0015,0.0015,0.0015,0.001,0.0005,0.0055,0.987
04-07-2026 00:00,1775520000,0.0035,0.0005,0.0015,0.0015,0.0015,0.001,0.0005,0.0055,0.987
04-07-2026 01:00,1775523600,0.0035,0.0005,0.0015,0.0015,0.0015,0.001,0.0005,0.007,0.987
04-07-2026 02:00,1775527200,0.004,0.0005,0.0015,0.0015,0.0015,0.001,0.0005,0.0065,0.987
04-07-2026 03:00,1775530800,0.004,0.0005,0.0015,0.0015,0.0015,0.001,0.0005,0.0075,0.987
04-07-2026 04:00,1775534400,0.004,0.0005,0.0015,0.0015,0.0015,0.001,0.0005,0.0075,0.987
04-07-2026 05:00,1775538000,0.004,0.0005,0.0015,0.0015,0.0015,0.001,0.0005,0.0075,0.987
04-07-2026 06:00,1775541600,0.004,0.0005,0.0015,0.0015,0.0015,0.001,0.0005,0.0075,0.9885
04-07-2026 07:00,1775545200,0.004,0.0005,0.0015,0.0015,0.0015,0.001,0.0005,0.0015,0.9885
04-07-2026 08:00,1775548800,0.004,0.0005,0.0015,0.0015,0.0015,0.001,0.0005,0.0015,0.9885
04-07-2026 09:00,1775552400,0.004,0.0005,0.0015,0.002,0.0015,0.001,0.0005,0.0015,0.9885
04-07-2026 10:00,1775556000,0.004,0.0005,0.0015,0.0015,0.0015,0.001,0.0005,0.0015,0.9885
04-07-2026 11:00,1775559600,0.004,0.0005,0.0015,0.0015,0.0015,0.001,0.0005,0.0015,0.9885
04-07-2026 12:00,1775563200,0.004,0.0005,0.0015,0.0015,0.0015,0.001,0.0005,0.0015,0.9885
04-07-2026 13:00,1775566800,0.004,0.0005,0.0015,0.0015,0.0015,0.001,0.0005,0.0015,0.9885
04-07-2026 14:00,1775570400,0.004,0.0005,0.0015,0.0015,0.0015,0.001,0.0005,0.0015,0.991
04-07-2026 15:00,1775574000,0.004,0.0005,0.0015,0.002,0.0015,0.001,0.0005,0.0015,0.991
04-07-2026 16:00,1775577600,0.004,0.0005,0.0015,0.0015,0.0015,0.001,0.0005,0.0015,0.991
04-07-2026 17:00,1775581200,0.0035,0.0005,0.0015,0.0015,0.0015,0.001,0.0005,0.0015,0.989
04-07-2026 18:00,1775584800,0.004,0.0005,0.0015,0.002,0.0015,0.001,0.0005,0.0015,0.989
04-07-2026 19:00,1775588400,0.0085,0.0005,0.0015,0.0015,0.0015,0.001,0.0005,0.0015,0.9885
04-07-2026 20:00,1775592000,0.0085,0.0005,0.0015,0.0015,0.0015,0.001,0.0005,0.0015,0.9885
04-07-2026 21:00,1775595600,0.0085,0.0005,0.0015,0.0015,0.0015,0.001,0.0005,0.0015,0.9885
04-07-2026 22:00,1775599200,0.0085,0.0005,0.0015,0.0015,0.0015,0.001,0.0005,0.0015,0.9875
04-07-2026 23:00,1775602800,0.0085,0.0005,0.0015,0.0015,0.0015,0.001,0.0005,0.0015,0.9875
04-08-2026 00:00,1775606400,0.0085,0.0005,0.0015,0.0015,0.0015,0.001,0.0005,0.0015,0.9875
04-08-2026 01:00,1775610000,0.0085,0.0005,0.0015,0.002,0.0015,0.001,0.0005,0.0015,0.988
04-08-2026 02:00,1775613600,0.01,0.0005,0.0015,0.0015,0.0015,0.001,0.0005,0.0015,0.988
04-08-2026 03:00,1775617200,0.01,0.0005,0.0015,0.0015,0.0015,0.001,0.0005,0.0015,0.988
04-08-2026 04:00,1775620800,0.01,0.0005,0.0015,0.0015,0.0015,0.001,0.0005,0.0015,0.988
04-08-2026 05:00,1775624400,0.01,0.0005,0.0015,0.0015,0.0015,0.001,0.0005,0.0015,0.989
04-08-2026 06:00,1775628000,0.01,0.0005,0.0015,0.002,0.0015,0.001,0.0005,0.0015,0.989
04-08-2026 07:00,1775631600,0.01,0.0005,0.0015,0.0015,0.0015,0.001,0.0005,0.0015,0.989
04-08-2026 08:00,1775635200,0.004,0.0005,0.0015,0.0015,0.0015,0.0015,0.001,0.0015,0.989
04-08-2026 09:00,1775638800,0.004,0.0005,0.0015,0.0015,0.0015,0.003,0.001,0.0015,0.9885
04-08-2026 10:00,1775642400,0.004,0.0005,0.0015,0.0015,0.0015,0.003,0.001,0.0015,0.9885
04-08-2026 11:00,1775646000,0.004,0.0005,0.0015,0.0015,0.0015,0.003,0.001,0.0015,0.9885
04-08-2026 12:00,1775649600,0.003,0.0005,0.0015,0.0015,0.0015,0.004,0.001,0.0015,0.9885
04-08-2026 13:00,1775653200,0.0085,0.0005,0.0015,0.0015,0.0015,0.004,0.001,0.0005,0.9885
04-08-2026 14:00,1775656800,0.0085,0.0005,0.0015,0.0015,0.0015,0.004,0.001,0.0005,0.9885
04-08-2026 15:00,1775660400,0.007,0.0005,0.0015,0.0015,0.0015,0.004,0.001,0.0005,0.9885
04-08-2026 16:00,1775664000,0.007,0.0005,0.0015,0.0015,0.0015,0.004,0.001,0.0005,0.9885
04-08-2026 17:00,1775667600,0.007,0.0005,0.0015,0.0015,0.0015,0.004,0.001,0.0005,0.9885
04-08-2026 18:00,1775671200,0.007,0.0005,0.0015,0.0015,0.0015,0.004,0.001,0.0005,0.9885
04-08-2026 19:00,1775674800,0.007,0.0005,0.0015,0.0015,0.0015,0.004,0.001,0.0005,0.9885
04-08-2026 20:00,1775678400,0.007,0.0005,0.0015,0.0015,0.0015,0.004,0.001,0.0005,0.9885
04-08-2026 21:00,1775682000,0.007,0.0005,0.0015,0.0015,0.0015,0.004,0.001,0.0005,0.9885
04-08-2026 22:00,1775685600,0.007,0.0005,0.0015,0.0015,0.0015,0.004,0.001,0.0005,0.9885
04-08-2026 23:00,1775689200,0.003,0.0005,0.0045,0.0015,0.0015,0.0015,0.0005,0.0005,0.9905
04-09-2026 00:00,1775692800,0.003,0.0005,0.003,0.0015,0.0015,0.0015,0.0005,0.0005,0.9905
04-09-2026 01:00,1775696400,0.0025,0.0005,0.003,0.0015,0.0015,0.0015,0.0005,0.0005,0.9865
04-09-2026 02:00,1775700000,0.0025,0.0005,0.003,0.0015,0.0015,0.0015,0.0005,0.0005,0.987
04-09-2026 03:00,1775703600,0.0025,0.0005,0.003,0.0015,0.0015,0.0015,0.0005,0.0005,0.987
04-09-2026 04:00,1775707200,0.0025,0.0005,0.003,0.0015,0.0015,0.0015,0.0005,0.0005,0.9915
04-09-2026 05:00,1775710800,0.0025,0.0005,0.003,0.0015,0.0015,0.0015,0.0005,0.001,0.9915
04-09-2026 06:00,1775714400,0.0025,0.0005,0.003,0.0015,0.0015,0.0015,0.0005,0.001,0.9915
04-09-2026 07:00,1775718000,0.0025,0.0005,0.001,0.001,0.001,0.001,0.0005,0.001,0.99
04-09-2026 08:00,1775721600,0.0025,0.0005,0.001,0.001,0.001,0.001,0.0005,0.0055,0.991
04-09-2026 09:00,1775725200,0.0025,0.0005,0.001,0.001,0.001,0.001,0.0005,0.005,0.991
04-09-2026 10:00,1775728800,0.002,0.0005,0.001,0.001,0.0015,0.002,0.0015,0.0045,0.9905
04-09-2026 11:00,1775732400,0.0025,0.0005,0.001,0.001,0.0015,0.0025,0.001,0.0055,0.9905
04-09-2026 12:00,1775736000,0.0025,0.0005,0.001,0.001,0.0015,0.0025,0.001,0.0055,0.9905
04-09-2026 13:00,1775739600,0.0025,0.0005,0.001,0.001,0.0015,0.0025,0.001,0.005,0.9905
04-09-2026 14:00,1775743200,0.0025,0.0005,0.001,0.0005,0.0015,0.0025,0.001,0.0015,0.9905
04-09-2026 15:00,1775746800,0.0025,0.0005,0.001,0.0005,0.0015,0.0025,0.001,0.0015,0.9865
04-09-2026 16:00,1775750400,0.0025,0.0005,0.0005,0.0005,0.0015,0.0015,0.0005,0.0015,0.9865
04-09-2026 17:00,1775754000,0.0025,0.0005,0.0005,0.0005,0.0015,0.0015,0.0005,0.0015,0.9865
04-09-2026 18:00,1775757600,0.0025,0.0005,0.0005,0.0055,0.0015,0.0015,0.0005,0.0015,0.9865
04-09-2026 19:00,1775761200,0.0025,0.0005,0.0005,0.003,0.0015,0.0015,0.0005,0.0015,0.9865
04-09-2026 20:00,1775764800,0.0025,0.0005,0.0005,0.0015,0.0015,0.0035,0.0005,0.004,0.9865
04-09-2026 21:00,1775768400,0.0025,0.0005,0.0005,0.0015,0.0015,0.0035,0.0005,0.004,0.9865
04-09-2026 22:00,1775772000,0.0025,0.0005,0.0005,0.001,0.0015,0.0035,0.0005,0.004,0.9865
04-09-2026 23:00,1775775600,0.0025,0.0005,0.0005,0.0015,0.0015,0.0035,0.0005,0.0025,0.9865
04-10-2026 00:00,1775779200,0.0025,0.0005,0.0005,0.001,0.0015,0.0035,0.0005,0.0025,0.9865
04-10-2026 01:00,1775782800,0.0025,0.0005,0.0005,0.001,0.0015,0.0015,0.0005,0.0045,0.9865
04-10-2026 02:00,1775786400,0.0015,0.0005,0.002,0.0005,0.0005,0.0065,0.0015,0.0045,0.9865
04-10-2026 03:00,1775790000,0.0015,0.0005,0.002,0.0005,0.0005,0.0065,0.0015,0.0045,0.9865
04-10-2026 04:00,1775793600,0.0015,0.0005,0.002,0.0005,0.0005,0.0065,0.0015,0.004,0.9865
04-10-2026 05:00,1775797200,0.0015,0.0005,0.002,0.0005,0.0005,0.0065,0.0015,0.004,0.9865
04-10-2026 06:00,1775800800,0.0055,0.0005,0.0015,0.0005,0.0035,0.003,0.004,0.0025,0.9905
04-10-2026 07:00,1775804400,0.0025,0.0005,0.0015,0.004,0.005,0.006,0.0035,0.005,0.9905
04-10-2026 08:00,1775808000,0.0025,0.0005,0.0015,0.004,0.0125,0.006,0.015,0.005,0.9815
04-10-2026 09:00,1775811600,0.0025,0.0005,0.0015,0.004,0.0125,0.006,0.015,0.005,0.981
04-10-2026 10:00,1775815200,0.0025,0.0005,0.0015,0.0025,0.0125,0.006,0.015,0.005,0.981
04-10-2026 11:00,1775818800,0.0015,0.0005,0.0015,0.0035,0.0035,0.0025,0.013,0.0025,0.981
04-10-2026 12:00,1775822400,0.0015,0.0005,0.0015,0.01,0.0035,0.0025,0.013,0.0025,0.981
04-10-2026 13:00,1775826000,0.0005,0.0005,0.0005,0.01,0.0005,0.0005,0.0005,0.0025,0.9995
04-10-2026 14:00,1775829600,0.0005,0.0005,0.0005,0.0005,0.0005,0.0005,0.0005,0.0005,0.9995
04-10-2026 15:00,1775833200,0.0005,0.0005,0.0005,0.0005,0.0005,0.0005,0.0005,0.0005,0.9995
04-10-2026 16:00,1775836800,0.0005,0.0005,0.0005,0.0005,0.0005,0.0005,0.0005,0.0005,0.9995
