Date (UTC),Timestamp (UTC),<1.0%,1.0–1.5%,1.5–2.0%,2.0–2.5%,2.5–3.0%,3.0–3.5%,≥3.5%
12-24-2025 00:00,1766534400,0.105,0.475,0.24,0.29,0.24,0.24,0.485
12-24-2025 01:00,1766538000,0.115,0.43,0.235,0.29,0.24,0.24,0.485
12-24-2025 02:00,1766541600,0.125,0.455,0.27,0.29,0.24,0.24,0.425
12-24-2025 03:00,1766545200,0.115,0.425,0.305,0.285,0.235,0.235,0.485
12-24-2025 04:00,1766548800,0.095,0.48,0.25,0.29,0.24,0.245,0.455
12-24-2025 05:00,1766552400,0.125,0.41,0.245,0.29,0.24,0.26,0.405
12-24-2025 06:00,1766556000,0.105,0.405,0.24,0.29,0.24,0.245,0.405
12-24-2025 07:00,1766559600,0.125,0.475,0.23,0.295,0.245,0.245,0.485
12-24-2025 08:00,1766563200,0.12,0.41,0.27,0.295,0.245,0.255,0.36
12-24-2025 09:00,1766566800,0.12,0.35,0.28,0.31,0.265,0.26,0.33
12-24-2025 10:00,1766570400,0.125,0.335,0.29,0.28,0.265,0.265,0.305
12-24-2025 11:00,1766574000,0.115,0.335,0.285,0.255,0.255,0.26,0.365
12-24-2025 12:00,1766577600,0.115,0.37,0.305,0.305,0.26,0.255,0.45
12-24-2025 13:00,1766581200,0.11,0.405,0.3,0.285,0.265,0.265,0.35
12-24-2025 14:00,1766584800,0.12,0.315,0.305,0.305,0.265,0.265,0.35
12-24-2025 15:00,1766588400,0.14,0.295,0.275,0.29,0.255,0.26,0.5
12-24-2025 16:00,1766592000,0.125,0.315,0.28,0.315,0.265,0.255,0.295
12-24-2025 17:00,1766595600,0.135,0.305,0.285,0.26,0.255,0.225,0.27
12-24-2025 18:00,1766599200,0.135,0.31,0.295,0.235,0.23,0.245,0.27
12-24-2025 19:00,1766602800,0.15,0.265,0.29,0.19,0.19,0.295,0.28
12-24-2025 20:00,1766606400,0.14,0.21,0.29,0.145,0.145,0.335,0.255
12-24-2025 21:00,1766610000,0.125,0.265,0.335,0.205,0.22,0.29,0.31
12-24-2025 22:00,1766613600,0.125,0.29,0.28,0.245,0.245,0.285,0.32
12-24-2025 23:00,1766617200,0.13,0.28,0.295,0.265,0.24,0.285,0.315
12-25-2025 00:00,1766620800,0.125,0.225,0.325,0.245,0.185,0.305,0.265
12-25-2025 01:00,1766624400,0.15,0.24,0.275,0.165,0.155,0.235,0.245
12-25-2025 02:00,1766628000,0.155,0.28,0.21,0.22,0.21,0.27,0.31
12-25-2025 03:00,1766631600,0.11,0.275,0.235,0.23,0.235,0.27,0.41
12-25-2025 04:00,1766635200,0.11,0.235,0.24,0.22,0.19,0.27,0.405
12-25-2025 05:00,1766638800,0.115,0.195,0.255,0.21,0.215,0.23,0.38
12-25-2025 06:00,1766642400,0.13,0.23,0.235,0.195,0.195,0.27,0.42
12-25-2025 07:00,1766646000,0.125,0.21,0.245,0.2,0.2,0.25,0.39
12-25-2025 08:00,1766649600,0.155,0.17,0.25,0.145,0.15,0.24,0.385
12-25-2025 09:00,1766653200,0.135,0.215,0.24,0.26,0.24,0.26,0.315
12-25-2025 10:00,1766656800,0.13,0.25,0.24,0.235,0.24,0.25,0.27
12-25-2025 11:00,1766660400,0.135,0.195,0.295,0.19,0.22,0.25,0.245
12-25-2025 12:00,1766664000,0.15,0.2,0.31,0.18,0.235,0.245,0.255
12-25-2025 13:00,1766667600,0.125,0.225,0.275,0.22,0.205,0.275,0.275
12-25-2025 14:00,1766671200,0.115,0.235,0.28,0.19,0.185,0.27,0.275
12-25-2025 15:00,1766674800,0.115,0.205,0.295,0.215,0.195,0.255,0.275
12-25-2025 16:00,1766678400,0.105,0.22,0.3,0.225,0.195,0.275,0.275
12-25-2025 17:00,1766682000,0.1,0.22,0.315,0.19,0.16,0.29,0.255
12-25-2025 18:00,1766685600,0.1,0.215,0.315,0.19,0.18,0.275,0.28
12-25-2025 19:00,1766689200,0.085,0.23,0.315,0.225,0.185,0.28,0.285
12-25-2025 20:00,1766692800,0.085,0.25,0.315,0.225,0.21,0.28,0.29
12-25-2025 21:00,1766696400,0.085,0.235,0.335,0.21,0.205,0.28,0.28
12-25-2025 22:00,1766700000,0.095,0.29,0.335,0.28,0.22,0.275,0.28
12-25-2025 23:00,1766703600,0.095,0.24,0.335,0.225,0.19,0.275,0.275
12-26-2025 00:00,1766707200,0.095,0.215,0.335,0.22,0.18,0.275,0.28
12-26-2025 01:00,1766710800,0.095,0.26,0.33,0.305,0.2,0.3,0.28
12-26-2025 02:00,1766714400,0.085,0.26,0.335,0.24,0.2,0.295,0.285
12-26-2025 03:00,1766718000,0.085,0.265,0.325,0.225,0.195,0.29,0.305
12-26-2025 04:00,1766721600,0.085,0.28,0.33,0.225,0.2,0.275,0.275
12-26-2025 05:00,1766725200,0.075,0.255,0.32,0.225,0.175,0.275,0.285
12-26-2025 06:00,1766728800,0.075,0.23,0.32,0.31,0.185,0.28,0.305
12-26-2025 07:00,1766732400,0.075,0.25,0.3,0.25,0.19,0.29,0.295
12-26-2025 08:00,1766736000,0.075,0.195,0.295,0.175,0.17,0.255,0.295
12-26-2025 09:00,1766739600,0.075,0.185,0.295,0.18,0.155,0.28,0.305
12-26-2025 10:00,1766743200,0.075,0.2,0.305,0.17,0.13,0.245,0.29
12-26-2025 11:00,1766746800,0.075,0.2,0.32,0.17,0.14,0.26,0.285
12-26-2025 12:00,1766750400,0.075,0.18,0.325,0.165,0.115,0.245,0.29
12-26-2025 13:00,1766754000,0.075,0.2,0.33,0.16,0.17,0.235,0.275
12-26-2025 14:00,1766757600,0.075,0.205,0.315,0.18,0.125,0.265,0.25
12-26-2025 15:00,1766761200,0.075,0.23,0.315,0.14,0.16,0.24,0.26
12-26-2025 16:00,1766764800,0.075,0.195,0.325,0.18,0.095,0.245,0.255
12-26-2025 17:00,1766768400,0.075,0.205,0.31,0.165,0.145,0.245,0.265
12-26-2025 18:00,1766772000,0.075,0.2,0.305,0.165,0.175,0.265,0.265
12-26-2025 19:00,1766775600,0.115,0.15,0.38,0.12,0.18,0.225,0.22
12-26-2025 20:00,1766779200,0.125,0.135,0.36,0.155,0.175,0.185,0.21
12-26-2025 21:00,1766782800,0.1,0.12,0.375,0.135,0.2,0.185,0.195
12-26-2025 22:00,1766786400,0.11,0.12,0.375,0.135,0.145,0.185,0.195
12-26-2025 23:00,1766790000,0.115,0.23,0.345,0.14,0.18,0.185,0.195
12-27-2025 00:00,1766793600,0.115,0.225,0.345,0.18,0.185,0.185,0.195
12-27-2025 01:00,1766797200,0.115,0.225,0.29,0.255,0.225,0.185,0.195
12-27-2025 02:00,1766800800,0.115,0.225,0.275,0.255,0.22,0.185,0.195
12-27-2025 03:00,1766804400,0.13,0.225,0.285,0.225,0.22,0.185,0.195
12-27-2025 04:00,1766808000,0.115,0.225,0.315,0.22,0.21,0.185,0.195
12-27-2025 05:00,1766811600,0.13,0.225,0.33,0.205,0.19,0.185,0.195
12-27-2025 06:00,1766815200,0.13,0.225,0.32,0.19,0.185,0.185,0.195
12-27-2025 07:00,1766818800,0.125,0.225,0.35,0.18,0.175,0.185,0.195
12-27-2025 08:00,1766822400,0.115,0.225,0.32,0.215,0.17,0.185,0.195
12-27-2025 09:00,1766826000,0.105,0.325,0.26,0.23,0.21,0.185,0.195
12-27-2025 10:00,1766829600,0.11,0.325,0.22,0.21,0.19,0.185,0.195
12-27-2025 11:00,1766833200,0.11,0.41,0.23,0.25,0.19,0.185,0.195
12-27-2025 12:00,1766836800,0.095,0.36,0.29,0.205,0.175,0.185,0.195
12-27-2025 13:00,1766840400,0.095,0.36,0.275,0.16,0.195,0.185,0.195
12-27-2025 14:00,1766844000,0.095,0.36,0.245,0.145,0.16,0.185,0.195
12-27-2025 15:00,1766847600,0.1,0.38,0.21,0.235,0.17,0.185,0.195
12-27-2025 16:00,1766851200,0.095,0.345,0.235,0.135,0.125,0.175,0.19
12-27-2025 17:00,1766854800,0.095,0.325,0.225,0.125,0.095,0.155,0.185
12-27-2025 18:00,1766858400,0.09,0.34,0.24,0.12,0.125,0.155,0.175
12-27-2025 19:00,1766862000,0.09,0.36,0.26,0.12,0.12,0.155,0.175
12-27-2025 20:00,1766865600,0.09,0.355,0.27,0.125,0.105,0.155,0.175
12-27-2025 21:00,1766869200,0.095,0.35,0.245,0.115,0.115,0.155,0.175
12-27-2025 22:00,1766872800,0.095,0.345,0.25,0.125,0.12,0.155,0.165
12-27-2025 23:00,1766876400,0.115,0.355,0.24,0.125,0.1,0.155,0.165
12-28-2025 00:00,1766880000,0.105,0.365,0.245,0.11,0.11,0.155,0.165
12-28-2025 02:00,1766887200,0.07,0.295,0.175,0.125,0.13,0.155,0.165
12-28-2025 03:00,1766890800,0.07,0.3,0.2,0.125,0.13,0.155,0.165
12-28-2025 04:00,1766894400,0.09,0.285,0.2,0.125,0.13,0.155,0.165
12-28-2025 05:00,1766898000,0.08,0.27,0.19,0.15,0.175,0.155,0.165
12-28-2025 06:00,1766901600,0.065,0.26,0.195,0.145,0.16,0.155,0.165
12-28-2025 07:00,1766905200,0.065,0.27,0.185,0.16,0.16,0.155,0.165
12-28-2025 08:00,1766908800,0.065,0.27,0.18,0.16,0.16,0.155,0.165
12-28-2025 09:00,1766912400,0.075,0.245,0.18,0.16,0.155,0.155,0.155
12-28-2025 10:00,1766916000,0.075,0.255,0.18,0.155,0.15,0.155,0.155
12-28-2025 11:00,1766919600,0.075,0.27,0.18,0.16,0.16,0.155,0.155
12-28-2025 12:00,1766923200,0.12,0.265,0.18,0.16,0.165,0.155,0.155
12-28-2025 13:00,1766926800,0.105,0.255,0.18,0.16,0.16,0.215,0.18
12-28-2025 14:00,1766930400,0.12,0.265,0.18,0.16,0.14,0.175,0.145
12-28-2025 15:00,1766934000,0.115,0.275,0.195,0.16,0.15,0.165,0.145
12-28-2025 16:00,1766937600,0.11,0.27,0.185,0.16,0.155,0.165,0.145
12-28-2025 17:00,1766941200,0.11,0.275,0.19,0.16,0.135,0.165,0.145
12-28-2025 18:00,1766944800,0.1,0.28,0.195,0.16,0.15,0.165,0.145
12-28-2025 19:00,1766948400,0.1,0.29,0.195,0.16,0.13,0.165,0.145
12-28-2025 20:00,1766952000,0.1,0.31,0.18,0.16,0.13,0.165,0.145
12-28-2025 21:00,1766955600,0.105,0.295,0.195,0.16,0.14,0.165,0.145
12-28-2025 22:00,1766959200,0.1,0.29,0.175,0.16,0.135,0.165,0.145
12-28-2025 23:00,1766962800,0.1,0.305,0.195,0.16,0.135,0.165,0.145
12-29-2025 00:00,1766966400,0.1,0.28,0.18,0.16,0.135,0.165,0.145
12-29-2025 02:00,1766973600,0.1,0.305,0.18,0.16,0.135,0.165,0.145
12-29-2025 03:00,1766977200,0.1,0.3,0.18,0.16,0.14,0.165,0.145
12-29-2025 04:00,1766980800,0.1,0.265,0.18,0.16,0.135,0.165,0.145
12-29-2025 05:00,1766984400,0.1,0.3,0.18,0.16,0.13,0.165,0.145
12-29-2025 06:00,1766988000,0.125,0.28,0.18,0.16,0.135,0.165,0.145
12-29-2025 07:00,1766991600,0.115,0.245,0.18,0.16,0.15,0.165,0.145
12-29-2025 08:00,1766995200,0.1,0.26,0.18,0.165,0.165,0.165,0.145
12-29-2025 09:00,1766998800,0.1,0.25,0.18,0.16,0.18,0.155,0.145
12-29-2025 10:00,1767002400,0.115,0.21,0.21,0.155,0.165,0.135,0.135
12-29-2025 11:00,1767006000,0.105,0.21,0.18,0.165,0.145,0.135,0.135
12-29-2025 12:00,1767009600,0.12,0.225,0.205,0.165,0.14,0.135,0.135
12-29-2025 13:00,1767013200,0.13,0.21,0.19,0.16,0.175,0.135,0.135
12-29-2025 14:00,1767016800,0.125,0.22,0.205,0.16,0.165,0.135,0.135
12-29-2025 15:00,1767020400,0.125,0.215,0.21,0.165,0.15,0.135,0.135
12-29-2025 16:00,1767024000,0.125,0.245,0.205,0.16,0.145,0.135,0.135
12-29-2025 17:00,1767027600,0.1,0.295,0.18,0.16,0.17,0.135,0.135
12-29-2025 18:00,1767031200,0.11,0.27,0.18,0.165,0.195,0.135,0.135
12-29-2025 19:00,1767034800,0.11,0.225,0.18,0.16,0.185,0.135,0.135
12-29-2025 20:00,1767038400,0.105,0.235,0.18,0.165,0.185,0.135,0.135
12-29-2025 21:00,1767042000,0.1,0.24,0.18,0.16,0.17,0.135,0.135
12-29-2025 22:00,1767045600,0.105,0.28,0.18,0.165,0.19,0.135,0.135
12-29-2025 23:00,1767049200,0.1,0.275,0.18,0.16,0.175,0.135,0.135
12-30-2025 00:00,1767052800,0.105,0.265,0.18,0.165,0.21,0.135,0.135
12-30-2025 01:00,1767056400,0.1,0.245,0.18,0.165,0.165,0.135,0.135
12-30-2025 02:00,1767060000,0.11,0.255,0.18,0.165,0.175,0.135,0.135
12-30-2025 03:00,1767063600,0.12,0.23,0.195,0.165,0.165,0.135,0.135
12-30-2025 04:00,1767067200,0.115,0.215,0.195,0.165,0.195,0.135,0.135
12-30-2025 05:00,1767070800,0.13,0.23,0.2,0.16,0.145,0.135,0.135
12-30-2025 06:00,1767074400,0.1,0.26,0.185,0.16,0.19,0.135,0.135
12-30-2025 07:00,1767078000,0.115,0.245,0.19,0.165,0.19,0.135,0.135
12-30-2025 08:00,1767081600,0.105,0.23,0.18,0.165,0.195,0.135,0.135
12-30-2025 09:00,1767085200,0.115,0.24,0.19,0.165,0.145,0.135,0.135
12-30-2025 10:00,1767088800,0.125,0.235,0.18,0.165,0.155,0.135,0.135
12-30-2025 11:00,1767092400,0.125,0.24,0.185,0.16,0.15,0.135,0.135
12-30-2025 12:00,1767096000,0.125,0.205,0.18,0.165,0.18,0.135,0.135
12-30-2025 13:00,1767099600,0.105,0.25,0.18,0.17,0.175,0.135,0.135
12-30-2025 14:00,1767103200,0.115,0.25,0.185,0.17,0.145,0.135,0.135
12-30-2025 15:00,1767106800,0.125,0.235,0.2,0.16,0.15,0.135,0.135
12-30-2025 16:00,1767110400,0.105,0.265,0.185,0.155,0.18,0.135,0.135
12-30-2025 17:00,1767114000,0.105,0.255,0.195,0.165,0.17,0.135,0.135
12-30-2025 18:00,1767117600,0.12,0.255,0.19,0.165,0.175,0.135,0.135
12-30-2025 19:00,1767121200,0.09,0.285,0.18,0.165,0.195,0.135,0.135
12-30-2025 20:00,1767124800,0.095,0.25,0.18,0.185,0.2,0.13,0.135
12-30-2025 21:00,1767128400,0.08,0.21,0.185,0.18,0.21,0.135,0.135
12-30-2025 22:00,1767132000,0.09,0.215,0.185,0.17,0.2,0.135,0.135
12-30-2025 23:00,1767135600,0.08,0.215,0.185,0.165,0.225,0.135,0.135
12-31-2025 00:00,1767139200,0.08,0.2,0.185,0.17,0.21,0.135,0.135
12-31-2025 01:00,1767142800,0.08,0.215,0.185,0.175,0.215,0.135,0.135
12-31-2025 02:00,1767146400,0.085,0.215,0.185,0.17,0.21,0.135,0.135
12-31-2025 03:00,1767150000,0.08,0.215,0.185,0.165,0.21,0.135,0.135
12-31-2025 04:00,1767153600,0.09,0.21,0.205,0.16,0.23,0.135,0.135
12-31-2025 05:00,1767157200,0.075,0.205,0.2,0.16,0.22,0.135,0.135
12-31-2025 06:00,1767160800,0.085,0.21,0.2,0.165,0.21,0.135,0.135
12-31-2025 07:00,1767164400,0.08,0.205,0.185,0.155,0.215,0.135,0.135
12-31-2025 08:00,1767168000,0.085,0.235,0.195,0.175,0.205,0.135,0.135
12-31-2025 09:00,1767171600,0.08,0.215,0.2,0.165,0.21,0.135,0.135
12-31-2025 10:00,1767175200,0.09,0.215,0.195,0.165,0.2,0.135,0.135
12-31-2025 11:00,1767178800,0.085,0.215,0.2,0.155,0.195,0.135,0.135
12-31-2025 12:00,1767182400,0.09,0.21,0.19,0.16,0.2,0.135,0.135
12-31-2025 13:00,1767186000,0.09,0.195,0.19,0.155,0.19,0.13,0.135
12-31-2025 14:00,1767189600,0.085,0.19,0.19,0.15,0.195,0.135,0.135
12-31-2025 15:00,1767193200,0.09,0.22,0.2,0.17,0.215,0.13,0.135
12-31-2025 16:00,1767196800,0.085,0.215,0.205,0.175,0.205,0.13,0.13
12-31-2025 17:00,1767200400,0.085,0.215,0.205,0.17,0.205,0.13,0.13
12-31-2025 18:00,1767204000,0.075,0.215,0.205,0.18,0.22,0.13,0.13
12-31-2025 19:00,1767207600,0.07,0.205,0.21,0.165,0.225,0.135,0.13
12-31-2025 20:00,1767211200,0.065,0.2,0.2,0.16,0.205,0.135,0.135
12-31-2025 21:00,1767214800,0.055,0.185,0.19,0.17,0.195,0.13,0.135
12-31-2025 22:00,1767218400,0.07,0.21,0.21,0.16,0.215,0.135,0.135
12-31-2025 23:00,1767222000,0.075,0.2,0.21,0.16,0.21,0.135,0.135
01-01-2026 00:00,1767225600,0.065,0.2,0.21,0.155,0.2,0.13,0.135
01-01-2026 01:00,1767229200,0.065,0.205,0.21,0.16,0.205,0.135,0.135
01-01-2026 02:00,1767232800,0.075,0.2,0.21,0.14,0.2,0.135,0.135
01-01-2026 03:00,1767236400,0.05,0.215,0.195,0.16,0.205,0.135,0.135
01-01-2026 04:00,1767240000,0.065,0.205,0.215,0.155,0.2,0.135,0.135
01-01-2026 05:00,1767243600,0.07,0.21,0.21,0.17,0.215,0.13,0.13
01-01-2026 06:00,1767247200,0.07,0.225,0.21,0.16,0.22,0.13,0.13
01-01-2026 07:00,1767250800,0.075,0.215,0.21,0.165,0.205,0.135,0.135
01-01-2026 08:00,1767254400,0.09,0.205,0.21,0.165,0.22,0.13,0.13
01-01-2026 09:00,1767258000,0.08,0.225,0.215,0.155,0.21,0.13,0.135
01-01-2026 10:00,1767261600,0.065,0.2,0.21,0.145,0.2,0.135,0.135
01-01-2026 11:00,1767265200,0.065,0.2,0.21,0.15,0.2,0.13,0.135
01-01-2026 12:00,1767268800,0.07,0.2,0.21,0.155,0.195,0.13,0.135
01-01-2026 13:00,1767272400,0.06,0.21,0.21,0.2,0.22,0.13,0.13
01-01-2026 14:00,1767276000,0.09,0.215,0.205,0.175,0.21,0.13,0.13
01-01-2026 15:00,1767279600,0.07,0.19,0.195,0.175,0.195,0.13,0.135
01-01-2026 16:00,1767283200,0.06,0.2,0.205,0.15,0.205,0.135,0.135
01-01-2026 17:00,1767286800,0.06,0.205,0.21,0.145,0.205,0.13,0.135
01-01-2026 18:00,1767290400,0.06,0.205,0.21,0.145,0.205,0.13,0.135
01-01-2026 19:00,1767294000,0.06,0.2,0.21,0.155,0.2,0.13,0.135
01-01-2026 20:00,1767297600,0.06,0.19,0.21,0.155,0.2,0.13,0.135
01-01-2026 21:00,1767301200,0.06,0.19,0.21,0.15,0.2,0.13,0.135
01-01-2026 22:00,1767304800,0.06,0.195,0.205,0.165,0.205,0.135,0.135
01-01-2026 23:00,1767308400,0.06,0.205,0.215,0.16,0.205,0.135,0.135
01-02-2026 00:00,1767312000,0.06,0.205,0.21,0.16,0.2,0.135,0.135
01-02-2026 01:00,1767315600,0.065,0.195,0.205,0.15,0.2,0.135,0.135
01-02-2026 02:00,1767319200,0.065,0.185,0.21,0.16,0.215,0.13,0.135
01-02-2026 03:00,1767322800,0.065,0.185,0.215,0.16,0.205,0.13,0.135
01-02-2026 04:00,1767326400,0.085,0.185,0.21,0.16,0.195,0.135,0.135
01-02-2026 05:00,1767330000,0.05,0.205,0.215,0.14,0.2,0.13,0.135
01-02-2026 06:00,1767333600,0.05,0.19,0.215,0.155,0.22,0.135,0.13
01-02-2026 07:00,1767337200,0.035,0.215,0.215,0.135,0.21,0.13,0.125
01-02-2026 08:00,1767340800,0.0365,0.195,0.22,0.145,0.215,0.135,0.135
01-02-2026 09:00,1767344400,0.0455,0.2,0.22,0.145,0.215,0.135,0.13
01-02-2026 10:00,1767348000,0.0455,0.19,0.22,0.145,0.22,0.135,0.13
01-02-2026 11:00,1767351600,0.076,0.16,0.195,0.18,0.215,0.135,0.135
01-02-2026 12:00,1767355200,0.0765,0.16,0.195,0.19,0.215,0.135,0.13
01-02-2026 13:00,1767358800,0.0745,0.16,0.195,0.2,0.235,0.13,0.13
01-02-2026 14:00,1767362400,0.0665,0.145,0.185,0.18,0.21,0.13,0.13
01-02-2026 15:00,1767366000,0.0755,0.16,0.185,0.18,0.23,0.125,0.125
01-02-2026 16:00,1767369600,0.072,0.155,0.185,0.18,0.23,0.13,0.125
01-02-2026 17:00,1767373200,0.0705,0.155,0.185,0.18,0.23,0.13,0.125
01-02-2026 18:00,1767376800,0.0755,0.155,0.185,0.18,0.235,0.125,0.125
01-02-2026 19:00,1767380400,0.0725,0.155,0.185,0.18,0.24,0.125,0.125
01-02-2026 20:00,1767384000,0.073,0.155,0.185,0.18,0.19,0.13,0.13
01-02-2026 21:00,1767387600,0.073,0.165,0.19,0.18,0.17,0.13,0.13
01-02-2026 22:00,1767391200,0.0725,0.155,0.19,0.18,0.17,0.13,0.13
01-02-2026 23:00,1767394800,0.0755,0.16,0.19,0.18,0.185,0.13,0.13
01-03-2026 00:00,1767398400,0.0755,0.16,0.19,0.18,0.195,0.13,0.13
01-03-2026 02:00,1767405600,0.0755,0.16,0.19,0.18,0.14,0.13,0.13
01-03-2026 03:00,1767409200,0.0755,0.16,0.19,0.18,0.175,0.13,0.13
01-03-2026 04:00,1767412800,0.0755,0.16,0.19,0.18,0.16,0.13,0.13
01-03-2026 05:00,1767416400,0.0755,0.16,0.19,0.18,0.18,0.13,0.13
01-03-2026 06:00,1767420000,0.0755,0.16,0.19,0.18,0.18,0.13,0.13
01-03-2026 07:00,1767423600,0.0755,0.16,0.19,0.18,0.2,0.13,0.13
01-03-2026 08:00,1767427200,0.0755,0.16,0.185,0.175,0.18,0.13,0.13
01-03-2026 09:00,1767430800,0.0755,0.155,0.185,0.18,0.145,0.125,0.13
01-03-2026 10:00,1767434400,0.0755,0.16,0.185,0.18,0.175,0.125,0.13
01-03-2026 11:00,1767438000,0.0755,0.165,0.185,0.18,0.165,0.125,0.13
01-03-2026 12:00,1767441600,0.0755,0.16,0.185,0.18,0.145,0.125,0.13
01-03-2026 13:00,1767445200,0.0755,0.16,0.185,0.18,0.155,0.125,0.13
01-03-2026 14:00,1767448800,0.0755,0.16,0.185,0.18,0.185,0.125,0.13
01-03-2026 15:00,1767452400,0.0755,0.16,0.185,0.18,0.165,0.125,0.13
01-03-2026 16:00,1767456000,0.0755,0.16,0.185,0.18,0.155,0.125,0.13
01-03-2026 17:00,1767459600,0.077,0.16,0.185,0.18,0.17,0.125,0.13
01-03-2026 18:00,1767463200,0.0805,0.16,0.185,0.18,0.17,0.125,0.13
01-03-2026 19:00,1767466800,0.0835,0.16,0.185,0.18,0.145,0.125,0.13
01-03-2026 20:00,1767470400,0.0835,0.16,0.185,0.18,0.165,0.125,0.13
01-03-2026 21:00,1767474000,0.0835,0.16,0.185,0.18,0.155,0.125,0.13
01-03-2026 22:00,1767477600,0.0835,0.16,0.185,0.18,0.155,0.125,0.13
01-03-2026 23:00,1767481200,0.0835,0.16,0.185,0.18,0.16,0.125,0.13
01-04-2026 00:00,1767484800,0.0875,0.16,0.185,0.18,0.15,0.125,0.13
01-04-2026 01:00,1767488400,0.092,0.155,0.185,0.18,0.155,0.125,0.13
01-04-2026 02:00,1767492000,0.0935,0.15,0.185,0.18,0.145,0.125,0.13
01-04-2026 03:00,1767495600,0.093,0.155,0.185,0.18,0.18,0.12,0.125
01-04-2026 04:00,1767499200,0.093,0.155,0.185,0.18,0.18,0.12,0.125
01-04-2026 05:00,1767502800,0.093,0.155,0.185,0.18,0.185,0.12,0.125
01-04-2026 06:00,1767506400,0.093,0.165,0.185,0.18,0.185,0.12,0.125
01-04-2026 07:00,1767510000,0.072,0.155,0.185,0.18,0.2,0.12,0.125
01-04-2026 08:00,1767513600,0.073,0.16,0.185,0.18,0.195,0.12,0.125
01-04-2026 09:00,1767517200,0.075,0.155,0.185,0.18,0.195,0.12,0.125
01-04-2026 10:00,1767520800,0.073,0.155,0.185,0.185,0.18,0.12,0.125
01-04-2026 11:00,1767524400,0.0705,0.155,0.185,0.185,0.22,0.12,0.125
01-04-2026 12:00,1767528000,0.0665,0.15,0.185,0.18,0.185,0.12,0.125
01-04-2026 13:00,1767531600,0.0705,0.155,0.185,0.185,0.18,0.12,0.125
01-04-2026 14:00,1767535200,0.0695,0.155,0.185,0.185,0.19,0.12,0.125
01-04-2026 15:00,1767538800,0.0695,0.155,0.185,0.185,0.19,0.12,0.125
01-04-2026 16:00,1767542400,0.0695,0.155,0.185,0.185,0.19,0.12,0.125
01-04-2026 17:00,1767546000,0.0695,0.155,0.185,0.185,0.19,0.12,0.125
01-04-2026 18:00,1767549600,0.0695,0.155,0.185,0.185,0.185,0.12,0.125
01-04-2026 19:00,1767553200,0.0695,0.15,0.185,0.185,0.18,0.12,0.125
01-04-2026 20:00,1767556800,0.0695,0.15,0.185,0.185,0.18,0.12,0.125
01-04-2026 21:00,1767560400,0.0695,0.145,0.185,0.185,0.18,0.12,0.125
01-04-2026 22:00,1767564000,0.0695,0.15,0.185,0.185,0.175,0.12,0.125
01-04-2026 23:00,1767567600,0.0695,0.155,0.185,0.185,0.18,0.115,0.115
01-05-2026 00:00,1767571200,0.0695,0.15,0.185,0.18,0.185,0.115,0.115
01-05-2026 01:00,1767574800,0.0695,0.15,0.185,0.18,0.185,0.115,0.115
01-05-2026 02:00,1767578400,0.0695,0.15,0.185,0.18,0.185,0.115,0.115
01-05-2026 03:00,1767582000,0.0695,0.15,0.185,0.18,0.185,0.115,0.115
01-05-2026 04:00,1767585600,0.0695,0.15,0.185,0.18,0.185,0.115,0.115
01-05-2026 05:00,1767589200,0.0695,0.15,0.185,0.18,0.185,0.115,0.115
01-05-2026 06:00,1767592800,0.0695,0.15,0.185,0.18,0.185,0.115,0.115
01-05-2026 07:00,1767596400,0.0695,0.15,0.185,0.18,0.185,0.12,0.12
01-05-2026 08:00,1767600000,0.0695,0.15,0.185,0.185,0.18,0.12,0.12
01-05-2026 09:00,1767603600,0.0695,0.15,0.185,0.19,0.175,0.12,0.12
01-05-2026 10:00,1767607200,0.0695,0.15,0.185,0.18,0.205,0.12,0.12
01-05-2026 11:00,1767610800,0.0695,0.15,0.185,0.185,0.2,0.12,0.12
01-05-2026 12:00,1767614400,0.0695,0.15,0.185,0.185,0.19,0.12,0.12
01-05-2026 13:00,1767618000,0.0695,0.15,0.185,0.185,0.2,0.12,0.12
01-05-2026 14:00,1767621600,0.0695,0.15,0.185,0.185,0.2,0.12,0.12
01-05-2026 15:00,1767625200,0.0695,0.15,0.185,0.185,0.21,0.12,0.12
01-05-2026 16:00,1767628800,0.0695,0.15,0.185,0.18,0.205,0.12,0.12
01-05-2026 17:00,1767632400,0.0695,0.15,0.185,0.185,0.2,0.12,0.12
01-05-2026 18:00,1767636000,0.0695,0.15,0.185,0.185,0.2,0.12,0.12
01-05-2026 19:00,1767639600,0.0695,0.15,0.185,0.185,0.185,0.12,0.12
01-05-2026 20:00,1767643200,0.0695,0.15,0.185,0.185,0.195,0.12,0.12
01-05-2026 21:00,1767646800,0.0695,0.15,0.185,0.185,0.2,0.12,0.12
01-05-2026 22:00,1767650400,0.0695,0.15,0.185,0.185,0.195,0.12,0.12
01-05-2026 23:00,1767654000,0.0695,0.15,0.185,0.185,0.195,0.12,0.12
01-06-2026 00:00,1767657600,0.0695,0.15,0.185,0.185,0.185,0.12,0.12
01-06-2026 01:00,1767661200,0.0695,0.15,0.185,0.185,0.2,0.12,0.12
01-06-2026 02:00,1767664800,0.0695,0.15,0.185,0.185,0.19,0.12,0.12
01-06-2026 03:00,1767668400,0.0695,0.15,0.185,0.185,0.195,0.12,0.12
01-06-2026 04:00,1767672000,0.0695,0.15,0.185,0.185,0.2,0.12,0.12
01-06-2026 05:00,1767675600,0.0695,0.15,0.185,0.185,0.225,0.12,0.12
01-06-2026 06:00,1767679200,0.0695,0.15,0.185,0.185,0.215,0.12,0.12
01-06-2026 07:00,1767682800,0.0695,0.15,0.185,0.185,0.2,0.12,0.12
01-06-2026 08:00,1767686400,0.0695,0.15,0.185,0.185,0.195,0.12,0.12
01-06-2026 09:00,1767690000,0.0695,0.155,0.185,0.185,0.2,0.12,0.12
01-06-2026 10:00,1767693600,0.0695,0.155,0.185,0.185,0.205,0.12,0.12
01-06-2026 11:00,1767697200,0.0745,0.155,0.185,0.185,0.23,0.12,0.12
01-06-2026 12:00,1767700800,0.074,0.155,0.185,0.18,0.235,0.12,0.12
01-06-2026 13:00,1767704400,0.073,0.155,0.185,0.18,0.22,0.12,0.12
01-06-2026 14:00,1767708000,0.073,0.155,0.185,0.185,0.25,0.12,0.12
01-06-2026 15:00,1767711600,0.074,0.155,0.19,0.185,0.25,0.125,0.12
01-06-2026 16:00,1767715200,0.073,0.155,0.185,0.185,0.23,0.12,0.12
01-06-2026 17:00,1767718800,0.073,0.15,0.185,0.19,0.225,0.12,0.12
01-06-2026 18:00,1767722400,0.074,0.145,0.185,0.19,0.22,0.12,0.12
01-06-2026 19:00,1767726000,0.0715,0.145,0.185,0.19,0.225,0.12,0.12
01-06-2026 20:00,1767729600,0.0735,0.15,0.185,0.19,0.205,0.12,0.12
01-06-2026 21:00,1767733200,0.0725,0.145,0.185,0.19,0.23,0.12,0.12
01-06-2026 22:00,1767736800,0.068,0.15,0.185,0.19,0.215,0.12,0.12
01-06-2026 23:00,1767740400,0.0705,0.15,0.185,0.19,0.225,0.12,0.12
01-07-2026 00:00,1767744000,0.07,0.155,0.185,0.195,0.3,0.12,0.12
01-07-2026 01:00,1767747600,0.0705,0.15,0.185,0.195,0.225,0.12,0.12
01-07-2026 02:00,1767751200,0.068,0.145,0.185,0.195,0.21,0.12,0.12
01-07-2026 03:00,1767754800,0.0645,0.145,0.185,0.195,0.22,0.12,0.12
01-07-2026 04:00,1767758400,0.07,0.145,0.185,0.195,0.22,0.12,0.12
01-07-2026 05:00,1767762000,0.0705,0.15,0.185,0.195,0.235,0.12,0.12
01-07-2026 06:00,1767765600,0.0695,0.15,0.185,0.195,0.225,0.12,0.12
01-07-2026 07:00,1767769200,0.068,0.15,0.185,0.195,0.225,0.12,0.12
01-07-2026 08:00,1767772800,0.068,0.15,0.185,0.195,0.215,0.12,0.12
01-07-2026 09:00,1767776400,0.0685,0.145,0.185,0.195,0.22,0.12,0.12
01-07-2026 10:00,1767780000,0.0685,0.15,0.185,0.195,0.225,0.12,0.12
01-07-2026 11:00,1767783600,0.0685,0.145,0.185,0.195,0.21,0.12,0.12
01-07-2026 12:00,1767787200,0.0685,0.145,0.185,0.195,0.22,0.12,0.12
01-07-2026 13:00,1767790800,0.0705,0.145,0.185,0.195,0.23,0.12,0.12
01-07-2026 14:00,1767794400,0.074,0.155,0.185,0.185,0.23,0.12,0.12
01-07-2026 15:00,1767798000,0.074,0.155,0.185,0.185,0.23,0.12,0.12
01-07-2026 16:00,1767801600,0.074,0.155,0.185,0.185,0.23,0.12,0.12
01-07-2026 17:00,1767805200,0.0745,0.15,0.18,0.19,0.225,0.12,0.12
01-07-2026 18:00,1767808800,0.074,0.145,0.185,0.185,0.225,0.12,0.12
01-07-2026 19:00,1767812400,0.0745,0.15,0.185,0.185,0.225,0.12,0.12
01-07-2026 20:00,1767816000,0.074,0.15,0.18,0.19,0.225,0.12,0.12
01-07-2026 21:00,1767819600,0.074,0.155,0.185,0.185,0.225,0.12,0.12
01-07-2026 22:00,1767823200,0.0745,0.15,0.175,0.185,0.225,0.12,0.12
01-07-2026 23:00,1767826800,0.074,0.15,0.175,0.185,0.225,0.12,0.12
01-08-2026 00:00,1767830400,0.075,0.15,0.175,0.185,0.225,0.12,0.12
01-08-2026 01:00,1767834000,0.074,0.155,0.175,0.185,0.225,0.12,0.12
01-08-2026 02:00,1767837600,0.074,0.155,0.175,0.185,0.225,0.12,0.12
01-08-2026 03:00,1767841200,0.075,0.15,0.175,0.185,0.225,0.12,0.12
01-08-2026 04:00,1767844800,0.075,0.155,0.175,0.185,0.225,0.12,0.12
01-08-2026 05:00,1767848400,0.074,0.15,0.17,0.19,0.23,0.125,0.125
01-08-2026 06:00,1767852000,0.074,0.15,0.17,0.185,0.225,0.12,0.12
01-08-2026 07:00,1767855600,0.0745,0.15,0.17,0.185,0.225,0.12,0.12
01-08-2026 08:00,1767859200,0.074,0.15,0.17,0.185,0.225,0.12,0.12
01-08-2026 09:00,1767862800,0.074,0.15,0.17,0.185,0.225,0.12,0.12
01-08-2026 10:00,1767866400,0.0745,0.15,0.17,0.19,0.225,0.125,0.125
01-08-2026 11:00,1767870000,0.074,0.15,0.17,0.19,0.23,0.125,0.125
01-08-2026 12:00,1767873600,0.074,0.15,0.175,0.185,0.225,0.12,0.12
01-08-2026 13:00,1767877200,0.0745,0.15,0.17,0.185,0.225,0.12,0.12
01-08-2026 14:00,1767880800,0.0715,0.15,0.175,0.185,0.22,0.12,0.12
01-08-2026 15:00,1767884400,0.071,0.15,0.175,0.185,0.225,0.12,0.12
01-08-2026 16:00,1767888000,0.0615,0.15,0.17,0.185,0.225,0.12,0.125
01-08-2026 17:00,1767891600,0.0715,0.15,0.17,0.185,0.225,0.12,0.12
01-08-2026 18:00,1767895200,0.0655,0.15,0.17,0.185,0.225,0.12,0.12
01-08-2026 19:00,1767898800,0.0765,0.15,0.17,0.185,0.225,0.12,0.12
01-08-2026 20:00,1767902400,0.068,0.15,0.17,0.19,0.225,0.125,0.12
01-08-2026 21:00,1767906000,0.0725,0.15,0.17,0.185,0.225,0.125,0.12
01-08-2026 22:00,1767909600,0.074,0.15,0.17,0.185,0.225,0.125,0.125
01-08-2026 23:00,1767913200,0.074,0.15,0.17,0.185,0.225,0.125,0.12
01-09-2026 00:00,1767916800,0.0695,0.15,0.17,0.185,0.225,0.125,0.125
01-09-2026 01:00,1767920400,0.0745,0.15,0.17,0.185,0.225,0.125,0.12
01-09-2026 02:00,1767924000,0.072,0.155,0.17,0.185,0.225,0.125,0.12
01-09-2026 03:00,1767927600,0.0725,0.15,0.17,0.185,0.225,0.125,0.12
01-09-2026 04:00,1767931200,0.0655,0.155,0.17,0.185,0.225,0.125,0.125
01-09-2026 05:00,1767934800,0.075,0.155,0.17,0.185,0.225,0.125,0.12
01-09-2026 06:00,1767938400,0.067,0.155,0.17,0.185,0.225,0.125,0.12
01-09-2026 07:00,1767942000,0.062,0.15,0.17,0.185,0.225,0.125,0.12
01-09-2026 08:00,1767945600,0.0755,0.15,0.17,0.185,0.225,0.125,0.12
01-09-2026 09:00,1767949200,0.069,0.155,0.17,0.185,0.225,0.125,0.125
01-09-2026 10:00,1767952800,0.0725,0.155,0.17,0.185,0.225,0.125,0.12
01-09-2026 11:00,1767956400,0.0685,0.155,0.17,0.185,0.225,0.125,0.125
01-09-2026 12:00,1767960000,0.071,0.155,0.17,0.185,0.225,0.125,0.12
01-09-2026 13:00,1767963600,0.077,0.15,0.17,0.185,0.225,0.125,0.125
01-09-2026 14:00,1767967200,0.0705,0.155,0.17,0.185,0.225,0.125,0.12
01-09-2026 15:00,1767970800,0.0695,0.155,0.17,0.185,0.225,0.125,0.125
01-09-2026 16:00,1767974400,0.0725,0.15,0.17,0.185,0.225,0.125,0.12
01-09-2026 17:00,1767978000,0.072,0.15,0.17,0.185,0.225,0.125,0.135
01-09-2026 18:00,1767981600,0.072,0.15,0.17,0.185,0.225,0.125,0.135
01-09-2026 19:00,1767985200,0.072,0.15,0.17,0.185,0.225,0.125,0.135
01-09-2026 20:00,1767988800,0.072,0.155,0.17,0.185,0.225,0.125,0.135
01-09-2026 21:00,1767992400,0.072,0.15,0.17,0.185,0.225,0.125,0.135
01-09-2026 22:00,1767996000,0.072,0.15,0.17,0.185,0.225,0.125,0.135
01-09-2026 23:00,1767999600,0.072,0.15,0.17,0.185,0.225,0.125,0.135
01-10-2026 00:00,1768003200,0.072,0.155,0.17,0.185,0.225,0.125,0.135
01-10-2026 01:00,1768006800,0.072,0.15,0.17,0.185,0.225,0.125,0.135
01-10-2026 02:00,1768010400,0.0725,0.15,0.17,0.185,0.225,0.125,0.135
01-10-2026 03:00,1768014000,0.0725,0.15,0.17,0.185,0.225,0.125,0.135
01-10-2026 04:00,1768017600,0.074,0.155,0.17,0.185,0.225,0.125,0.135
01-10-2026 05:00,1768021200,0.0745,0.155,0.17,0.185,0.225,0.125,0.135
01-10-2026 06:00,1768024800,0.0745,0.15,0.17,0.185,0.225,0.125,0.135
01-10-2026 07:00,1768028400,0.074,0.15,0.17,0.185,0.225,0.125,0.135
01-10-2026 08:00,1768032000,0.074,0.15,0.17,0.185,0.225,0.125,0.135
01-10-2026 09:00,1768035600,0.0725,0.155,0.17,0.185,0.22,0.125,0.135
01-10-2026 10:00,1768039200,0.072,0.15,0.17,0.185,0.225,0.125,0.135
01-10-2026 11:00,1768042800,0.073,0.15,0.17,0.185,0.225,0.125,0.135
01-10-2026 12:00,1768046400,0.072,0.155,0.17,0.185,0.225,0.125,0.135
01-10-2026 13:00,1768050000,0.072,0.15,0.17,0.19,0.23,0.13,0.135
01-10-2026 14:00,1768053600,0.072,0.15,0.17,0.185,0.22,0.125,0.135
01-10-2026 15:00,1768057200,0.067,0.15,0.17,0.19,0.23,0.13,0.195
01-10-2026 16:00,1768060800,0.0665,0.15,0.17,0.19,0.225,0.13,0.185
01-10-2026 17:00,1768064400,0.0645,0.15,0.17,0.19,0.22,0.125,0.105
01-10-2026 18:00,1768068000,0.06,0.15,0.17,0.19,0.225,0.13,0.105
01-10-2026 19:00,1768071600,0.06,0.15,0.17,0.185,0.225,0.125,0.105
01-10-2026 20:00,1768075200,0.0605,0.15,0.17,0.19,0.215,0.13,0.105
01-10-2026 21:00,1768078800,0.06,0.15,0.17,0.19,0.21,0.125,0.105
01-10-2026 22:00,1768082400,0.06,0.15,0.17,0.185,0.225,0.125,0.165
01-10-2026 23:00,1768086000,0.06,0.15,0.17,0.19,0.225,0.13,0.175
01-11-2026 00:00,1768089600,0.06,0.15,0.17,0.19,0.225,0.13,0.15
01-11-2026 01:00,1768093200,0.06,0.15,0.17,0.185,0.225,0.125,0.175
01-11-2026 02:00,1768096800,0.06,0.15,0.17,0.185,0.225,0.125,0.185
01-11-2026 03:00,1768100400,0.06,0.15,0.17,0.185,0.225,0.125,0.18
01-11-2026 04:00,1768104000,0.06,0.155,0.17,0.19,0.23,0.13,0.165
01-11-2026 05:00,1768107600,0.06,0.15,0.17,0.185,0.225,0.125,0.185
01-11-2026 06:00,1768111200,0.06,0.15,0.17,0.185,0.225,0.125,0.185
01-11-2026 07:00,1768114800,0.06,0.155,0.17,0.19,0.23,0.125,0.17
01-11-2026 08:00,1768118400,0.06,0.155,0.17,0.185,0.225,0.125,0.175
01-11-2026 09:00,1768122000,0.057,0.155,0.17,0.19,0.225,0.13,0.195
01-11-2026 10:00,1768125600,0.06,0.155,0.17,0.185,0.225,0.125,0.2
01-11-2026 11:00,1768129200,0.06,0.155,0.17,0.185,0.22,0.125,0.18
01-11-2026 12:00,1768132800,0.0645,0.125,0.17,0.185,0.215,0.125,0.205
01-11-2026 13:00,1768136400,0.065,0.125,0.17,0.185,0.215,0.125,0.205
01-11-2026 14:00,1768140000,0.065,0.125,0.17,0.185,0.215,0.125,0.215
01-11-2026 15:00,1768143600,0.062,0.125,0.17,0.185,0.225,0.125,0.205
01-11-2026 16:00,1768147200,0.065,0.125,0.17,0.185,0.225,0.125,0.22
01-11-2026 17:00,1768150800,0.0475,0.125,0.17,0.185,0.225,0.125,0.215
01-11-2026 18:00,1768154400,0.0475,0.125,0.17,0.185,0.215,0.125,0.205
01-11-2026 19:00,1768158000,0.048,0.125,0.17,0.185,0.215,0.125,0.24
01-11-2026 20:00,1768161600,0.048,0.125,0.17,0.185,0.225,0.125,0.24
01-11-2026 21:00,1768165200,0.047,0.125,0.17,0.185,0.21,0.125,0.245
01-11-2026 22:00,1768168800,0.046,0.095,0.14,0.185,0.205,0.125,0.24
01-11-2026 23:00,1768172400,0.0475,0.1,0.14,0.15,0.205,0.125,0.255
01-12-2026 00:00,1768176000,0.046,0.095,0.14,0.145,0.205,0.125,0.27
01-12-2026 01:00,1768179600,0.046,0.095,0.125,0.15,0.205,0.125,0.265
01-12-2026 02:00,1768183200,0.046,0.095,0.125,0.125,0.205,0.125,0.265
01-12-2026 03:00,1768186800,0.046,0.095,0.125,0.125,0.205,0.125,0.27
01-12-2026 04:00,1768190400,0.0465,0.1,0.125,0.125,0.205,0.125,0.26
01-12-2026 05:00,1768194000,0.046,0.1,0.125,0.125,0.205,0.125,0.265
01-12-2026 06:00,1768197600,0.047,0.1,0.125,0.125,0.205,0.125,0.255
01-12-2026 07:00,1768201200,0.047,0.1,0.125,0.125,0.205,0.125,0.26
01-12-2026 08:00,1768204800,0.047,0.1,0.125,0.125,0.205,0.125,0.285
01-12-2026 09:00,1768208400,0.047,0.1,0.13,0.13,0.205,0.125,0.285
01-12-2026 10:00,1768212000,0.0625,0.1,0.13,0.135,0.205,0.125,0.285
01-12-2026 11:00,1768215600,0.062,0.1,0.12,0.145,0.205,0.125,0.285
01-12-2026 12:00,1768219200,0.071,0.1,0.125,0.14,0.205,0.125,0.285
01-12-2026 13:00,1768222800,0.0655,0.1,0.125,0.135,0.205,0.125,0.285
01-12-2026 14:00,1768226400,0.062,0.1,0.125,0.135,0.205,0.125,0.285
01-12-2026 15:00,1768230000,0.056,0.1,0.13,0.135,0.205,0.125,0.285
01-12-2026 16:00,1768233600,0.067,0.1,0.125,0.145,0.205,0.125,0.285
01-12-2026 17:00,1768237200,0.068,0.1,0.13,0.135,0.205,0.125,0.295
01-12-2026 18:00,1768240800,0.072,0.1,0.13,0.135,0.205,0.125,0.29
01-12-2026 19:00,1768244400,0.0625,0.1,0.12,0.135,0.205,0.125,0.29
01-12-2026 20:00,1768248000,0.063,0.1,0.13,0.135,0.205,0.125,0.29
01-12-2026 21:00,1768251600,0.065,0.1,0.125,0.135,0.205,0.125,0.29
01-12-2026 22:00,1768255200,0.0615,0.105,0.125,0.15,0.205,0.17,0.29
01-12-2026 23:00,1768258800,0.0615,0.11,0.13,0.15,0.205,0.17,0.29
01-13-2026 00:00,1768262400,0.0615,0.105,0.135,0.15,0.205,0.17,0.29
01-13-2026 02:00,1768269600,0.0615,0.105,0.13,0.15,0.205,0.17,0.29
01-13-2026 03:00,1768273200,0.0615,0.105,0.13,0.15,0.205,0.17,0.29
01-13-2026 04:00,1768276800,0.062,0.105,0.125,0.155,0.205,0.17,0.29
01-13-2026 05:00,1768280400,0.0615,0.105,0.125,0.15,0.205,0.17,0.29
01-13-2026 06:00,1768284000,0.0615,0.105,0.125,0.15,0.205,0.17,0.29
01-13-2026 07:00,1768287600,0.06,0.105,0.125,0.15,0.205,0.17,0.29
01-13-2026 08:00,1768291200,0.06,0.105,0.125,0.15,0.205,0.17,0.29
01-13-2026 09:00,1768294800,0.051,0.1,0.125,0.15,0.205,0.17,0.295
01-13-2026 10:00,1768298400,0.05,0.105,0.13,0.15,0.205,0.17,0.29
01-13-2026 11:00,1768302000,0.05,0.105,0.13,0.15,0.205,0.175,0.29
01-13-2026 12:00,1768305600,0.042,0.105,0.13,0.15,0.205,0.17,0.29
01-13-2026 13:00,1768309200,0.042,0.105,0.13,0.15,0.205,0.17,0.29
01-13-2026 14:00,1768312800,0.042,0.105,0.13,0.15,0.205,0.175,0.29
01-13-2026 15:00,1768316400,0.042,0.105,0.13,0.15,0.205,0.175,0.29
01-13-2026 16:00,1768320000,0.0415,0.105,0.13,0.15,0.205,0.17,0.29
01-13-2026 17:00,1768323600,0.0415,0.105,0.13,0.15,0.205,0.17,0.29
01-13-2026 18:00,1768327200,0.0415,0.105,0.125,0.15,0.205,0.17,0.285
01-13-2026 19:00,1768330800,0.0415,0.105,0.125,0.15,0.205,0.17,0.285
01-13-2026 20:00,1768334400,0.0415,0.105,0.13,0.15,0.205,0.17,0.285
01-13-2026 21:00,1768338000,0.042,0.1,0.13,0.15,0.21,0.175,0.34
01-13-2026 22:00,1768341600,0.042,0.105,0.13,0.15,0.21,0.175,0.38
01-13-2026 23:00,1768345200,0.044,0.105,0.13,0.135,0.205,0.16,0.4
01-14-2026 00:00,1768348800,0.048,0.095,0.13,0.14,0.205,0.17,0.39
01-14-2026 01:00,1768352400,0.0555,0.095,0.11,0.135,0.2,0.15,0.37
01-14-2026 02:00,1768356000,0.0555,0.095,0.105,0.14,0.2,0.15,0.37
01-14-2026 03:00,1768359600,0.0555,0.095,0.11,0.135,0.2,0.155,0.37
01-14-2026 04:00,1768363200,0.058,0.095,0.105,0.14,0.2,0.15,0.38
01-14-2026 05:00,1768366800,0.058,0.095,0.105,0.135,0.2,0.155,0.385
01-14-2026 06:00,1768370400,0.058,0.095,0.095,0.135,0.2,0.145,0.39
01-14-2026 07:00,1768374000,0.058,0.095,0.11,0.15,0.19,0.16,0.4
01-14-2026 08:00,1768377600,0.058,0.095,0.11,0.15,0.19,0.155,0.4
01-14-2026 09:00,1768381200,0.0685,0.095,0.115,0.135,0.185,0.16,0.445
01-14-2026 10:00,1768384800,0.0665,0.095,0.11,0.13,0.175,0.155,0.44
01-14-2026 11:00,1768388400,0.0555,0.08,0.1,0.12,0.165,0.155,0.47
01-14-2026 12:00,1768392000,0.0555,0.07,0.095,0.12,0.165,0.145,0.465
01-14-2026 13:00,1768395600,0.0525,0.07,0.095,0.115,0.155,0.145,0.47
01-14-2026 14:00,1768399200,0.0525,0.08,0.09,0.115,0.155,0.145,0.47
01-14-2026 15:00,1768402800,0.0445,0.085,0.09,0.115,0.165,0.145,0.475
01-14-2026 16:00,1768406400,0.0435,0.07,0.08,0.105,0.17,0.155,0.475
01-14-2026 17:00,1768410000,0.0425,0.075,0.09,0.125,0.17,0.15,0.475
01-14-2026 18:00,1768413600,0.0435,0.085,0.095,0.125,0.16,0.145,0.47
01-14-2026 19:00,1768417200,0.0675,0.085,0.105,0.145,0.12,0.16,0.5
01-14-2026 20:00,1768420800,0.0685,0.085,0.1,0.105,0.095,0.15,0.51
01-14-2026 21:00,1768424400,0.049,0.085,0.1,0.105,0.105,0.155,0.515
01-14-2026 22:00,1768428000,0.0615,0.075,0.105,0.105,0.105,0.145,0.505
01-14-2026 23:00,1768431600,0.0445,0.085,0.11,0.105,0.12,0.165,0.525
01-15-2026 00:00,1768435200,0.05,0.08,0.11,0.105,0.095,0.15,0.52
01-15-2026 01:00,1768438800,0.061,0.07,0.1,0.105,0.095,0.145,0.51
01-15-2026 02:00,1768442400,0.063,0.07,0.095,0.095,0.085,0.145,0.515
01-15-2026 03:00,1768446000,0.063,0.07,0.095,0.095,0.085,0.145,0.525
01-15-2026 04:00,1768449600,0.063,0.07,0.095,0.105,0.1,0.145,0.51
01-15-2026 05:00,1768453200,0.0635,0.065,0.095,0.105,0.105,0.135,0.515
01-15-2026 06:00,1768456800,0.0675,0.065,0.09,0.105,0.12,0.135,0.52
01-15-2026 07:00,1768460400,0.0675,0.065,0.09,0.105,0.1,0.15,0.53
01-15-2026 08:00,1768464000,0.0675,0.065,0.09,0.105,0.1,0.15,0.525
01-15-2026 09:00,1768467600,0.062,0.075,0.09,0.105,0.105,0.15,0.52
01-15-2026 10:00,1768471200,0.0635,0.075,0.09,0.105,0.105,0.15,0.515
01-15-2026 11:00,1768474800,0.0635,0.065,0.095,0.105,0.105,0.15,0.515
01-15-2026 12:00,1768478400,0.0635,0.065,0.095,0.105,0.105,0.14,0.515
01-15-2026 13:00,1768482000,0.0635,0.065,0.095,0.105,0.105,0.14,0.515
01-15-2026 14:00,1768485600,0.0635,0.075,0.1,0.105,0.105,0.155,0.515
01-15-2026 15:00,1768489200,0.0635,0.075,0.095,0.105,0.105,0.14,0.515
01-15-2026 16:00,1768492800,0.0635,0.065,0.095,0.105,0.105,0.15,0.515
01-15-2026 17:00,1768496400,0.0635,0.065,0.09,0.105,0.105,0.15,0.515
01-15-2026 18:00,1768500000,0.062,0.065,0.09,0.105,0.1,0.15,0.52
01-15-2026 19:00,1768503600,0.062,0.065,0.09,0.105,0.1,0.15,0.52
01-15-2026 20:00,1768507200,0.062,0.08,0.1,0.105,0.105,0.16,0.515
01-15-2026 21:00,1768510800,0.0665,0.075,0.095,0.105,0.105,0.17,0.515
01-15-2026 22:00,1768514400,0.0665,0.075,0.095,0.105,0.105,0.16,0.515
01-15-2026 23:00,1768518000,0.0665,0.075,0.095,0.105,0.105,0.16,0.515
01-16-2026 00:00,1768521600,0.0665,0.075,0.095,0.105,0.115,0.17,0.515
01-16-2026 01:00,1768525200,0.0485,0.075,0.105,0.105,0.115,0.17,0.52
01-16-2026 02:00,1768528800,0.0485,0.075,0.105,0.105,0.115,0.17,0.52
01-16-2026 03:00,1768532400,0.048,0.075,0.105,0.105,0.115,0.17,0.52
01-16-2026 04:00,1768536000,0.0475,0.075,0.105,0.105,0.115,0.17,0.52
01-16-2026 05:00,1768539600,0.0475,0.075,0.105,0.105,0.115,0.17,0.52
01-16-2026 06:00,1768543200,0.0475,0.075,0.11,0.105,0.115,0.165,0.52
01-16-2026 07:00,1768546800,0.0475,0.075,0.11,0.105,0.115,0.165,0.52
01-16-2026 08:00,1768550400,0.0475,0.075,0.11,0.105,0.115,0.165,0.52
01-16-2026 09:00,1768554000,0.0475,0.075,0.105,0.105,0.115,0.155,0.52
01-16-2026 10:00,1768557600,0.0475,0.075,0.105,0.105,0.115,0.155,0.52
01-16-2026 11:00,1768561200,0.0475,0.075,0.105,0.105,0.115,0.155,0.52
01-16-2026 12:00,1768564800,0.0465,0.075,0.1,0.105,0.115,0.155,0.52
01-16-2026 13:00,1768568400,0.0455,0.075,0.105,0.105,0.12,0.155,0.52
01-16-2026 14:00,1768572000,0.044,0.075,0.105,0.105,0.12,0.16,0.52
01-16-2026 15:00,1768575600,0.0375,0.075,0.105,0.105,0.11,0.16,0.53
01-16-2026 16:00,1768579200,0.037,0.075,0.1,0.105,0.11,0.155,0.53
01-16-2026 17:00,1768582800,0.0375,0.075,0.1,0.105,0.11,0.155,0.53
01-16-2026 18:00,1768586400,0.048,0.075,0.125,0.105,0.105,0.16,0.54
01-16-2026 19:00,1768590000,0.048,0.075,0.125,0.105,0.105,0.155,0.54
01-16-2026 20:00,1768593600,0.051,0.075,0.125,0.105,0.105,0.155,0.53
01-16-2026 21:00,1768597200,0.051,0.075,0.125,0.105,0.105,0.15,0.53
01-16-2026 22:00,1768600800,0.052,0.075,0.125,0.105,0.105,0.145,0.53
01-16-2026 23:00,1768604400,0.051,0.075,0.12,0.105,0.105,0.14,0.535
01-17-2026 00:00,1768608000,0.0515,0.075,0.12,0.105,0.105,0.155,0.535
01-17-2026 01:00,1768611600,0.057,0.075,0.12,0.105,0.105,0.14,0.535
01-17-2026 02:00,1768615200,0.064,0.075,0.115,0.105,0.105,0.14,0.515
01-17-2026 03:00,1768618800,0.05,0.075,0.115,0.105,0.105,0.135,0.515
01-17-2026 04:00,1768622400,0.05,0.075,0.11,0.105,0.105,0.15,0.53
01-17-2026 05:00,1768626000,0.0495,0.075,0.13,0.105,0.105,0.14,0.525
01-17-2026 06:00,1768629600,0.0495,0.075,0.13,0.105,0.1,0.14,0.525
01-17-2026 07:00,1768633200,0.0505,0.075,0.13,0.105,0.1,0.145,0.525
01-17-2026 08:00,1768636800,0.049,0.075,0.125,0.105,0.1,0.15,0.525
01-17-2026 09:00,1768640400,0.049,0.075,0.125,0.105,0.1,0.14,0.525
01-17-2026 10:00,1768644000,0.062,0.075,0.115,0.105,0.1,0.135,0.515
01-17-2026 11:00,1768647600,0.0645,0.075,0.12,0.105,0.1,0.135,0.52
01-17-2026 12:00,1768651200,0.059,0.075,0.12,0.105,0.1,0.145,0.525
01-17-2026 13:00,1768654800,0.0515,0.075,0.115,0.105,0.1,0.14,0.53
01-17-2026 14:00,1768658400,0.0525,0.075,0.135,0.105,0.1,0.15,0.53
01-17-2026 15:00,1768662000,0.0525,0.075,0.135,0.105,0.1,0.155,0.53
01-17-2026 16:00,1768665600,0.052,0.075,0.135,0.105,0.105,0.145,0.535
01-17-2026 17:00,1768669200,0.0535,0.075,0.125,0.105,0.105,0.15,0.525
01-17-2026 18:00,1768672800,0.0535,0.075,0.12,0.105,0.105,0.14,0.525
01-17-2026 19:00,1768676400,0.051,0.075,0.12,0.105,0.105,0.15,0.525
01-17-2026 20:00,1768680000,0.051,0.075,0.12,0.105,0.105,0.145,0.525
01-17-2026 21:00,1768683600,0.051,0.075,0.12,0.105,0.105,0.14,0.53
01-17-2026 22:00,1768687200,0.051,0.075,0.12,0.105,0.105,0.145,0.53
01-17-2026 23:00,1768690800,0.051,0.075,0.11,0.105,0.105,0.14,0.525
01-18-2026 00:00,1768694400,0.051,0.075,0.11,0.105,0.105,0.14,0.525
01-18-2026 01:00,1768698000,0.051,0.075,0.11,0.105,0.105,0.145,0.525
01-18-2026 02:00,1768701600,0.051,0.075,0.11,0.105,0.1,0.14,0.525
01-18-2026 03:00,1768705200,0.054,0.075,0.11,0.105,0.1,0.145,0.535
01-18-2026 04:00,1768708800,0.058,0.07,0.11,0.105,0.105,0.13,0.515
01-18-2026 05:00,1768712400,0.059,0.07,0.11,0.105,0.105,0.135,0.515
01-18-2026 06:00,1768716000,0.044,0.07,0.11,0.105,0.105,0.14,0.53
01-18-2026 07:00,1768719600,0.044,0.07,0.11,0.105,0.105,0.145,0.525
01-18-2026 08:00,1768723200,0.044,0.07,0.11,0.105,0.105,0.14,0.525
01-18-2026 09:00,1768726800,0.0495,0.031,0.1,0.195,0.06,0.145,0.56
01-18-2026 10:00,1768730400,0.0495,0.031,0.1,0.18,0.06,0.145,0.555
01-18-2026 11:00,1768734000,0.0495,0.031,0.1,0.175,0.06,0.145,0.59
01-18-2026 12:00,1768737600,0.0595,0.031,0.1,0.17,0.06,0.145,0.59
01-18-2026 13:00,1768741200,0.049,0.031,0.1,0.16,0.06,0.145,0.585
01-18-2026 14:00,1768744800,0.048,0.031,0.105,0.165,0.06,0.145,0.585
01-18-2026 15:00,1768748400,0.049,0.031,0.105,0.17,0.06,0.145,0.605
01-18-2026 16:00,1768752000,0.05,0.031,0.105,0.165,0.06,0.145,0.605
01-18-2026 17:00,1768755600,0.0595,0.031,0.105,0.15,0.06,0.145,0.61
01-18-2026 18:00,1768759200,0.0545,0.031,0.09,0.16,0.06,0.145,0.6
01-18-2026 19:00,1768762800,0.044,0.031,0.105,0.14,0.06,0.145,0.605
01-18-2026 20:00,1768766400,0.044,0.031,0.105,0.145,0.06,0.145,0.605
01-18-2026 21:00,1768770000,0.044,0.031,0.105,0.14,0.06,0.17,0.605
01-18-2026 22:00,1768773600,0.044,0.031,0.105,0.14,0.055,0.17,0.605
01-18-2026 23:00,1768777200,0.044,0.031,0.105,0.14,0.055,0.17,0.605
01-19-2026 00:00,1768780800,0.044,0.031,0.105,0.145,0.055,0.17,0.605
01-19-2026 02:00,1768788000,0.044,0.031,0.105,0.14,0.055,0.17,0.605
01-19-2026 03:00,1768791600,0.044,0.031,0.105,0.14,0.055,0.17,0.605
01-19-2026 04:00,1768795200,0.044,0.031,0.1,0.14,0.06,0.17,0.605
01-19-2026 05:00,1768798800,0.044,0.031,0.1,0.135,0.06,0.17,0.605
01-19-2026 06:00,1768802400,0.0445,0.031,0.1,0.14,0.06,0.17,0.605
01-19-2026 07:00,1768806000,0.0445,0.031,0.1,0.145,0.06,0.145,0.605
01-19-2026 08:00,1768809600,0.0455,0.031,0.1,0.145,0.06,0.145,0.605
01-19-2026 09:00,1768813200,0.044,0.0315,0.1,0.145,0.075,0.145,0.605
01-19-2026 10:00,1768816800,0.044,0.0315,0.1,0.145,0.075,0.145,0.605
01-19-2026 11:00,1768820400,0.044,0.0315,0.1,0.145,0.075,0.165,0.605
01-19-2026 12:00,1768824000,0.044,0.0315,0.1,0.14,0.075,0.16,0.605
01-19-2026 13:00,1768827600,0.044,0.0315,0.1,0.145,0.08,0.16,0.605
01-19-2026 14:00,1768831200,0.0445,0.0315,0.1,0.145,0.075,0.16,0.605
01-19-2026 15:00,1768834800,0.0445,0.0315,0.1,0.145,0.075,0.165,0.605
01-19-2026 16:00,1768838400,0.044,0.0315,0.1,0.145,0.075,0.16,0.605
01-19-2026 17:00,1768842000,0.044,0.0315,0.1,0.135,0.085,0.155,0.605
01-19-2026 18:00,1768845600,0.0445,0.0315,0.1,0.14,0.075,0.155,0.605
01-19-2026 19:00,1768849200,0.0445,0.0315,0.1,0.14,0.075,0.17,0.605
01-19-2026 20:00,1768852800,0.0425,0.0325,0.125,0.14,0.09,0.155,0.605
01-19-2026 21:00,1768856400,0.045,0.035,0.12,0.14,0.11,0.16,0.585
01-19-2026 22:00,1768860000,0.039,0.035,0.105,0.125,0.115,0.15,0.585
01-19-2026 23:00,1768863600,0.039,0.035,0.105,0.125,0.105,0.17,0.585
01-20-2026 00:00,1768867200,0.038,0.035,0.105,0.13,0.115,0.15,0.585
01-20-2026 01:00,1768870800,0.0385,0.035,0.105,0.13,0.105,0.16,0.585
01-20-2026 02:00,1768874400,0.0385,0.035,0.105,0.135,0.1,0.155,0.58
01-20-2026 03:00,1768878000,0.0385,0.0355,0.105,0.135,0.1,0.16,0.58
01-20-2026 04:00,1768881600,0.0385,0.031,0.1,0.125,0.115,0.15,0.57
01-20-2026 05:00,1768885200,0.0385,0.031,0.105,0.13,0.1,0.15,0.585
01-20-2026 06:00,1768888800,0.0385,0.031,0.1,0.125,0.1,0.155,0.585
01-20-2026 07:00,1768892400,0.0385,0.031,0.11,0.125,0.1,0.15,0.585
01-20-2026 08:00,1768896000,0.0385,0.031,0.1,0.125,0.105,0.15,0.575
01-20-2026 09:00,1768899600,0.0375,0.031,0.095,0.12,0.105,0.145,0.575
01-20-2026 10:00,1768903200,0.0435,0.0315,0.12,0.125,0.12,0.165,0.58
01-20-2026 11:00,1768906800,0.043,0.0315,0.095,0.12,0.11,0.16,0.565
01-20-2026 12:00,1768910400,0.039,0.0315,0.1,0.125,0.115,0.155,0.565
01-20-2026 13:00,1768914000,0.039,0.0315,0.095,0.115,0.105,0.155,0.57
01-20-2026 14:00,1768917600,0.043,0.0315,0.1,0.12,0.105,0.155,0.565
01-20-2026 15:00,1768921200,0.039,0.0315,0.105,0.13,0.12,0.16,0.58
01-20-2026 16:00,1768924800,0.0385,0.0315,0.115,0.15,0.125,0.165,0.565
01-20-2026 17:00,1768928400,0.043,0.0315,0.105,0.16,0.11,0.165,0.565
01-20-2026 18:00,1768932000,0.039,0.0315,0.105,0.125,0.11,0.16,0.57
01-20-2026 19:00,1768935600,0.0385,0.0315,0.105,0.13,0.115,0.16,0.57
01-20-2026 20:00,1768939200,0.0435,0.0315,0.105,0.13,0.12,0.16,0.565
01-20-2026 21:00,1768942800,0.038,0.0315,0.105,0.15,0.11,0.16,0.57
01-20-2026 22:00,1768946400,0.0395,0.0315,0.105,0.13,0.115,0.165,0.57
01-20-2026 23:00,1768950000,0.0395,0.0315,0.105,0.13,0.11,0.155,0.56
01-21-2026 00:00,1768953600,0.0385,0.0315,0.105,0.13,0.11,0.155,0.565
01-21-2026 01:00,1768957200,0.0375,0.0315,0.105,0.125,0.11,0.16,0.565
01-21-2026 02:00,1768960800,0.038,0.0315,0.105,0.135,0.12,0.16,0.565
01-21-2026 03:00,1768964400,0.044,0.0315,0.11,0.13,0.11,0.16,0.56
01-21-2026 04:00,1768968000,0.0425,0.0315,0.105,0.14,0.13,0.175,0.56
01-21-2026 05:00,1768971600,0.041,0.0315,0.115,0.135,0.125,0.175,0.56
01-21-2026 06:00,1768975200,0.0395,0.0315,0.105,0.135,0.125,0.17,0.565
01-21-2026 07:00,1768978800,0.04,0.0315,0.105,0.125,0.115,0.155,0.565
01-21-2026 08:00,1768982400,0.038,0.0315,0.105,0.135,0.135,0.17,0.56
01-21-2026 09:00,1768986000,0.0515,0.0315,0.105,0.125,0.125,0.165,0.56
01-21-2026 10:00,1768989600,0.047,0.0315,0.105,0.12,0.115,0.155,0.56
01-21-2026 11:00,1768993200,0.046,0.0315,0.105,0.135,0.125,0.165,0.56
01-21-2026 12:00,1768996800,0.039,0.0315,0.1,0.12,0.135,0.15,0.56
01-21-2026 13:00,1769000400,0.043,0.0315,0.1,0.12,0.12,0.155,0.56
01-21-2026 14:00,1769004000,0.0455,0.0315,0.05,0.14,0.135,0.18,0.575
01-21-2026 15:00,1769007600,0.0355,0.0315,0.05,0.155,0.12,0.165,0.575
01-21-2026 16:00,1769011200,0.048,0.0315,0.05,0.14,0.125,0.165,0.575
01-21-2026 17:00,1769014800,0.0455,0.0315,0.05,0.15,0.135,0.165,0.575
01-21-2026 18:00,1769018400,0.048,0.0315,0.05,0.145,0.115,0.16,0.58
01-21-2026 19:00,1769022000,0.039,0.0315,0.04,0.175,0.14,0.175,0.575
01-21-2026 20:00,1769025600,0.0515,0.0315,0.04,0.165,0.14,0.175,0.6
01-21-2026 21:00,1769029200,0.0505,0.0305,0.055,0.165,0.16,0.175,0.61
01-21-2026 22:00,1769032800,0.039,0.0305,0.06,0.155,0.15,0.19,0.58
01-21-2026 23:00,1769036400,0.044,0.0305,0.07,0.145,0.14,0.195,0.595
01-22-2026 00:00,1769040000,0.044,0.0305,0.06,0.15,0.11,0.165,0.59
01-22-2026 01:00,1769043600,0.042,0.0305,0.06,0.15,0.105,0.165,0.595
01-22-2026 02:00,1769047200,0.043,0.0305,0.06,0.15,0.105,0.18,0.575
01-22-2026 03:00,1769050800,0.042,0.0305,0.06,0.145,0.115,0.175,0.565
01-22-2026 04:00,1769054400,0.043,0.0305,0.05,0.16,0.155,0.175,0.595
01-22-2026 05:00,1769058000,0.0415,0.0305,0.085,0.14,0.13,0.165,0.58
01-22-2026 06:00,1769061600,0.043,0.0305,0.07,0.13,0.12,0.165,0.585
01-22-2026 07:00,1769065200,0.042,0.0305,0.06,0.14,0.11,0.16,0.59
01-22-2026 08:00,1769068800,0.044,0.0305,0.055,0.145,0.125,0.17,0.585
01-22-2026 09:00,1769072400,0.045,0.0305,0.055,0.145,0.09,0.18,0.59
01-22-2026 10:00,1769076000,0.044,0.0305,0.075,0.13,0.12,0.175,0.57
01-22-2026 11:00,1769079600,0.044,0.0305,0.065,0.14,0.11,0.185,0.575
01-22-2026 12:00,1769083200,0.039,0.0305,0.055,0.135,0.125,0.165,0.575
01-22-2026 13:00,1769086800,0.0355,0.0305,0.06,0.13,0.1,0.16,0.575
01-22-2026 14:00,1769090400,0.035,0.0305,0.05,0.13,0.095,0.165,0.575
01-22-2026 15:00,1769094000,0.044,0.0305,0.06,0.15,0.12,0.165,0.57
01-22-2026 16:00,1769097600,0.043,0.031,0.065,0.18,0.135,0.2,0.57
01-22-2026 17:00,1769101200,0.042,0.0305,0.065,0.18,0.13,0.2,0.57
01-22-2026 18:00,1769104800,0.0425,0.031,0.07,0.185,0.13,0.2,0.57
01-22-2026 19:00,1769108400,0.0415,0.0305,0.065,0.19,0.13,0.2,0.57
01-22-2026 20:00,1769112000,0.0425,0.031,0.075,0.15,0.11,0.19,0.575
01-22-2026 21:00,1769115600,0.0425,0.031,0.065,0.145,0.1,0.175,0.575
01-22-2026 22:00,1769119200,0.042,0.031,0.065,0.145,0.115,0.18,0.575
01-22-2026 23:00,1769122800,0.044,0.031,0.065,0.145,0.105,0.17,0.575
01-23-2026 00:00,1769126400,0.0435,0.031,0.065,0.145,0.105,0.18,0.575
01-23-2026 01:00,1769130000,0.0425,0.0315,0.08,0.175,0.095,0.165,0.575
01-23-2026 02:00,1769133600,0.043,0.0315,0.045,0.19,0.09,0.215,0.58
01-23-2026 03:00,1769137200,0.042,0.032,0.045,0.19,0.09,0.215,0.58
01-23-2026 04:00,1769140800,0.043,0.0315,0.045,0.18,0.09,0.215,0.58
01-23-2026 05:00,1769144400,0.0425,0.0315,0.045,0.22,0.09,0.215,0.58
01-23-2026 06:00,1769148000,0.0425,0.0315,0.045,0.195,0.09,0.215,0.58
01-23-2026 07:00,1769151600,0.044,0.0315,0.045,0.19,0.09,0.22,0.58
01-23-2026 08:00,1769155200,0.044,0.0315,0.045,0.185,0.09,0.22,0.58
01-23-2026 09:00,1769158800,0.044,0.0315,0.045,0.17,0.09,0.22,0.58
01-23-2026 10:00,1769162400,0.044,0.0315,0.045,0.18,0.09,0.205,0.58
01-23-2026 11:00,1769166000,0.0445,0.0315,0.045,0.165,0.09,0.18,0.58
01-23-2026 12:00,1769169600,0.044,0.0315,0.045,0.175,0.09,0.18,0.58
01-23-2026 13:00,1769173200,0.044,0.0315,0.045,0.175,0.09,0.175,0.58
01-23-2026 14:00,1769176800,0.044,0.0315,0.055,0.175,0.09,0.175,0.58
01-23-2026 15:00,1769180400,0.044,0.032,0.11,0.17,0.09,0.2,0.58
01-23-2026 16:00,1769184000,0.044,0.0315,0.065,0.17,0.085,0.185,0.58
01-23-2026 17:00,1769187600,0.0435,0.0315,0.08,0.175,0.085,0.185,0.58
01-23-2026 18:00,1769191200,0.044,0.0315,0.08,0.17,0.085,0.185,0.58
01-23-2026 19:00,1769194800,0.041,0.0315,0.06,0.18,0.085,0.185,0.58
01-23-2026 20:00,1769198400,0.0435,0.0315,0.075,0.16,0.085,0.18,0.58
01-23-2026 21:00,1769202000,0.043,0.0315,0.075,0.16,0.075,0.185,0.58
01-23-2026 22:00,1769205600,0.0425,0.0315,0.08,0.16,0.12,0.17,0.58
01-23-2026 23:00,1769209200,0.038,0.0315,0.08,0.145,0.105,0.15,0.58
01-24-2026 00:00,1769212800,0.038,0.0315,0.065,0.145,0.1,0.165,0.58
01-24-2026 01:00,1769216400,0.038,0.0315,0.065,0.145,0.095,0.165,0.58
01-24-2026 02:00,1769220000,0.038,0.0315,0.065,0.145,0.105,0.155,0.58
01-24-2026 03:00,1769223600,0.0435,0.0315,0.065,0.145,0.095,0.155,0.58
01-24-2026 04:00,1769227200,0.043,0.0315,0.075,0.15,0.09,0.155,0.58
01-24-2026 05:00,1769230800,0.043,0.0315,0.09,0.15,0.09,0.165,0.58
01-24-2026 06:00,1769234400,0.043,0.0315,0.09,0.155,0.09,0.165,0.58
01-24-2026 07:00,1769238000,0.0435,0.0315,0.09,0.15,0.09,0.16,0.58
01-24-2026 08:00,1769241600,0.0435,0.0315,0.07,0.14,0.085,0.16,0.58
01-24-2026 09:00,1769245200,0.0415,0.0315,0.07,0.14,0.08,0.155,0.58
01-24-2026 10:00,1769248800,0.043,0.0315,0.07,0.13,0.095,0.17,0.58
01-24-2026 11:00,1769252400,0.043,0.0315,0.07,0.13,0.09,0.155,0.58
01-24-2026 12:00,1769256000,0.043,0.0315,0.07,0.13,0.095,0.165,0.58
01-24-2026 13:00,1769259600,0.043,0.0315,0.07,0.12,0.09,0.16,0.58
01-24-2026 14:00,1769263200,0.043,0.0315,0.07,0.13,0.09,0.17,0.58
01-24-2026 15:00,1769266800,0.043,0.0315,0.07,0.13,0.09,0.16,0.58
01-24-2026 16:00,1769270400,0.08,0.031,0.07,0.125,0.095,0.165,0.58
01-24-2026 17:00,1769274000,0.0885,0.03,0.06,0.105,0.075,0.135,0.585
01-24-2026 18:00,1769277600,0.1255,0.0165,0.045,0.1,0.06,0.125,0.56
01-24-2026 19:00,1769281200,0.1795,0.016,0.045,0.11,0.05,0.125,0.56
01-24-2026 20:00,1769284800,0.1815,0.0155,0.045,0.105,0.055,0.115,0.55
01-24-2026 21:00,1769288400,0.169,0.014,0.045,0.11,0.05,0.125,0.55
01-24-2026 22:00,1769292000,0.172,0.015,0.05,0.105,0.05,0.135,0.55
01-24-2026 23:00,1769295600,0.172,0.0155,0.05,0.11,0.05,0.135,0.55
01-25-2026 00:00,1769299200,0.1665,0.015,0.05,0.1,0.045,0.13,0.555
01-25-2026 01:00,1769302800,0.1675,0.015,0.05,0.1,0.045,0.13,0.555
01-25-2026 02:00,1769306400,0.1635,0.015,0.05,0.095,0.045,0.13,0.555
01-25-2026 03:00,1769310000,0.1845,0.015,0.055,0.095,0.055,0.13,0.555
01-25-2026 04:00,1769313600,0.1795,0.0235,0.05,0.09,0.055,0.125,0.555
01-25-2026 05:00,1769317200,0.1785,0.0235,0.055,0.09,0.055,0.125,0.555
01-25-2026 06:00,1769320800,0.184,0.0235,0.055,0.1,0.055,0.125,0.555
01-25-2026 07:00,1769324400,0.18,0.0235,0.055,0.095,0.055,0.125,0.555
01-25-2026 08:00,1769328000,0.182,0.0235,0.055,0.095,0.05,0.125,0.555
01-25-2026 09:00,1769331600,0.192,0.0235,0.055,0.09,0.055,0.125,0.555
01-25-2026 10:00,1769335200,0.2245,0.026,0.05,0.08,0.05,0.12,0.545
01-25-2026 11:00,1769338800,0.2075,0.022,0.04,0.08,0.04,0.12,0.545
01-25-2026 12:00,1769342400,0.2075,0.021,0.04,0.08,0.026,0.12,0.545
01-25-2026 13:00,1769346000,0.231,0.017,0.04,0.08,0.0305,0.12,0.55
01-25-2026 14:00,1769349600,0.24,0.0165,0.04,0.08,0.0305,0.12,0.545
01-25-2026 15:00,1769353200,0.2345,0.028,0.04,0.085,0.0305,0.115,0.54
01-25-2026 16:00,1769356800,0.2265,0.0285,0.04,0.085,0.0305,0.115,0.54
01-25-2026 17:00,1769360400,0.2295,0.0285,0.04,0.095,0.0305,0.115,0.54
01-25-2026 18:00,1769364000,0.2305,0.0285,0.04,0.12,0.0305,0.115,0.55
01-25-2026 19:00,1769367600,0.2305,0.0285,0.04,0.135,0.0305,0.115,0.55
01-25-2026 20:00,1769371200,0.2305,0.0285,0.04,0.16,0.0305,0.115,0.55
01-25-2026 21:00,1769374800,0.2305,0.0285,0.04,0.11,0.0305,0.115,0.55
01-25-2026 22:00,1769378400,0.2305,0.0285,0.04,0.135,0.0305,0.115,0.55
01-25-2026 23:00,1769382000,0.2305,0.0285,0.04,0.125,0.0305,0.115,0.55
01-26-2026 00:00,1769385600,0.2305,0.0285,0.04,0.12,0.0305,0.115,0.55
01-26-2026 01:00,1769389200,0.2305,0.0285,0.04,0.105,0.031,0.115,0.55
01-26-2026 02:00,1769392800,0.2305,0.0285,0.04,0.15,0.031,0.115,0.55
01-26-2026 03:00,1769396400,0.2305,0.0285,0.04,0.1,0.031,0.115,0.55
01-26-2026 04:00,1769400000,0.2305,0.0285,0.04,0.11,0.031,0.115,0.55
01-26-2026 05:00,1769403600,0.2305,0.0285,0.04,0.135,0.031,0.115,0.55
01-26-2026 06:00,1769407200,0.2305,0.0285,0.04,0.145,0.031,0.115,0.55
01-26-2026 07:00,1769410800,0.2305,0.0285,0.04,0.14,0.031,0.115,0.55
01-26-2026 08:00,1769414400,0.2305,0.0285,0.04,0.11,0.031,0.115,0.55
01-26-2026 09:00,1769418000,0.2305,0.0285,0.04,0.285,0.031,0.115,0.565
01-26-2026 10:00,1769421600,0.2305,0.029,0.04,0.115,0.031,0.115,0.55
01-26-2026 11:00,1769425200,0.2305,0.0295,0.04,0.095,0.031,0.115,0.545
01-26-2026 12:00,1769428800,0.2305,0.0295,0.04,0.095,0.031,0.115,0.545
01-26-2026 13:00,1769432400,0.2305,0.0295,0.04,0.125,0.031,0.115,0.545
01-26-2026 14:00,1769436000,0.2305,0.0295,0.04,0.155,0.031,0.115,0.545
01-26-2026 15:00,1769439600,0.2305,0.0295,0.04,0.115,0.031,0.115,0.545
01-26-2026 16:00,1769443200,0.2305,0.0295,0.04,0.095,0.031,0.115,0.545
01-26-2026 17:00,1769446800,0.2305,0.03,0.04,0.095,0.031,0.115,0.54
01-26-2026 18:00,1769450400,0.2305,0.031,0.04,0.095,0.031,0.115,0.54
01-26-2026 19:00,1769454000,0.2305,0.031,0.04,0.085,0.031,0.115,0.54
01-26-2026 20:00,1769457600,0.2305,0.031,0.04,0.085,0.031,0.115,0.54
01-26-2026 21:00,1769461200,0.2305,0.0315,0.04,0.09,0.031,0.115,0.54
01-26-2026 22:00,1769464800,0.2305,0.031,0.04,0.045,0.031,0.095,0.54
01-26-2026 23:00,1769468400,0.2305,0.031,0.04,0.115,0.046,0.09,0.555
01-27-2026 00:00,1769472000,0.2305,0.031,0.05,0.115,0.046,0.09,0.56
01-27-2026 01:00,1769475600,0.2305,0.031,0.05,0.12,0.046,0.09,0.535
01-27-2026 02:00,1769479200,0.2305,0.031,0.05,0.185,0.046,0.09,0.535
01-27-2026 03:00,1769482800,0.2415,0.031,0.05,0.07,0.046,0.09,0.535
01-27-2026 04:00,1769486400,0.2375,0.031,0.07,0.17,0.046,0.09,0.535
01-27-2026 05:00,1769490000,0.2375,0.031,0.11,0.13,0.046,0.09,0.535
01-27-2026 06:00,1769493600,0.2375,0.031,0.12,0.115,0.046,0.09,0.535
01-27-2026 07:00,1769497200,0.2375,0.031,0.11,0.145,0.046,0.09,0.535
01-27-2026 08:00,1769500800,0.2375,0.031,0.11,0.135,0.046,0.09,0.535
01-27-2026 09:00,1769504400,0.2285,0.031,0.105,0.12,0.046,0.09,0.535
01-27-2026 10:00,1769508000,0.206,0.031,0.125,0.2,0.046,0.09,0.535
01-27-2026 11:00,1769511600,0.241,0.031,0.105,0.205,0.046,0.09,0.535
01-27-2026 12:00,1769515200,0.241,0.031,0.12,0.14,0.046,0.09,0.535
01-27-2026 13:00,1769518800,0.2405,0.031,0.11,0.14,0.046,0.09,0.535
01-27-2026 14:00,1769522400,0.2405,0.031,0.125,0.155,0.046,0.09,0.56
01-27-2026 15:00,1769526000,0.2405,0.031,0.13,0.15,0.046,0.09,0.55
01-27-2026 16:00,1769529600,0.2395,0.031,0.105,0.14,0.046,0.09,0.535
01-27-2026 17:00,1769533200,0.2395,0.031,0.12,0.12,0.046,0.09,0.535
01-27-2026 18:00,1769536800,0.26,0.031,0.12,0.27,0.046,0.09,0.535
01-27-2026 19:00,1769540400,0.251,0.031,0.12,0.27,0.046,0.09,0.535
01-27-2026 20:00,1769544000,0.245,0.031,0.12,0.27,0.046,0.09,0.535
01-27-2026 21:00,1769547600,0.271,0.031,0.12,0.115,0.046,0.09,0.535
01-27-2026 22:00,1769551200,0.23,0.031,0.12,0.16,0.046,0.09,0.535
01-27-2026 23:00,1769554800,0.1965,0.031,0.115,0.215,0.046,0.09,0.53
01-28-2026 00:00,1769558400,0.1615,0.031,0.12,0.17,0.046,0.09,0.53
01-28-2026 01:00,1769562000,0.1575,0.031,0.095,0.14,0.046,0.09,0.525
01-28-2026 02:00,1769565600,0.1495,0.031,0.09,0.165,0.046,0.09,0.525
01-28-2026 03:00,1769569200,0.139,0.031,0.09,0.22,0.046,0.09,0.505
01-28-2026 04:00,1769572800,0.1345,0.031,0.115,0.22,0.046,0.09,0.505
01-28-2026 05:00,1769576400,0.141,0.031,0.1,0.21,0.046,0.09,0.505
01-28-2026 06:00,1769580000,0.1435,0.031,0.12,0.21,0.046,0.095,0.505
01-28-2026 07:00,1769583600,0.163,0.031,0.12,0.21,0.046,0.095,0.505
01-28-2026 08:00,1769587200,0.1665,0.031,0.12,0.16,0.046,0.095,0.51
01-28-2026 09:00,1769590800,0.1705,0.031,0.12,0.15,0.046,0.095,0.515
01-28-2026 10:00,1769594400,0.169,0.031,0.12,0.145,0.046,0.095,0.525
01-28-2026 11:00,1769598000,0.1145,0.031,0.13,0.22,0.046,0.09,0.5
01-28-2026 12:00,1769601600,0.112,0.031,0.13,0.215,0.046,0.09,0.5
01-28-2026 13:00,1769605200,0.112,0.031,0.13,0.215,0.046,0.09,0.5
01-28-2026 14:00,1769608800,0.1145,0.031,0.13,0.215,0.046,0.09,0.5
01-28-2026 15:00,1769612400,0.1165,0.031,0.13,0.215,0.046,0.09,0.5
01-28-2026 16:00,1769616000,0.1155,0.031,0.13,0.215,0.046,0.09,0.5
01-28-2026 17:00,1769619600,0.1265,0.031,0.13,0.195,0.046,0.09,0.51
01-28-2026 18:00,1769623200,0.117,0.031,0.14,0.18,0.046,0.09,0.52
01-28-2026 19:00,1769626800,0.1295,0.031,0.14,0.175,0.046,0.09,0.485
01-28-2026 20:00,1769630400,0.132,0.031,0.14,0.165,0.046,0.09,0.505
01-28-2026 21:00,1769634000,0.1375,0.031,0.15,0.155,0.046,0.09,0.48
01-28-2026 22:00,1769637600,0.1405,0.031,0.15,0.28,0.046,0.09,0.5
01-28-2026 23:00,1769641200,0.14,0.031,0.145,0.18,0.046,0.09,0.49
01-29-2026 00:00,1769644800,0.1405,0.031,0.15,0.15,0.046,0.09,0.5
01-29-2026 01:00,1769648400,0.1405,0.031,0.145,0.125,0.046,0.09,0.475
01-29-2026 02:00,1769652000,0.1405,0.031,0.145,0.11,0.046,0.09,0.48
01-29-2026 03:00,1769655600,0.1405,0.031,0.15,0.17,0.046,0.09,0.495
01-29-2026 04:00,1769659200,0.141,0.031,0.15,0.165,0.046,0.09,0.485
01-29-2026 05:00,1769662800,0.141,0.0315,0.145,0.21,0.0465,0.09,0.485
01-29-2026 06:00,1769666400,0.141,0.0315,0.145,0.2,0.0465,0.09,0.49
01-29-2026 07:00,1769670000,0.141,0.032,0.145,0.21,0.047,0.09,0.485
01-29-2026 08:00,1769673600,0.141,0.032,0.145,0.21,0.047,0.09,0.505
01-29-2026 09:00,1769677200,0.141,0.0315,0.145,0.22,0.0465,0.09,0.48
01-29-2026 10:00,1769680800,0.144,0.0315,0.15,0.28,0.0465,0.09,0.485
01-29-2026 11:00,1769684400,0.144,0.0315,0.145,0.215,0.0465,0.09,0.5
01-29-2026 12:00,1769688000,0.2375,0.0315,0.15,0.22,0.0465,0.09,0.495
01-29-2026 13:00,1769691600,0.2165,0.032,0.145,0.21,0.047,0.09,0.485
01-29-2026 14:00,1769695200,0.254,0.032,0.145,0.165,0.047,0.09,0.5
01-29-2026 15:00,1769698800,0.227,0.032,0.145,0.15,0.047,0.09,0.495
01-29-2026 16:00,1769702400,0.214,0.032,0.15,0.225,0.047,0.09,0.495
01-29-2026 17:00,1769706000,0.238,0.032,0.15,0.19,0.047,0.09,0.495
01-29-2026 18:00,1769709600,0.213,0.032,0.15,0.16,0.047,0.09,0.49
01-29-2026 19:00,1769713200,0.207,0.032,0.15,0.17,0.047,0.09,0.5
01-29-2026 20:00,1769716800,0.2015,0.032,0.145,0.22,0.047,0.09,0.485
01-29-2026 21:00,1769720400,0.184,0.032,0.145,0.165,0.047,0.09,0.485
01-29-2026 22:00,1769724000,0.178,0.0325,0.15,0.175,0.0475,0.09,0.485
01-29-2026 23:00,1769727600,0.172,0.0345,0.145,0.19,0.0535,0.09,0.485
01-30-2026 00:00,1769731200,0.1645,0.036,0.145,0.165,0.056,0.09,0.485
01-30-2026 01:00,1769734800,0.1635,0.0355,0.145,0.165,0.0525,0.09,0.495
01-30-2026 02:00,1769738400,0.1635,0.036,0.145,0.17,0.056,0.09,0.5
01-30-2026 03:00,1769742000,0.1605,0.036,0.145,0.165,0.055,0.09,0.51
01-30-2026 04:00,1769745600,0.207,0.0365,0.135,0.17,0.055,0.09,0.51
01-30-2026 05:00,1769749200,0.1925,0.0365,0.145,0.165,0.052,0.09,0.505
01-30-2026 06:00,1769752800,0.1795,0.0365,0.145,0.17,0.055,0.09,0.49
01-30-2026 07:00,1769756400,0.169,0.0365,0.145,0.175,0.055,0.09,0.505
01-30-2026 08:00,1769760000,0.1405,0.0365,0.145,0.135,0.055,0.09,0.5
01-30-2026 09:00,1769763600,0.1405,0.0365,0.145,0.145,0.055,0.09,0.46
01-30-2026 10:00,1769767200,0.1405,0.037,0.145,0.14,0.054,0.09,0.465
01-30-2026 11:00,1769770800,0.1405,0.0365,0.105,0.14,0.056,0.09,0.455
01-30-2026 12:00,1769774400,0.1405,0.0375,0.145,0.135,0.057,0.09,0.46
01-30-2026 13:00,1769778000,0.1405,0.0375,0.145,0.135,0.057,0.09,0.47
01-30-2026 14:00,1769781600,0.1405,0.0375,0.145,0.115,0.0465,0.09,0.495
01-30-2026 15:00,1769785200,0.1405,0.0375,0.145,0.135,0.0465,0.09,0.505
01-30-2026 16:00,1769788800,0.1405,0.0375,0.145,0.12,0.0465,0.09,0.475
01-30-2026 17:00,1769792400,0.133,0.0375,0.145,0.125,0.0465,0.09,0.46
01-30-2026 18:00,1769796000,0.1305,0.0375,0.145,0.135,0.0465,0.09,0.49
01-30-2026 19:00,1769799600,0.131,0.0375,0.145,0.125,0.0465,0.09,0.465
01-30-2026 20:00,1769803200,0.125,0.0375,0.145,0.14,0.0465,0.09,0.465
01-30-2026 21:00,1769806800,0.13,0.0375,0.12,0.125,0.0465,0.09,0.46
01-30-2026 22:00,1769810400,0.1305,0.0375,0.145,0.125,0.0465,0.09,0.47
01-30-2026 23:00,1769814000,0.1245,0.0375,0.145,0.13,0.0465,0.09,0.47
01-31-2026 00:00,1769817600,0.126,0.0375,0.145,0.125,0.0465,0.09,0.5
01-31-2026 01:00,1769821200,0.1255,0.0375,0.135,0.135,0.0465,0.09,0.46
01-31-2026 02:00,1769824800,0.1255,0.0375,0.12,0.125,0.0465,0.09,0.5
01-31-2026 03:00,1769828400,0.1255,0.0375,0.11,0.14,0.0465,0.09,0.525
01-31-2026 04:00,1769832000,0.1255,0.0375,0.12,0.125,0.046,0.09,0.495
01-31-2026 05:00,1769835600,0.1255,0.0375,0.125,0.125,0.046,0.09,0.51
01-31-2026 06:00,1769839200,0.1255,0.0375,0.125,0.135,0.046,0.09,0.465
01-31-2026 07:00,1769842800,0.1255,0.0375,0.125,0.125,0.046,0.09,0.47
01-31-2026 08:00,1769846400,0.1255,0.0375,0.125,0.125,0.046,0.09,0.47
01-31-2026 09:00,1769850000,0.1255,0.0375,0.125,0.125,0.046,0.09,0.46
01-31-2026 10:00,1769853600,0.1255,0.0375,0.125,0.125,0.046,0.09,0.45
01-31-2026 11:00,1769857200,0.1255,0.0375,0.13,0.135,0.046,0.09,0.485
01-31-2026 12:00,1769860800,0.1255,0.0375,0.13,0.135,0.046,0.09,0.45
01-31-2026 13:00,1769864400,0.12,0.0375,0.12,0.135,0.046,0.09,0.46
01-31-2026 14:00,1769868000,0.12,0.0375,0.12,0.135,0.046,0.09,0.465
01-31-2026 15:00,1769871600,0.12,0.0375,0.12,0.14,0.046,0.09,0.45
01-31-2026 16:00,1769875200,0.12,0.0375,0.115,0.14,0.0465,0.09,0.45
01-31-2026 17:00,1769878800,0.12,0.0375,0.105,0.135,0.048,0.095,0.495
01-31-2026 18:00,1769882400,0.1195,0.0375,0.1,0.135,0.0525,0.095,0.49
01-31-2026 19:00,1769886000,0.116,0.0375,0.1,0.115,0.055,0.095,0.49
01-31-2026 20:00,1769889600,0.116,0.0375,0.12,0.13,0.0565,0.095,0.51
01-31-2026 21:00,1769893200,0.1135,0.0375,0.115,0.12,0.0515,0.095,0.47
01-31-2026 22:00,1769896800,0.1105,0.0375,0.1,0.115,0.054,0.095,0.515
01-31-2026 23:00,1769900400,0.109,0.0375,0.1,0.12,0.0515,0.095,0.495
02-01-2026 00:00,1769904000,0.1205,0.0375,0.1,0.13,0.0545,0.095,0.47
02-01-2026 02:00,1769911200,0.1325,0.0375,0.105,0.125,0.0545,0.1,0.495
02-01-2026 03:00,1769914800,0.117,0.0375,0.09,0.105,0.053,0.1,0.495
02-01-2026 04:00,1769918400,0.117,0.0375,0.1,0.09,0.0515,0.1,0.455
02-01-2026 05:00,1769922000,0.1255,0.0375,0.09,0.12,0.0555,0.1,0.455
02-01-2026 06:00,1769925600,0.126,0.0375,0.09,0.135,0.0555,0.1,0.455
02-01-2026 07:00,1769929200,0.131,0.0375,0.09,0.135,0.0555,0.1,0.46
02-01-2026 08:00,1769932800,0.125,0.0375,0.09,0.115,0.0525,0.1,0.47
02-01-2026 09:00,1769936400,0.124,0.0375,0.09,0.09,0.0555,0.1,0.495
02-01-2026 10:00,1769940000,0.115,0.038,0.12,0.13,0.0525,0.1,0.5
02-01-2026 11:00,1769943600,0.125,0.038,0.115,0.135,0.053,0.1,0.465
02-01-2026 12:00,1769947200,0.1205,0.038,0.115,0.14,0.056,0.19,0.46
02-01-2026 13:00,1769950800,0.132,0.0395,0.12,0.14,0.0605,0.18,0.49
02-01-2026 14:00,1769954400,0.1405,0.041,0.13,0.145,0.066,0.145,0.475
02-01-2026 15:00,1769958000,0.12,0.0965,0.13,0.14,0.0655,0.14,0.475
02-01-2026 16:00,1769961600,0.1145,0.085,0.135,0.14,0.0655,0.135,0.475
02-01-2026 17:00,1769965200,0.1155,0.085,0.13,0.155,0.0655,0.135,0.48
02-01-2026 18:00,1769968800,0.13,0.0845,0.13,0.15,0.0655,0.135,0.47
02-01-2026 19:00,1769972400,0.1255,0.0845,0.13,0.15,0.0655,0.135,0.49
02-01-2026 20:00,1769976000,0.119,0.0835,0.13,0.15,0.0655,0.135,0.485
02-01-2026 21:00,1769979600,0.115,0.0825,0.135,0.15,0.066,0.135,0.48
02-01-2026 22:00,1769983200,0.117,0.08,0.13,0.15,0.066,0.135,0.48
02-01-2026 23:00,1769986800,0.13,0.08,0.13,0.15,0.0655,0.135,0.48
02-02-2026 00:00,1769990400,0.1235,0.079,0.13,0.15,0.0655,0.135,0.48
02-02-2026 01:00,1769994000,0.1195,0.0795,0.13,0.15,0.0655,0.135,0.48
02-02-2026 02:00,1769997600,0.111,0.0785,0.115,0.15,0.066,0.13,0.47
02-02-2026 03:00,1770001200,0.127,0.078,0.115,0.15,0.066,0.15,0.48
02-02-2026 04:00,1770004800,0.116,0.078,0.125,0.155,0.0655,0.145,0.48
02-02-2026 05:00,1770008400,0.1325,0.078,0.125,0.155,0.0655,0.145,0.485
02-02-2026 06:00,1770012000,0.1345,0.078,0.13,0.15,0.0655,0.13,0.47
02-02-2026 07:00,1770015600,0.127,0.077,0.13,0.155,0.0655,0.135,0.47
02-02-2026 08:00,1770019200,0.113,0.076,0.12,0.155,0.0655,0.145,0.475
02-02-2026 09:00,1770022800,0.132,0.0755,0.11,0.145,0.0655,0.155,0.47
02-02-2026 10:00,1770026400,0.12,0.0905,0.1,0.145,0.0655,0.145,0.47
02-02-2026 11:00,1770030000,0.12,0.0845,0.1,0.145,0.0655,0.145,0.475
02-02-2026 12:00,1770033600,0.118,0.0795,0.1,0.145,0.0655,0.145,0.47
02-02-2026 13:00,1770037200,0.128,0.0795,0.12,0.15,0.0655,0.145,0.47
02-02-2026 14:00,1770040800,0.1185,0.107,0.105,0.145,0.0655,0.145,0.47
02-02-2026 15:00,1770044400,0.128,0.0985,0.125,0.155,0.0655,0.17,0.47
02-02-2026 16:00,1770048000,0.119,0.0925,0.13,0.16,0.0655,0.155,0.475
02-02-2026 17:00,1770051600,0.127,0.0955,0.125,0.16,0.0655,0.155,0.475
02-02-2026 18:00,1770055200,0.136,0.0945,0.12,0.155,0.0655,0.16,0.49
02-02-2026 19:00,1770058800,0.1195,0.0955,0.1,0.155,0.0655,0.16,0.47
02-02-2026 20:00,1770062400,0.123,0.082,0.1,0.15,0.0655,0.16,0.47
02-02-2026 21:00,1770066000,0.1365,0.0805,0.105,0.15,0.108,0.15,0.475
02-02-2026 22:00,1770069600,0.1235,0.081,0.105,0.155,0.1055,0.15,0.475
02-02-2026 23:00,1770073200,0.1355,0.08,0.11,0.155,0.098,0.155,0.475
02-03-2026 00:00,1770076800,0.1255,0.08,0.11,0.155,0.096,0.15,0.475
02-03-2026 01:00,1770080400,0.121,0.1015,0.115,0.15,0.101,0.15,0.475
02-03-2026 02:00,1770084000,0.1255,0.0925,0.115,0.15,0.112,0.165,0.47
02-03-2026 03:00,1770087600,0.115,0.0915,0.115,0.15,0.109,0.16,0.47
02-03-2026 04:00,1770091200,0.111,0.0915,0.115,0.155,0.108,0.16,0.475
02-03-2026 05:00,1770094800,0.12,0.0905,0.115,0.155,0.106,0.165,0.475
02-03-2026 06:00,1770098400,0.1245,0.09,0.115,0.155,0.105,0.165,0.475
02-03-2026 07:00,1770102000,0.123,0.0895,0.115,0.15,0.1035,0.165,0.475
02-03-2026 08:00,1770105600,0.121,0.0895,0.115,0.145,0.1055,0.18,0.47
02-03-2026 09:00,1770109200,0.125,0.0895,0.125,0.145,0.1055,0.17,0.47
02-03-2026 10:00,1770112800,0.1195,0.0895,0.14,0.145,0.112,0.165,0.47
02-03-2026 11:00,1770116400,0.1255,0.0895,0.14,0.145,0.11,0.16,0.47
02-03-2026 12:00,1770120000,0.129,0.089,0.135,0.14,0.1095,0.165,0.47
02-03-2026 13:00,1770123600,0.1215,0.0865,0.13,0.14,0.1085,0.165,0.47
02-03-2026 14:00,1770127200,0.1185,0.0865,0.13,0.135,0.1075,0.165,0.47
02-03-2026 15:00,1770130800,0.137,0.086,0.13,0.135,0.1085,0.165,0.47
02-03-2026 16:00,1770134400,0.1335,0.086,0.13,0.14,0.107,0.165,0.47
02-03-2026 17:00,1770138000,0.122,0.085,0.135,0.14,0.104,0.16,0.47
02-03-2026 18:00,1770141600,0.1185,0.085,0.135,0.135,0.104,0.16,0.455
02-03-2026 19:00,1770145200,0.1365,0.0845,0.13,0.135,0.104,0.16,0.445
02-03-2026 20:00,1770148800,0.1345,0.0845,0.135,0.135,0.1035,0.16,0.445
02-03-2026 21:00,1770152400,0.1315,0.0845,0.135,0.135,0.1035,0.16,0.445
02-03-2026 22:00,1770156000,0.1245,0.0845,0.14,0.135,0.1035,0.16,0.445
02-03-2026 23:00,1770159600,0.1355,0.0845,0.14,0.135,0.1035,0.16,0.445
02-04-2026 00:00,1770163200,0.132,0.0845,0.135,0.135,0.1035,0.16,0.445
02-04-2026 01:00,1770166800,0.1295,0.0845,0.14,0.14,0.1035,0.16,0.445
02-04-2026 02:00,1770170400,0.1305,0.0845,0.14,0.14,0.1035,0.16,0.46
02-04-2026 03:00,1770174000,0.127,0.0845,0.14,0.14,0.1035,0.16,0.45
02-04-2026 04:00,1770177600,0.1265,0.0845,0.14,0.14,0.1035,0.16,0.445
02-04-2026 05:00,1770181200,0.1375,0.0845,0.14,0.14,0.1035,0.16,0.45
02-04-2026 06:00,1770184800,0.135,0.0845,0.14,0.14,0.1035,0.16,0.445
02-04-2026 07:00,1770188400,0.137,0.085,0.135,0.135,0.1035,0.16,0.445
02-04-2026 08:00,1770192000,0.1325,0.085,0.13,0.15,0.1045,0.245,0.445
02-04-2026 09:00,1770195600,0.128,0.085,0.125,0.15,0.1045,0.22,0.445
02-04-2026 10:00,1770199200,0.1335,0.084,0.125,0.15,0.103,0.205,0.445
02-04-2026 11:00,1770202800,0.136,0.084,0.125,0.15,0.103,0.21,0.445
02-04-2026 12:00,1770206400,0.137,0.0755,0.125,0.145,0.0955,0.195,0.445
02-04-2026 13:00,1770210000,0.1365,0.0715,0.125,0.145,0.091,0.205,0.45
02-04-2026 14:00,1770213600,0.133,0.0715,0.125,0.145,0.091,0.2,0.46
02-04-2026 15:00,1770217200,0.1275,0.0785,0.125,0.145,0.091,0.175,0.46
02-04-2026 16:00,1770220800,0.1295,0.079,0.12,0.145,0.093,0.165,0.455
02-04-2026 17:00,1770224400,0.1265,0.0835,0.12,0.155,0.091,0.165,0.45
02-04-2026 18:00,1770228000,0.1165,0.0785,0.115,0.15,0.0875,0.165,0.46
02-04-2026 19:00,1770231600,0.1215,0.0755,0.115,0.15,0.087,0.165,0.465
02-04-2026 20:00,1770235200,0.127,0.0725,0.12,0.14,0.087,0.16,0.475
02-04-2026 21:00,1770238800,0.0825,0.084,0.12,0.14,0.0895,0.17,0.475
02-04-2026 22:00,1770242400,0.084,0.084,0.12,0.155,0.0915,0.18,0.48
02-04-2026 23:00,1770246000,0.0835,0.083,0.12,0.155,0.0915,0.175,0.515
02-05-2026 00:00,1770249600,0.0825,0.083,0.12,0.155,0.095,0.17,0.495
02-05-2026 01:00,1770253200,0.0885,0.083,0.12,0.155,0.095,0.17,0.475
02-05-2026 02:00,1770256800,0.083,0.083,0.12,0.155,0.092,0.17,0.5
02-05-2026 03:00,1770260400,0.084,0.083,0.125,0.15,0.0945,0.175,0.5
02-05-2026 04:00,1770264000,0.0885,0.0845,0.12,0.15,0.093,0.175,0.475
02-05-2026 05:00,1770267600,0.0985,0.0845,0.12,0.15,0.0935,0.185,0.465
02-05-2026 06:00,1770271200,0.0975,0.0845,0.125,0.15,0.093,0.185,0.46
02-05-2026 07:00,1770274800,0.0965,0.0845,0.12,0.15,0.0915,0.185,0.445
02-05-2026 08:00,1770278400,0.0945,0.1145,0.12,0.155,0.093,0.17,0.48
02-05-2026 09:00,1770282000,0.0685,0.118,0.135,0.15,0.123,0.18,0.455
02-05-2026 10:00,1770285600,0.0615,0.118,0.115,0.145,0.1215,0.2,0.455
02-05-2026 11:00,1770289200,0.0595,0.118,0.115,0.15,0.1685,0.2,0.46
02-05-2026 12:00,1770292800,0.0545,0.1395,0.115,0.15,0.157,0.215,0.47
02-05-2026 13:00,1770296400,0.05,0.127,0.145,0.155,0.1555,0.2,0.465
02-05-2026 14:00,1770300000,0.0495,0.1295,0.14,0.155,0.153,0.205,0.47
02-05-2026 15:00,1770303600,0.049,0.1265,0.145,0.155,0.1615,0.205,0.465
02-05-2026 16:00,1770307200,0.049,0.129,0.15,0.155,0.1585,0.205,0.455
02-05-2026 17:00,1770310800,0.0485,0.129,0.145,0.155,0.194,0.21,0.455
02-05-2026 18:00,1770314400,0.0495,0.127,0.135,0.155,0.1745,0.205,0.475
02-05-2026 19:00,1770318000,0.0495,0.1065,0.125,0.15,0.131,0.18,0.515
02-05-2026 20:00,1770321600,0.0495,0.101,0.115,0.15,0.1235,0.18,0.5
02-05-2026 21:00,1770325200,0.0495,0.1015,0.115,0.15,0.1355,0.185,0.5
02-05-2026 22:00,1770328800,0.0495,0.102,0.115,0.155,0.145,0.185,0.495
02-05-2026 23:00,1770332400,0.0495,0.102,0.115,0.15,0.141,0.185,0.505
02-06-2026 00:00,1770336000,0.049,0.102,0.115,0.155,0.1375,0.185,0.515
02-06-2026 01:00,1770339600,0.049,0.1225,0.115,0.15,0.149,0.19,0.465
02-06-2026 02:00,1770343200,0.048,0.1225,0.14,0.15,0.141,0.19,0.47
02-06-2026 03:00,1770346800,0.0485,0.1225,0.14,0.15,0.1465,0.19,0.475
02-06-2026 04:00,1770350400,0.0485,0.1225,0.14,0.155,0.1465,0.19,0.475
02-06-2026 05:00,1770354000,0.0485,0.1225,0.145,0.155,0.141,0.19,0.465
02-06-2026 06:00,1770357600,0.0485,0.1225,0.145,0.155,0.141,0.19,0.46
02-06-2026 07:00,1770361200,0.0485,0.1225,0.14,0.15,0.141,0.19,0.465
02-06-2026 08:00,1770364800,0.0485,0.1225,0.14,0.15,0.141,0.19,0.47
02-06-2026 09:00,1770368400,0.0485,0.122,0.145,0.155,0.141,0.19,0.455
02-06-2026 10:00,1770372000,0.046,0.118,0.15,0.165,0.141,0.195,0.47
02-06-2026 11:00,1770375600,0.0845,0.114,0.135,0.16,0.1365,0.185,0.46
02-06-2026 12:00,1770379200,0.065,0.1025,0.145,0.16,0.132,0.19,0.465
02-06-2026 13:00,1770382800,0.05,0.0935,0.135,0.16,0.1275,0.18,0.46
02-06-2026 14:00,1770386400,0.0555,0.095,0.125,0.16,0.13,0.175,0.465
02-06-2026 15:00,1770390000,0.044,0.0985,0.14,0.16,0.122,0.18,0.455
02-06-2026 16:00,1770393600,0.0655,0.134,0.14,0.165,0.1225,0.19,0.455
02-06-2026 17:00,1770397200,0.0735,0.1275,0.14,0.16,0.1225,0.19,0.45
02-06-2026 18:00,1770400800,0.051,0.117,0.14,0.16,0.1225,0.185,0.455
02-06-2026 19:00,1770404400,0.0485,0.1215,0.145,0.165,0.1225,0.19,0.45
02-06-2026 20:00,1770408000,0.0785,0.12,0.15,0.16,0.1225,0.19,0.445
02-06-2026 21:00,1770411600,0.065,0.1225,0.16,0.165,0.1225,0.195,0.425
02-06-2026 22:00,1770415200,0.0495,0.122,0.15,0.165,0.1455,0.21,0.415
02-06-2026 23:00,1770418800,0.0755,0.122,0.15,0.165,0.157,0.21,0.415
02-07-2026 00:00,1770422400,0.077,0.122,0.16,0.165,0.162,0.2,0.415
02-07-2026 02:00,1770429600,0.0745,0.1185,0.15,0.165,0.1485,0.2,0.42
02-07-2026 03:00,1770433200,0.0635,0.147,0.155,0.165,0.144,0.21,0.415
02-07-2026 04:00,1770436800,0.059,0.137,0.155,0.165,0.15,0.21,0.43
02-07-2026 05:00,1770440400,0.06,0.132,0.16,0.165,0.148,0.21,0.41
02-07-2026 06:00,1770444000,0.0605,0.1335,0.155,0.165,0.147,0.21,0.415
02-07-2026 07:00,1770447600,0.0605,0.1305,0.155,0.165,0.147,0.21,0.41
02-07-2026 08:00,1770451200,0.0605,0.128,0.16,0.165,0.151,0.21,0.415
02-07-2026 09:00,1770454800,0.0605,0.1255,0.155,0.165,0.1455,0.2,0.415
02-07-2026 10:00,1770458400,0.06,0.1255,0.16,0.165,0.1535,0.2,0.41
02-07-2026 11:00,1770462000,0.0595,0.126,0.16,0.165,0.1505,0.2,0.405
02-07-2026 12:00,1770465600,0.0595,0.127,0.16,0.165,0.15,0.21,0.415
02-07-2026 13:00,1770469200,0.0595,0.127,0.16,0.165,0.1485,0.21,0.41
02-07-2026 14:00,1770472800,0.0595,0.127,0.16,0.165,0.153,0.21,0.42
02-07-2026 15:00,1770476400,0.06,0.127,0.16,0.165,0.15,0.21,0.41
02-07-2026 16:00,1770480000,0.06,0.127,0.16,0.165,0.1515,0.2,0.415
02-07-2026 17:00,1770483600,0.06,0.127,0.16,0.165,0.15,0.205,0.415
02-07-2026 18:00,1770487200,0.0605,0.125,0.16,0.165,0.15,0.205,0.415
02-07-2026 19:00,1770490800,0.0605,0.124,0.16,0.165,0.1535,0.205,0.415
02-07-2026 20:00,1770494400,0.06,0.124,0.16,0.165,0.152,0.2,0.415
02-07-2026 21:00,1770498000,0.06,0.1245,0.16,0.165,0.152,0.21,0.42
02-07-2026 22:00,1770501600,0.061,0.1225,0.155,0.165,0.1485,0.2,0.41
02-07-2026 23:00,1770505200,0.0595,0.123,0.155,0.165,0.148,0.205,0.415
02-08-2026 00:00,1770508800,0.059,0.1245,0.16,0.165,0.147,0.2,0.415
02-08-2026 01:00,1770512400,0.0605,0.1245,0.16,0.165,0.1465,0.2,0.415
02-08-2026 02:00,1770516000,0.0605,0.1245,0.16,0.165,0.149,0.2,0.415
02-08-2026 03:00,1770519600,0.06,0.1245,0.16,0.165,0.149,0.2,0.425
02-08-2026 04:00,1770523200,0.061,0.124,0.16,0.165,0.153,0.2,0.425
02-08-2026 05:00,1770526800,0.0605,0.1235,0.16,0.165,0.1515,0.205,0.415
02-08-2026 06:00,1770530400,0.061,0.1235,0.16,0.165,0.1495,0.205,0.415
02-08-2026 07:00,1770534000,0.061,0.1235,0.16,0.165,0.1495,0.205,0.415
02-08-2026 08:00,1770537600,0.06,0.1235,0.16,0.165,0.1495,0.205,0.415
02-08-2026 09:00,1770541200,0.0605,0.1235,0.145,0.165,0.1535,0.205,0.415
02-08-2026 10:00,1770544800,0.061,0.1235,0.145,0.165,0.1485,0.205,0.415
02-08-2026 11:00,1770548400,0.0605,0.121,0.14,0.165,0.154,0.205,0.415
02-08-2026 12:00,1770552000,0.059,0.125,0.14,0.165,0.1525,0.2,0.415
02-08-2026 13:00,1770555600,0.0615,0.1235,0.14,0.16,0.1485,0.2,0.415
02-08-2026 14:00,1770559200,0.061,0.122,0.14,0.165,0.146,0.205,0.42
02-08-2026 15:00,1770562800,0.06,0.1235,0.14,0.165,0.147,0.2,0.415
02-08-2026 16:00,1770566400,0.0615,0.1235,0.135,0.17,0.1465,0.205,0.415
02-08-2026 17:00,1770570000,0.0605,0.122,0.135,0.165,0.1345,0.195,0.415
02-08-2026 18:00,1770573600,0.089,0.123,0.14,0.17,0.176,0.2,0.415
02-08-2026 19:00,1770577200,0.0845,0.119,0.15,0.17,0.1485,0.195,0.415
02-08-2026 20:00,1770580800,0.0855,0.118,0.15,0.165,0.1455,0.185,0.415
02-08-2026 21:00,1770584400,0.08,0.1175,0.14,0.17,0.157,0.2,0.415
02-08-2026 22:00,1770588000,0.081,0.118,0.155,0.17,0.163,0.2,0.395
02-08-2026 23:00,1770591600,0.081,0.117,0.16,0.17,0.196,0.2,0.405
02-09-2026 00:00,1770595200,0.086,0.1175,0.16,0.17,0.172,0.2,0.405
02-09-2026 01:00,1770598800,0.095,0.1405,0.16,0.17,0.1635,0.2,0.405
02-09-2026 02:00,1770602400,0.086,0.137,0.155,0.17,0.155,0.215,0.405
02-09-2026 03:00,1770606000,0.091,0.1325,0.16,0.17,0.151,0.21,0.405
02-09-2026 04:00,1770609600,0.0925,0.129,0.16,0.17,0.1515,0.21,0.405
02-09-2026 05:00,1770613200,0.0935,0.1445,0.16,0.17,0.151,0.21,0.405
02-09-2026 06:00,1770616800,0.0935,0.1405,0.16,0.17,0.1605,0.21,0.405
02-09-2026 07:00,1770620400,0.0905,0.1465,0.16,0.17,0.1535,0.21,0.405
02-09-2026 08:00,1770624000,0.095,0.1465,0.16,0.17,0.1515,0.21,0.405
02-09-2026 09:00,1770627600,0.095,0.1405,0.16,0.17,0.156,0.21,0.41
02-09-2026 10:00,1770631200,0.094,0.138,0.16,0.17,0.1615,0.21,0.41
02-09-2026 11:00,1770634800,0.093,0.136,0.16,0.17,0.151,0.21,0.41
02-09-2026 12:00,1770638400,0.0875,0.128,0.16,0.17,0.1465,0.21,0.41
02-09-2026 13:00,1770642000,0.0905,0.121,0.16,0.17,0.15,0.21,0.405
02-09-2026 14:00,1770645600,0.0945,0.1225,0.16,0.17,0.1445,0.21,0.405
02-09-2026 15:00,1770649200,0.089,0.1235,0.16,0.17,0.1445,0.21,0.405
02-09-2026 16:00,1770652800,0.088,0.123,0.16,0.17,0.1495,0.21,0.405
02-09-2026 17:00,1770656400,0.0955,0.1335,0.16,0.17,0.1455,0.205,0.41
02-09-2026 18:00,1770660000,0.0915,0.1305,0.16,0.17,0.1475,0.21,0.405
02-09-2026 19:00,1770663600,0.0955,0.1335,0.16,0.17,0.146,0.21,0.4
02-09-2026 20:00,1770667200,0.0935,0.132,0.16,0.17,0.146,0.21,0.4
02-09-2026 21:00,1770670800,0.092,0.128,0.16,0.17,0.1455,0.21,0.4
02-09-2026 22:00,1770674400,0.0875,0.121,0.16,0.17,0.146,0.21,0.4
02-09-2026 23:00,1770678000,0.0935,0.119,0.16,0.17,0.153,0.21,0.405
02-10-2026 00:00,1770681600,0.0925,0.127,0.155,0.17,0.1585,0.21,0.405
02-10-2026 01:00,1770685200,0.0915,0.16,0.165,0.17,0.174,0.215,0.405
02-10-2026 02:00,1770688800,0.094,0.1495,0.155,0.17,0.167,0.22,0.405
02-10-2026 03:00,1770692400,0.0935,0.149,0.15,0.17,0.166,0.215,0.4
02-10-2026 04:00,1770696000,0.0915,0.1485,0.155,0.165,0.162,0.21,0.405
02-10-2026 05:00,1770699600,0.0925,0.1505,0.155,0.165,0.1685,0.215,0.405
02-10-2026 06:00,1770703200,0.0925,0.1495,0.155,0.18,0.1715,0.21,0.405
02-10-2026 07:00,1770706800,0.0915,0.1505,0.155,0.165,0.172,0.22,0.405
02-10-2026 08:00,1770710400,0.0935,0.148,0.15,0.165,0.164,0.215,0.405
02-10-2026 09:00,1770714000,0.0925,0.1465,0.15,0.165,0.169,0.21,0.405
02-10-2026 10:00,1770717600,0.09,0.1445,0.155,0.17,0.165,0.215,0.395
02-10-2026 11:00,1770721200,0.0945,0.1405,0.15,0.17,0.1565,0.205,0.405
02-10-2026 12:00,1770724800,0.094,0.1215,0.155,0.17,0.1505,0.205,0.405
02-10-2026 13:00,1770728400,0.095,0.1235,0.145,0.17,0.164,0.205,0.4
02-10-2026 14:00,1770732000,0.0935,0.14,0.145,0.17,0.1595,0.21,0.4
02-10-2026 15:00,1770735600,0.0635,0.121,0.15,0.17,0.159,0.21,0.405
02-10-2026 16:00,1770739200,0.0925,0.135,0.15,0.17,0.163,0.21,0.4
02-10-2026 17:00,1770742800,0.0915,0.1305,0.155,0.17,0.1785,0.23,0.4
02-10-2026 18:00,1770746400,0.089,0.1355,0.15,0.17,0.1615,0.235,0.39
02-10-2026 19:00,1770750000,0.094,0.1305,0.145,0.17,0.1595,0.23,0.4
02-10-2026 20:00,1770753600,0.0905,0.132,0.15,0.17,0.165,0.235,0.385
02-10-2026 21:00,1770757200,0.0895,0.1315,0.15,0.17,0.1635,0.235,0.4
02-10-2026 22:00,1770760800,0.094,0.1275,0.15,0.17,0.16,0.235,0.4
02-10-2026 23:00,1770764400,0.089,0.1235,0.145,0.17,0.159,0.23,0.4
02-11-2026 00:00,1770768000,0.088,0.127,0.145,0.17,0.159,0.23,0.4
02-11-2026 01:00,1770771600,0.088,0.127,0.155,0.17,0.154,0.225,0.4
02-11-2026 02:00,1770775200,0.0915,0.122,0.15,0.17,0.154,0.235,0.41
02-11-2026 03:00,1770778800,0.0875,0.122,0.155,0.17,0.159,0.24,0.41
02-11-2026 04:00,1770782400,0.089,0.121,0.15,0.165,0.154,0.23,0.4
02-11-2026 05:00,1770786000,0.0945,0.121,0.15,0.165,0.164,0.23,0.4
02-11-2026 06:00,1770789600,0.0945,0.121,0.155,0.165,0.164,0.225,0.4
02-11-2026 07:00,1770793200,0.0945,0.121,0.155,0.165,0.164,0.225,0.405
02-11-2026 08:00,1770796800,0.0945,0.121,0.16,0.165,0.1635,0.225,0.4
02-11-2026 09:00,1770800400,0.1,0.121,0.16,0.205,0.1575,0.225,0.4
02-11-2026 10:00,1770804000,0.096,0.1205,0.16,0.195,0.157,0.225,0.405
02-11-2026 11:00,1770807600,0.0975,0.119,0.16,0.2,0.149,0.23,0.405
02-11-2026 12:00,1770811200,0.097,0.119,0.16,0.2,0.149,0.23,0.405
02-11-2026 13:00,1770814800,0.0905,0.115,0.155,0.19,0.151,0.22,0.405
02-11-2026 14:00,1770818400,0.1055,0.11,0.15,0.19,0.145,0.225,0.405
02-11-2026 15:00,1770822000,0.1105,0.11,0.15,0.185,0.148,0.225,0.41
02-11-2026 16:00,1770825600,0.1115,0.11,0.145,0.185,0.1375,0.225,0.41
02-11-2026 17:00,1770829200,0.089,0.109,0.145,0.19,0.1355,0.22,0.405
02-11-2026 18:00,1770832800,0.0875,0.1075,0.15,0.2,0.14,0.245,0.405
02-11-2026 19:00,1770836400,0.089,0.107,0.145,0.19,0.14,0.24,0.415
02-11-2026 20:00,1770840000,0.0835,0.107,0.15,0.19,0.146,0.235,0.415
02-11-2026 21:00,1770843600,0.0825,0.1065,0.15,0.19,0.1435,0.235,0.4
02-11-2026 22:00,1770847200,0.087,0.1085,0.145,0.19,0.1465,0.24,0.4
02-11-2026 23:00,1770850800,0.0885,0.107,0.15,0.205,0.1425,0.245,0.405
02-12-2026 00:00,1770854400,0.089,0.1065,0.14,0.195,0.143,0.235,0.405
02-12-2026 01:00,1770858000,0.089,0.1055,0.145,0.195,0.14,0.235,0.415
02-12-2026 02:00,1770861600,0.088,0.106,0.15,0.2,0.143,0.235,0.415
02-12-2026 03:00,1770865200,0.088,0.104,0.15,0.21,0.142,0.245,0.4
02-12-2026 04:00,1770868800,0.087,0.109,0.145,0.205,0.144,0.235,0.4
02-12-2026 05:00,1770872400,0.089,0.109,0.15,0.205,0.1445,0.24,0.4
02-12-2026 06:00,1770876000,0.0875,0.109,0.145,0.205,0.1475,0.24,0.4
02-12-2026 07:00,1770879600,0.089,0.109,0.145,0.205,0.1425,0.235,0.4
02-12-2026 08:00,1770883200,0.088,0.1095,0.145,0.205,0.145,0.24,0.395
02-12-2026 09:00,1770886800,0.089,0.1105,0.145,0.205,0.1425,0.24,0.405
02-12-2026 10:00,1770890400,0.087,0.109,0.145,0.2,0.141,0.24,0.39
02-12-2026 11:00,1770894000,0.086,0.109,0.14,0.215,0.1425,0.24,0.38
02-12-2026 12:00,1770897600,0.086,0.109,0.145,0.215,0.142,0.23,0.38
02-12-2026 13:00,1770901200,0.087,0.109,0.145,0.21,0.143,0.24,0.395
02-12-2026 14:00,1770904800,0.0875,0.133,0.145,0.21,0.1675,0.235,0.4
02-12-2026 15:00,1770908400,0.0865,0.1265,0.15,0.2,0.1635,0.235,0.4
02-12-2026 16:00,1770912000,0.0865,0.1175,0.145,0.195,0.1615,0.235,0.395
02-12-2026 17:00,1770915600,0.0855,0.117,0.145,0.195,0.1515,0.245,0.395
02-12-2026 18:00,1770919200,0.087,0.1175,0.145,0.195,0.155,0.235,0.385
02-12-2026 19:00,1770922800,0.0865,0.1175,0.15,0.19,0.153,0.235,0.395
02-12-2026 20:00,1770926400,0.086,0.1175,0.145,0.195,0.16,0.235,0.4
02-12-2026 21:00,1770930000,0.086,0.117,0.145,0.195,0.1535,0.235,0.38
02-12-2026 22:00,1770933600,0.0855,0.117,0.15,0.21,0.157,0.235,0.38
02-12-2026 23:00,1770937200,0.086,0.112,0.145,0.195,0.153,0.235,0.38
02-13-2026 00:00,1770940800,0.0865,0.117,0.145,0.195,0.159,0.235,0.38
02-13-2026 01:00,1770944400,0.086,0.109,0.145,0.195,0.1565,0.22,0.385
02-13-2026 02:00,1770948000,0.0865,0.107,0.145,0.195,0.157,0.23,0.385
02-13-2026 03:00,1770951600,0.086,0.107,0.145,0.195,0.1605,0.23,0.385
02-13-2026 04:00,1770955200,0.0865,0.107,0.14,0.21,0.1565,0.23,0.385
02-13-2026 05:00,1770958800,0.0865,0.107,0.145,0.21,0.158,0.23,0.385
02-13-2026 06:00,1770962400,0.085,0.109,0.145,0.195,0.155,0.225,0.375
02-13-2026 07:00,1770966000,0.0815,0.104,0.14,0.175,0.1415,0.215,0.375
02-13-2026 08:00,1770969600,0.084,0.128,0.12,0.17,0.1215,0.205,0.375
02-13-2026 09:00,1770973200,0.086,0.134,0.125,0.17,0.1225,0.205,0.375
02-13-2026 10:00,1770976800,0.0855,0.144,0.125,0.17,0.124,0.205,0.37
02-13-2026 11:00,1770980400,0.091,0.1365,0.135,0.16,0.124,0.205,0.37
02-13-2026 12:00,1770984000,0.0985,0.129,0.125,0.145,0.1165,0.195,0.37
02-13-2026 13:00,1770987600,0.104,0.11,0.125,0.14,0.1155,0.17,0.365
02-13-2026 14:00,1770991200,0.1085,0.114,0.125,0.14,0.119,0.14,0.37
02-13-2026 15:00,1770994800,0.111,0.1105,0.115,0.135,0.116,0.14,0.37
02-13-2026 16:00,1770998400,0.1115,0.1095,0.115,0.125,0.112,0.125,0.37
02-13-2026 17:00,1771002000,0.1025,0.075,0.115,0.125,0.1125,0.125,0.37
02-13-2026 18:00,1771005600,0.0635,0.075,0.115,0.125,0.112,0.15,0.37
02-13-2026 19:00,1771009200,0.071,0.0755,0.11,0.125,0.111,0.155,0.385
02-13-2026 20:00,1771012800,0.066,0.075,0.11,0.125,0.111,0.155,0.37
02-13-2026 21:00,1771016400,0.067,0.0805,0.105,0.125,0.1105,0.22,0.35
02-13-2026 22:00,1771020000,0.073,0.0805,0.105,0.125,0.1105,0.215,0.39
02-13-2026 23:00,1771023600,0.067,0.0805,0.105,0.125,0.1105,0.205,0.385
02-14-2026 00:00,1771027200,0.073,0.0805,0.105,0.125,0.1105,0.2,0.385
02-14-2026 01:00,1771030800,0.0545,0.0785,0.105,0.125,0.111,0.205,0.395
02-14-2026 02:00,1771034400,0.0685,0.0775,0.105,0.125,0.1095,0.22,0.36
02-14-2026 03:00,1771038000,0.069,0.0775,0.085,0.125,0.1095,0.215,0.345
02-14-2026 04:00,1771041600,0.066,0.077,0.075,0.125,0.0915,0.22,0.355
02-14-2026 05:00,1771045200,0.117,0.076,0.075,0.125,0.0915,0.215,0.365
02-14-2026 06:00,1771048800,0.112,0.0765,0.075,0.125,0.0915,0.21,0.34
02-14-2026 07:00,1771052400,0.1075,0.076,0.075,0.125,0.0915,0.23,0.355
02-14-2026 08:00,1771056000,0.1075,0.0755,0.075,0.125,0.0915,0.215,0.38
02-14-2026 09:00,1771059600,0.107,0.0755,0.075,0.125,0.0915,0.205,0.37
02-14-2026 10:00,1771063200,0.1155,0.0745,0.075,0.125,0.0915,0.2,0.365
02-14-2026 11:00,1771066800,0.114,0.077,0.07,0.125,0.0865,0.22,0.295
02-14-2026 12:00,1771070400,0.1145,0.075,0.07,0.255,0.086,0.24,0.345
02-14-2026 13:00,1771074000,0.113,0.075,0.07,0.26,0.0865,0.23,0.365
02-14-2026 14:00,1771077600,0.111,0.072,0.07,0.25,0.0865,0.23,0.35
02-14-2026 15:00,1771081200,0.109,0.072,0.07,0.26,0.0865,0.22,0.325
02-14-2026 16:00,1771084800,0.108,0.072,0.07,0.27,0.0865,0.22,0.355
02-14-2026 17:00,1771088400,0.1175,0.0715,0.07,0.305,0.0865,0.245,0.365
02-14-2026 18:00,1771092000,0.1175,0.0715,0.07,0.25,0.0865,0.22,0.33
02-14-2026 19:00,1771095600,0.1175,0.0715,0.07,0.21,0.233,0.29,0.335
02-14-2026 21:00,1771102800,0.1175,0.0715,0.07,0.205,0.2285,0.255,0.385
02-14-2026 22:00,1771106400,0.1175,0.0715,0.07,0.185,0.2235,0.235,0.385
02-14-2026 23:00,1771110000,0.117,0.0715,0.07,0.25,0.222,0.225,0.3
02-15-2026 00:00,1771113600,0.1075,0.07,0.065,0.365,0.1895,0.215,0.275
02-15-2026 01:00,1771117200,0.104,0.0705,0.065,0.365,0.1665,0.22,0.26
02-15-2026 02:00,1771120800,0.0995,0.0705,0.065,0.365,0.154,0.22,0.265
02-15-2026 03:00,1771124400,0.0985,0.0705,0.065,0.365,0.1495,0.23,0.255
02-15-2026 04:00,1771128000,0.0965,0.07,0.06,0.36,0.1475,0.2,0.285
02-15-2026 05:00,1771131600,0.0945,0.07,0.06,0.36,0.145,0.185,0.28
02-15-2026 06:00,1771135200,0.0895,0.068,0.06,0.355,0.14,0.19,0.245
02-15-2026 07:00,1771138800,0.089,0.068,0.06,0.335,0.1395,0.19,0.285
02-15-2026 08:00,1771142400,0.0855,0.0665,0.06,0.36,0.1385,0.215,0.27
02-15-2026 09:00,1771146000,0.0845,0.0645,0.06,0.32,0.1385,0.21,0.285
02-15-2026 10:00,1771149600,0.0825,0.065,0.06,0.375,0.1385,0.225,0.245
02-15-2026 11:00,1771153200,0.081,0.0655,0.06,0.305,0.1385,0.245,0.255
02-15-2026 12:00,1771156800,0.081,0.0655,0.06,0.385,0.1365,0.22,0.27
02-15-2026 13:00,1771160400,0.079,0.0655,0.06,0.355,0.135,0.225,0.26
02-15-2026 14:00,1771164000,0.079,0.0645,0.06,0.4,0.1355,0.23,0.265
02-15-2026 15:00,1771167600,0.079,0.0615,0.06,0.385,0.134,0.205,0.27
02-15-2026 16:00,1771171200,0.079,0.0615,0.06,0.38,0.133,0.2,0.27
02-15-2026 17:00,1771174800,0.079,0.0835,0.06,0.395,0.121,0.2,0.265
02-15-2026 18:00,1771178400,0.075,0.124,0.06,0.38,0.1185,0.2,0.265
02-15-2026 19:00,1771182000,0.0735,0.156,0.06,0.385,0.121,0.205,0.265
02-15-2026 20:00,1771185600,0.0705,0.1295,0.06,0.4,0.1195,0.185,0.265
02-15-2026 21:00,1771189200,0.0675,0.124,0.06,0.395,0.1185,0.19,0.265
02-15-2026 22:00,1771192800,0.0665,0.1275,0.06,0.395,0.118,0.195,0.27
02-15-2026 23:00,1771196400,0.064,0.0975,0.06,0.39,0.121,0.2,0.27
02-16-2026 00:00,1771200000,0.0585,0.121,0.06,0.355,0.1185,0.2,0.27
02-16-2026 01:00,1771203600,0.0535,0.0955,0.06,0.355,0.1255,0.215,0.27
02-16-2026 02:00,1771207200,0.0535,0.0955,0.06,0.37,0.118,0.215,0.275
02-16-2026 03:00,1771210800,0.0535,0.1265,0.06,0.365,0.1185,0.21,0.27
02-16-2026 04:00,1771214400,0.054,0.117,0.06,0.355,0.107,0.2,0.27
02-16-2026 05:00,1771218000,0.053,0.093,0.06,0.35,0.106,0.16,0.355
02-16-2026 06:00,1771221600,0.0525,0.087,0.06,0.335,0.0955,0.15,0.325
02-16-2026 07:00,1771225200,0.046,0.102,0.06,0.335,0.0725,0.18,0.295
02-16-2026 08:00,1771228800,0.0415,0.083,0.06,0.365,0.071,0.17,0.335
02-16-2026 09:00,1771232400,0.0395,0.106,0.06,0.37,0.071,0.17,0.305
02-16-2026 10:00,1771236000,0.0395,0.106,0.06,0.365,0.0695,0.185,0.315
02-16-2026 11:00,1771239600,0.0395,0.106,0.06,0.39,0.0695,0.185,0.325
02-16-2026 12:00,1771243200,0.0395,0.106,0.06,0.39,0.0695,0.185,0.335
02-16-2026 13:00,1771246800,0.0395,0.1055,0.06,0.395,0.0695,0.19,0.33
02-16-2026 14:00,1771250400,0.0395,0.106,0.065,0.4,0.0695,0.195,0.315
02-16-2026 15:00,1771254000,0.0395,0.101,0.06,0.375,0.0695,0.195,0.3
02-16-2026 16:00,1771257600,0.0395,0.065,0.05,0.4,0.0635,0.145,0.31
02-16-2026 17:00,1771261200,0.0395,0.0645,0.06,0.4,0.0635,0.18,0.305
02-16-2026 18:00,1771264800,0.0395,0.0645,0.06,0.4,0.0635,0.18,0.305
02-16-2026 19:00,1771268400,0.039,0.062,0.05,0.395,0.0625,0.2,0.315
02-16-2026 20:00,1771272000,0.039,0.061,0.045,0.405,0.061,0.195,0.34
02-16-2026 21:00,1771275600,0.039,0.104,0.045,0.39,0.06,0.185,0.34
02-16-2026 22:00,1771279200,0.039,0.101,0.045,0.39,0.0585,0.175,0.36
02-16-2026 23:00,1771282800,0.039,0.1,0.045,0.385,0.0585,0.18,0.365
02-17-2026 00:00,1771286400,0.039,0.1,0.045,0.38,0.0585,0.17,0.365
02-17-2026 01:00,1771290000,0.039,0.0985,0.045,0.38,0.0585,0.17,0.365
02-17-2026 02:00,1771293600,0.039,0.0985,0.045,0.375,0.143,0.165,0.365
02-17-2026 03:00,1771297200,0.039,0.097,0.045,0.37,0.149,0.16,0.365
02-17-2026 04:00,1771300800,0.085,0.095,0.045,0.38,0.1415,0.145,0.355
02-17-2026 05:00,1771304400,0.084,0.094,0.045,0.375,0.139,0.145,0.355
02-17-2026 06:00,1771308000,0.0835,0.094,0.045,0.375,0.1375,0.145,0.36
02-17-2026 07:00,1771311600,0.0825,0.0925,0.045,0.365,0.129,0.15,0.36
02-17-2026 08:00,1771315200,0.0785,0.089,0.045,0.375,0.1285,0.145,0.365
02-17-2026 09:00,1771318800,0.076,0.0885,0.045,0.36,0.144,0.145,0.365
02-17-2026 10:00,1771322400,0.065,0.0745,0.065,0.34,0.1345,0.14,0.365
02-17-2026 11:00,1771326000,0.0625,0.068,0.065,0.355,0.1345,0.14,0.34
02-17-2026 12:00,1771329600,0.06,0.068,0.065,0.36,0.1345,0.14,0.335
02-17-2026 13:00,1771333200,0.062,0.0655,0.065,0.37,0.141,0.135,0.31
02-17-2026 14:00,1771336800,0.062,0.0655,0.065,0.365,0.1255,0.14,0.335
02-17-2026 15:00,1771340400,0.062,0.0655,0.065,0.375,0.1415,0.14,0.295
02-17-2026 16:00,1771344000,0.062,0.0655,0.065,0.375,0.141,0.14,0.325
02-17-2026 17:00,1771347600,0.069,0.0655,0.065,0.37,0.131,0.135,0.33
02-17-2026 18:00,1771351200,0.069,0.0655,0.065,0.375,0.131,0.135,0.32
02-17-2026 19:00,1771354800,0.0685,0.065,0.065,0.375,0.1305,0.125,0.34
02-17-2026 20:00,1771358400,0.067,0.0655,0.065,0.355,0.1215,0.125,0.375
02-17-2026 21:00,1771362000,0.063,0.0655,0.065,0.345,0.1135,0.125,0.375
02-17-2026 22:00,1771365600,0.059,0.066,0.065,0.34,0.111,0.13,0.375
02-17-2026 23:00,1771369200,0.0575,0.066,0.065,0.345,0.1075,0.125,0.375
02-18-2026 00:00,1771372800,0.056,0.066,0.065,0.345,0.104,0.125,0.375
02-18-2026 01:00,1771376400,0.0545,0.066,0.065,0.345,0.103,0.125,0.375
02-18-2026 02:00,1771380000,0.054,0.0655,0.065,0.345,0.103,0.125,0.375
02-18-2026 03:00,1771383600,0.053,0.066,0.065,0.345,0.103,0.125,0.375
02-18-2026 04:00,1771387200,0.053,0.065,0.065,0.34,0.1025,0.12,0.375
02-18-2026 05:00,1771390800,0.053,0.065,0.065,0.345,0.103,0.12,0.375
02-18-2026 06:00,1771394400,0.053,0.065,0.065,0.35,0.1025,0.12,0.375
02-18-2026 07:00,1771398000,0.053,0.065,0.065,0.345,0.1025,0.12,0.375
02-18-2026 08:00,1771401600,0.053,0.0645,0.065,0.345,0.1025,0.12,0.375
02-18-2026 09:00,1771405200,0.053,0.065,0.065,0.355,0.1025,0.12,0.375
02-18-2026 10:00,1771408800,0.053,0.065,0.065,0.35,0.1025,0.115,0.375
02-18-2026 11:00,1771412400,0.053,0.065,0.065,0.345,0.118,0.115,0.375
02-18-2026 12:00,1771416000,0.053,0.065,0.065,0.36,0.1165,0.115,0.38
02-18-2026 13:00,1771419600,0.053,0.065,0.065,0.35,0.1165,0.115,0.38
02-18-2026 14:00,1771423200,0.053,0.065,0.065,0.345,0.113,0.125,0.38
02-18-2026 15:00,1771426800,0.0515,0.065,0.07,0.33,0.1095,0.125,0.38
02-18-2026 16:00,1771430400,0.0505,0.065,0.08,0.33,0.106,0.135,0.38
02-18-2026 17:00,1771434000,0.0485,0.065,0.075,0.32,0.103,0.135,0.38
02-18-2026 18:00,1771437600,0.0465,0.065,0.075,0.33,0.1025,0.135,0.38
02-18-2026 19:00,1771441200,0.0455,0.0645,0.075,0.33,0.098,0.14,0.38
02-18-2026 20:00,1771444800,0.045,0.0645,0.065,0.325,0.1005,0.14,0.38
02-18-2026 21:00,1771448400,0.044,0.064,0.06,0.335,0.0945,0.14,0.38
02-18-2026 22:00,1771452000,0.044,0.064,0.06,0.335,0.1,0.14,0.38
02-18-2026 23:00,1771455600,0.0435,0.0635,0.06,0.33,0.101,0.135,0.38
02-19-2026 00:00,1771459200,0.0435,0.0635,0.06,0.33,0.101,0.135,0.38
02-19-2026 01:00,1771462800,0.0435,0.0635,0.06,0.33,0.101,0.135,0.38
02-19-2026 02:00,1771466400,0.0435,0.0635,0.06,0.33,0.101,0.135,0.38
02-19-2026 03:00,1771470000,0.047,0.0635,0.06,0.33,0.101,0.135,0.38
02-19-2026 04:00,1771473600,0.047,0.064,0.06,0.33,0.1,0.145,0.38
02-19-2026 05:00,1771477200,0.046,0.062,0.06,0.33,0.116,0.145,0.38
02-19-2026 06:00,1771480800,0.045,0.062,0.065,0.325,0.121,0.145,0.38
02-19-2026 07:00,1771484400,0.05,0.0605,0.065,0.35,0.111,0.115,0.38
02-19-2026 08:00,1771488000,0.0435,0.0565,0.065,0.32,0.1575,0.105,0.38
02-19-2026 09:00,1771491600,0.0405,0.052,0.065,0.335,0.1165,0.105,0.38
02-19-2026 10:00,1771495200,0.044,0.0635,0.065,0.33,0.12,0.12,0.38
02-19-2026 11:00,1771498800,0.0455,0.0635,0.065,0.33,0.1075,0.125,0.38
02-19-2026 12:00,1771502400,0.0455,0.0635,0.065,0.305,0.103,0.125,0.38
02-19-2026 13:00,1771506000,0.0495,0.067,0.075,0.2,0.1065,0.115,0.37
02-19-2026 14:00,1771509600,0.0485,0.066,0.065,0.185,0.1295,0.105,0.36
02-19-2026 15:00,1771513200,0.0485,0.066,0.065,0.185,0.1295,0.105,0.36
02-19-2026 16:00,1771516800,0.0485,0.066,0.065,0.19,0.1305,0.105,0.33
02-19-2026 17:00,1771520400,0.0485,0.066,0.065,0.19,0.1305,0.105,0.325
02-19-2026 18:00,1771524000,0.0485,0.066,0.065,0.25,0.1305,0.105,0.345
02-19-2026 19:00,1771527600,0.049,0.066,0.065,0.235,0.1335,0.105,0.33
02-19-2026 20:00,1771531200,0.049,0.066,0.105,0.215,0.1305,0.18,0.325
02-19-2026 21:00,1771534800,0.049,0.066,0.105,0.185,0.134,0.165,0.325
02-19-2026 22:00,1771538400,0.049,0.066,0.105,0.2,0.1345,0.16,0.34
02-19-2026 23:00,1771542000,0.049,0.066,0.1,0.21,0.133,0.175,0.335
02-20-2026 00:00,1771545600,0.049,0.066,0.095,0.195,0.1255,0.19,0.345
02-20-2026 01:00,1771549200,0.049,0.066,0.085,0.205,0.1255,0.19,0.33
02-20-2026 02:00,1771552800,0.049,0.0665,0.105,0.21,0.0945,0.195,0.3
02-20-2026 03:00,1771556400,0.0895,0.115,0.1,0.19,0.074,0.17,0.305
02-20-2026 04:00,1771560000,0.087,0.143,0.09,0.2,0.072,0.16,0.345
02-20-2026 05:00,1771563600,0.0815,0.128,0.115,0.205,0.0725,0.145,0.315
02-20-2026 06:00,1771567200,0.0845,0.121,0.11,0.205,0.0725,0.145,0.33
02-20-2026 07:00,1771570800,0.083,0.1185,0.11,0.185,0.0725,0.145,0.345
02-20-2026 08:00,1771574400,0.082,0.116,0.11,0.205,0.0725,0.15,0.325
02-20-2026 09:00,1771578000,0.1005,0.1595,0.11,0.185,0.114,0.17,0.315
02-20-2026 10:00,1771581600,0.1155,0.153,0.115,0.215,0.114,0.2,0.315
02-20-2026 11:00,1771585200,0.115,0.169,0.115,0.21,0.1135,0.175,0.31
02-20-2026 12:00,1771588800,0.1145,0.1535,0.115,0.215,0.1135,0.15,0.315
02-20-2026 13:00,1771592400,0.114,0.1465,0.095,0.215,0.1135,0.14,0.32
02-20-2026 14:00,1771596000,0.114,0.1535,0.085,0.21,0.1135,0.17,0.32
02-20-2026 15:00,1771599600,0.0865,0.139,0.105,0.195,0.1135,0.2,0.33
02-20-2026 16:00,1771603200,0.08,0.1085,0.11,0.2,0.157,0.195,0.365
02-20-2026 17:00,1771606800,0.0755,0.1005,0.11,0.23,0.149,0.2,0.385
02-20-2026 18:00,1771610400,0.075,0.112,0.11,0.22,0.1445,0.2,0.39
02-20-2026 19:00,1771614000,0.0675,0.096,0.12,0.235,0.1165,0.21,0.37
02-20-2026 20:00,1771617600,0.055,0.0815,0.11,0.22,0.105,0.235,0.37
02-20-2026 21:00,1771621200,0.051,0.078,0.105,0.215,0.099,0.255,0.37
02-20-2026 22:00,1771624800,0.049,0.0725,0.105,0.19,0.0975,0.225,0.37
02-20-2026 23:00,1771628400,0.05,0.0725,0.11,0.185,0.098,0.24,0.37
02-21-2026 00:00,1771632000,0.0445,0.0695,0.11,0.18,0.092,0.215,0.37
02-21-2026 01:00,1771635600,0.0435,0.0695,0.11,0.18,0.0915,0.25,0.37
02-21-2026 02:00,1771639200,0.046,0.0695,0.11,0.18,0.0905,0.255,0.37
02-21-2026 03:00,1771642800,0.07,0.0695,0.11,0.19,0.0905,0.225,0.37
02-21-2026 04:00,1771646400,0.034,0.068,0.085,0.17,0.0915,0.26,0.4
02-21-2026 05:00,1771650000,0.0245,0.055,0.085,0.165,0.077,0.26,0.4
02-21-2026 06:00,1771653600,0.0255,0.0515,0.08,0.165,0.0645,0.26,0.415
02-21-2026 07:00,1771657200,0.0285,0.0515,0.08,0.16,0.077,0.26,0.415
02-21-2026 08:00,1771660800,0.047,0.039,0.07,0.125,0.1265,0.26,0.41
02-21-2026 09:00,1771664400,0.0395,0.0385,0.07,0.12,0.1265,0.26,0.41
02-21-2026 10:00,1771668000,0.0385,0.046,0.07,0.12,0.127,0.26,0.41
02-21-2026 11:00,1771671600,0.0385,0.04,0.07,0.12,0.1235,0.26,0.41
02-21-2026 12:00,1771675200,0.037,0.04,0.07,0.12,0.114,0.26,0.41
02-21-2026 13:00,1771678800,0.0365,0.0395,0.07,0.12,0.1275,0.265,0.405
02-21-2026 14:00,1771682400,0.0365,0.0395,0.07,0.12,0.124,0.26,0.41
02-21-2026 15:00,1771686000,0.036,0.0385,0.07,0.115,0.1205,0.26,0.41
02-21-2026 16:00,1771689600,0.036,0.0385,0.07,0.12,0.114,0.26,0.41
02-21-2026 17:00,1771693200,0.0355,0.0385,0.07,0.12,0.1135,0.26,0.41
02-21-2026 18:00,1771696800,0.0355,0.0385,0.07,0.12,0.1105,0.255,0.41
02-21-2026 19:00,1771700400,0.036,0.0385,0.07,0.12,0.1105,0.26,0.405
02-21-2026 20:00,1771704000,0.036,0.0385,0.07,0.12,0.111,0.26,0.41
02-21-2026 21:00,1771707600,0.036,0.0385,0.07,0.12,0.11,0.26,0.41
02-21-2026 22:00,1771711200,0.0365,0.0385,0.07,0.12,0.1125,0.26,0.41
02-21-2026 23:00,1771714800,0.0365,0.0385,0.07,0.12,0.1125,0.26,0.41
02-22-2026 00:00,1771718400,0.036,0.0385,0.07,0.12,0.1125,0.255,0.41
02-22-2026 01:00,1771722000,0.0365,0.0385,0.07,0.12,0.11,0.26,0.41
02-22-2026 02:00,1771725600,0.0365,0.0385,0.07,0.125,0.11,0.255,0.41
02-22-2026 03:00,1771729200,0.0365,0.0385,0.07,0.12,0.1125,0.26,0.41
02-22-2026 04:00,1771732800,0.0435,0.0385,0.07,0.12,0.111,0.255,0.41
02-22-2026 05:00,1771736400,0.039,0.0385,0.07,0.12,0.1105,0.26,0.41
02-22-2026 06:00,1771740000,0.0385,0.0385,0.07,0.125,0.113,0.26,0.41
02-22-2026 07:00,1771743600,0.0395,0.0385,0.07,0.12,0.1105,0.255,0.41
02-22-2026 08:00,1771747200,0.039,0.0385,0.07,0.12,0.1125,0.26,0.41
02-22-2026 09:00,1771750800,0.0375,0.0385,0.07,0.12,0.111,0.255,0.41
02-22-2026 10:00,1771754400,0.0375,0.0385,0.07,0.12,0.1115,0.26,0.41
02-22-2026 11:00,1771758000,0.0375,0.0385,0.07,0.12,0.1115,0.26,0.41
02-22-2026 12:00,1771761600,0.0375,0.0385,0.07,0.12,0.1115,0.255,0.41
02-22-2026 13:00,1771765200,0.036,0.0405,0.07,0.12,0.1135,0.26,0.41
02-22-2026 14:00,1771768800,0.034,0.038,0.07,0.12,0.1135,0.26,0.405
02-22-2026 15:00,1771772400,0.032,0.0315,0.07,0.12,0.145,0.265,0.41
02-22-2026 16:00,1771776000,0.0325,0.0315,0.07,0.12,0.1425,0.26,0.41
02-22-2026 17:00,1771779600,0.037,0.0315,0.07,0.12,0.14,0.26,0.405
02-22-2026 18:00,1771783200,0.043,0.0315,0.07,0.13,0.1215,0.265,0.405
02-22-2026 19:00,1771786800,0.0355,0.0315,0.07,0.125,0.1225,0.27,0.41
02-22-2026 20:00,1771790400,0.0375,0.034,0.07,0.125,0.11,0.26,0.4
02-22-2026 21:00,1771794000,0.0375,0.0345,0.07,0.135,0.111,0.255,0.4
02-22-2026 22:00,1771797600,0.052,0.034,0.07,0.13,0.11,0.265,0.395
02-22-2026 23:00,1771801200,0.0385,0.034,0.07,0.13,0.109,0.255,0.4
02-23-2026 00:00,1771804800,0.0615,0.034,0.07,0.13,0.109,0.255,0.395
02-23-2026 02:00,1771812000,0.045,0.034,0.07,0.125,0.1085,0.265,0.41
02-23-2026 03:00,1771815600,0.039,0.034,0.07,0.125,0.1085,0.265,0.41
02-23-2026 04:00,1771819200,0.0585,0.034,0.07,0.125,0.1075,0.28,0.41
02-23-2026 05:00,1771822800,0.0595,0.034,0.07,0.115,0.1075,0.265,0.41
02-23-2026 06:00,1771826400,0.062,0.034,0.07,0.13,0.1045,0.215,0.415
02-23-2026 07:00,1771830000,0.0625,0.034,0.07,0.125,0.1045,0.22,0.415
02-23-2026 08:00,1771833600,0.065,0.034,0.07,0.14,0.1045,0.215,0.415
02-23-2026 09:00,1771837200,0.065,0.034,0.07,0.125,0.1045,0.22,0.415
02-23-2026 10:00,1771840800,0.0625,0.0335,0.07,0.14,0.1045,0.215,0.42
02-23-2026 11:00,1771844400,0.06,0.0335,0.07,0.13,0.1045,0.23,0.385
02-23-2026 12:00,1771848000,0.06,0.0335,0.07,0.15,0.1045,0.24,0.385
02-23-2026 13:00,1771851600,0.047,0.0335,0.07,0.13,0.1405,0.265,0.385
02-23-2026 14:00,1771855200,0.0455,0.0335,0.07,0.13,0.135,0.265,0.385
02-23-2026 15:00,1771858800,0.0495,0.0335,0.07,0.135,0.13,0.255,0.38
02-23-2026 16:00,1771862400,0.0425,0.0335,0.07,0.13,0.1385,0.265,0.38
02-23-2026 17:00,1771866000,0.037,0.0335,0.07,0.13,0.1335,0.265,0.38
02-23-2026 18:00,1771869600,0.0495,0.0335,0.07,0.125,0.129,0.265,0.38
02-23-2026 19:00,1771873200,0.055,0.0335,0.07,0.125,0.1315,0.265,0.38
02-23-2026 20:00,1771876800,0.0615,0.0335,0.07,0.125,0.119,0.245,0.38
02-23-2026 21:00,1771880400,0.0505,0.0335,0.07,0.125,0.118,0.255,0.37
02-23-2026 22:00,1771884000,0.0625,0.067,0.095,0.125,0.118,0.24,0.375
02-23-2026 23:00,1771887600,0.0725,0.0655,0.1,0.125,0.135,0.24,0.38
02-24-2026 00:00,1771891200,0.069,0.06,0.095,0.125,0.1285,0.255,0.375
02-24-2026 01:00,1771894800,0.0685,0.0585,0.095,0.125,0.1255,0.26,0.37
02-24-2026 02:00,1771898400,0.06,0.0545,0.09,0.125,0.1255,0.255,0.38
02-24-2026 03:00,1771902000,0.064,0.055,0.095,0.125,0.1255,0.25,0.375
02-24-2026 04:00,1771905600,0.064,0.055,0.085,0.125,0.1255,0.25,0.38
02-24-2026 05:00,1771909200,0.0645,0.0555,0.095,0.125,0.1255,0.255,0.375
02-24-2026 06:00,1771912800,0.064,0.055,0.095,0.125,0.1255,0.25,0.375
02-24-2026 07:00,1771916400,0.0645,0.0555,0.095,0.125,0.1255,0.25,0.375
02-24-2026 08:00,1771920000,0.0655,0.056,0.09,0.125,0.1255,0.25,0.375
02-24-2026 09:00,1771923600,0.0605,0.0555,0.09,0.125,0.1245,0.255,0.38
02-24-2026 10:00,1771927200,0.059,0.049,0.09,0.125,0.12,0.255,0.375
02-24-2026 11:00,1771930800,0.0635,0.049,0.09,0.125,0.1145,0.255,0.38
02-24-2026 12:00,1771934400,0.0635,0.0485,0.09,0.125,0.1145,0.255,0.38
02-24-2026 13:00,1771938000,0.0635,0.0475,0.09,0.125,0.123,0.255,0.38
02-24-2026 14:00,1771941600,0.0635,0.048,0.09,0.125,0.1225,0.26,0.38
02-24-2026 15:00,1771945200,0.064,0.0485,0.095,0.125,0.1215,0.26,0.38
02-24-2026 16:00,1771948800,0.0635,0.0485,0.09,0.125,0.12,0.26,0.375
02-24-2026 17:00,1771952400,0.062,0.0485,0.09,0.12,0.1215,0.255,0.38
02-24-2026 18:00,1771956000,0.0625,0.048,0.09,0.12,0.124,0.255,0.38
02-24-2026 19:00,1771959600,0.061,0.047,0.09,0.12,0.1245,0.25,0.38
02-24-2026 20:00,1771963200,0.061,0.046,0.09,0.12,0.126,0.25,0.38
02-24-2026 21:00,1771966800,0.0625,0.046,0.09,0.12,0.126,0.255,0.38
02-24-2026 22:00,1771970400,0.0585,0.046,0.09,0.12,0.126,0.26,0.38
02-24-2026 23:00,1771974000,0.062,0.0465,0.08,0.12,0.1275,0.255,0.38
02-25-2026 00:00,1771977600,0.063,0.046,0.09,0.12,0.1255,0.255,0.38
02-25-2026 01:00,1771981200,0.0625,0.046,0.09,0.12,0.1255,0.26,0.38
02-25-2026 02:00,1771984800,0.0625,0.046,0.09,0.12,0.1255,0.255,0.38
02-25-2026 03:00,1771988400,0.061,0.046,0.09,0.12,0.126,0.255,0.38
02-25-2026 04:00,1771992000,0.0615,0.046,0.09,0.12,0.126,0.255,0.38
02-25-2026 05:00,1771995600,0.0615,0.046,0.09,0.12,0.1255,0.25,0.38
02-25-2026 06:00,1771999200,0.061,0.046,0.09,0.12,0.1255,0.255,0.38
02-25-2026 07:00,1772002800,0.0615,0.046,0.09,0.12,0.126,0.25,0.38
02-25-2026 08:00,1772006400,0.059,0.045,0.09,0.12,0.127,0.245,0.38
02-25-2026 09:00,1772010000,0.0615,0.0465,0.09,0.12,0.1275,0.225,0.38
02-25-2026 10:00,1772013600,0.09,0.0465,0.105,0.12,0.152,0.235,0.38
02-25-2026 11:00,1772017200,0.0835,0.047,0.1,0.12,0.145,0.23,0.38
02-25-2026 12:00,1772020800,0.073,0.0465,0.1,0.12,0.141,0.235,0.38
02-25-2026 13:00,1772024400,0.0715,0.0465,0.1,0.12,0.1405,0.23,0.38
02-25-2026 14:00,1772028000,0.0725,0.0465,0.105,0.12,0.1395,0.23,0.38
02-25-2026 15:00,1772031600,0.0575,0.0465,0.08,0.12,0.136,0.245,0.38
02-25-2026 16:00,1772035200,0.057,0.0465,0.09,0.12,0.13,0.245,0.38
02-25-2026 17:00,1772038800,0.067,0.046,0.095,0.12,0.1305,0.245,0.38
02-25-2026 18:00,1772042400,0.067,0.044,0.09,0.13,0.1285,0.235,0.38
02-25-2026 19:00,1772046000,0.0575,0.044,0.11,0.13,0.1565,0.24,0.38
02-25-2026 20:00,1772049600,0.055,0.065,0.105,0.13,0.1565,0.24,0.38
02-25-2026 21:00,1772053200,0.055,0.064,0.105,0.13,0.153,0.235,0.38
02-25-2026 22:00,1772056800,0.053,0.062,0.105,0.13,0.1535,0.235,0.38
02-25-2026 23:00,1772060400,0.0515,0.0645,0.105,0.13,0.152,0.235,0.38
02-26-2026 00:00,1772064000,0.0515,0.062,0.105,0.13,0.152,0.235,0.38
02-26-2026 01:00,1772067600,0.043,0.059,0.09,0.125,0.146,0.25,0.405
02-26-2026 02:00,1772071200,0.038,0.052,0.08,0.13,0.124,0.255,0.41
02-26-2026 03:00,1772074800,0.037,0.0515,0.08,0.13,0.1195,0.255,0.41
02-26-2026 04:00,1772078400,0.042,0.0525,0.075,0.125,0.1175,0.255,0.4
02-26-2026 05:00,1772082000,0.041,0.061,0.095,0.13,0.1175,0.26,0.4
02-26-2026 06:00,1772085600,0.0485,0.058,0.1,0.13,0.115,0.255,0.405
02-26-2026 07:00,1772089200,0.0405,0.0615,0.09,0.13,0.113,0.255,0.4
02-26-2026 08:00,1772092800,0.0405,0.059,0.09,0.13,0.113,0.255,0.4
02-26-2026 09:00,1772096400,0.038,0.0585,0.08,0.13,0.113,0.25,0.405
02-26-2026 10:00,1772100000,0.047,0.0595,0.095,0.13,0.112,0.265,0.405
02-26-2026 11:00,1772103600,0.0395,0.0545,0.08,0.125,0.1445,0.26,0.4
02-26-2026 12:00,1772107200,0.0395,0.0515,0.095,0.13,0.138,0.26,0.4
02-26-2026 13:00,1772110800,0.0485,0.053,0.095,0.13,0.143,0.26,0.4
02-26-2026 14:00,1772114400,0.038,0.0505,0.09,0.13,0.1375,0.255,0.4
02-26-2026 15:00,1772118000,0.038,0.0515,0.08,0.13,0.141,0.255,0.41
02-26-2026 16:00,1772121600,0.038,0.0515,0.09,0.13,0.143,0.26,0.4
02-26-2026 17:00,1772125200,0.035,0.0505,0.08,0.125,0.143,0.255,0.405
02-26-2026 18:00,1772128800,0.0325,0.0475,0.075,0.125,0.1425,0.25,0.405
02-26-2026 19:00,1772132400,0.0315,0.047,0.075,0.12,0.141,0.25,0.41
02-26-2026 20:00,1772136000,0.032,0.056,0.075,0.125,0.139,0.255,0.41
02-26-2026 21:00,1772139600,0.03,0.043,0.08,0.12,0.142,0.255,0.405
02-26-2026 22:00,1772143200,0.0295,0.0425,0.075,0.125,0.1415,0.255,0.405
02-26-2026 23:00,1772146800,0.0325,0.0575,0.075,0.125,0.15,0.255,0.405
02-27-2026 00:00,1772150400,0.046,0.048,0.08,0.12,0.151,0.24,0.405
02-27-2026 01:00,1772154000,0.047,0.048,0.09,0.125,0.1575,0.24,0.39
02-27-2026 02:00,1772157600,0.046,0.048,0.08,0.125,0.137,0.24,0.385
02-27-2026 03:00,1772161200,0.055,0.0475,0.08,0.125,0.1315,0.235,0.39
02-27-2026 04:00,1772164800,0.053,0.049,0.08,0.125,0.1315,0.225,0.39
02-27-2026 05:00,1772168400,0.0415,0.047,0.08,0.125,0.1315,0.235,0.4
02-27-2026 06:00,1772172000,0.0495,0.0475,0.08,0.125,0.1315,0.23,0.4
02-27-2026 07:00,1772175600,0.0615,0.0475,0.09,0.125,0.1315,0.225,0.4
02-27-2026 08:00,1772179200,0.051,0.0475,0.08,0.12,0.132,0.24,0.4
02-27-2026 09:00,1772182800,0.0435,0.0475,0.08,0.12,0.153,0.24,0.395
02-27-2026 10:00,1772186400,0.04,0.047,0.09,0.12,0.152,0.24,0.395
02-27-2026 11:00,1772190000,0.0395,0.044,0.085,0.12,0.147,0.23,0.4
02-27-2026 12:00,1772193600,0.04,0.044,0.08,0.12,0.1445,0.23,0.4
02-27-2026 13:00,1772197200,0.0435,0.049,0.08,0.125,0.1435,0.24,0.4
02-27-2026 14:00,1772200800,0.0485,0.0495,0.08,0.125,0.1485,0.24,0.4
02-27-2026 15:00,1772204400,0.04,0.0445,0.09,0.125,0.1495,0.23,0.395
02-27-2026 16:00,1772208000,0.04,0.0465,0.09,0.125,0.1495,0.24,0.395
02-27-2026 17:00,1772211600,0.041,0.0465,0.09,0.12,0.146,0.24,0.395
02-27-2026 18:00,1772215200,0.041,0.044,0.09,0.125,0.146,0.24,0.395
02-27-2026 19:00,1772218800,0.0415,0.0465,0.09,0.125,0.142,0.24,0.395
02-27-2026 20:00,1772222400,0.04,0.0445,0.09,0.125,0.14,0.23,0.4
02-27-2026 21:00,1772226000,0.048,0.048,0.09,0.125,0.1475,0.235,0.395
02-27-2026 22:00,1772229600,0.0445,0.0455,0.09,0.125,0.1475,0.235,0.395
02-27-2026 23:00,1772233200,0.046,0.047,0.08,0.125,0.1435,0.235,0.395
02-28-2026 00:00,1772236800,0.0445,0.046,0.09,0.125,0.1435,0.24,0.395
02-28-2026 01:00,1772240400,0.044,0.047,0.09,0.125,0.1435,0.23,0.405
02-28-2026 02:00,1772244000,0.042,0.045,0.09,0.125,0.1465,0.23,0.395
02-28-2026 03:00,1772247600,0.04,0.046,0.08,0.125,0.146,0.23,0.405
02-28-2026 04:00,1772251200,0.0395,0.044,0.075,0.125,0.145,0.23,0.405
02-28-2026 05:00,1772254800,0.0395,0.042,0.08,0.125,0.1445,0.23,0.405
02-28-2026 06:00,1772258400,0.039,0.0445,0.075,0.125,0.1415,0.23,0.41
02-28-2026 07:00,1772262000,0.039,0.0435,0.075,0.125,0.149,0.23,0.41
02-28-2026 08:00,1772265600,0.0575,0.045,0.08,0.12,0.149,0.23,0.405
02-28-2026 09:00,1772269200,0.041,0.0455,0.09,0.12,0.15,0.23,0.395
02-28-2026 10:00,1772272800,0.043,0.045,0.09,0.12,0.1495,0.23,0.395
02-28-2026 11:00,1772276400,0.0415,0.0455,0.09,0.12,0.1495,0.23,0.395
02-28-2026 12:00,1772280000,0.043,0.0455,0.09,0.12,0.149,0.23,0.395
02-28-2026 13:00,1772283600,0.0425,0.0445,0.09,0.12,0.149,0.23,0.395
02-28-2026 14:00,1772287200,0.0415,0.0445,0.09,0.12,0.149,0.23,0.395
02-28-2026 15:00,1772290800,0.045,0.0445,0.09,0.12,0.149,0.23,0.395
02-28-2026 16:00,1772294400,0.0475,0.0505,0.075,0.12,0.1495,0.23,0.4
02-28-2026 17:00,1772298000,0.047,0.0505,0.07,0.12,0.1455,0.23,0.4
02-28-2026 18:00,1772301600,0.0465,0.0465,0.07,0.12,0.1445,0.23,0.4
02-28-2026 19:00,1772305200,0.049,0.045,0.075,0.12,0.144,0.23,0.4
02-28-2026 20:00,1772308800,0.044,0.042,0.07,0.12,0.1435,0.23,0.4
02-28-2026 21:00,1772312400,0.048,0.0355,0.07,0.12,0.144,0.23,0.4
02-28-2026 22:00,1772316000,0.053,0.0455,0.075,0.115,0.143,0.225,0.395
02-28-2026 23:00,1772319600,0.045,0.043,0.075,0.12,0.143,0.23,0.4
03-01-2026 00:00,1772323200,0.047,0.043,0.075,0.12,0.143,0.23,0.4
03-01-2026 01:00,1772326800,0.047,0.0485,0.075,0.12,0.1425,0.23,0.4
03-01-2026 02:00,1772330400,0.0465,0.0485,0.075,0.12,0.138,0.23,0.4
03-01-2026 03:00,1772334000,0.0445,0.054,0.08,0.12,0.1405,0.225,0.4
03-01-2026 04:00,1772337600,0.0445,0.0525,0.08,0.12,0.1445,0.225,0.4
03-01-2026 05:00,1772341200,0.049,0.0565,0.08,0.12,0.144,0.23,0.395
03-01-2026 06:00,1772344800,0.0405,0.0565,0.08,0.12,0.144,0.23,0.395
03-01-2026 07:00,1772348400,0.0405,0.0435,0.08,0.12,0.144,0.23,0.395
03-01-2026 08:00,1772352000,0.0405,0.0435,0.09,0.12,0.1545,0.23,0.395
03-01-2026 09:00,1772355600,0.0405,0.0435,0.09,0.12,0.155,0.235,0.395
03-01-2026 10:00,1772359200,0.045,0.0435,0.09,0.12,0.16,0.23,0.395
03-01-2026 11:00,1772362800,0.045,0.042,0.085,0.12,0.149,0.225,0.395
03-01-2026 12:00,1772366400,0.0545,0.0415,0.09,0.12,0.149,0.225,0.395
03-01-2026 13:00,1772370000,0.054,0.047,0.09,0.12,0.1535,0.225,0.395
03-01-2026 14:00,1772373600,0.054,0.042,0.085,0.12,0.148,0.225,0.395
03-01-2026 15:00,1772377200,0.0475,0.04,0.115,0.125,0.1395,0.22,0.395
03-01-2026 16:00,1772380800,0.0475,0.039,0.09,0.125,0.136,0.215,0.395
03-01-2026 17:00,1772384400,0.0505,0.0505,0.115,0.125,0.1325,0.205,0.395
03-01-2026 18:00,1772388000,0.048,0.0465,0.105,0.12,0.1355,0.2,0.39
03-01-2026 19:00,1772391600,0.063,0.045,0.105,0.12,0.128,0.21,0.39
03-01-2026 20:00,1772395200,0.0555,0.0475,0.11,0.125,0.13,0.205,0.395
03-01-2026 21:00,1772398800,0.0555,0.0725,0.12,0.115,0.131,0.2,0.39
03-01-2026 22:00,1772402400,0.0575,0.057,0.12,0.12,0.133,0.195,0.39
03-01-2026 23:00,1772406000,0.0785,0.0685,0.12,0.12,0.1275,0.185,0.39
03-02-2026 00:00,1772409600,0.103,0.0715,0.12,0.095,0.1125,0.185,0.39
03-02-2026 01:00,1772413200,0.103,0.0765,0.12,0.1,0.1105,0.165,0.39
03-02-2026 02:00,1772416800,0.097,0.0945,0.12,0.1,0.1105,0.165,0.39
03-02-2026 03:00,1772420400,0.0945,0.095,0.12,0.1,0.1105,0.165,0.39
03-02-2026 04:00,1772424000,0.0925,0.0925,0.115,0.095,0.1195,0.165,0.39
03-02-2026 05:00,1772427600,0.091,0.0885,0.11,0.095,0.1115,0.165,0.39
03-02-2026 06:00,1772431200,0.083,0.0875,0.11,0.1,0.1115,0.16,0.385
03-02-2026 07:00,1772434800,0.0805,0.085,0.11,0.095,0.1115,0.17,0.39
03-02-2026 08:00,1772438400,0.0605,0.084,0.115,0.1,0.112,0.19,0.395
03-02-2026 09:00,1772442000,0.0625,0.084,0.115,0.105,0.112,0.185,0.4
03-02-2026 10:00,1772445600,0.07,0.078,0.115,0.11,0.112,0.185,0.4
03-02-2026 11:00,1772449200,0.0585,0.0875,0.115,0.11,0.112,0.185,0.395
03-02-2026 12:00,1772452800,0.0805,0.086,0.105,0.105,0.1115,0.175,0.395
03-02-2026 13:00,1772456400,0.0845,0.077,0.105,0.11,0.1115,0.175,0.395
03-02-2026 14:00,1772460000,0.0905,0.079,0.1,0.105,0.112,0.175,0.395
03-02-2026 15:00,1772463600,0.0945,0.079,0.095,0.115,0.1115,0.175,0.4
03-02-2026 16:00,1772467200,0.09,0.0845,0.09,0.11,0.111,0.18,0.39
03-02-2026 17:00,1772470800,0.0965,0.0845,0.09,0.115,0.111,0.18,0.39
03-02-2026 18:00,1772474400,0.1045,0.0845,0.095,0.11,0.111,0.18,0.39
03-02-2026 19:00,1772478000,0.1215,0.1025,0.09,0.08,0.129,0.18,0.395
03-02-2026 20:00,1772481600,0.1175,0.124,0.085,0.08,0.1295,0.175,0.395
03-02-2026 21:00,1772485200,0.107,0.1175,0.09,0.08,0.1245,0.18,0.395
03-02-2026 22:00,1772488800,0.0965,0.113,0.085,0.085,0.1215,0.18,0.395
03-02-2026 23:00,1772492400,0.099,0.1135,0.085,0.08,0.123,0.175,0.4
03-03-2026 00:00,1772496000,0.101,0.1105,0.085,0.08,0.13,0.175,0.385
03-03-2026 01:00,1772499600,0.101,0.1135,0.085,0.08,0.138,0.18,0.385
03-03-2026 02:00,1772503200,0.101,0.1165,0.09,0.08,0.127,0.18,0.385
03-03-2026 03:00,1772506800,0.1105,0.112,0.09,0.085,0.126,0.175,0.375
03-03-2026 04:00,1772510400,0.124,0.117,0.09,0.07,0.1175,0.175,0.375
03-03-2026 05:00,1772514000,0.109,0.108,0.085,0.09,0.1175,0.175,0.375
03-03-2026 06:00,1772517600,0.1065,0.1115,0.085,0.085,0.1175,0.175,0.375
03-03-2026 07:00,1772521200,0.1055,0.1055,0.085,0.085,0.1175,0.18,0.375
03-03-2026 08:00,1772524800,0.105,0.1095,0.085,0.09,0.1175,0.18,0.375
03-03-2026 09:00,1772528400,0.104,0.1055,0.095,0.09,0.1175,0.18,0.375
03-03-2026 10:00,1772532000,0.104,0.12,0.09,0.09,0.1175,0.18,0.375
03-03-2026 11:00,1772535600,0.104,0.109,0.09,0.09,0.1175,0.18,0.375
03-03-2026 12:00,1772539200,0.1135,0.108,0.09,0.085,0.1175,0.18,0.345
03-03-2026 13:00,1772542800,0.117,0.098,0.115,0.075,0.1175,0.18,0.355
03-03-2026 14:00,1772546400,0.1225,0.098,0.11,0.08,0.1175,0.18,0.35
03-03-2026 15:00,1772550000,0.125,0.092,0.115,0.085,0.118,0.18,0.305
03-03-2026 16:00,1772553600,0.1515,0.092,0.11,0.085,0.118,0.18,0.325
03-03-2026 17:00,1772557200,0.1515,0.092,0.1,0.085,0.118,0.18,0.32
03-03-2026 18:00,1772560800,0.1525,0.092,0.1,0.085,0.118,0.18,0.33
03-03-2026 19:00,1772564400,0.1525,0.092,0.095,0.11,0.1175,0.18,0.325
03-03-2026 20:00,1772568000,0.1555,0.0735,0.085,0.11,0.118,0.18,0.325
03-03-2026 21:00,1772571600,0.155,0.0735,0.085,0.11,0.166,0.18,0.3
03-03-2026 22:00,1772575200,0.1455,0.073,0.09,0.11,0.1525,0.18,0.295
03-03-2026 23:00,1772578800,0.1455,0.073,0.09,0.11,0.1395,0.17,0.315
03-04-2026 00:00,1772582400,0.1585,0.073,0.09,0.11,0.126,0.17,0.32
03-04-2026 01:00,1772586000,0.1615,0.0735,0.09,0.11,0.118,0.16,0.32
03-04-2026 02:00,1772589600,0.158,0.073,0.085,0.11,0.116,0.16,0.32
03-04-2026 03:00,1772593200,0.1575,0.073,0.085,0.11,0.116,0.16,0.325
03-04-2026 04:00,1772596800,0.1585,0.073,0.085,0.11,0.1565,0.16,0.32
03-04-2026 05:00,1772600400,0.1585,0.073,0.085,0.11,0.143,0.16,0.325
03-04-2026 06:00,1772604000,0.1585,0.0735,0.085,0.11,0.1295,0.16,0.325
03-04-2026 07:00,1772607600,0.1585,0.073,0.085,0.1,0.1225,0.16,0.325
03-04-2026 08:00,1772611200,0.1585,0.0735,0.085,0.11,0.1185,0.16,0.325
03-04-2026 09:00,1772614800,0.1575,0.073,0.085,0.11,0.117,0.16,0.34
03-04-2026 10:00,1772618400,0.149,0.073,0.085,0.11,0.117,0.16,0.345
03-04-2026 11:00,1772622000,0.1445,0.0735,0.085,0.11,0.117,0.16,0.34
03-04-2026 12:00,1772625600,0.1445,0.075,0.085,0.11,0.117,0.16,0.33
03-04-2026 13:00,1772629200,0.162,0.077,0.085,0.11,0.1165,0.16,0.33
03-04-2026 14:00,1772632800,0.163,0.063,0.085,0.11,0.115,0.16,0.34
03-04-2026 15:00,1772636400,0.16,0.0505,0.085,0.11,0.111,0.16,0.34
03-04-2026 16:00,1772640000,0.161,0.0655,0.085,0.11,0.111,0.16,0.34
03-04-2026 17:00,1772643600,0.164,0.0655,0.085,0.11,0.111,0.16,0.34
03-04-2026 18:00,1772647200,0.164,0.06,0.085,0.11,0.111,0.16,0.34
03-04-2026 19:00,1772650800,0.1615,0.072,0.085,0.1,0.111,0.16,0.335
03-04-2026 20:00,1772654400,0.1585,0.0635,0.09,0.11,0.111,0.16,0.33
03-04-2026 21:00,1772658000,0.156,0.0635,0.09,0.11,0.111,0.16,0.345
03-04-2026 22:00,1772661600,0.156,0.062,0.09,0.1,0.111,0.16,0.335
03-04-2026 23:00,1772665200,0.1575,0.0625,0.09,0.11,0.11,0.16,0.335
03-05-2026 00:00,1772668800,0.157,0.0665,0.09,0.11,0.11,0.16,0.345
03-05-2026 01:00,1772672400,0.156,0.0725,0.09,0.11,0.11,0.16,0.345
03-05-2026 02:00,1772676000,0.127,0.063,0.09,0.11,0.11,0.16,0.345
03-05-2026 03:00,1772679600,0.126,0.062,0.09,0.11,0.11,0.16,0.36
03-05-2026 04:00,1772683200,0.1455,0.062,0.085,0.11,0.11,0.16,0.345
03-05-2026 05:00,1772686800,0.146,0.062,0.085,0.11,0.1095,0.16,0.34
03-05-2026 06:00,1772690400,0.142,0.062,0.085,0.11,0.1095,0.16,0.345
03-05-2026 07:00,1772694000,0.144,0.065,0.085,0.11,0.1095,0.16,0.34
03-05-2026 08:00,1772697600,0.144,0.0705,0.085,0.11,0.1095,0.16,0.345
03-05-2026 09:00,1772701200,0.1455,0.072,0.085,0.11,0.1095,0.16,0.355
03-05-2026 10:00,1772704800,0.142,0.067,0.085,0.11,0.1095,0.16,0.35
03-05-2026 11:00,1772708400,0.1345,0.064,0.085,0.11,0.1095,0.175,0.345
03-05-2026 12:00,1772712000,0.1355,0.064,0.085,0.11,0.1095,0.175,0.34
03-05-2026 13:00,1772715600,0.1445,0.07,0.125,0.11,0.1095,0.175,0.345
03-05-2026 14:00,1772719200,0.1345,0.062,0.125,0.11,0.1095,0.175,0.345
03-05-2026 15:00,1772722800,0.151,0.063,0.13,0.115,0.1095,0.18,0.345
03-05-2026 16:00,1772726400,0.156,0.0635,0.12,0.115,0.1095,0.175,0.345
03-05-2026 17:00,1772730000,0.156,0.0625,0.12,0.115,0.1095,0.175,0.35
03-05-2026 18:00,1772733600,0.16,0.0605,0.12,0.115,0.1095,0.175,0.345
03-05-2026 19:00,1772737200,0.1505,0.061,0.12,0.115,0.1095,0.165,0.34
03-05-2026 20:00,1772740800,0.15,0.061,0.12,0.115,0.1095,0.165,0.35
03-05-2026 21:00,1772744400,0.1555,0.065,0.12,0.115,0.1095,0.175,0.345
03-05-2026 22:00,1772748000,0.146,0.064,0.12,0.115,0.1095,0.175,0.34
03-05-2026 23:00,1772751600,0.1565,0.064,0.12,0.115,0.1095,0.17,0.34
03-06-2026 00:00,1772755200,0.1585,0.0635,0.12,0.115,0.1095,0.165,0.335
03-06-2026 01:00,1772758800,0.1585,0.0595,0.12,0.115,0.1095,0.165,0.335
03-06-2026 02:00,1772762400,0.1615,0.0635,0.12,0.115,0.1095,0.165,0.345
03-06-2026 03:00,1772766000,0.163,0.0615,0.12,0.115,0.1095,0.165,0.34
03-06-2026 04:00,1772769600,0.1805,0.065,0.115,0.115,0.1095,0.165,0.34
03-06-2026 05:00,1772773200,0.1625,0.063,0.115,0.115,0.1385,0.16,0.34
03-06-2026 06:00,1772776800,0.175,0.068,0.115,0.115,0.137,0.17,0.34
03-06-2026 07:00,1772780400,0.171,0.0645,0.115,0.115,0.1325,0.175,0.34
03-06-2026 08:00,1772784000,0.173,0.063,0.115,0.115,0.1305,0.17,0.33
03-06-2026 09:00,1772787600,0.1635,0.0645,0.115,0.115,0.13,0.175,0.335
03-06-2026 10:00,1772791200,0.1635,0.0625,0.115,0.115,0.1605,0.175,0.34
03-06-2026 11:00,1772794800,0.1625,0.0665,0.115,0.115,0.154,0.175,0.335
03-06-2026 12:00,1772798400,0.163,0.064,0.115,0.115,0.1475,0.175,0.335
03-06-2026 13:00,1772802000,0.16,0.0695,0.115,0.115,0.1415,0.175,0.33
03-06-2026 14:00,1772805600,0.149,0.074,0.115,0.115,0.146,0.175,0.33
03-06-2026 15:00,1772809200,0.158,0.0615,0.115,0.115,0.173,0.175,0.29
03-06-2026 16:00,1772812800,0.1905,0.0615,0.115,0.115,0.1675,0.175,0.29
03-06-2026 17:00,1772816400,0.2375,0.0615,0.115,0.115,0.167,0.135,0.205
03-06-2026 18:00,1772820000,0.244,0.0615,0.15,0.14,0.197,0.135,0.2
03-06-2026 19:00,1772823600,0.3045,0.0615,0.19,0.145,0.229,0.125,0.175
03-06-2026 20:00,1772827200,0.2875,0.127,0.17,0.13,0.1505,0.085,0.19
03-06-2026 21:00,1772830800,0.332,0.128,0.17,0.15,0.1495,0.095,0.19
03-06-2026 22:00,1772834400,0.328,0.1275,0.15,0.135,0.143,0.105,0.205
03-06-2026 23:00,1772838000,0.33,0.1275,0.16,0.125,0.143,0.095,0.195
03-07-2026 00:00,1772841600,0.2695,0.1275,0.165,0.135,0.1395,0.1,0.15
03-07-2026 01:00,1772845200,0.2635,0.1275,0.165,0.14,0.1355,0.1,0.16
03-07-2026 02:00,1772848800,0.2475,0.1275,0.165,0.145,0.137,0.09,0.22
03-07-2026 03:00,1772852400,0.2405,0.128,0.15,0.145,0.132,0.095,0.23
03-07-2026 04:00,1772856000,0.245,0.1285,0.155,0.145,0.1405,0.105,0.225
03-07-2026 05:00,1772859600,0.2415,0.1285,0.15,0.145,0.126,0.1,0.24
03-07-2026 06:00,1772863200,0.232,0.13,0.15,0.145,0.132,0.105,0.24
03-07-2026 07:00,1772866800,0.2235,0.128,0.155,0.145,0.142,0.1,0.24
03-07-2026 08:00,1772870400,0.2335,0.128,0.145,0.145,0.134,0.11,0.24
03-07-2026 09:00,1772874000,0.2225,0.128,0.145,0.145,0.1185,0.1,0.23
03-07-2026 10:00,1772877600,0.244,0.128,0.165,0.145,0.13,0.1,0.23
03-07-2026 11:00,1772881200,0.248,0.1285,0.165,0.145,0.1335,0.11,0.22
03-07-2026 12:00,1772884800,0.245,0.129,0.17,0.135,0.142,0.11,0.215
03-07-2026 13:00,1772888400,0.246,0.129,0.16,0.135,0.131,0.115,0.22
03-07-2026 14:00,1772892000,0.2155,0.129,0.175,0.14,0.1375,0.11,0.215
03-07-2026 15:00,1772895600,0.2165,0.1285,0.165,0.125,0.1385,0.125,0.23
03-07-2026 16:00,1772899200,0.23,0.129,0.16,0.14,0.1305,0.115,0.19
03-07-2026 17:00,1772902800,0.2295,0.129,0.17,0.115,0.14,0.105,0.19
03-07-2026 18:00,1772906400,0.2495,0.129,0.175,0.115,0.1425,0.11,0.19
03-07-2026 19:00,1772910000,0.248,0.129,0.18,0.115,0.1315,0.1,0.185
03-07-2026 20:00,1772913600,0.246,0.129,0.17,0.115,0.1245,0.1,0.19
03-07-2026 21:00,1772917200,0.2455,0.0945,0.17,0.115,0.138,0.1,0.19
03-07-2026 22:00,1772920800,0.242,0.0945,0.17,0.115,0.1385,0.1,0.19
03-07-2026 23:00,1772924400,0.2425,0.0945,0.17,0.115,0.1325,0.1,0.17
03-08-2026 00:00,1772928000,0.242,0.0945,0.17,0.115,0.1435,0.1,0.185
03-08-2026 01:00,1772931600,0.2435,0.0945,0.17,0.115,0.1395,0.1,0.16
03-08-2026 02:00,1772935200,0.243,0.102,0.17,0.115,0.1385,0.1,0.155
03-08-2026 03:00,1772938800,0.254,0.1135,0.17,0.115,0.1375,0.1,0.165
03-08-2026 04:00,1772942400,0.2485,0.0945,0.17,0.115,0.1395,0.1,0.165
03-08-2026 05:00,1772946000,0.25,0.0945,0.17,0.115,0.1385,0.1,0.165
03-08-2026 06:00,1772949600,0.251,0.0945,0.17,0.115,0.1375,0.1,0.165
03-08-2026 07:00,1772953200,0.2525,0.0945,0.17,0.115,0.1375,0.1,0.17
03-08-2026 08:00,1772956800,0.253,0.0945,0.17,0.115,0.1375,0.1,0.16
03-08-2026 09:00,1772960400,0.2535,0.0945,0.165,0.115,0.1395,0.1,0.165
03-08-2026 10:00,1772964000,0.254,0.101,0.17,0.115,0.1405,0.1,0.16
03-08-2026 11:00,1772967600,0.238,0.105,0.17,0.13,0.1245,0.1,0.16
03-08-2026 12:00,1772971200,0.238,0.106,0.17,0.13,0.1245,0.1,0.165
03-08-2026 13:00,1772974800,0.239,0.101,0.17,0.125,0.1245,0.1,0.155
03-08-2026 14:00,1772978400,0.243,0.1065,0.17,0.115,0.1235,0.12,0.16
03-08-2026 15:00,1772982000,0.245,0.095,0.17,0.115,0.1235,0.12,0.165
03-08-2026 16:00,1772985600,0.247,0.102,0.17,0.115,0.1235,0.12,0.165
03-08-2026 17:00,1772989200,0.248,0.106,0.17,0.115,0.1235,0.12,0.175
03-08-2026 18:00,1772992800,0.249,0.11,0.17,0.115,0.1235,0.12,0.16
03-08-2026 19:00,1772996400,0.25,0.0945,0.17,0.115,0.1235,0.12,0.17
03-08-2026 20:00,1773000000,0.25,0.0945,0.17,0.115,0.1235,0.12,0.17
03-08-2026 21:00,1773003600,0.2895,0.0945,0.16,0.115,0.1185,0.12,0.16
03-08-2026 22:00,1773007200,0.2865,0.0945,0.16,0.115,0.1185,0.12,0.16
03-08-2026 23:00,1773010800,0.286,0.094,0.16,0.115,0.1185,0.12,0.18
03-09-2026 00:00,1773014400,0.277,0.096,0.16,0.115,0.1185,0.12,0.175
03-09-2026 01:00,1773018000,0.2775,0.0985,0.15,0.115,0.1185,0.105,0.17
03-09-2026 02:00,1773021600,0.2975,0.0945,0.115,0.115,0.1055,0.11,0.16
03-09-2026 03:00,1773025200,0.3145,0.0995,0.115,0.125,0.1045,0.12,0.155
03-09-2026 04:00,1773028800,0.307,0.094,0.115,0.115,0.111,0.11,0.155
03-09-2026 05:00,1773032400,0.35,0.1,0.115,0.125,0.111,0.11,0.165
03-09-2026 06:00,1773036000,0.32,0.105,0.115,0.115,0.111,0.11,0.16
03-09-2026 07:00,1773039600,0.3085,0.11,0.12,0.115,0.11,0.11,0.15
03-09-2026 08:00,1773043200,0.3015,0.094,0.13,0.115,0.1055,0.11,0.16
03-09-2026 09:00,1773046800,0.309,0.094,0.13,0.115,0.1055,0.11,0.145
03-09-2026 10:00,1773050400,0.3025,0.0945,0.12,0.115,0.1055,0.11,0.145
03-09-2026 11:00,1773054000,0.303,0.1015,0.12,0.115,0.1055,0.11,0.155
03-09-2026 12:00,1773057600,0.322,0.098,0.115,0.065,0.1055,0.11,0.16
03-09-2026 13:00,1773061200,0.3355,0.0965,0.11,0.06,0.1055,0.11,0.16
03-09-2026 14:00,1773064800,0.334,0.0865,0.11,0.065,0.1055,0.11,0.16
03-09-2026 15:00,1773068400,0.3355,0.0855,0.11,0.065,0.1055,0.11,0.155
03-09-2026 16:00,1773072000,0.3325,0.0875,0.12,0.085,0.1055,0.11,0.165
03-09-2026 17:00,1773075600,0.264,0.0875,0.11,0.095,0.106,0.105,0.16
03-09-2026 18:00,1773079200,0.279,0.086,0.12,0.12,0.117,0.115,0.15
03-09-2026 19:00,1773082800,0.2895,0.0855,0.11,0.11,0.117,0.105,0.15
03-09-2026 20:00,1773086400,0.29,0.0905,0.11,0.11,0.1075,0.105,0.16
03-09-2026 21:00,1773090000,0.2905,0.096,0.12,0.105,0.107,0.105,0.15
03-09-2026 22:00,1773093600,0.275,0.09,0.11,0.115,0.109,0.105,0.155
03-09-2026 23:00,1773097200,0.277,0.0855,0.11,0.095,0.109,0.105,0.15
03-10-2026 00:00,1773100800,0.218,0.0905,0.12,0.09,0.1125,0.105,0.16
03-10-2026 01:00,1773104400,0.2255,0.0855,0.12,0.1,0.116,0.1,0.155
03-10-2026 02:00,1773108000,0.2335,0.0895,0.11,0.11,0.1125,0.1,0.155
03-10-2026 03:00,1773111600,0.2325,0.087,0.12,0.1,0.118,0.1,0.175
03-10-2026 04:00,1773115200,0.237,0.088,0.12,0.115,0.1165,0.105,0.155
03-10-2026 05:00,1773118800,0.24,0.089,0.11,0.095,0.1135,0.105,0.17
03-10-2026 06:00,1773122400,0.24,0.0925,0.11,0.12,0.1105,0.105,0.16
03-10-2026 07:00,1773126000,0.2405,0.098,0.11,0.095,0.1075,0.105,0.165
03-10-2026 08:00,1773129600,0.242,0.11,0.12,0.1,0.11,0.105,0.165
03-10-2026 09:00,1773133200,0.244,0.0855,0.115,0.105,0.106,0.105,0.17
03-10-2026 10:00,1773136800,0.244,0.0985,0.12,0.11,0.1055,0.105,0.165
03-10-2026 11:00,1773140400,0.244,0.105,0.12,0.1,0.1055,0.105,0.17
03-10-2026 12:00,1773144000,0.243,0.0855,0.105,0.105,0.111,0.115,0.16
03-10-2026 13:00,1773147600,0.243,0.092,0.115,0.115,0.1155,0.115,0.16
03-10-2026 14:00,1773151200,0.243,0.1015,0.105,0.105,0.1075,0.115,0.185
03-10-2026 15:00,1773154800,0.2305,0.0855,0.115,0.11,0.116,0.135,0.16
03-10-2026 16:00,1773158400,0.2305,0.0935,0.11,0.105,0.115,0.14,0.17
03-10-2026 17:00,1773162000,0.2165,0.1005,0.11,0.105,0.1175,0.135,0.16
03-10-2026 18:00,1773165600,0.2165,0.107,0.115,0.125,0.1175,0.135,0.16
03-10-2026 19:00,1773169200,0.2165,0.0855,0.115,0.115,0.1175,0.145,0.16
03-10-2026 20:00,1773172800,0.2165,0.0855,0.105,0.115,0.1155,0.145,0.165
03-10-2026 21:00,1773176400,0.217,0.0855,0.115,0.115,0.113,0.14,0.16
03-10-2026 22:00,1773180000,0.2165,0.0925,0.11,0.115,0.1115,0.14,0.175
03-10-2026 23:00,1773183600,0.2165,0.099,0.11,0.115,0.108,0.145,0.175
03-11-2026 00:00,1773187200,0.2175,0.105,0.105,0.115,0.1145,0.14,0.185
03-11-2026 01:00,1773190800,0.218,0.112,0.11,0.105,0.11,0.135,0.17
03-11-2026 02:00,1773194400,0.2215,0.134,0.155,0.12,0.114,0.145,0.165
03-11-2026 03:00,1773198000,0.2215,0.132,0.15,0.12,0.1055,0.145,0.17
03-11-2026 04:00,1773201600,0.221,0.127,0.165,0.115,0.1045,0.15,0.165
03-11-2026 05:00,1773205200,0.2205,0.1255,0.175,0.115,0.104,0.15,0.17
03-11-2026 06:00,1773208800,0.2185,0.1235,0.175,0.12,0.1115,0.15,0.17
03-11-2026 07:00,1773212400,0.219,0.123,0.175,0.115,0.1165,0.15,0.165
03-11-2026 08:00,1773216000,0.22,0.1375,0.175,0.105,0.1085,0.15,0.165
03-11-2026 09:00,1773219600,0.223,0.147,0.165,0.11,0.105,0.145,0.165
03-11-2026 10:00,1773223200,0.229,0.1575,0.195,0.12,0.102,0.155,0.17
03-11-2026 11:00,1773226800,0.2315,0.1515,0.16,0.115,0.1005,0.155,0.155
03-11-2026 12:00,1773230400,0.2265,0.152,0.15,0.115,0.1005,0.155,0.155
03-11-2026 13:00,1773234000,0.2285,0.151,0.11,0.125,0.1045,0.155,0.165
03-11-2026 14:00,1773237600,0.227,0.1325,0.13,0.11,0.1045,0.16,0.17
03-11-2026 15:00,1773241200,0.2275,0.1325,0.11,0.095,0.1045,0.16,0.16
03-11-2026 16:00,1773244800,0.2285,0.1395,0.11,0.11,0.1045,0.15,0.16
03-11-2026 17:00,1773248400,0.2265,0.14,0.115,0.115,0.1035,0.15,0.16
03-11-2026 18:00,1773252000,0.2265,0.1355,0.115,0.115,0.103,0.16,0.16
03-11-2026 19:00,1773255600,0.2255,0.131,0.105,0.095,0.1005,0.155,0.16
03-11-2026 20:00,1773259200,0.223,0.143,0.11,0.105,0.085,0.155,0.165
03-11-2026 21:00,1773262800,0.224,0.1375,0.11,0.115,0.0835,0.155,0.15
03-11-2026 22:00,1773266400,0.2245,0.1305,0.11,0.11,0.0845,0.155,0.155
03-11-2026 23:00,1773270000,0.221,0.1245,0.095,0.115,0.085,0.15,0.185
03-12-2026 00:00,1773273600,0.222,0.1375,0.1,0.115,0.087,0.15,0.185
03-12-2026 01:00,1773277200,0.221,0.127,0.105,0.095,0.0835,0.15,0.185
03-12-2026 02:00,1773280800,0.221,0.121,0.09,0.115,0.0565,0.155,0.185
03-12-2026 03:00,1773284400,0.221,0.119,0.07,0.12,0.0585,0.16,0.185
03-12-2026 04:00,1773288000,0.221,0.1205,0.055,0.11,0.057,0.155,0.185
03-12-2026 05:00,1773291600,0.221,0.1205,0.055,0.095,0.058,0.16,0.185
03-12-2026 06:00,1773295200,0.221,0.116,0.055,0.105,0.0555,0.16,0.185
03-12-2026 07:00,1773298800,0.2215,0.1175,0.055,0.1,0.057,0.135,0.185
03-12-2026 08:00,1773302400,0.2215,0.1205,0.055,0.095,0.057,0.13,0.185
03-12-2026 09:00,1773306000,0.2215,0.1205,0.055,0.105,0.058,0.125,0.165
03-12-2026 10:00,1773309600,0.221,0.1205,0.055,0.11,0.0595,0.125,0.17
03-12-2026 11:00,1773313200,0.1815,0.1195,0.055,0.11,0.0595,0.145,0.17
03-12-2026 12:00,1773316800,0.187,0.1195,0.045,0.115,0.0605,0.145,0.175
03-12-2026 13:00,1773320400,0.16,0.1135,0.045,0.145,0.085,0.18,0.24
03-12-2026 14:00,1773324000,0.158,0.1065,0.031,0.165,0.0835,0.18,0.23
03-12-2026 15:00,1773327600,0.1605,0.1065,0.031,0.165,0.0865,0.175,0.23
03-12-2026 16:00,1773331200,0.1595,0.1055,0.031,0.165,0.0865,0.175,0.23
03-12-2026 17:00,1773334800,0.161,0.1055,0.11,0.165,0.0935,0.175,0.23
03-12-2026 18:00,1773338400,0.1595,0.1025,0.124,0.165,0.091,0.175,0.23
03-12-2026 19:00,1773342000,0.158,0.102,0.124,0.165,0.092,0.175,0.23
03-12-2026 20:00,1773345600,0.1595,0.102,0.124,0.165,0.097,0.175,0.23
03-12-2026 21:00,1773349200,0.1595,0.102,0.124,0.165,0.0955,0.175,0.275
03-12-2026 22:00,1773352800,0.1595,0.102,0.124,0.165,0.093,0.18,0.27
03-12-2026 23:00,1773356400,0.1515,0.102,0.124,0.165,0.0905,0.18,0.26
03-13-2026 00:00,1773360000,0.152,0.102,0.124,0.165,0.0895,0.18,0.26
03-13-2026 01:00,1773363600,0.152,0.0995,0.124,0.165,0.091,0.18,0.25
03-13-2026 02:00,1773367200,0.152,0.099,0.124,0.165,0.0905,0.175,0.25
03-13-2026 03:00,1773370800,0.152,0.099,0.13,0.165,0.091,0.175,0.225
03-13-2026 04:00,1773374400,0.152,0.098,0.133,0.165,0.091,0.18,0.245
03-13-2026 05:00,1773378000,0.152,0.098,0.134,0.165,0.0925,0.175,0.225
03-13-2026 06:00,1773381600,0.1515,0.098,0.134,0.165,0.092,0.175,0.245
03-13-2026 07:00,1773385200,0.152,0.098,0.134,0.165,0.0925,0.175,0.25
03-13-2026 08:00,1773388800,0.1635,0.098,0.1335,0.16,0.094,0.175,0.245
03-13-2026 09:00,1773392400,0.163,0.098,0.1335,0.16,0.0955,0.175,0.25
03-13-2026 10:00,1773396000,0.165,0.0705,0.1025,0.155,0.091,0.18,0.29
03-13-2026 11:00,1773399600,0.147,0.0825,0.101,0.155,0.091,0.175,0.28
03-13-2026 12:00,1773403200,0.1465,0.0875,0.0955,0.155,0.091,0.175,0.295
03-13-2026 13:00,1773406800,0.1465,0.0905,0.0915,0.155,0.091,0.17,0.305
03-13-2026 14:00,1773410400,0.151,0.112,0.1035,0.165,0.091,0.17,0.295
03-13-2026 15:00,1773414000,0.151,0.112,0.112,0.165,0.1295,0.17,0.28
03-13-2026 16:00,1773417600,0.151,0.0935,0.1005,0.165,0.135,0.17,0.275
03-13-2026 17:00,1773421200,0.1515,0.0915,0.103,0.155,0.126,0.17,0.275
03-13-2026 18:00,1773424800,0.1515,0.0915,0.103,0.16,0.1315,0.17,0.275
03-13-2026 19:00,1773428400,0.1515,0.0935,0.1005,0.16,0.117,0.17,0.285
03-13-2026 20:00,1773432000,0.152,0.0995,0.092,0.165,0.121,0.17,0.285
03-13-2026 21:00,1773435600,0.152,0.0995,0.103,0.165,0.113,0.17,0.275
03-13-2026 22:00,1773439200,0.152,0.091,0.0895,0.16,0.108,0.17,0.275
03-13-2026 23:00,1773442800,0.152,0.091,0.08,0.165,0.126,0.17,0.28
03-14-2026 00:00,1773446400,0.1505,0.0925,0.0575,0.165,0.124,0.17,0.285
03-14-2026 01:00,1773450000,0.1505,0.0965,0.054,0.14,0.1195,0.165,0.29
03-14-2026 02:00,1773453600,0.1505,0.092,0.054,0.13,0.1255,0.16,0.29
03-14-2026 03:00,1773457200,0.15,0.0975,0.054,0.105,0.1175,0.155,0.29
03-14-2026 04:00,1773460800,0.15,0.083,0.08,0.105,0.1305,0.155,0.29
03-14-2026 05:00,1773464400,0.15,0.0845,0.083,0.1,0.1245,0.155,0.29
03-14-2026 06:00,1773468000,0.15,0.087,0.0735,0.095,0.1245,0.155,0.28
03-14-2026 07:00,1773471600,0.15,0.092,0.0745,0.095,0.125,0.155,0.285
03-14-2026 08:00,1773475200,0.15,0.086,0.075,0.12,0.174,0.155,0.285
03-14-2026 09:00,1773478800,0.15,0.0945,0.071,0.12,0.1665,0.155,0.285
03-14-2026 10:00,1773482400,0.15,0.0965,0.0685,0.1,0.1585,0.13,0.285
03-14-2026 11:00,1773486000,0.1495,0.0925,0.0675,0.11,0.1505,0.165,0.29
03-14-2026 12:00,1773489600,0.1495,0.0925,0.067,0.115,0.14,0.165,0.29
03-14-2026 13:00,1773493200,0.1495,0.0925,0.0735,0.115,0.131,0.165,0.29
03-14-2026 14:00,1773496800,0.15,0.0995,0.0785,0.12,0.126,0.165,0.29
03-14-2026 15:00,1773500400,0.1495,0.0935,0.088,0.13,0.166,0.165,0.285
03-14-2026 16:00,1773504000,0.1495,0.089,0.078,0.125,0.161,0.165,0.285
03-14-2026 17:00,1773507600,0.0955,0.089,0.078,0.125,0.152,0.165,0.285
03-14-2026 18:00,1773511200,0.088,0.083,0.0735,0.125,0.1465,0.165,0.285
03-14-2026 19:00,1773514800,0.088,0.08,0.0725,0.135,0.152,0.165,0.29
03-14-2026 20:00,1773518400,0.082,0.074,0.0715,0.135,0.1455,0.165,0.29
03-14-2026 21:00,1773522000,0.0795,0.0715,0.0715,0.135,0.1565,0.165,0.29
03-14-2026 22:00,1773525600,0.078,0.0545,0.0715,0.15,0.1515,0.165,0.29
03-14-2026 23:00,1773529200,0.095,0.053,0.0715,0.155,0.15,0.165,0.29
03-15-2026 00:00,1773532800,0.094,0.053,0.081,0.155,0.1505,0.165,0.295
03-15-2026 01:00,1773536400,0.105,0.0535,0.0795,0.155,0.1445,0.165,0.295
03-15-2026 02:00,1773540000,0.099,0.054,0.077,0.155,0.1455,0.165,0.295
03-15-2026 03:00,1773543600,0.107,0.054,0.075,0.155,0.196,0.165,0.295
03-15-2026 04:00,1773547200,0.1075,0.055,0.074,0.155,0.184,0.165,0.295
03-15-2026 05:00,1773550800,0.116,0.055,0.074,0.155,0.1775,0.165,0.295
03-15-2026 06:00,1773554400,0.117,0.058,0.074,0.155,0.1705,0.165,0.295
03-15-2026 07:00,1773558000,0.1175,0.0535,0.074,0.155,0.163,0.165,0.295
03-15-2026 08:00,1773561600,0.116,0.0555,0.074,0.155,0.156,0.165,0.295
03-15-2026 09:00,1773565200,0.118,0.0535,0.074,0.155,0.1505,0.165,0.295
03-15-2026 10:00,1773568800,0.1135,0.0535,0.074,0.155,0.1645,0.165,0.295
03-15-2026 11:00,1773572400,0.1095,0.0535,0.074,0.155,0.1645,0.165,0.295
03-15-2026 12:00,1773576000,0.1155,0.0535,0.071,0.155,0.1635,0.165,0.295
03-15-2026 13:00,1773579600,0.1055,0.1185,0.0675,0.155,0.1635,0.165,0.295
03-15-2026 14:00,1773583200,0.111,0.1145,0.0675,0.155,0.1645,0.165,0.32
03-15-2026 15:00,1773586800,0.1095,0.1145,0.0675,0.155,0.1635,0.165,0.32
03-15-2026 16:00,1773590400,0.11,0.1085,0.0675,0.155,0.1635,0.165,0.32
03-15-2026 17:00,1773594000,0.1085,0.1085,0.0675,0.155,0.1635,0.165,0.32
03-15-2026 18:00,1773597600,0.1135,0.1085,0.0675,0.155,0.1635,0.165,0.32
03-15-2026 19:00,1773601200,0.113,0.0995,0.0675,0.155,0.1635,0.165,0.32
03-15-2026 20:00,1773604800,0.109,0.0935,0.0675,0.155,0.1615,0.165,0.315
03-15-2026 21:00,1773608400,0.11,0.1015,0.0675,0.155,0.1595,0.165,0.325
03-15-2026 22:00,1773612000,0.099,0.084,0.0675,0.155,0.1365,0.165,0.325
03-15-2026 23:00,1773615600,0.103,0.0815,0.0675,0.155,0.1375,0.165,0.32
03-16-2026 00:00,1773619200,0.1095,0.0815,0.0675,0.155,0.1505,0.165,0.32
03-16-2026 01:00,1773622800,0.1055,0.078,0.0675,0.155,0.144,0.165,0.295
03-16-2026 02:00,1773626400,0.1075,0.072,0.0675,0.16,0.164,0.165,0.31
03-16-2026 03:00,1773630000,0.1055,0.0695,0.0675,0.16,0.1575,0.165,0.32
03-16-2026 04:00,1773633600,0.109,0.066,0.0665,0.16,0.1515,0.165,0.33
03-16-2026 05:00,1773637200,0.1115,0.064,0.0665,0.16,0.1445,0.165,0.32
03-16-2026 06:00,1773640800,0.109,0.064,0.068,0.155,0.138,0.165,0.285
03-16-2026 07:00,1773644400,0.107,0.0575,0.068,0.16,0.1865,0.165,0.295
03-16-2026 08:00,1773648000,0.1095,0.054,0.0655,0.155,0.18,0.165,0.3
03-16-2026 09:00,1773651600,0.093,0.0555,0.0655,0.155,0.166,0.165,0.285
03-16-2026 10:00,1773655200,0.103,0.088,0.0655,0.155,0.174,0.165,0.315
03-16-2026 11:00,1773658800,0.103,0.074,0.0655,0.155,0.179,0.165,0.275
03-16-2026 12:00,1773662400,0.1055,0.0925,0.065,0.155,0.166,0.165,0.265
03-16-2026 13:00,1773666000,0.1035,0.0805,0.065,0.155,0.1555,0.165,0.265
03-16-2026 14:00,1773669600,0.098,0.0885,0.065,0.155,0.1655,0.165,0.27
03-16-2026 15:00,1773673200,0.1045,0.088,0.065,0.155,0.155,0.165,0.27
03-16-2026 16:00,1773676800,0.099,0.082,0.065,0.155,0.1635,0.165,0.27
03-16-2026 17:00,1773680400,0.103,0.0695,0.065,0.175,0.1795,0.165,0.27
03-16-2026 18:00,1773684000,0.104,0.081,0.065,0.175,0.1795,0.165,0.27
03-16-2026 19:00,1773687600,0.1285,0.0855,0.0635,0.175,0.1795,0.165,0.27
03-16-2026 20:00,1773691200,0.128,0.073,0.062,0.175,0.1795,0.165,0.27
03-16-2026 21:00,1773694800,0.1215,0.078,0.061,0.175,0.1795,0.16,0.27
03-16-2026 22:00,1773698400,0.121,0.0615,0.06,0.175,0.1795,0.165,0.27
03-16-2026 23:00,1773702000,0.101,0.068,0.06,0.175,0.1795,0.165,0.28
03-17-2026 00:00,1773705600,0.102,0.0865,0.06,0.175,0.1795,0.165,0.28
03-17-2026 01:00,1773709200,0.101,0.083,0.06,0.175,0.1795,0.16,0.28
03-17-2026 02:00,1773712800,0.095,0.096,0.06,0.175,0.1795,0.165,0.28
03-17-2026 03:00,1773716400,0.095,0.093,0.06,0.175,0.1795,0.165,0.28
03-17-2026 04:00,1773720000,0.105,0.08,0.059,0.175,0.1795,0.165,0.28
03-17-2026 05:00,1773723600,0.101,0.078,0.059,0.175,0.1795,0.165,0.285
03-17-2026 06:00,1773727200,0.104,0.0805,0.059,0.175,0.193,0.165,0.275
03-17-2026 07:00,1773730800,0.1,0.0875,0.058,0.18,0.193,0.165,0.275
03-17-2026 08:00,1773734400,0.1015,0.074,0.058,0.18,0.193,0.165,0.275
03-17-2026 09:00,1773738000,0.101,0.079,0.058,0.18,0.193,0.165,0.275
03-17-2026 10:00,1773741600,0.101,0.075,0.058,0.18,0.193,0.165,0.275
03-17-2026 11:00,1773745200,0.101,0.089,0.058,0.18,0.193,0.165,0.275
03-17-2026 12:00,1773748800,0.1,0.0755,0.067,0.18,0.193,0.17,0.275
03-17-2026 13:00,1773752400,0.0995,0.0775,0.067,0.18,0.193,0.175,0.275
03-17-2026 14:00,1773756000,0.0955,0.076,0.067,0.18,0.193,0.175,0.275
03-17-2026 15:00,1773759600,0.0985,0.068,0.0685,0.18,0.1925,0.165,0.275
03-17-2026 16:00,1773763200,0.0955,0.08,0.069,0.18,0.1925,0.165,0.275
03-17-2026 17:00,1773766800,0.096,0.0795,0.069,0.18,0.1925,0.165,0.275
03-17-2026 18:00,1773770400,0.0955,0.0795,0.069,0.18,0.1935,0.165,0.275
03-17-2026 19:00,1773774000,0.099,0.065,0.0715,0.18,0.205,0.155,0.275
03-17-2026 20:00,1773777600,0.089,0.0545,0.074,0.18,0.205,0.16,0.275
03-17-2026 21:00,1773781200,0.0885,0.0555,0.0745,0.18,0.1915,0.165,0.28
03-17-2026 22:00,1773784800,0.089,0.0585,0.0745,0.18,0.193,0.165,0.275
03-17-2026 23:00,1773788400,0.0915,0.051,0.0735,0.18,0.193,0.165,0.29
03-18-2026 00:00,1773792000,0.092,0.0505,0.074,0.18,0.1905,0.165,0.285
03-18-2026 01:00,1773795600,0.087,0.0485,0.074,0.18,0.1905,0.165,0.295
03-18-2026 02:00,1773799200,0.0875,0.0505,0.074,0.18,0.1905,0.16,0.29
03-18-2026 03:00,1773802800,0.0875,0.0515,0.0735,0.18,0.1905,0.165,0.285
03-18-2026 04:00,1773806400,0.087,0.053,0.076,0.18,0.1875,0.165,0.29
03-18-2026 05:00,1773810000,0.0855,0.049,0.0755,0.18,0.19,0.165,0.28
03-18-2026 06:00,1773813600,0.086,0.0485,0.075,0.18,0.19,0.165,0.28
03-18-2026 07:00,1773817200,0.0855,0.049,0.0735,0.18,0.1865,0.165,0.28
03-18-2026 08:00,1773820800,0.0865,0.049,0.077,0.18,0.1905,0.165,0.28
03-18-2026 09:00,1773824400,0.0875,0.048,0.077,0.18,0.187,0.165,0.28
03-18-2026 10:00,1773828000,0.088,0.053,0.076,0.18,0.1895,0.165,0.28
03-18-2026 11:00,1773831600,0.086,0.0525,0.0745,0.18,0.187,0.165,0.28
03-18-2026 12:00,1773835200,0.0855,0.0525,0.0745,0.18,0.188,0.165,0.28
03-18-2026 13:00,1773838800,0.086,0.05,0.0735,0.18,0.1895,0.165,0.29
03-18-2026 14:00,1773842400,0.085,0.05,0.0765,0.18,0.1885,0.17,0.29
03-18-2026 15:00,1773846000,0.084,0.05,0.0765,0.18,0.191,0.17,0.275
03-18-2026 16:00,1773849600,0.087,0.0495,0.0765,0.18,0.1905,0.17,0.275
03-18-2026 17:00,1773853200,0.0855,0.0515,0.0755,0.18,0.1905,0.17,0.275
03-18-2026 18:00,1773856800,0.0855,0.0515,0.075,0.18,0.1905,0.17,0.275
03-18-2026 19:00,1773860400,0.086,0.0505,0.0765,0.18,0.1905,0.17,0.27
03-18-2026 20:00,1773864000,0.0855,0.0485,0.076,0.18,0.1905,0.17,0.27
03-18-2026 21:00,1773867600,0.085,0.0485,0.0755,0.18,0.1905,0.17,0.275
03-18-2026 22:00,1773871200,0.066,0.043,0.0565,0.2,0.209,0.19,0.27
03-18-2026 23:00,1773874800,0.0645,0.043,0.056,0.195,0.2185,0.19,0.27
03-19-2026 00:00,1773878400,0.0655,0.043,0.056,0.195,0.2155,0.19,0.27
03-19-2026 01:00,1773882000,0.065,0.045,0.0545,0.195,0.2175,0.19,0.27
03-19-2026 02:00,1773885600,0.0655,0.044,0.0545,0.195,0.2155,0.19,0.27
03-19-2026 03:00,1773889200,0.065,0.044,0.055,0.195,0.2135,0.19,0.27
03-19-2026 04:00,1773892800,0.0645,0.046,0.053,0.195,0.216,0.19,0.27
03-19-2026 05:00,1773896400,0.065,0.045,0.054,0.195,0.2215,0.19,0.265
03-19-2026 06:00,1773900000,0.065,0.045,0.054,0.195,0.216,0.19,0.265
03-19-2026 07:00,1773903600,0.065,0.0455,0.053,0.195,0.2205,0.19,0.265
03-19-2026 08:00,1773907200,0.065,0.0435,0.054,0.195,0.216,0.19,0.265
03-19-2026 09:00,1773910800,0.065,0.0435,0.054,0.195,0.2195,0.19,0.265
03-19-2026 10:00,1773914400,0.065,0.043,0.052,0.195,0.217,0.19,0.265
03-19-2026 11:00,1773918000,0.065,0.043,0.052,0.195,0.2135,0.19,0.265
03-19-2026 12:00,1773921600,0.065,0.043,0.054,0.195,0.214,0.19,0.265
03-19-2026 13:00,1773925200,0.065,0.042,0.0565,0.195,0.213,0.185,0.265
03-19-2026 14:00,1773928800,0.065,0.0415,0.0565,0.195,0.2125,0.19,0.265
03-19-2026 15:00,1773932400,0.065,0.041,0.0565,0.195,0.2125,0.185,0.265
03-19-2026 16:00,1773936000,0.065,0.038,0.0585,0.195,0.214,0.19,0.265
03-19-2026 17:00,1773939600,0.072,0.038,0.0585,0.195,0.2205,0.19,0.265
03-19-2026 18:00,1773943200,0.065,0.0425,0.0585,0.195,0.217,0.19,0.255
03-19-2026 19:00,1773946800,0.073,0.0435,0.0585,0.195,0.2445,0.19,0.225
03-19-2026 20:00,1773950400,0.067,0.052,0.0725,0.195,0.222,0.19,0.235
03-19-2026 21:00,1773954000,0.0655,0.0505,0.0705,0.195,0.2215,0.19,0.22
03-19-2026 22:00,1773957600,0.073,0.065,0.0705,0.195,0.234,0.19,0.225
03-19-2026 23:00,1773961200,0.0725,0.046,0.07,0.195,0.2285,0.19,0.23
03-20-2026 00:00,1773964800,0.073,0.047,0.0695,0.195,0.2315,0.19,0.22
03-20-2026 01:00,1773968400,0.073,0.0465,0.0695,0.195,0.2335,0.19,0.22
03-20-2026 02:00,1773972000,0.0735,0.0465,0.0695,0.195,0.234,0.19,0.215
03-20-2026 03:00,1773975600,0.073,0.0465,0.07,0.195,0.234,0.19,0.215
03-20-2026 04:00,1773979200,0.0745,0.0475,0.0695,0.195,0.2305,0.19,0.23
03-20-2026 05:00,1773982800,0.073,0.0475,0.0695,0.195,0.2275,0.195,0.225
03-20-2026 06:00,1773986400,0.0755,0.047,0.071,0.195,0.2305,0.19,0.22
03-20-2026 07:00,1773990000,0.078,0.048,0.071,0.195,0.225,0.19,0.22
03-20-2026 08:00,1773993600,0.0745,0.048,0.071,0.195,0.2245,0.19,0.2
03-20-2026 09:00,1773997200,0.076,0.048,0.071,0.195,0.225,0.19,0.22
03-20-2026 10:00,1774000800,0.0755,0.048,0.071,0.195,0.225,0.19,0.22
03-20-2026 11:00,1774004400,0.075,0.048,0.071,0.195,0.225,0.19,0.225
03-20-2026 12:00,1774008000,0.0745,0.048,0.072,0.195,0.2255,0.19,0.225
03-20-2026 13:00,1774011600,0.075,0.048,0.07,0.195,0.234,0.19,0.22
03-20-2026 14:00,1774015200,0.0735,0.048,0.07,0.195,0.2335,0.19,0.22
03-20-2026 15:00,1774018800,0.074,0.048,0.097,0.195,0.234,0.19,0.205
03-20-2026 16:00,1774022400,0.074,0.048,0.0925,0.195,0.234,0.19,0.21
03-20-2026 17:00,1774026000,0.075,0.0715,0.094,0.195,0.234,0.19,0.195
03-20-2026 18:00,1774029600,0.076,0.0655,0.096,0.195,0.234,0.19,0.195
03-20-2026 19:00,1774033200,0.077,0.063,0.0945,0.195,0.234,0.19,0.195
03-20-2026 20:00,1774036800,0.076,0.0735,0.0975,0.195,0.234,0.19,0.185
03-20-2026 21:00,1774040400,0.0765,0.0735,0.0955,0.195,0.234,0.19,0.185
03-20-2026 22:00,1774044000,0.075,0.0665,0.091,0.195,0.234,0.19,0.2
03-20-2026 23:00,1774047600,0.077,0.0695,0.0995,0.195,0.234,0.19,0.195
03-21-2026 00:00,1774051200,0.076,0.069,0.1015,0.21,0.2335,0.19,0.195
03-21-2026 01:00,1774054800,0.0765,0.065,0.1025,0.21,0.233,0.19,0.195
03-21-2026 02:00,1774058400,0.0805,0.063,0.1025,0.21,0.232,0.19,0.195
03-21-2026 03:00,1774062000,0.076,0.0595,0.0975,0.205,0.234,0.19,0.195
03-21-2026 04:00,1774065600,0.0755,0.059,0.0965,0.205,0.2335,0.19,0.19
03-21-2026 05:00,1774069200,0.0755,0.06,0.117,0.205,0.2265,0.19,0.19
03-21-2026 06:00,1774072800,0.0755,0.059,0.117,0.205,0.2315,0.18,0.195
03-21-2026 07:00,1774076400,0.076,0.0605,0.116,0.205,0.231,0.18,0.195
03-21-2026 08:00,1774080000,0.0725,0.06,0.1165,0.205,0.2285,0.195,0.195
03-21-2026 09:00,1774083600,0.0725,0.06,0.1165,0.205,0.2285,0.185,0.195
03-21-2026 10:00,1774087200,0.0725,0.06,0.1165,0.205,0.2285,0.185,0.195
03-21-2026 11:00,1774090800,0.0725,0.06,0.1165,0.205,0.2285,0.185,0.195
03-21-2026 12:00,1774094400,0.068,0.0575,0.1165,0.2,0.2185,0.175,0.21
03-21-2026 13:00,1774098000,0.068,0.059,0.115,0.2,0.2295,0.175,0.2
03-21-2026 14:00,1774101600,0.068,0.0595,0.116,0.205,0.2305,0.175,0.195
03-21-2026 15:00,1774105200,0.068,0.06,0.1115,0.205,0.227,0.175,0.2
03-21-2026 16:00,1774108800,0.068,0.06,0.1115,0.2,0.2225,0.175,0.205
03-21-2026 17:00,1774112400,0.068,0.06,0.1115,0.2,0.2225,0.175,0.205
03-21-2026 18:00,1774116000,0.068,0.0665,0.1115,0.205,0.218,0.17,0.2
03-21-2026 19:00,1774119600,0.068,0.0625,0.1115,0.205,0.218,0.175,0.2
03-21-2026 20:00,1774123200,0.068,0.0615,0.1115,0.205,0.227,0.175,0.2
03-21-2026 21:00,1774126800,0.068,0.0605,0.1115,0.205,0.227,0.175,0.2
03-21-2026 22:00,1774130400,0.068,0.0595,0.1115,0.2,0.2165,0.17,0.2
03-21-2026 23:00,1774134000,0.068,0.061,0.1115,0.205,0.227,0.175,0.2
03-22-2026 00:00,1774137600,0.068,0.059,0.1115,0.205,0.2225,0.175,0.205
03-22-2026 01:00,1774141200,0.068,0.06,0.1115,0.205,0.226,0.175,0.195
03-22-2026 02:00,1774144800,0.068,0.06,0.1115,0.205,0.224,0.18,0.2
03-22-2026 03:00,1774148400,0.068,0.06,0.1115,0.205,0.227,0.18,0.19
03-22-2026 04:00,1774152000,0.072,0.0595,0.1115,0.205,0.2285,0.18,0.195
03-22-2026 05:00,1774155600,0.072,0.06,0.1115,0.205,0.232,0.18,0.19
03-22-2026 06:00,1774159200,0.072,0.0615,0.1115,0.205,0.232,0.18,0.19
03-22-2026 07:00,1774162800,0.072,0.0615,0.1165,0.205,0.232,0.18,0.19
03-22-2026 08:00,1774166400,0.0765,0.0615,0.1165,0.205,0.2305,0.18,0.195
03-22-2026 09:00,1774170000,0.0785,0.0615,0.0925,0.205,0.2315,0.18,0.225
03-22-2026 10:00,1774173600,0.0735,0.0615,0.093,0.205,0.234,0.18,0.21
03-22-2026 11:00,1774177200,0.0765,0.0615,0.082,0.205,0.234,0.18,0.205
03-22-2026 12:00,1774180800,0.076,0.0605,0.093,0.205,0.234,0.18,0.205
03-22-2026 13:00,1774184400,0.0725,0.0615,0.094,0.205,0.223,0.18,0.205
03-22-2026 14:00,1774188000,0.072,0.0615,0.093,0.205,0.223,0.18,0.21
03-22-2026 15:00,1774191600,0.072,0.0615,0.0925,0.205,0.234,0.18,0.21
03-22-2026 16:00,1774195200,0.0715,0.0725,0.0935,0.205,0.223,0.18,0.195
03-22-2026 17:00,1774198800,0.0715,0.0725,0.0935,0.205,0.223,0.18,0.195
03-22-2026 18:00,1774202400,0.0715,0.07,0.094,0.205,0.223,0.18,0.19
03-22-2026 19:00,1774206000,0.0715,0.0715,0.093,0.205,0.223,0.18,0.195
03-22-2026 20:00,1774209600,0.0715,0.0715,0.0945,0.205,0.2335,0.18,0.215
03-22-2026 21:00,1774213200,0.0715,0.075,0.0945,0.205,0.223,0.18,0.195
03-22-2026 22:00,1774216800,0.0715,0.0735,0.0775,0.205,0.223,0.175,0.205
03-22-2026 23:00,1774220400,0.0715,0.068,0.0885,0.205,0.2335,0.18,0.205
03-23-2026 00:00,1774224000,0.0715,0.0745,0.093,0.205,0.223,0.18,0.195
03-23-2026 01:00,1774227600,0.0825,0.0675,0.0945,0.205,0.223,0.18,0.185
03-23-2026 02:00,1774231200,0.0835,0.062,0.078,0.205,0.223,0.18,0.205
03-23-2026 03:00,1774234800,0.0805,0.0615,0.094,0.21,0.2205,0.18,0.185
03-23-2026 04:00,1774238400,0.0815,0.061,0.083,0.21,0.2125,0.18,0.19
03-23-2026 05:00,1774242000,0.0805,0.061,0.0825,0.21,0.222,0.18,0.2
03-23-2026 06:00,1774245600,0.081,0.061,0.094,0.21,0.211,0.18,0.2
03-23-2026 07:00,1774249200,0.076,0.0605,0.0935,0.21,0.211,0.18,0.2
03-23-2026 08:00,1774252800,0.075,0.0595,0.094,0.21,0.211,0.18,0.2
03-23-2026 09:00,1774256400,0.0755,0.061,0.0945,0.21,0.223,0.18,0.205
03-23-2026 10:00,1774260000,0.076,0.0575,0.094,0.21,0.2235,0.18,0.205
03-23-2026 11:00,1774263600,0.0755,0.0595,0.0865,0.205,0.223,0.18,0.195
03-23-2026 12:00,1774267200,0.0755,0.06,0.093,0.225,0.222,0.18,0.185
03-23-2026 13:00,1774270800,0.0755,0.058,0.094,0.225,0.2235,0.18,0.19
03-23-2026 14:00,1774274400,0.0765,0.0615,0.094,0.225,0.2235,0.18,0.195
03-23-2026 15:00,1774278000,0.0765,0.0605,0.094,0.225,0.2235,0.18,0.195
03-23-2026 16:00,1774281600,0.0765,0.057,0.088,0.225,0.2235,0.18,0.195
03-23-2026 17:00,1774285200,0.0785,0.057,0.077,0.225,0.2295,0.18,0.165
03-23-2026 18:00,1774288800,0.0755,0.066,0.085,0.22,0.2345,0.19,0.17
03-23-2026 19:00,1774292400,0.083,0.063,0.077,0.21,0.2345,0.17,0.195
03-23-2026 20:00,1774296000,0.0755,0.071,0.082,0.22,0.2235,0.175,0.205
03-23-2026 21:00,1774299600,0.0725,0.071,0.067,0.205,0.2435,0.185,0.175
03-23-2026 22:00,1774303200,0.0755,0.0615,0.0925,0.225,0.2345,0.185,0.175
03-23-2026 23:00,1774306800,0.0655,0.0715,0.065,0.195,0.242,0.185,0.195
03-24-2026 00:00,1774310400,0.07,0.0935,0.0725,0.18,0.23,0.17,0.2
03-24-2026 01:00,1774314000,0.0685,0.078,0.072,0.18,0.23,0.17,0.2
03-24-2026 02:00,1774317600,0.0685,0.0785,0.072,0.205,0.2345,0.18,0.2
03-24-2026 03:00,1774321200,0.066,0.0935,0.072,0.175,0.25,0.185,0.2
03-24-2026 04:00,1774324800,0.066,0.094,0.072,0.185,0.235,0.18,0.2
03-24-2026 05:00,1774328400,0.0655,0.0905,0.07,0.15,0.235,0.175,0.205
03-24-2026 06:00,1774332000,0.075,0.094,0.071,0.185,0.235,0.175,0.205
03-24-2026 07:00,1774335600,0.0785,0.094,0.0955,0.2,0.2345,0.18,0.2
03-24-2026 08:00,1774339200,0.0785,0.094,0.096,0.2,0.2345,0.185,0.2
03-24-2026 09:00,1774342800,0.0785,0.094,0.1005,0.175,0.2345,0.185,0.2
03-24-2026 10:00,1774346400,0.0785,0.094,0.096,0.205,0.2345,0.185,0.195
03-24-2026 11:00,1774350000,0.0795,0.0745,0.096,0.215,0.2345,0.185,0.195
03-24-2026 12:00,1774353600,0.0795,0.0765,0.1005,0.215,0.2345,0.18,0.195
03-24-2026 13:00,1774357200,0.11,0.103,0.0945,0.23,0.2345,0.17,0.185
03-24-2026 14:00,1774360800,0.104,0.075,0.193,0.215,0.192,0.165,0.155
03-24-2026 15:00,1774364400,0.114,0.1015,0.174,0.215,0.192,0.175,0.155
03-24-2026 16:00,1774368000,0.0875,0.0785,0.1545,0.23,0.1835,0.16,0.15
03-24-2026 17:00,1774371600,0.1,0.0905,0.168,0.22,0.1875,0.165,0.14
03-24-2026 18:00,1774375200,0.09,0.111,0.1655,0.205,0.19,0.17,0.165
03-24-2026 19:00,1774378800,0.108,0.117,0.1805,0.195,0.19,0.18,0.155
03-24-2026 20:00,1774382400,0.1085,0.128,0.185,0.205,0.19,0.17,0.155
03-24-2026 21:00,1774386000,0.1095,0.1165,0.1835,0.145,0.191,0.185,0.15
03-24-2026 22:00,1774389600,0.11,0.1185,0.1765,0.175,0.1895,0.175,0.14
03-24-2026 23:00,1774393200,0.098,0.119,0.175,0.17,0.189,0.185,0.15
03-25-2026 00:00,1774396800,0.105,0.1255,0.18,0.17,0.1895,0.18,0.155
03-25-2026 01:00,1774400400,0.101,0.12,0.1735,0.165,0.1895,0.18,0.15
03-25-2026 02:00,1774404000,0.078,0.1195,0.17,0.17,0.183,0.175,0.15
03-25-2026 03:00,1774407600,0.0685,0.1145,0.1715,0.165,0.183,0.175,0.155
03-25-2026 04:00,1774411200,0.0755,0.14,0.172,0.145,0.1895,0.175,0.155
03-25-2026 05:00,1774414800,0.094,0.1115,0.171,0.11,0.183,0.175,0.145
03-25-2026 06:00,1774418400,0.1335,0.1115,0.165,0.135,0.189,0.165,0.15
03-25-2026 07:00,1774422000,0.118,0.1275,0.1525,0.165,0.1895,0.16,0.155
03-25-2026 08:00,1774425600,0.1235,0.128,0.1125,0.165,0.1895,0.16,0.155
03-25-2026 09:00,1774429200,0.114,0.104,0.1285,0.125,0.1895,0.16,0.155
03-25-2026 10:00,1774432800,0.114,0.11,0.1325,0.175,0.1895,0.16,0.155
03-25-2026 11:00,1774436400,0.114,0.1295,0.102,0.175,0.179,0.16,0.155
03-25-2026 12:00,1774440000,0.114,0.092,0.107,0.155,0.179,0.16,0.155
03-25-2026 13:00,1774443600,0.114,0.1075,0.103,0.155,0.179,0.16,0.155
03-25-2026 14:00,1774447200,0.114,0.113,0.1015,0.165,0.1785,0.165,0.14
03-25-2026 15:00,1774450800,0.114,0.1075,0.087,0.14,0.1875,0.165,0.155
03-25-2026 16:00,1774454400,0.1135,0.0955,0.091,0.155,0.1875,0.18,0.145
03-25-2026 17:00,1774458000,0.114,0.0955,0.103,0.155,0.1765,0.18,0.145
03-25-2026 18:00,1774461600,0.114,0.114,0.1165,0.155,0.1765,0.18,0.155
03-25-2026 19:00,1774465200,0.114,0.114,0.111,0.155,0.177,0.18,0.155
03-25-2026 20:00,1774468800,0.1135,0.1005,0.115,0.155,0.177,0.175,0.155
03-25-2026 21:00,1774472400,0.114,0.0995,0.0915,0.145,0.1875,0.185,0.155
03-25-2026 22:00,1774476000,0.116,0.108,0.1085,0.145,0.177,0.18,0.17
03-25-2026 23:00,1774479600,0.095,0.104,0.1105,0.165,0.179,0.17,0.145
03-26-2026 00:00,1774483200,0.083,0.136,0.094,0.145,0.179,0.18,0.155
03-26-2026 01:00,1774486800,0.09,0.101,0.094,0.15,0.179,0.18,0.145
03-26-2026 02:00,1774490400,0.083,0.1175,0.09,0.15,0.179,0.185,0.15
03-26-2026 03:00,1774494000,0.0955,0.122,0.0945,0.15,0.1815,0.18,0.15
03-26-2026 04:00,1774497600,0.0975,0.1225,0.0955,0.15,0.1915,0.18,0.155
03-26-2026 05:00,1774501200,0.0915,0.1255,0.0905,0.145,0.1915,0.175,0.155
03-26-2026 06:00,1774504800,0.0885,0.162,0.094,0.145,0.1905,0.18,0.155
03-26-2026 07:00,1774508400,0.0835,0.14,0.0985,0.15,0.2055,0.195,0.155
03-26-2026 08:00,1774512000,0.0825,0.1405,0.098,0.15,0.209,0.2,0.155
03-26-2026 09:00,1774515600,0.0885,0.1295,0.108,0.17,0.208,0.215,0.155
03-26-2026 10:00,1774519200,0.0885,0.1295,0.1075,0.165,0.209,0.21,0.155
03-26-2026 11:00,1774522800,0.0885,0.1295,0.124,0.16,0.211,0.205,0.155
03-26-2026 12:00,1774526400,0.0885,0.1295,0.123,0.16,0.21,0.19,0.155
03-26-2026 13:00,1774530000,0.0885,0.129,0.087,0.165,0.2225,0.2,0.16
03-26-2026 14:00,1774533600,0.082,0.1465,0.089,0.16,0.2265,0.21,0.155
03-26-2026 15:00,1774537200,0.0825,0.1385,0.11,0.145,0.2145,0.19,0.16
03-26-2026 16:00,1774540800,0.0825,0.1415,0.1105,0.165,0.21,0.205,0.16
03-26-2026 17:00,1774544400,0.0825,0.1415,0.1205,0.165,0.2125,0.205,0.16
03-26-2026 18:00,1774548000,0.082,0.1065,0.1285,0.175,0.213,0.23,0.155
03-26-2026 19:00,1774551600,0.1135,0.0975,0.16,0.165,0.186,0.175,0.145
03-26-2026 20:00,1774555200,0.121,0.089,0.1735,0.165,0.1975,0.175,0.145
03-26-2026 21:00,1774558800,0.0915,0.065,0.1625,0.14,0.1875,0.175,0.145
03-26-2026 22:00,1774562400,0.0915,0.043,0.1625,0.135,0.1825,0.175,0.14
03-26-2026 23:00,1774566000,0.0905,0.0665,0.1625,0.14,0.1845,0.175,0.145
03-27-2026 00:00,1774569600,0.084,0.104,0.1955,0.18,0.212,0.175,0.14
03-27-2026 01:00,1774573200,0.101,0.085,0.1505,0.185,0.21,0.175,0.14
03-27-2026 02:00,1774576800,0.09,0.086,0.1445,0.18,0.197,0.18,0.14
03-27-2026 03:00,1774580400,0.096,0.0885,0.153,0.18,0.215,0.175,0.14
03-27-2026 04:00,1774584000,0.101,0.1135,0.168,0.17,0.2155,0.175,0.14
03-27-2026 05:00,1774587600,0.097,0.129,0.158,0.17,0.196,0.175,0.14
03-27-2026 06:00,1774591200,0.114,0.123,0.146,0.185,0.2075,0.175,0.14
03-27-2026 07:00,1774594800,0.1125,0.128,0.155,0.165,0.195,0.175,0.14
03-27-2026 08:00,1774598400,0.1215,0.1105,0.1605,0.16,0.1825,0.175,0.145
03-27-2026 09:00,1774602000,0.1235,0.1115,0.1675,0.16,0.1825,0.175,0.14
03-27-2026 10:00,1774605600,0.121,0.111,0.1695,0.155,0.1825,0.175,0.14
03-27-2026 11:00,1774609200,0.126,0.1115,0.1695,0.15,0.1825,0.175,0.135
03-27-2026 12:00,1774612800,0.116,0.1115,0.1695,0.15,0.1855,0.175,0.14
03-27-2026 13:00,1774616400,0.1165,0.1115,0.1675,0.155,0.1855,0.17,0.13
03-27-2026 14:00,1774620000,0.1115,0.1115,0.17,0.14,0.185,0.175,0.145
03-27-2026 15:00,1774623600,0.1085,0.1115,0.17,0.14,0.185,0.17,0.145
03-27-2026 16:00,1774627200,0.1195,0.102,0.153,0.16,0.1855,0.185,0.14
03-27-2026 17:00,1774630800,0.1175,0.102,0.161,0.165,0.1845,0.18,0.14
03-27-2026 18:00,1774634400,0.1225,0.0975,0.161,0.165,0.185,0.18,0.14
03-27-2026 19:00,1774638000,0.121,0.108,0.165,0.165,0.185,0.18,0.14
03-27-2026 20:00,1774641600,0.113,0.112,0.166,0.165,0.187,0.175,0.14
03-27-2026 21:00,1774645200,0.1115,0.1155,0.1605,0.155,0.185,0.175,0.145
03-27-2026 22:00,1774648800,0.121,0.1145,0.1495,0.15,0.185,0.185,0.14
03-27-2026 23:00,1774652400,0.121,0.1145,0.1305,0.155,0.1855,0.185,0.135
03-28-2026 00:00,1774656000,0.121,0.1145,0.1325,0.16,0.185,0.185,0.135
03-28-2026 01:00,1774659600,0.12,0.115,0.1355,0.15,0.185,0.185,0.135
03-28-2026 02:00,1774663200,0.1215,0.1155,0.136,0.155,0.185,0.185,0.135
03-28-2026 03:00,1774666800,0.119,0.1125,0.1395,0.155,0.185,0.185,0.135
03-28-2026 04:00,1774670400,0.1195,0.1155,0.136,0.145,0.185,0.185,0.135
03-28-2026 05:00,1774674000,0.12,0.1155,0.136,0.15,0.187,0.185,0.135
03-28-2026 06:00,1774677600,0.12,0.116,0.1365,0.145,0.1845,0.185,0.135
03-28-2026 07:00,1774681200,0.1195,0.1155,0.1345,0.145,0.1855,0.185,0.135
03-28-2026 08:00,1774684800,0.12,0.115,0.1335,0.155,0.1845,0.185,0.135
03-28-2026 09:00,1774688400,0.122,0.1155,0.1345,0.145,0.185,0.185,0.125
03-28-2026 10:00,1774692000,0.12,0.1155,0.135,0.145,0.1845,0.185,0.125
03-28-2026 11:00,1774695600,0.1195,0.115,0.1335,0.16,0.185,0.185,0.125
03-28-2026 12:00,1774699200,0.1195,0.115,0.134,0.16,0.186,0.185,0.125
03-28-2026 13:00,1774702800,0.1165,0.115,0.163,0.165,0.185,0.185,0.125
03-28-2026 14:00,1774706400,0.119,0.115,0.1355,0.155,0.197,0.19,0.12
03-28-2026 15:00,1774710000,0.119,0.115,0.1525,0.155,0.1955,0.19,0.12
03-28-2026 16:00,1774713600,0.12,0.1115,0.135,0.155,0.197,0.185,0.12
03-28-2026 17:00,1774717200,0.1195,0.1115,0.135,0.155,0.197,0.185,0.12
03-28-2026 18:00,1774720800,0.1195,0.1115,0.1345,0.155,0.1975,0.185,0.12
03-28-2026 19:00,1774724400,0.1195,0.1115,0.135,0.155,0.1975,0.185,0.12
03-28-2026 20:00,1774728000,0.122,0.0855,0.143,0.16,0.1955,0.185,0.12
03-28-2026 21:00,1774731600,0.12,0.0855,0.1355,0.16,0.1975,0.185,0.12
03-28-2026 22:00,1774735200,0.1195,0.0885,0.134,0.16,0.197,0.185,0.12
03-28-2026 23:00,1774738800,0.1195,0.09,0.1355,0.16,0.1975,0.185,0.12
03-29-2026 00:00,1774742400,0.119,0.09,0.135,0.16,0.198,0.185,0.12
03-29-2026 01:00,1774746000,0.1195,0.0895,0.135,0.155,0.1975,0.185,0.12
03-29-2026 02:00,1774749600,0.1195,0.0895,0.135,0.155,0.1975,0.185,0.12
03-29-2026 03:00,1774753200,0.1195,0.0895,0.1345,0.155,0.1975,0.185,0.12
03-29-2026 04:00,1774756800,0.119,0.0965,0.1335,0.155,0.197,0.18,0.12
03-29-2026 05:00,1774760400,0.119,0.0965,0.1345,0.155,0.1975,0.18,0.12
03-29-2026 06:00,1774764000,0.119,0.0965,0.133,0.16,0.1975,0.18,0.12
03-29-2026 07:00,1774767600,0.119,0.0965,0.133,0.16,0.197,0.18,0.125
03-29-2026 08:00,1774771200,0.119,0.097,0.1345,0.16,0.197,0.18,0.12
03-29-2026 09:00,1774774800,0.119,0.097,0.1335,0.16,0.197,0.18,0.12
03-29-2026 10:00,1774778400,0.119,0.097,0.1345,0.155,0.197,0.18,0.12
03-29-2026 11:00,1774782000,0.119,0.097,0.1345,0.155,0.197,0.18,0.12
03-29-2026 12:00,1774785600,0.119,0.097,0.1345,0.155,0.197,0.18,0.12
03-29-2026 13:00,1774789200,0.119,0.097,0.1345,0.155,0.1975,0.18,0.12
03-29-2026 14:00,1774792800,0.119,0.097,0.134,0.155,0.197,0.18,0.125
03-29-2026 15:00,1774796400,0.119,0.097,0.135,0.155,0.1975,0.18,0.125
03-29-2026 16:00,1774800000,0.1165,0.0925,0.162,0.155,0.178,0.185,0.12
03-29-2026 17:00,1774803600,0.124,0.0925,0.1575,0.15,0.2075,0.185,0.12
03-29-2026 18:00,1774807200,0.1145,0.0925,0.1515,0.155,0.2125,0.185,0.12
03-29-2026 19:00,1774810800,0.112,0.1185,0.135,0.155,0.232,0.17,0.125
03-29-2026 20:00,1774814400,0.1115,0.1355,0.1345,0.155,0.1995,0.175,0.105
03-29-2026 21:00,1774818000,0.12,0.1355,0.1615,0.15,0.2505,0.175,0.105
03-29-2026 22:00,1774821600,0.12,0.1355,0.161,0.15,0.2505,0.175,0.105
03-29-2026 23:00,1774825200,0.12,0.1355,0.1335,0.15,0.2505,0.175,0.105
03-30-2026 00:00,1774828800,0.12,0.1355,0.144,0.15,0.2505,0.175,0.105
03-30-2026 01:00,1774832400,0.1115,0.1355,0.1345,0.155,0.229,0.16,0.105
03-30-2026 02:00,1774836000,0.135,0.1355,0.1435,0.155,0.232,0.16,0.105
03-30-2026 03:00,1774839600,0.135,0.1355,0.156,0.16,0.2505,0.16,0.105
03-30-2026 04:00,1774843200,0.1125,0.1355,0.1345,0.155,0.23,0.16,0.105
03-30-2026 05:00,1774846800,0.1125,0.1355,0.156,0.155,0.23,0.16,0.105
03-30-2026 06:00,1774850400,0.125,0.1355,0.1345,0.155,0.23,0.16,0.105
03-30-2026 07:00,1774854000,0.125,0.1355,0.1345,0.155,0.23,0.16,0.105
03-30-2026 08:00,1774857600,0.143,0.1355,0.134,0.155,0.237,0.16,0.105
03-30-2026 09:00,1774861200,0.112,0.1355,0.135,0.225,0.1995,0.16,0.105
03-30-2026 10:00,1774864800,0.1135,0.113,0.1345,0.235,0.2005,0.16,0.12
03-30-2026 11:00,1774868400,0.106,0.113,0.1275,0.255,0.201,0.16,0.12
03-30-2026 12:00,1774872000,0.106,0.113,0.1355,0.22,0.201,0.16,0.12
03-30-2026 13:00,1774875600,0.106,0.113,0.135,0.22,0.201,0.16,0.12
03-30-2026 14:00,1774879200,0.106,0.113,0.1175,0.285,0.201,0.16,0.12
03-30-2026 15:00,1774882800,0.106,0.113,0.1085,0.265,0.189,0.16,0.12
03-30-2026 16:00,1774886400,0.111,0.113,0.1355,0.29,0.227,0.175,0.12
03-30-2026 17:00,1774890000,0.111,0.113,0.0975,0.29,0.227,0.175,0.12
03-30-2026 18:00,1774893600,0.111,0.113,0.1135,0.175,0.227,0.175,0.12
03-30-2026 19:00,1774897200,0.111,0.113,0.1185,0.17,0.227,0.175,0.12
03-30-2026 20:00,1774900800,0.111,0.113,0.122,0.17,0.227,0.175,0.12
03-30-2026 21:00,1774904400,0.1,0.113,0.1185,0.165,0.231,0.175,0.12
03-30-2026 22:00,1774908000,0.095,0.113,0.12,0.215,0.236,0.165,0.125
03-30-2026 23:00,1774911600,0.095,0.113,0.12,0.24,0.241,0.175,0.125
03-31-2026 00:00,1774915200,0.095,0.113,0.122,0.205,0.241,0.175,0.125
03-31-2026 01:00,1774918800,0.1115,0.113,0.0535,0.061,0.23,0.18,0.125
03-31-2026 02:00,1774922400,0.1115,0.113,0.0575,0.061,0.23,0.18,0.125
03-31-2026 03:00,1774926000,0.1115,0.113,0.0895,0.061,0.23,0.18,0.125
03-31-2026 04:00,1774929600,0.1105,0.113,0.0675,0.1035,0.231,0.245,0.125
03-31-2026 05:00,1774933200,0.1105,0.1705,0.0845,0.1055,0.1975,0.19,0.125
03-31-2026 06:00,1774936800,0.1105,0.1705,0.0875,0.1395,0.1975,0.19,0.125
03-31-2026 07:00,1774940400,0.1105,0.1705,0.0835,0.147,0.2005,0.19,0.125
03-31-2026 08:00,1774944000,0.096,0.1705,0.085,0.14,0.2015,0.18,0.125
03-31-2026 09:00,1774947600,0.096,0.1705,0.0765,0.147,0.2015,0.18,0.125
03-31-2026 10:00,1774951200,0.096,0.1705,0.0845,0.1325,0.2,0.18,0.125
03-31-2026 11:00,1774954800,0.096,0.1705,0.0675,0.1515,0.207,0.18,0.125
03-31-2026 13:00,1774962000,0.0965,0.1705,0.0855,0.166,0.202,0.18,0.125
03-31-2026 14:00,1774965600,0.0965,0.1705,0.072,0.111,0.1975,0.18,0.125
03-31-2026 15:00,1774969200,0.0915,0.1705,0.08,0.125,0.1985,0.195,0.125
03-31-2026 16:00,1774972800,0.0915,0.1705,0.084,0.139,0.1985,0.195,0.125
03-31-2026 17:00,1774976400,0.066,0.129,0.0695,0.1475,0.263,0.19,0.125
03-31-2026 18:00,1774980000,0.092,0.129,0.078,0.075,0.263,0.19,0.125
03-31-2026 20:00,1774987200,0.092,0.1585,0.091,0.075,0.263,0.19,0.125
03-31-2026 21:00,1774990800,0.092,0.1585,0.0985,0.124,0.263,0.19,0.125
03-31-2026 22:00,1774994400,0.092,0.1585,0.0855,0.1795,0.263,0.19,0.125
03-31-2026 23:00,1774998000,0.0925,0.1585,0.0915,0.184,0.263,0.24,0.125
04-01-2026 00:00,1775001600,0.0925,0.1585,0.104,0.184,0.263,0.24,0.125
04-01-2026 01:00,1775005200,0.078,0.144,0.0855,0.156,0.263,0.225,0.125
04-01-2026 02:00,1775008800,0.078,0.1245,0.086,0.174,0.263,0.19,0.125
04-01-2026 03:00,1775012400,0.078,0.1245,0.0855,0.1765,0.263,0.19,0.125
04-01-2026 04:00,1775016000,0.078,0.1245,0.085,0.139,0.263,0.19,0.125
04-01-2026 05:00,1775019600,0.078,0.1285,0.081,0.1405,0.263,0.27,0.125
04-01-2026 06:00,1775023200,0.078,0.0875,0.079,0.1585,0.263,0.19,0.125
04-01-2026 07:00,1775026800,0.078,0.0875,0.075,0.1655,0.263,0.25,0.125
04-01-2026 08:00,1775030400,0.078,0.0875,0.0725,0.1285,0.263,0.19,0.125
04-01-2026 09:00,1775034000,0.078,0.0905,0.0775,0.169,0.263,0.19,0.125
04-01-2026 10:00,1775037600,0.078,0.0985,0.078,0.185,0.263,0.19,0.125
04-01-2026 11:00,1775041200,0.078,0.094,0.0835,0.16,0.2625,0.19,0.135
04-01-2026 12:00,1775044800,0.078,0.094,0.082,0.16,0.2625,0.19,0.135
04-01-2026 13:00,1775048400,0.078,0.093,0.0815,0.1575,0.2625,0.27,0.135
04-01-2026 14:00,1775052000,0.078,0.0935,0.0825,0.186,0.2625,0.185,0.135
04-01-2026 15:00,1775055600,0.077,0.0935,0.087,0.1565,0.2525,0.175,0.135
04-01-2026 16:00,1775059200,0.078,0.0935,0.0785,0.161,0.2525,0.235,0.135
04-01-2026 17:00,1775062800,0.078,0.0935,0.0865,0.161,0.2525,0.235,0.135
04-01-2026 18:00,1775066400,0.0775,0.0935,0.101,0.2725,0.219,0.18,0.135
04-01-2026 19:00,1775070000,0.0775,0.0935,0.101,0.2605,0.219,0.18,0.135
04-01-2026 20:00,1775073600,0.0695,0.0935,0.1005,0.228,0.2185,0.18,0.135
04-01-2026 21:00,1775077200,0.069,0.108,0.1005,0.2105,0.2145,0.185,0.135
04-01-2026 22:00,1775080800,0.069,0.1005,0.1005,0.2105,0.2195,0.2,0.135
04-01-2026 23:00,1775084400,0.0645,0.1005,0.1005,0.206,0.219,0.2,0.135
04-02-2026 00:00,1775088000,0.0645,0.1005,0.1005,0.206,0.219,0.2,0.135
04-02-2026 01:00,1775091600,0.0645,0.1005,0.1005,0.206,0.1835,0.2,0.135
04-02-2026 02:00,1775095200,0.0645,0.1135,0.1005,0.206,0.1835,0.2,0.135
04-02-2026 03:00,1775098800,0.0645,0.1135,0.1005,0.206,0.1835,0.2,0.135
04-02-2026 04:00,1775102400,0.0635,0.175,0.1005,0.206,0.1835,0.195,0.125
04-02-2026 05:00,1775106000,0.0635,0.099,0.1005,0.206,0.1835,0.195,0.125
04-02-2026 06:00,1775109600,0.0635,0.099,0.1005,0.206,0.1835,0.195,0.125
04-02-2026 07:00,1775113200,0.0635,0.0965,0.1005,0.206,0.1835,0.195,0.125
04-02-2026 08:00,1775116800,0.063,0.0965,0.1005,0.206,0.1835,0.195,0.125
04-02-2026 09:00,1775120400,0.063,0.0925,0.1005,0.206,0.1835,0.195,0.125
04-02-2026 10:00,1775124000,0.063,0.099,0.1225,0.206,0.1835,0.2,0.12
04-02-2026 11:00,1775127600,0.063,0.099,0.123,0.206,0.1835,0.2,0.12
04-02-2026 12:00,1775131200,0.063,0.099,0.123,0.206,0.1835,0.2,0.12
04-02-2026 13:00,1775134800,0.063,0.099,0.1275,0.206,0.1835,0.2,0.12
04-02-2026 14:00,1775138400,0.063,0.099,0.1225,0.206,0.1835,0.2,0.12
04-02-2026 15:00,1775142000,0.063,0.0995,0.1225,0.206,0.1835,0.195,0.12
04-02-2026 16:00,1775145600,0.063,0.096,0.1225,0.206,0.1835,0.195,0.12
04-02-2026 17:00,1775149200,0.063,0.0985,0.146,0.169,0.1825,0.195,0.115
04-02-2026 18:00,1775152800,0.0655,0.0985,0.1345,0.1305,0.1825,0.17,0.115
04-02-2026 19:00,1775156400,0.0655,0.169,0.1345,0.115,0.1825,0.19,0.115
04-02-2026 20:00,1775160000,0.0655,0.1515,0.1415,0.111,0.178,0.19,0.115
04-02-2026 21:00,1775163600,0.0655,0.1515,0.14,0.111,0.178,0.19,0.115
04-02-2026 22:00,1775167200,0.0655,0.1515,0.144,0.1255,0.1825,0.195,0.115
04-02-2026 23:00,1775170800,0.0655,0.1415,0.141,0.1485,0.1825,0.195,0.115
04-03-2026 00:00,1775174400,0.0655,0.1415,0.1415,0.1485,0.1825,0.195,0.115
04-03-2026 01:00,1775178000,0.0655,0.174,0.1415,0.152,0.1825,0.195,0.115
04-03-2026 02:00,1775181600,0.0655,0.178,0.14,0.1475,0.1825,0.195,0.115
04-03-2026 03:00,1775185200,0.0655,0.178,0.14,0.1475,0.1825,0.195,0.115
04-03-2026 04:00,1775188800,0.0655,0.179,0.14,0.141,0.1825,0.195,0.115
04-03-2026 05:00,1775192400,0.0655,0.1775,0.1395,0.142,0.1825,0.195,0.115
04-03-2026 07:00,1775199600,0.0655,0.1705,0.142,0.1445,0.1825,0.195,0.115
04-03-2026 08:00,1775203200,0.0655,0.176,0.142,0.1495,0.1825,0.195,0.115
04-03-2026 09:00,1775206800,0.111,0.176,0.143,0.143,0.1825,0.19,0.115
04-03-2026 10:00,1775210400,0.1085,0.1665,0.143,0.143,0.1825,0.195,0.115
04-03-2026 11:00,1775214000,0.1095,0.172,0.144,0.13,0.1825,0.195,0.115
04-03-2026 12:00,1775217600,0.1095,0.172,0.1415,0.125,0.1825,0.195,0.115
04-03-2026 13:00,1775221200,0.1095,0.172,0.1435,0.129,0.1825,0.195,0.115
04-03-2026 14:00,1775224800,0.106,0.172,0.14,0.12,0.1825,0.19,0.115
04-03-2026 15:00,1775228400,0.106,0.172,0.139,0.1195,0.1825,0.19,0.115
04-03-2026 16:00,1775232000,0.103,0.172,0.1415,0.111,0.183,0.195,0.125
04-03-2026 17:00,1775235600,0.103,0.131,0.14,0.111,0.183,0.195,0.115
04-03-2026 18:00,1775239200,0.1,0.1685,0.14,0.0945,0.183,0.205,0.125
04-03-2026 19:00,1775242800,0.0955,0.167,0.14,0.1045,0.183,0.205,0.125
04-03-2026 20:00,1775246400,0.0985,0.167,0.138,0.1125,0.183,0.205,0.125
04-03-2026 21:00,1775250000,0.0985,0.152,0.138,0.1125,0.183,0.21,0.125
04-03-2026 22:00,1775253600,0.085,0.152,0.1325,0.0955,0.183,0.21,0.125
04-03-2026 23:00,1775257200,0.085,0.152,0.132,0.0955,0.183,0.21,0.125
04-04-2026 00:00,1775260800,0.085,0.152,0.132,0.0955,0.183,0.21,0.125
04-04-2026 01:00,1775264400,0.085,0.152,0.1315,0.0955,0.183,0.21,0.125
04-04-2026 02:00,1775268000,0.088,0.152,0.131,0.09,0.183,0.21,0.125
04-04-2026 03:00,1775271600,0.0865,0.152,0.1305,0.102,0.183,0.21,0.125
04-04-2026 05:00,1775278800,0.0865,0.152,0.132,0.0905,0.183,0.21,0.125
04-04-2026 06:00,1775282400,0.0865,0.152,0.132,0.0905,0.183,0.21,0.125
04-04-2026 07:00,1775286000,0.0895,0.152,0.1315,0.103,0.183,0.21,0.12
04-04-2026 08:00,1775289600,0.086,0.152,0.1315,0.1085,0.183,0.24,0.12
04-04-2026 09:00,1775293200,0.086,0.152,0.1315,0.094,0.183,0.24,0.12
04-04-2026 10:00,1775296800,0.086,0.152,0.139,0.094,0.183,0.24,0.12
04-04-2026 11:00,1775300400,0.086,0.195,0.1385,0.094,0.183,0.24,0.12
04-04-2026 12:00,1775304000,0.086,0.195,0.1385,0.094,0.183,0.24,0.12
04-04-2026 13:00,1775307600,0.086,0.195,0.1385,0.146,0.183,0.24,0.12
04-04-2026 14:00,1775311200,0.086,0.1095,0.1385,0.146,0.183,0.24,0.115
04-04-2026 15:00,1775314800,0.086,0.1095,0.1465,0.146,0.183,0.24,0.115
04-04-2026 16:00,1775318400,0.086,0.1095,0.1465,0.1335,0.183,0.24,0.115
04-04-2026 17:00,1775322000,0.086,0.1435,0.1465,0.1335,0.183,0.245,0.135
04-04-2026 18:00,1775325600,0.086,0.1435,0.1465,0.1335,0.183,0.245,0.135
04-04-2026 19:00,1775329200,0.086,0.1525,0.1465,0.1335,0.183,0.275,0.115
04-04-2026 20:00,1775332800,0.086,0.1525,0.147,0.1335,0.183,0.275,0.115
04-04-2026 21:00,1775336400,0.086,0.1525,0.1525,0.1335,0.183,0.275,0.115
04-04-2026 22:00,1775340000,0.086,0.1525,0.1515,0.1335,0.183,0.275,0.115
04-05-2026 00:00,1775347200,0.086,0.16,0.1515,0.1335,0.183,0.24,0.125
04-05-2026 01:00,1775350800,0.0875,0.182,0.1515,0.123,0.2095,0.24,0.125
04-05-2026 02:00,1775354400,0.0875,0.182,0.152,0.123,0.2095,0.24,0.125
04-05-2026 04:00,1775361600,0.09,0.182,0.162,0.128,0.2165,0.235,0.125
04-05-2026 05:00,1775365200,0.0905,0.182,0.1635,0.121,0.1985,0.235,0.125
04-05-2026 06:00,1775368800,0.0905,0.182,0.1615,0.121,0.1985,0.235,0.125
04-05-2026 07:00,1775372400,0.0905,0.182,0.1565,0.1305,0.1985,0.235,0.125
04-05-2026 08:00,1775376000,0.0905,0.182,0.16,0.1305,0.1985,0.235,0.125
04-05-2026 09:00,1775379600,0.0905,0.182,0.164,0.1305,0.1985,0.235,0.125
04-05-2026 10:00,1775383200,0.0725,0.182,0.1605,0.1415,0.1985,0.235,0.125
04-05-2026 11:00,1775386800,0.0725,0.182,0.1585,0.1615,0.1985,0.235,0.125
04-05-2026 12:00,1775390400,0.0725,0.182,0.1645,0.1615,0.1985,0.235,0.125
04-05-2026 13:00,1775394000,0.0725,0.182,0.1635,0.157,0.1985,0.235,0.125
04-05-2026 14:00,1775397600,0.0725,0.1305,0.164,0.1575,0.1985,0.235,0.125
04-05-2026 15:00,1775401200,0.0725,0.1305,0.1645,0.154,0.1985,0.235,0.125
04-05-2026 16:00,1775404800,0.0725,0.1305,0.1635,0.157,0.1985,0.235,0.125
04-05-2026 17:00,1775408400,0.0725,0.1405,0.164,0.1545,0.1985,0.235,0.125
04-05-2026 18:00,1775412000,0.0725,0.1405,0.1635,0.1545,0.1985,0.235,0.125
04-05-2026 19:00,1775415600,0.0725,0.1405,0.163,0.151,0.216,0.235,0.125
04-05-2026 20:00,1775419200,0.0725,0.1405,0.163,0.151,0.216,0.235,0.125
04-05-2026 21:00,1775422800,0.0725,0.134,0.163,0.151,0.216,0.235,0.11
04-05-2026 22:00,1775426400,0.0725,0.134,0.158,0.1485,0.216,0.235,0.11
04-05-2026 23:00,1775430000,0.0725,0.134,0.155,0.1445,0.215,0.235,0.11
04-06-2026 00:00,1775433600,0.0725,0.134,0.164,0.1445,0.215,0.235,0.11
04-06-2026 01:00,1775437200,0.0915,0.134,0.164,0.1565,0.2185,0.235,0.11
04-06-2026 02:00,1775440800,0.0915,0.134,0.164,0.153,0.2185,0.235,0.11
04-06-2026 03:00,1775444400,0.0915,0.134,0.1615,0.149,0.2185,0.235,0.11
04-06-2026 04:00,1775448000,0.091,0.134,0.153,0.142,0.2205,0.235,0.11
04-06-2026 05:00,1775451600,0.0915,0.134,0.1565,0.1425,0.2205,0.235,0.11
04-06-2026 07:00,1775458800,0.091,0.134,0.1575,0.1405,0.2205,0.235,0.11
04-06-2026 08:00,1775462400,0.0895,0.134,0.1485,0.142,0.2205,0.235,0.11
04-06-2026 09:00,1775466000,0.0895,0.1295,0.1485,0.142,0.2205,0.235,0.1
04-06-2026 10:00,1775469600,0.0895,0.1295,0.1525,0.14,0.2205,0.215,0.1
04-06-2026 11:00,1775473200,0.0895,0.1295,0.1525,0.134,0.2205,0.215,0.1
04-06-2026 12:00,1775476800,0.0895,0.1295,0.1525,0.134,0.2205,0.215,0.1
04-06-2026 13:00,1775480400,0.089,0.1295,0.152,0.1445,0.219,0.215,0.1
04-06-2026 14:00,1775484000,0.0895,0.1295,0.151,0.1235,0.2185,0.215,0.1
04-06-2026 15:00,1775487600,0.0895,0.1295,0.1515,0.146,0.2185,0.215,0.1
04-06-2026 16:00,1775491200,0.0895,0.1285,0.141,0.146,0.2185,0.215,0.125
04-06-2026 17:00,1775494800,0.0895,0.1285,0.1525,0.146,0.2185,0.215,0.125
04-06-2026 18:00,1775498400,0.079,0.1245,0.153,0.1485,0.2195,0.235,0.11
04-06-2026 19:00,1775502000,0.079,0.1245,0.1525,0.1415,0.2195,0.235,0.11
04-06-2026 20:00,1775505600,0.079,0.1245,0.14,0.1345,0.221,0.235,0.11
04-06-2026 21:00,1775509200,0.079,0.1245,0.152,0.1385,0.221,0.235,0.11
04-06-2026 22:00,1775512800,0.079,0.1245,0.152,0.136,0.22,0.235,0.11
04-06-2026 23:00,1775516400,0.079,0.1245,0.1455,0.1455,0.22,0.235,0.11
04-07-2026 00:00,1775520000,0.079,0.1245,0.153,0.1455,0.22,0.235,0.11
04-07-2026 01:00,1775523600,0.083,0.1245,0.153,0.1525,0.22,0.235,0.11
04-07-2026 02:00,1775527200,0.079,0.1245,0.1535,0.1445,0.22,0.235,0.11
04-07-2026 03:00,1775530800,0.079,0.1245,0.153,0.1395,0.22,0.235,0.11
04-07-2026 04:00,1775534400,0.081,0.1245,0.1535,0.136,0.22,0.21,0.11
04-07-2026 06:00,1775541600,0.081,0.121,0.1535,0.136,0.22,0.21,0.105
04-07-2026 07:00,1775545200,0.0805,0.121,0.153,0.1335,0.2,0.21,0.105
04-07-2026 08:00,1775548800,0.0805,0.121,0.1525,0.1335,0.2,0.21,0.105
04-07-2026 09:00,1775552400,0.0805,0.121,0.1535,0.1335,0.2,0.21,0.105
04-07-2026 10:00,1775556000,0.0805,0.121,0.1535,0.1335,0.2,0.21,0.105
04-07-2026 11:00,1775559600,0.079,0.121,0.153,0.177,0.2,0.21,0.105
04-07-2026 12:00,1775563200,0.079,0.121,0.1515,0.177,0.2,0.21,0.105
04-07-2026 13:00,1775566800,0.079,0.121,0.1405,0.1725,0.2005,0.21,0.105
04-07-2026 14:00,1775570400,0.078,0.119,0.153,0.172,0.2,0.195,0.09
04-07-2026 16:00,1775577600,0.078,0.119,0.153,0.172,0.2,0.195,0.09
04-07-2026 17:00,1775581200,0.1195,0.133,0.153,0.1675,0.197,0.19,0.09
04-07-2026 18:00,1775584800,0.116,0.1315,0.152,0.1655,0.1925,0.19,0.09
04-07-2026 19:00,1775588400,0.1245,0.12,0.152,0.1615,0.195,0.19,0.09
04-07-2026 20:00,1775592000,0.1245,0.1345,0.145,0.1615,0.195,0.19,0.09
04-07-2026 21:00,1775595600,0.1245,0.1345,0.154,0.1615,0.195,0.19,0.09
04-07-2026 22:00,1775599200,0.1245,0.128,0.1535,0.1615,0.195,0.19,0.1
04-07-2026 23:00,1775602800,0.1245,0.128,0.1545,0.1615,0.195,0.19,0.1
04-08-2026 01:00,1775610000,0.1245,0.129,0.1535,0.1615,0.195,0.19,0.085
04-08-2026 02:00,1775613600,0.108,0.1235,0.1535,0.1865,0.193,0.18,0.1
04-08-2026 03:00,1775617200,0.108,0.1235,0.1645,0.1865,0.193,0.18,0.1
04-08-2026 04:00,1775620800,0.108,0.1235,0.1595,0.1865,0.193,0.18,0.1
04-08-2026 05:00,1775624400,0.108,0.1095,0.159,0.1865,0.193,0.18,0.1
04-08-2026 06:00,1775628000,0.108,0.1095,0.1575,0.1865,0.193,0.18,0.1
04-08-2026 07:00,1775631600,0.108,0.1095,0.157,0.1865,0.193,0.18,0.1
04-08-2026 08:00,1775635200,0.118,0.1095,0.1575,0.179,0.186,0.18,0.1
04-08-2026 09:00,1775638800,0.118,0.1275,0.1575,0.179,0.186,0.185,0.08
04-08-2026 11:00,1775646000,0.118,0.1275,0.157,0.182,0.186,0.185,0.08
04-08-2026 12:00,1775649600,0.124,0.1275,0.157,0.177,0.1905,0.175,0.08
04-08-2026 13:00,1775653200,0.1215,0.1325,0.1565,0.1745,0.191,0.18,0.085
04-08-2026 14:00,1775656800,0.1215,0.1325,0.1565,0.1745,0.191,0.18,0.085
04-08-2026 15:00,1775660400,0.125,0.128,0.1565,0.183,0.1925,0.18,0.08
04-08-2026 16:00,1775664000,0.125,0.128,0.1555,0.183,0.1925,0.18,0.08
04-08-2026 17:00,1775667600,0.125,0.128,0.1555,0.178,0.1925,0.18,0.08
04-08-2026 18:00,1775671200,0.125,0.128,0.1875,0.178,0.1925,0.18,0.08
04-08-2026 19:00,1775674800,0.125,0.128,0.1765,0.193,0.1925,0.18,0.08
04-08-2026 20:00,1775678400,0.109,0.128,0.17,0.193,0.154,0.18,0.08
04-08-2026 21:00,1775682000,0.109,0.128,0.1705,0.193,0.154,0.18,0.08
04-08-2026 22:00,1775685600,0.109,0.128,0.166,0.1895,0.154,0.18,0.08
04-08-2026 23:00,1775689200,0.1085,0.183,0.1675,0.185,0.1445,0.17,0.075
04-09-2026 00:00,1775692800,0.112,0.183,0.1695,0.185,0.156,0.17,0.075
04-09-2026 01:00,1775696400,0.1035,0.183,0.17,0.185,0.148,0.175,0.075
04-09-2026 02:00,1775700000,0.1095,0.1825,0.1695,0.1845,0.15,0.175,0.08
04-09-2026 03:00,1775703600,0.1095,0.1825,0.1695,0.1845,0.1555,0.175,0.08
04-09-2026 04:00,1775707200,0.1095,0.183,0.169,0.1845,0.16,0.17,0.08
04-09-2026 05:00,1775710800,0.1105,0.1835,0.167,0.1845,0.161,0.17,0.075
04-09-2026 06:00,1775714400,0.096,0.1835,0.166,0.186,0.1605,0.17,0.075
04-09-2026 07:00,1775718000,0.104,0.182,0.164,0.1845,0.1615,0.175,0.075
04-09-2026 08:00,1775721600,0.106,0.1705,0.163,0.1875,0.167,0.17,0.08
04-09-2026 09:00,1775725200,0.0965,0.1705,0.1675,0.185,0.142,0.17,0.08
04-09-2026 10:00,1775728800,0.1055,0.1355,0.165,0.1845,0.144,0.19,0.075
04-09-2026 11:00,1775732400,0.1065,0.132,0.1635,0.184,0.153,0.19,0.08
04-09-2026 12:00,1775736000,0.1065,0.132,0.163,0.184,0.153,0.19,0.08
04-09-2026 13:00,1775739600,0.0975,0.132,0.1645,0.186,0.1725,0.19,0.08
04-09-2026 14:00,1775743200,0.1005,0.132,0.1625,0.185,0.1785,0.19,0.08
04-09-2026 15:00,1775746800,0.1005,0.1235,0.1625,0.185,0.1785,0.195,0.08
04-09-2026 16:00,1775750400,0.1255,0.1235,0.163,0.1865,0.17,0.19,0.08
04-09-2026 17:00,1775754000,0.1255,0.1235,0.222,0.1865,0.17,0.19,0.08
04-09-2026 18:00,1775757600,0.1255,0.1235,0.222,0.1865,0.17,0.19,0.08
04-09-2026 19:00,1775761200,0.1255,0.1235,0.1795,0.1865,0.17,0.19,0.08
04-09-2026 20:00,1775764800,0.115,0.1235,0.179,0.168,0.123,0.19,0.08
04-09-2026 21:00,1775768400,0.115,0.1235,0.176,0.168,0.123,0.19,0.08
04-09-2026 22:00,1775772000,0.1415,0.1235,0.1815,0.1695,0.1515,0.19,0.08
04-09-2026 23:00,1775775600,0.142,0.1235,0.188,0.17,0.139,0.19,0.08
04-10-2026 01:00,1775782800,0.1425,0.1235,0.173,0.1755,0.1455,0.19,0.08
04-10-2026 02:00,1775786400,0.144,0.1235,0.1835,0.1785,0.1405,0.19,0.08
04-10-2026 03:00,1775790000,0.144,0.1235,0.1735,0.1785,0.1405,0.19,0.08
04-10-2026 04:00,1775793600,0.138,0.1235,0.1735,0.1875,0.125,0.19,0.08
04-10-2026 05:00,1775797200,0.137,0.1235,0.1815,0.183,0.146,0.19,0.08
04-10-2026 06:00,1775800800,0.138,0.1555,0.1815,0.1795,0.1515,0.17,0.085
04-10-2026 07:00,1775804400,0.1165,0.1555,0.1775,0.184,0.1345,0.165,0.085
04-10-2026 08:00,1775808000,0.1165,0.151,0.1775,0.184,0.1345,0.165,0.115
04-10-2026 09:00,1775811600,0.1165,0.163,0.1775,0.184,0.1345,0.165,0.115
04-10-2026 10:00,1775815200,0.1165,0.163,0.1915,0.176,0.1345,0.165,0.115
04-10-2026 11:00,1775818800,0.1075,0.163,0.19,0.171,0.1155,0.17,0.115
04-10-2026 12:00,1775822400,0.1075,0.163,0.19,0.171,0.1155,0.17,0.115
04-10-2026 13:00,1775826000,0.12,0.1605,0.19,0.171,0.119,0.165,0.125
04-10-2026 14:00,1775829600,0.12,0.1605,0.1725,0.1765,0.119,0.165,0.125
04-10-2026 15:00,1775833200,0.115,0.1665,0.1725,0.1765,0.1195,0.165,0.12
04-10-2026 16:00,1775836800,0.115,0.17,0.1765,0.1765,0.1195,0.165,0.09
04-10-2026 17:00,1775840400,0.0915,0.172,0.1765,0.1805,0.1195,0.155,0.075
04-10-2026 18:00,1775844000,0.0915,0.172,0.219,0.1805,0.1195,0.155,0.075
04-10-2026 19:00,1775847600,0.0915,0.172,0.2125,0.1805,0.1195,0.155,0.075
04-10-2026 20:00,1775851200,0.0915,0.174,0.2125,0.1805,0.1195,0.175,0.06
04-10-2026 21:00,1775854800,0.0915,0.174,0.2245,0.1805,0.1195,0.175,0.06
04-10-2026 22:00,1775858400,0.0915,0.174,0.2265,0.1805,0.1195,0.175,0.06
04-10-2026 23:00,1775862000,0.111,0.18,0.2265,0.1805,0.1055,0.155,0.06
04-11-2026 01:00,1775869200,0.111,0.18,0.228,0.174,0.108,0.155,0.06
04-11-2026 02:00,1775872800,0.111,0.18,0.2285,0.174,0.108,0.155,0.06
04-11-2026 03:00,1775876400,0.111,0.18,0.2285,0.1745,0.108,0.155,0.06
04-11-2026 04:00,1775880000,0.111,0.18,0.229,0.1745,0.108,0.155,0.06
04-11-2026 05:00,1775883600,0.111,0.18,0.197,0.1745,0.108,0.155,0.06
04-11-2026 06:00,1775887200,0.111,0.1675,0.197,0.1745,0.108,0.155,0.065
04-11-2026 07:00,1775890800,0.1005,0.1675,0.1855,0.1745,0.1145,0.135,0.065
04-11-2026 08:00,1775894400,0.099,0.1675,0.1905,0.1745,0.1245,0.135,0.07
04-11-2026 09:00,1775898000,0.099,0.1675,0.1865,0.1745,0.1245,0.135,0.07
04-11-2026 10:00,1775901600,0.1035,0.1675,0.2065,0.174,0.1165,0.14,0.085
04-11-2026 11:00,1775905200,0.104,0.1675,0.205,0.1745,0.12,0.145,0.085
04-11-2026 13:00,1775912400,0.104,0.1675,0.2265,0.185,0.12,0.145,0.085
04-11-2026 14:00,1775916000,0.104,0.1675,0.2135,0.1845,0.12,0.145,0.085
04-11-2026 16:00,1775923200,0.104,0.1675,0.2315,0.187,0.117,0.145,0.085
04-11-2026 17:00,1775926800,0.104,0.1675,0.2315,0.187,0.117,0.145,0.085
04-11-2026 18:00,1775930400,0.104,0.1675,0.2275,0.187,0.117,0.145,0.085
04-11-2026 19:00,1775934000,0.104,0.1675,0.2265,0.188,0.117,0.145,0.085
04-11-2026 20:00,1775937600,0.104,0.1675,0.2295,0.188,0.117,0.145,0.085
04-11-2026 21:00,1775941200,0.104,0.1675,0.223,0.188,0.117,0.145,0.085
04-11-2026 22:00,1775944800,0.104,0.225,0.223,0.188,0.117,0.145,0.055
04-11-2026 23:00,1775948400,0.104,0.225,0.2275,0.1865,0.117,0.145,0.055
04-12-2026 00:00,1775952000,0.104,0.2395,0.2275,0.1865,0.117,0.13,0.0395
04-12-2026 01:00,1775955600,0.102,0.2395,0.2465,0.1895,0.132,0.13,0.0395
04-12-2026 02:00,1775959200,0.102,0.2395,0.242,0.1895,0.117,0.13,0.0395
04-12-2026 03:00,1775962800,0.102,0.2395,0.24,0.1895,0.117,0.13,0.0395
04-12-2026 04:00,1775966400,0.102,0.2395,0.242,0.19,0.118,0.13,0.0395
04-12-2026 05:00,1775970000,0.1025,0.2395,0.236,0.192,0.1165,0.13,0.0395
04-12-2026 06:00,1775973600,0.1025,0.2395,0.232,0.192,0.1165,0.13,0.0395
04-12-2026 07:00,1775977200,0.1015,0.2395,0.2245,0.192,0.1275,0.13,0.0395
04-12-2026 08:00,1775980800,0.1015,0.2395,0.224,0.193,0.1235,0.13,0.0395
04-12-2026 09:00,1775984400,0.1015,0.2395,0.2335,0.193,0.1235,0.13,0.0395
04-12-2026 10:00,1775988000,0.1015,0.2395,0.2225,0.1885,0.1245,0.13,0.0395
04-12-2026 11:00,1775991600,0.105,0.2395,0.224,0.192,0.119,0.13,0.0395
04-12-2026 13:00,1775998800,0.105,0.2395,0.2255,0.193,0.119,0.13,0.0395
04-12-2026 14:00,1776002400,0.105,0.2395,0.217,0.193,0.119,0.13,0.0395
04-12-2026 16:00,1776009600,0.105,0.1855,0.217,0.193,0.119,0.125,0.0505
04-12-2026 17:00,1776013200,0.105,0.1855,0.226,0.1955,0.119,0.125,0.0505
04-12-2026 18:00,1776016800,0.105,0.1855,0.229,0.1955,0.119,0.125,0.0505
04-12-2026 19:00,1776020400,0.105,0.1855,0.2395,0.1955,0.119,0.125,0.0505
04-12-2026 20:00,1776024000,0.105,0.1855,0.2245,0.1955,0.119,0.125,0.0505
04-12-2026 21:00,1776027600,0.105,0.1855,0.231,0.1955,0.119,0.125,0.0505
04-12-2026 22:00,1776031200,0.105,0.1855,0.2375,0.1965,0.119,0.125,0.0505
04-12-2026 23:00,1776034800,0.105,0.1855,0.243,0.198,0.119,0.125,0.0505
04-13-2026 00:00,1776038400,0.105,0.1855,0.232,0.198,0.119,0.125,0.0505
04-13-2026 01:00,1776042000,0.171,0.1855,0.2345,0.198,0.1,0.115,0.0505
04-13-2026 02:00,1776045600,0.171,0.1855,0.2335,0.198,0.1,0.115,0.0505
04-13-2026 03:00,1776049200,0.1655,0.1855,0.2505,0.199,0.0935,0.115,0.0505
04-13-2026 04:00,1776052800,0.165,0.1765,0.2325,0.1985,0.0955,0.11,0.051
04-13-2026 05:00,1776056400,0.165,0.1765,0.234,0.1985,0.0955,0.11,0.051
04-13-2026 06:00,1776060000,0.165,0.1765,0.2265,0.1985,0.0955,0.11,0.051
04-13-2026 07:00,1776063600,0.1685,0.1765,0.2285,0.208,0.093,0.11,0.051
04-13-2026 08:00,1776067200,0.1685,0.1765,0.23,0.207,0.094,0.09,0.051
04-13-2026 09:00,1776070800,0.1685,0.1765,0.2285,0.207,0.094,0.09,0.051
04-13-2026 10:00,1776074400,0.1685,0.1765,0.225,0.207,0.094,0.09,0.051
04-13-2026 11:00,1776078000,0.1685,0.1765,0.226,0.207,0.0945,0.09,0.051
04-13-2026 13:00,1776085200,0.1685,0.1765,0.237,0.1975,0.0945,0.09,0.051
04-13-2026 14:00,1776088800,0.1685,0.1765,0.236,0.1975,0.0945,0.09,0.051
04-13-2026 16:00,1776096000,0.1685,0.1645,0.221,0.1975,0.0945,0.09,0.0675
04-13-2026 17:00,1776099600,0.1685,0.1645,0.2395,0.1975,0.0945,0.09,0.0675
04-13-2026 18:00,1776103200,0.1685,0.1645,0.2425,0.1975,0.0945,0.09,0.0675
04-13-2026 19:00,1776106800,0.1685,0.1645,0.24,0.1835,0.0945,0.09,0.0675
04-13-2026 20:00,1776110400,0.1685,0.1645,0.238,0.1835,0.0945,0.09,0.0675
04-13-2026 22:00,1776117600,0.1685,0.1715,0.2385,0.1835,0.0945,0.09,0.079
04-13-2026 23:00,1776121200,0.1685,0.1715,0.2135,0.1835,0.0945,0.09,0.079
04-14-2026 01:00,1776128400,0.171,0.1715,0.218,0.1855,0.1545,0.045,0.079
04-14-2026 02:00,1776132000,0.171,0.1715,0.2295,0.1855,0.1545,0.045,0.079
04-14-2026 03:00,1776135600,0.171,0.1715,0.225,0.1855,0.1545,0.045,0.079
04-14-2026 04:00,1776139200,0.171,0.1715,0.221,0.1855,0.1545,0.045,0.079
04-14-2026 05:00,1776142800,0.171,0.1715,0.235,0.1855,0.1545,0.045,0.079
04-14-2026 07:00,1776150000,0.171,0.1715,0.2355,0.1855,0.1545,0.045,0.079
04-14-2026 08:00,1776153600,0.169,0.1715,0.216,0.1855,0.16,0.045,0.079
04-14-2026 09:00,1776157200,0.169,0.1715,0.2105,0.1855,0.16,0.045,0.079
04-14-2026 10:00,1776160800,0.169,0.1715,0.2185,0.186,0.16,0.045,0.079
04-14-2026 11:00,1776164400,0.169,0.1715,0.2185,0.1865,0.16,0.045,0.079
04-14-2026 13:00,1776171600,0.169,0.1715,0.219,0.186,0.16,0.045,0.079
04-14-2026 14:00,1776175200,0.169,0.1715,0.243,0.186,0.16,0.045,0.079
04-14-2026 15:00,1776178800,0.169,0.1715,0.239,0.186,0.16,0.045,0.079
04-14-2026 16:00,1776182400,0.169,0.1715,0.24,0.186,0.16,0.045,0.079
04-14-2026 17:00,1776186000,0.169,0.1715,0.2145,0.186,0.16,0.045,0.079
04-14-2026 18:00,1776189600,0.169,0.146,0.2145,0.186,0.16,0.048,0.0675
04-14-2026 20:00,1776196800,0.169,0.146,0.1945,0.186,0.16,0.048,0.0675
04-14-2026 21:00,1776200400,0.169,0.146,0.186,0.186,0.16,0.048,0.0675
04-14-2026 22:00,1776204000,0.169,0.146,0.186,0.186,0.16,0.048,0.0675
04-15-2026 00:00,1776211200,0.169,0.146,0.186,0.186,0.16,0.048,0.0675
04-15-2026 01:00,1776214800,0.1645,0.146,0.186,0.1915,0.1495,0.048,0.0675
04-15-2026 02:00,1776218400,0.1645,0.146,0.186,0.1915,0.1495,0.048,0.0675
04-15-2026 03:00,1776222000,0.1645,0.146,0.185,0.1915,0.1495,0.048,0.0675
04-15-2026 04:00,1776225600,0.135,0.146,0.1845,0.1895,0.156,0.048,0.0675
04-15-2026 06:00,1776232800,0.135,0.146,0.1845,0.1895,0.156,0.048,0.0675
04-15-2026 07:00,1776236400,0.135,0.146,0.1845,0.1895,0.156,0.048,0.0675
04-15-2026 08:00,1776240000,0.135,0.146,0.184,0.1895,0.156,0.048,0.0675
04-15-2026 09:00,1776243600,0.135,0.146,0.179,0.1885,0.156,0.048,0.0675
04-15-2026 10:00,1776247200,0.135,0.146,0.179,0.1885,0.156,0.048,0.0675
04-15-2026 11:00,1776250800,0.147,0.146,0.1805,0.1875,0.142,0.048,0.0675
04-15-2026 12:00,1776254400,0.147,0.146,0.1805,0.1875,0.142,0.048,0.0675
04-15-2026 13:00,1776258000,0.147,0.1835,0.1805,0.1875,0.142,0.069,0.05
04-15-2026 14:00,1776261600,0.142,0.1835,0.1855,0.1865,0.154,0.069,0.05
04-15-2026 15:00,1776265200,0.142,0.1835,0.1795,0.1865,0.154,0.069,0.05
04-15-2026 16:00,1776268800,0.142,0.1835,0.1795,0.196,0.154,0.069,0.05
04-15-2026 17:00,1776272400,0.142,0.1835,0.1805,0.196,0.154,0.069,0.05
04-15-2026 18:00,1776276000,0.142,0.1835,0.179,0.196,0.154,0.069,0.05
04-15-2026 19:00,1776279600,0.142,0.193,0.179,0.196,0.154,0.0415,0.068
04-15-2026 20:00,1776283200,0.142,0.193,0.1795,0.1775,0.154,0.0415,0.068
04-15-2026 21:00,1776286800,0.1265,0.1885,0.1805,0.174,0.1555,0.046,0.0545
04-15-2026 22:00,1776290400,0.1265,0.1885,0.1815,0.176,0.1555,0.046,0.0545
04-15-2026 23:00,1776294000,0.127,0.1885,0.1715,0.1735,0.1555,0.046,0.0545
04-16-2026 01:00,1776301200,0.1255,0.1885,0.222,0.207,0.1325,0.046,0.0545
04-16-2026 02:00,1776304800,0.1255,0.1885,0.228,0.198,0.1325,0.046,0.0545
04-16-2026 03:00,1776308400,0.1255,0.1885,0.2335,0.198,0.1325,0.046,0.0545
04-16-2026 04:00,1776312000,0.1255,0.1885,0.236,0.2065,0.1245,0.046,0.0545
04-16-2026 05:00,1776315600,0.1255,0.1885,0.241,0.2065,0.1345,0.046,0.0545
04-16-2026 06:00,1776319200,0.1255,0.1975,0.2185,0.2065,0.1345,0.046,0.0545
04-16-2026 07:00,1776322800,0.1255,0.1975,0.2235,0.1925,0.132,0.046,0.0545
04-16-2026 08:00,1776326400,0.1255,0.1975,0.222,0.193,0.132,0.046,0.0545
04-16-2026 10:00,1776333600,0.1255,0.1975,0.221,0.1945,0.132,0.046,0.0545
04-16-2026 11:00,1776337200,0.126,0.1975,0.219,0.194,0.1455,0.046,0.0545
04-16-2026 12:00,1776340800,0.126,0.1975,0.2195,0.194,0.1455,0.046,0.0545
04-16-2026 13:00,1776344400,0.126,0.1975,0.2195,0.191,0.1455,0.046,0.0545
04-16-2026 14:00,1776348000,0.126,0.1975,0.22,0.1825,0.1455,0.046,0.0545
04-16-2026 15:00,1776351600,0.126,0.1975,0.244,0.1825,0.1455,0.046,0.0545
04-16-2026 16:00,1776355200,0.126,0.1975,0.2485,0.1825,0.1455,0.046,0.0545
04-16-2026 17:00,1776358800,0.126,0.1975,0.25,0.1825,0.1455,0.046,0.0545
04-16-2026 18:00,1776362400,0.126,0.1975,0.25,0.192,0.1455,0.062,0.054
04-16-2026 19:00,1776366000,0.126,0.1975,0.252,0.192,0.1455,0.062,0.054
04-16-2026 20:00,1776369600,0.126,0.1975,0.2515,0.192,0.1455,0.062,0.054
04-16-2026 21:00,1776373200,0.126,0.1975,0.252,0.192,0.1455,0.062,0.054
04-16-2026 22:00,1776376800,0.126,0.1975,0.2655,0.192,0.1455,0.062,0.054
04-16-2026 23:00,1776380400,0.126,0.1975,0.2465,0.192,0.1455,0.062,0.054
04-17-2026 00:00,1776384000,0.126,0.1975,0.252,0.192,0.1455,0.062,0.054
04-17-2026 01:00,1776387600,0.123,0.204,0.252,0.2155,0.135,0.065,0.054
04-17-2026 02:00,1776391200,0.119,0.204,0.2475,0.218,0.1145,0.053,0.048
04-17-2026 03:00,1776394800,0.119,0.204,0.248,0.218,0.1145,0.0475,0.048
04-17-2026 04:00,1776398400,0.123,0.2045,0.247,0.218,0.1375,0.0575,0.056
04-17-2026 05:00,1776402000,0.123,0.1985,0.2445,0.211,0.144,0.057,0.054
04-17-2026 06:00,1776405600,0.123,0.1985,0.2515,0.211,0.144,0.057,0.054
04-17-2026 07:00,1776409200,0.123,0.1985,0.25,0.2115,0.146,0.069,0.053
04-17-2026 08:00,1776412800,0.123,0.194,0.254,0.213,0.1445,0.069,0.053
04-17-2026 09:00,1776416400,0.123,0.194,0.253,0.213,0.1445,0.069,0.053
04-17-2026 10:00,1776420000,0.123,0.194,0.2605,0.214,0.1445,0.05,0.046
04-17-2026 11:00,1776423600,0.118,0.2005,0.251,0.2135,0.1485,0.054,0.046
04-17-2026 12:00,1776427200,0.118,0.2005,0.251,0.2135,0.1485,0.054,0.046
04-17-2026 13:00,1776430800,0.118,0.2005,0.251,0.2135,0.1485,0.0495,0.055
04-17-2026 15:00,1776438000,0.1225,0.1915,0.251,0.2135,0.1475,0.0495,0.0545
04-17-2026 16:00,1776441600,0.1225,0.1915,0.251,0.2135,0.1475,0.0495,0.0545
04-17-2026 17:00,1776445200,0.122,0.183,0.251,0.213,0.144,0.0495,0.0555
04-17-2026 18:00,1776448800,0.1225,0.1975,0.251,0.2155,0.1465,0.0495,0.0555
04-17-2026 19:00,1776452400,0.123,0.2035,0.251,0.2135,0.146,0.0495,0.056
04-17-2026 20:00,1776456000,0.121,0.1835,0.251,0.2215,0.156,0.048,0.0575
04-17-2026 21:00,1776459600,0.121,0.1835,0.2495,0.2215,0.156,0.048,0.0575
04-17-2026 22:00,1776463200,0.121,0.1835,0.25,0.2215,0.156,0.0435,0.0575
04-17-2026 23:00,1776466800,0.121,0.1835,0.2365,0.2215,0.156,0.0305,0.039
04-18-2026 00:00,1776470400,0.1155,0.1825,0.2365,0.2425,0.135,0.0305,0.039
04-18-2026 01:00,1776474000,0.1155,0.1935,0.2355,0.2425,0.135,0.044,0.039
04-18-2026 02:00,1776477600,0.1155,0.1935,0.2355,0.2425,0.135,0.044,0.039
04-18-2026 04:00,1776484800,0.1155,0.1935,0.2355,0.2425,0.135,0.041,0.045
04-18-2026 05:00,1776488400,0.1155,0.1935,0.2355,0.2425,0.135,0.0445,0.0435
04-18-2026 06:00,1776492000,0.1155,0.1935,0.2355,0.2425,0.135,0.0445,0.0435
04-18-2026 07:00,1776495600,0.124,0.1935,0.2355,0.2415,0.138,0.045,0.043
04-18-2026 08:00,1776499200,0.124,0.1935,0.2355,0.2425,0.116,0.045,0.043
04-18-2026 09:00,1776502800,0.124,0.1935,0.2355,0.2425,0.116,0.045,0.043
04-18-2026 10:00,1776506400,0.124,0.1935,0.2355,0.2345,0.147,0.045,0.0435
04-18-2026 11:00,1776510000,0.124,0.19,0.2355,0.24,0.1515,0.045,0.0435
04-18-2026 12:00,1776513600,0.124,0.19,0.234,0.24,0.1515,0.045,0.0435
04-18-2026 13:00,1776517200,0.124,0.19,0.234,0.24,0.1515,0.045,0.0435
04-18-2026 14:00,1776520800,0.124,0.19,0.232,0.24,0.1515,0.0645,0.0435
04-18-2026 15:00,1776524400,0.1235,0.1895,0.232,0.1635,0.15,0.07,0.0535
04-18-2026 16:00,1776528000,0.1235,0.1895,0.2315,0.1635,0.15,0.07,0.0535
04-18-2026 17:00,1776531600,0.1235,0.1895,0.167,0.1635,0.15,0.072,0.055
04-18-2026 18:00,1776535200,0.1235,0.2135,0.167,0.15,0.1495,0.072,0.055
04-18-2026 19:00,1776538800,0.1235,0.2135,0.1695,0.15,0.1495,0.076,0.055
04-18-2026 20:00,1776542400,0.1235,0.213,0.1425,0.15,0.1495,0.076,0.055
04-18-2026 21:00,1776546000,0.1235,0.213,0.146,0.15,0.1495,0.076,0.055
04-18-2026 22:00,1776549600,0.1235,0.213,0.1455,0.15,0.1495,0.0755,0.0555
04-18-2026 23:00,1776553200,0.1235,0.213,0.1655,0.15,0.1495,0.0755,0.055
04-19-2026 00:00,1776556800,0.1235,0.213,0.1665,0.15,0.1495,0.0755,0.055
04-19-2026 01:00,1776560400,0.1305,0.213,0.1655,0.1525,0.1525,0.0705,0.0555
04-19-2026 02:00,1776564000,0.1305,0.213,0.1765,0.1525,0.1525,0.0705,0.0555
04-19-2026 03:00,1776567600,0.1305,0.213,0.1755,0.1525,0.1525,0.07,0.0555
04-19-2026 04:00,1776571200,0.1305,0.213,0.174,0.1525,0.1525,0.064,0.0555
04-19-2026 05:00,1776574800,0.118,0.213,0.1735,0.1625,0.16,0.059,0.054
04-19-2026 06:00,1776578400,0.118,0.213,0.1725,0.1625,0.16,0.059,0.054
04-19-2026 07:00,1776582000,0.1235,0.245,0.1675,0.166,0.153,0.0635,0.0625
04-19-2026 08:00,1776585600,0.1235,0.2415,0.1595,0.166,0.153,0.0635,0.0625
04-19-2026 09:00,1776589200,0.1235,0.2415,0.162,0.166,0.153,0.0635,0.0625
04-19-2026 10:00,1776592800,0.1235,0.2415,0.153,0.166,0.153,0.0635,0.0625
04-19-2026 11:00,1776596400,0.1235,0.2415,0.1555,0.166,0.153,0.0635,0.0625
04-19-2026 12:00,1776600000,0.1235,0.2135,0.1555,0.166,0.153,0.0635,0.0625
04-19-2026 13:00,1776603600,0.1235,0.2135,0.1555,0.166,0.153,0.0635,0.0625
04-19-2026 14:00,1776607200,0.1235,0.2135,0.164,0.166,0.153,0.0635,0.0625
04-19-2026 15:00,1776610800,0.1235,0.2135,0.176,0.166,0.153,0.0635,0.0625
04-19-2026 16:00,1776614400,0.1265,0.232,0.176,0.2395,0.1325,0.0715,0.058
04-19-2026 17:00,1776618000,0.1265,0.232,0.191,0.2395,0.1325,0.0715,0.058
04-19-2026 18:00,1776621600,0.1265,0.232,0.187,0.2395,0.1325,0.0715,0.058
04-19-2026 19:00,1776625200,0.1265,0.232,0.1865,0.2395,0.1325,0.0715,0.058
04-19-2026 20:00,1776628800,0.1265,0.232,0.183,0.2395,0.1325,0.0715,0.058
04-19-2026 21:00,1776632400,0.1265,0.232,0.1795,0.2395,0.1325,0.0715,0.058
04-19-2026 22:00,1776636000,0.1265,0.232,0.1845,0.2395,0.1325,0.0715,0.058
04-19-2026 23:00,1776639600,0.1265,0.232,0.183,0.2395,0.1325,0.0585,0.055
04-20-2026 00:00,1776643200,0.1265,0.232,0.1815,0.2395,0.1325,0.0585,0.055
04-20-2026 01:00,1776646800,0.1265,0.232,0.183,0.2395,0.1325,0.0635,0.055
04-20-2026 02:00,1776650400,0.1265,0.232,0.181,0.2395,0.1325,0.0585,0.055
04-20-2026 03:00,1776654000,0.1265,0.232,0.181,0.2395,0.1325,0.0585,0.055
04-20-2026 04:00,1776657600,0.1265,0.232,0.1805,0.2395,0.1325,0.0635,0.055
04-20-2026 05:00,1776661200,0.1265,0.1765,0.1825,0.2395,0.1325,0.0635,0.055
04-20-2026 06:00,1776664800,0.1265,0.1765,0.181,0.2395,0.1325,0.0635,0.055
04-20-2026 07:00,1776668400,0.1265,0.1765,0.1815,0.2395,0.1325,0.0695,0.055
04-20-2026 08:00,1776672000,0.1195,0.186,0.1815,0.232,0.1805,0.0695,0.055
04-20-2026 09:00,1776675600,0.1195,0.186,0.1915,0.232,0.1805,0.0695,0.055
04-20-2026 10:00,1776679200,0.1195,0.185,0.1905,0.232,0.1805,0.0695,0.055
04-20-2026 11:00,1776682800,0.1195,0.182,0.189,0.232,0.1805,0.0695,0.055
04-20-2026 12:00,1776686400,0.1195,0.182,0.187,0.232,0.1805,0.0695,0.055
04-20-2026 13:00,1776690000,0.1185,0.167,0.187,0.2365,0.1805,0.0695,0.055
04-20-2026 14:00,1776693600,0.1185,0.167,0.1885,0.2365,0.1805,0.0695,0.055
04-20-2026 15:00,1776697200,0.1185,0.167,0.177,0.2365,0.1805,0.0695,0.055
04-20-2026 17:00,1776704400,0.1185,0.1885,0.177,0.2365,0.1805,0.0695,0.055
04-20-2026 18:00,1776708000,0.1185,0.1885,0.177,0.2365,0.1805,0.0695,0.055
04-20-2026 19:00,1776711600,0.119,0.167,0.177,0.241,0.1775,0.0695,0.055
04-20-2026 20:00,1776715200,0.119,0.167,0.1815,0.241,0.1775,0.079,0.054
04-20-2026 21:00,1776718800,0.119,0.167,0.1815,0.2365,0.181,0.077,0.055
04-20-2026 22:00,1776722400,0.119,0.167,0.1735,0.2365,0.181,0.077,0.055
04-20-2026 23:00,1776726000,0.1205,0.168,0.1775,0.254,0.1815,0.077,0.055
04-21-2026 00:00,1776729600,0.1205,0.168,0.1785,0.254,0.1815,0.077,0.055
04-21-2026 01:00,1776733200,0.1205,0.168,0.1735,0.254,0.1815,0.0635,0.055
04-21-2026 02:00,1776736800,0.1205,0.1675,0.1775,0.254,0.1815,0.0635,0.055
04-21-2026 03:00,1776740400,0.1205,0.1675,0.178,0.254,0.1815,0.0635,0.055
04-21-2026 04:00,1776744000,0.116,0.1675,0.175,0.2485,0.186,0.066,0.054
04-21-2026 05:00,1776747600,0.116,0.1675,0.177,0.2485,0.186,0.066,0.054
04-21-2026 06:00,1776751200,0.116,0.168,0.177,0.2575,0.186,0.066,0.054
04-21-2026 07:00,1776754800,0.116,0.168,0.18,0.2575,0.186,0.066,0.054
04-21-2026 08:00,1776758400,0.116,0.168,0.1705,0.2725,0.1805,0.0645,0.0535
04-21-2026 09:00,1776762000,0.116,0.168,0.1705,0.2725,0.1805,0.0645,0.0535
04-21-2026 10:00,1776765600,0.116,0.168,0.1715,0.2695,0.1775,0.0625,0.0525
04-21-2026 11:00,1776769200,0.116,0.168,0.171,0.2695,0.1775,0.0625,0.0525
04-21-2026 12:00,1776772800,0.116,0.168,0.1715,0.2695,0.1775,0.0625,0.0525
04-21-2026 13:00,1776776400,0.116,0.1795,0.1715,0.2695,0.1775,0.0625,0.0525
04-21-2026 14:00,1776780000,0.116,0.1785,0.179,0.2605,0.1815,0.0645,0.0545
04-21-2026 15:00,1776783600,0.116,0.1785,0.1575,0.2605,0.1815,0.0645,0.0545
04-21-2026 16:00,1776787200,0.116,0.1785,0.1545,0.2605,0.1815,0.0645,0.0545
04-21-2026 17:00,1776790800,0.0965,0.135,0.169,0.2685,0.2105,0.065,0.067
04-21-2026 18:00,1776794400,0.0965,0.135,0.1505,0.2685,0.2105,0.071,0.0675
04-21-2026 19:00,1776798000,0.0525,0.135,0.1935,0.283,0.2415,0.0695,0.0695
04-21-2026 20:00,1776801600,0.059,0.1215,0.1935,0.295,0.2415,0.0625,0.0645
04-21-2026 21:00,1776805200,0.064,0.1155,0.1935,0.2835,0.245,0.066,0.0645
04-21-2026 22:00,1776808800,0.058,0.1155,0.193,0.283,0.2485,0.062,0.074
04-21-2026 23:00,1776812400,0.0645,0.1155,0.1935,0.2825,0.219,0.0815,0.0895
04-22-2026 00:00,1776816000,0.0575,0.132,0.1935,0.2825,0.2145,0.0775,0.09
04-22-2026 01:00,1776819600,0.0595,0.14,0.203,0.283,0.19,0.0825,0.072
04-22-2026 02:00,1776823200,0.0565,0.1585,0.1925,0.28,0.1975,0.079,0.0745
04-22-2026 03:00,1776826800,0.0605,0.167,0.1905,0.2925,0.189,0.081,0.0755
04-22-2026 04:00,1776830400,0.0595,0.1805,0.1905,0.282,0.1875,0.082,0.0745
04-22-2026 05:00,1776834000,0.052,0.1325,0.19,0.2855,0.2025,0.0735,0.0745
04-22-2026 06:00,1776837600,0.0515,0.15,0.1915,0.2855,0.2115,0.076,0.081
04-22-2026 07:00,1776841200,0.055,0.152,0.189,0.2925,0.1975,0.084,0.0785
04-22-2026 08:00,1776844800,0.056,0.155,0.1875,0.2925,0.1975,0.08,0.078
04-22-2026 09:00,1776848400,0.051,0.1625,0.2085,0.289,0.192,0.08,0.0765
04-22-2026 10:00,1776852000,0.051,0.1575,0.2095,0.289,0.1865,0.0735,0.08
04-22-2026 11:00,1776855600,0.052,0.1495,0.2095,0.291,0.187,0.0795,0.084
04-22-2026 12:00,1776859200,0.051,0.154,0.211,0.288,0.1875,0.072,0.0755
04-22-2026 13:00,1776862800,0.0505,0.1475,0.216,0.285,0.1895,0.0725,0.076
04-22-2026 14:00,1776866400,0.049,0.1445,0.2195,0.28,0.192,0.068,0.08
04-22-2026 15:00,1776870000,0.045,0.1445,0.2165,0.276,0.182,0.071,0.0845
04-22-2026 16:00,1776873600,0.0555,0.1405,0.218,0.277,0.1755,0.071,0.08
04-22-2026 17:00,1776877200,0.054,0.1395,0.218,0.276,0.178,0.077,0.0805
04-22-2026 18:00,1776880800,0.0605,0.139,0.2165,0.2745,0.181,0.069,0.0845
04-22-2026 19:00,1776884400,0.063,0.1405,0.2175,0.279,0.165,0.076,0.087
04-22-2026 20:00,1776888000,0.063,0.1365,0.215,0.28,0.1615,0.084,0.087
04-22-2026 21:00,1776891600,0.063,0.1345,0.215,0.2755,0.153,0.079,0.087
04-22-2026 22:00,1776895200,0.0605,0.139,0.219,0.281,0.16,0.088,0.087
04-22-2026 23:00,1776898800,0.0605,0.1445,0.215,0.285,0.1605,0.0895,0.087
04-23-2026 00:00,1776902400,0.0615,0.1365,0.2005,0.285,0.1635,0.085,0.088
04-23-2026 01:00,1776906000,0.059,0.1445,0.2045,0.282,0.1655,0.085,0.088
04-23-2026 02:00,1776909600,0.0595,0.144,0.206,0.288,0.1655,0.0865,0.088
04-23-2026 03:00,1776913200,0.062,0.1345,0.2055,0.282,0.166,0.091,0.088
04-23-2026 04:00,1776916800,0.0595,0.141,0.2075,0.285,0.167,0.0945,0.0855
04-23-2026 05:00,1776920400,0.0635,0.1485,0.1955,0.2795,0.16,0.0915,0.0855
04-23-2026 06:00,1776924000,0.0685,0.144,0.201,0.284,0.167,0.09,0.0855
04-23-2026 07:00,1776927600,0.073,0.1435,0.2,0.2835,0.1645,0.0895,0.087
04-23-2026 08:00,1776931200,0.063,0.141,0.193,0.277,0.161,0.093,0.086
04-23-2026 09:00,1776934800,0.069,0.14,0.1935,0.2805,0.1645,0.0985,0.085
04-23-2026 10:00,1776938400,0.0655,0.1425,0.187,0.2785,0.167,0.108,0.084
04-23-2026 11:00,1776942000,0.0655,0.129,0.1955,0.2785,0.168,0.1095,0.0835
04-23-2026 12:00,1776945600,0.058,0.119,0.1855,0.273,0.166,0.1135,0.079
04-23-2026 13:00,1776949200,0.0585,0.117,0.189,0.2625,0.1645,0.137,0.075
04-23-2026 14:00,1776952800,0.059,0.1015,0.1925,0.1815,0.162,0.1505,0.0915
04-23-2026 15:00,1776956400,0.059,0.108,0.206,0.183,0.156,0.158,0.1055
04-23-2026 16:00,1776960000,0.0595,0.151,0.2085,0.185,0.152,0.1655,0.098
04-23-2026 17:00,1776963600,0.055,0.136,0.2225,0.2035,0.17,0.1505,0.105
04-23-2026 18:00,1776967200,0.06,0.1605,0.217,0.1715,0.172,0.168,0.1035
04-23-2026 19:00,1776970800,0.055,0.145,0.218,0.1695,0.168,0.1845,0.105
04-23-2026 20:00,1776974400,0.0555,0.1415,0.2005,0.174,0.167,0.175,0.1045
04-23-2026 21:00,1776978000,0.057,0.1645,0.206,0.1785,0.1685,0.166,0.0965
04-23-2026 22:00,1776981600,0.056,0.1615,0.208,0.1685,0.173,0.162,0.096
04-23-2026 23:00,1776985200,0.056,0.1555,0.215,0.188,0.1645,0.1595,0.0895
04-24-2026 00:00,1776988800,0.063,0.1625,0.2185,0.181,0.163,0.152,0.0925
04-24-2026 01:00,1776992400,0.0575,0.1485,0.213,0.17,0.1705,0.146,0.0925
04-24-2026 02:00,1776996000,0.0585,0.151,0.218,0.189,0.17,0.1405,0.0845
04-24-2026 03:00,1776999600,0.061,0.1505,0.215,0.1705,0.163,0.1475,0.086
04-24-2026 04:00,1777003200,0.0615,0.1505,0.2105,0.1875,0.167,0.1505,0.085
04-24-2026 05:00,1777006800,0.0605,0.1555,0.2155,0.17,0.1655,0.152,0.09
04-24-2026 06:00,1777010400,0.0615,0.138,0.218,0.168,0.1685,0.152,0.0845
04-24-2026 07:00,1777014000,0.0605,0.1395,0.2105,0.1725,0.1745,0.159,0.0845
04-24-2026 08:00,1777017600,0.064,0.191,0.205,0.158,0.158,0.1555,0.0835
04-24-2026 09:00,1777021200,0.064,0.177,0.209,0.1655,0.1575,0.155,0.0835
04-24-2026 10:00,1777024800,0.0625,0.19,0.2115,0.1625,0.16,0.155,0.0835
04-24-2026 11:00,1777028400,0.0625,0.187,0.2055,0.1625,0.1555,0.156,0.0835
04-24-2026 12:00,1777032000,0.0635,0.1975,0.2095,0.1605,0.1525,0.1545,0.083
04-24-2026 13:00,1777035600,0.0505,0.192,0.2175,0.089,0.2635,0.166,0.08
04-24-2026 14:00,1777039200,0.0525,0.183,0.261,0.071,0.167,0.151,0.081
04-24-2026 15:00,1777042800,0.06,0.197,0.246,0.0825,0.1725,0.1505,0.082
04-24-2026 16:00,1777046400,0.057,0.201,0.262,0.0915,0.169,0.1005,0.0785
04-24-2026 17:00,1777050000,0.06,0.1985,0.2575,0.094,0.16,0.112,0.072
04-24-2026 18:00,1777053600,0.057,0.159,0.2305,0.129,0.163,0.1225,0.0765
04-24-2026 19:00,1777057200,0.0625,0.1535,0.2285,0.168,0.151,0.1245,0.0745
04-24-2026 20:00,1777060800,0.0575,0.1285,0.2295,0.1775,0.168,0.118,0.0755
04-24-2026 21:00,1777064400,0.065,0.125,0.208,0.18,0.14,0.137,0.081
04-24-2026 22:00,1777068000,0.0645,0.1225,0.208,0.1865,0.1505,0.1415,0.0785
04-24-2026 23:00,1777071600,0.074,0.134,0.207,0.1345,0.142,0.1265,0.0765
04-25-2026 00:00,1777075200,0.07,0.1405,0.206,0.2035,0.149,0.128,0.0705
04-25-2026 01:00,1777078800,0.0705,0.136,0.206,0.2025,0.165,0.1305,0.072
04-25-2026 02:00,1777082400,0.0705,0.138,0.206,0.2,0.154,0.137,0.0725
04-25-2026 03:00,1777086000,0.0795,0.138,0.206,0.202,0.154,0.138,0.0725
04-25-2026 04:00,1777089600,0.08,0.1365,0.2045,0.1975,0.164,0.134,0.0725
04-25-2026 05:00,1777093200,0.076,0.162,0.2435,0.2005,0.1555,0.149,0.0725
04-25-2026 06:00,1777096800,0.076,0.1465,0.227,0.209,0.1545,0.149,0.0725
04-25-2026 07:00,1777100400,0.0775,0.1555,0.229,0.2,0.155,0.1455,0.0725
04-25-2026 08:00,1777104000,0.078,0.1525,0.225,0.198,0.165,0.136,0.0725
04-25-2026 09:00,1777107600,0.077,0.1495,0.2215,0.2095,0.1625,0.126,0.0725
04-25-2026 10:00,1777111200,0.077,0.1535,0.227,0.208,0.165,0.1245,0.0725
04-25-2026 11:00,1777114800,0.079,0.1495,0.2265,0.2145,0.165,0.123,0.0725
04-25-2026 12:00,1777118400,0.0795,0.1485,0.2295,0.2145,0.1585,0.12,0.0725
04-25-2026 13:00,1777122000,0.0785,0.1465,0.2325,0.2145,0.1575,0.1195,0.072
04-25-2026 14:00,1777125600,0.0805,0.1475,0.235,0.208,0.1565,0.127,0.065
04-25-2026 15:00,1777129200,0.082,0.1475,0.2345,0.2095,0.155,0.1215,0.065
04-25-2026 16:00,1777132800,0.0805,0.143,0.238,0.21,0.155,0.1255,0.0645
04-25-2026 17:00,1777136400,0.0835,0.1465,0.253,0.211,0.1425,0.12,0.0655
04-25-2026 18:00,1777140000,0.078,0.141,0.252,0.206,0.1455,0.128,0.067
04-25-2026 19:00,1777143600,0.0775,0.151,0.253,0.2055,0.146,0.1265,0.0645
04-25-2026 20:00,1777147200,0.077,0.147,0.2575,0.2095,0.1465,0.1255,0.0645
04-25-2026 21:00,1777150800,0.0775,0.142,0.259,0.208,0.148,0.1245,0.064
04-25-2026 22:00,1777154400,0.077,0.141,0.2605,0.213,0.1475,0.1245,0.0605
04-25-2026 23:00,1777158000,0.075,0.1395,0.2575,0.211,0.15,0.1215,0.0645
04-26-2026 00:00,1777161600,0.077,0.1415,0.261,0.2115,0.151,0.12,0.062
04-26-2026 01:00,1777165200,0.0765,0.1395,0.263,0.21,0.1515,0.12,0.0565
04-26-2026 02:00,1777168800,0.075,0.1405,0.2615,0.2105,0.15,0.12,0.0585
04-26-2026 03:00,1777172400,0.077,0.1415,0.2615,0.211,0.1515,0.12,0.0605
04-26-2026 04:00,1777176000,0.0735,0.148,0.2645,0.2075,0.1505,0.1205,0.06
04-26-2026 05:00,1777179600,0.0755,0.1435,0.2655,0.2075,0.1515,0.12,0.0605
04-26-2026 06:00,1777183200,0.0735,0.1415,0.269,0.208,0.1465,0.12,0.06
04-26-2026 07:00,1777186800,0.076,0.1425,0.269,0.208,0.149,0.12,0.06
04-26-2026 08:00,1777190400,0.076,0.146,0.271,0.2125,0.1425,0.1175,0.06
04-26-2026 09:00,1777194000,0.0745,0.1445,0.2855,0.212,0.1515,0.1195,0.0375
04-26-2026 10:00,1777197600,0.0725,0.1465,0.286,0.2125,0.1495,0.1195,0.046
04-26-2026 11:00,1777201200,0.073,0.1425,0.28,0.212,0.1495,0.1195,0.038
04-26-2026 12:00,1777204800,0.072,0.1415,0.2825,0.208,0.157,0.11,0.0605
04-26-2026 13:00,1777208400,0.072,0.142,0.29,0.212,0.154,0.102,0.044
04-26-2026 14:00,1777212000,0.0705,0.1385,0.29,0.21,0.154,0.1045,0.0525
04-26-2026 15:00,1777215600,0.074,0.1435,0.2925,0.2135,0.1515,0.1025,0.0545
04-26-2026 16:00,1777219200,0.073,0.1395,0.2915,0.2155,0.1495,0.105,0.0505
04-26-2026 17:00,1777222800,0.074,0.106,0.2965,0.226,0.15,0.104,0.0675
04-26-2026 18:00,1777226400,0.074,0.086,0.289,0.23,0.155,0.1135,0.068
04-26-2026 19:00,1777230000,0.074,0.0895,0.247,0.235,0.161,0.1075,0.07
04-26-2026 20:00,1777233600,0.0755,0.139,0.228,0.24,0.1585,0.112,0.0645
04-26-2026 21:00,1777237200,0.074,0.114,0.2315,0.243,0.1815,0.11,0.069
04-26-2026 22:00,1777240800,0.0725,0.107,0.2345,0.24,0.179,0.11,0.0625
04-26-2026 23:00,1777244400,0.0705,0.11,0.244,0.241,0.1785,0.11,0.0665
04-27-2026 00:00,1777248000,0.0705,0.1205,0.2405,0.242,0.18,0.11,0.075
04-27-2026 01:00,1777251600,0.063,0.123,0.2255,0.2465,0.1685,0.1095,0.075
04-27-2026 02:00,1777255200,0.068,0.1245,0.235,0.2385,0.1745,0.106,0.0755
04-27-2026 03:00,1777258800,0.068,0.1245,0.221,0.2395,0.178,0.102,0.076
04-27-2026 04:00,1777262400,0.064,0.12,0.2065,0.247,0.176,0.071,0.073
04-27-2026 05:00,1777266000,0.07,0.1265,0.2015,0.2415,0.175,0.074,0.074
04-27-2026 06:00,1777269600,0.0705,0.145,0.207,0.244,0.1755,0.075,0.074
04-27-2026 07:00,1777273200,0.0695,0.144,0.2095,0.2435,0.1785,0.08,0.076
04-27-2026 08:00,1777276800,0.0755,0.153,0.204,0.2505,0.1795,0.0815,0.0765
04-27-2026 09:00,1777280400,0.078,0.1545,0.2075,0.2465,0.18,0.08,0.076
04-27-2026 10:00,1777284000,0.078,0.1555,0.2045,0.2425,0.1795,0.08,0.075
04-27-2026 11:00,1777287600,0.078,0.1675,0.214,0.241,0.181,0.0775,0.0745
04-27-2026 12:00,1777291200,0.078,0.1795,0.209,0.24,0.176,0.077,0.0745
04-27-2026 13:00,1777294800,0.078,0.1565,0.21,0.2435,0.1785,0.0855,0.0635
04-27-2026 14:00,1777298400,0.079,0.146,0.2045,0.2445,0.1745,0.0845,0.059
04-27-2026 15:00,1777302000,0.0785,0.1615,0.21,0.2445,0.1745,0.0685,0.067
04-27-2026 16:00,1777305600,0.079,0.17,0.2105,0.2445,0.1745,0.0705,0.079
04-27-2026 17:00,1777309200,0.079,0.1535,0.2055,0.244,0.1745,0.0745,0.0855
04-27-2026 18:00,1777312800,0.079,0.1715,0.2055,0.2445,0.174,0.0705,0.0845
04-27-2026 19:00,1777316400,0.0785,0.17,0.205,0.244,0.1915,0.0695,0.0855
04-27-2026 20:00,1777320000,0.0785,0.187,0.1935,0.2495,0.179,0.0705,0.085
04-27-2026 21:00,1777323600,0.0785,0.161,0.193,0.2515,0.181,0.074,0.083
04-27-2026 22:00,1777327200,0.0785,0.16,0.2025,0.2485,0.1815,0.0715,0.0815
04-27-2026 23:00,1777330800,0.078,0.16,0.2005,0.252,0.1885,0.0725,0.064
04-28-2026 00:00,1777334400,0.078,0.155,0.191,0.2435,0.18,0.078,0.0935
04-28-2026 01:00,1777338000,0.068,0.125,0.2015,0.244,0.175,0.0825,0.069
04-28-2026 02:00,1777341600,0.0665,0.115,0.2095,0.244,0.1785,0.0725,0.074
04-28-2026 03:00,1777345200,0.0685,0.1215,0.201,0.247,0.187,0.0735,0.0845
04-28-2026 04:00,1777348800,0.0685,0.1155,0.206,0.2435,0.1845,0.0725,0.0795
04-28-2026 05:00,1777352400,0.0735,0.111,0.201,0.2465,0.1895,0.083,0.076
04-28-2026 06:00,1777356000,0.0735,0.133,0.201,0.2435,0.189,0.0775,0.075
04-28-2026 07:00,1777359600,0.0735,0.134,0.205,0.2435,0.189,0.074,0.0715
04-28-2026 08:00,1777363200,0.0735,0.1525,0.205,0.243,0.189,0.074,0.0735
04-28-2026 09:00,1777366800,0.0735,0.1345,0.2005,0.246,0.185,0.0735,0.076
04-28-2026 10:00,1777370400,0.0735,0.132,0.215,0.249,0.189,0.0735,0.0715
04-28-2026 11:00,1777374000,0.0735,0.138,0.215,0.249,0.1885,0.0735,0.0715
04-28-2026 12:00,1777377600,0.0735,0.138,0.215,0.249,0.1885,0.0735,0.0715
04-28-2026 13:00,1777381200,0.06,0.5395,0.2095,0.605,0.283,0.075,0.101
04-28-2026 14:00,1777384800,0.0595,0.2775,0.1865,0.257,0.349,0.181,0.0985
04-28-2026 15:00,1777388400,0.06,0.288,0.209,0.1885,0.305,0.1845,0.0595
04-28-2026 16:00,1777392000,0.0595,0.1365,0.2095,0.1905,0.2505,0.071,0.0595
04-28-2026 17:00,1777395600,0.059,0.13,0.1995,0.292,0.2475,0.0575,0.0395
04-28-2026 18:00,1777399200,0.0535,0.1215,0.1995,0.2625,0.101,0.0425,0.069
04-28-2026 19:00,1777402800,0.058,0.123,0.2155,0.285,0.102,0.039,0.042
04-28-2026 20:00,1777406400,0.052,0.1195,0.181,0.281,0.1485,0.087,0.0655
04-28-2026 21:00,1777410000,0.057,0.1195,0.1945,0.285,0.152,0.0655,0.068
04-28-2026 22:00,1777413600,0.052,0.1195,0.194,0.2555,0.1675,0.0745,0.0705
04-28-2026 23:00,1777417200,0.048,0.1225,0.195,0.2635,0.1635,0.0505,0.0655
04-29-2026 00:00,1777420800,0.048,0.1225,0.1995,0.2705,0.1635,0.0735,0.0635
04-29-2026 01:00,1777424400,0.043,0.1225,0.2395,0.274,0.167,0.071,0.0785
04-29-2026 02:00,1777428000,0.049,0.1295,0.2015,0.267,0.1785,0.077,0.0735
04-29-2026 03:00,1777431600,0.0545,0.128,0.2015,0.248,0.179,0.077,0.0725
04-29-2026 04:00,1777435200,0.057,0.129,0.2015,0.248,0.1895,0.075,0.073
04-29-2026 05:00,1777438800,0.056,0.129,0.224,0.263,0.1945,0.0745,0.0695
04-29-2026 06:00,1777442400,0.056,0.1295,0.2235,0.268,0.217,0.072,0.0695
04-29-2026 07:00,1777446000,0.061,0.1295,0.221,0.271,0.217,0.072,0.0695
04-29-2026 08:00,1777449600,0.061,0.1315,0.2415,0.268,0.217,0.0415,0.0695
04-29-2026 09:00,1777453200,0.064,0.145,0.254,0.268,0.217,0.044,0.0725
04-29-2026 10:00,1777456800,0.0585,0.138,0.255,0.2715,0.217,0.052,0.073
04-29-2026 11:00,1777460400,0.056,0.135,0.267,0.2725,0.217,0.063,0.073
04-29-2026 12:00,1777464000,0.052,0.1525,0.256,0.2725,0.217,0.059,0.073
04-29-2026 13:00,1777467600,0.0425,0.138,0.254,0.2715,0.2445,0.1095,0.0865
04-29-2026 14:00,1777471200,0.0275,0.123,0.249,0.254,0.2345,0.079,0.095
04-29-2026 15:00,1777474800,0.0275,0.12,0.2385,0.2545,0.2395,0.088,0.123
04-29-2026 16:00,1777478400,0.0385,0.112,0.169,0.2265,0.2585,0.1055,0.1325
04-29-2026 17:00,1777482000,0.04,0.123,0.155,0.267,0.2495,0.1085,0.106
04-29-2026 18:00,1777485600,0.038,0.1225,0.147,0.2315,0.266,0.112,0.1065
04-29-2026 19:00,1777489200,0.058,0.1635,0.185,0.244,0.255,0.089,0.1155
04-29-2026 20:00,1777492800,0.0415,0.0715,0.175,0.247,0.246,0.0785,0.1165
04-29-2026 21:00,1777496400,0.0495,0.012,0.2105,0.2475,0.2455,0.0895,0.111
04-29-2026 22:00,1777500000,0.0485,0.0715,0.198,0.26,0.2455,0.093,0.1015
04-29-2026 23:00,1777503600,0.0495,0.074,0.2095,0.249,0.2455,0.1055,0.1195
04-30-2026 00:00,1777507200,0.0475,0.077,0.233,0.272,0.242,0.113,0.1195
04-30-2026 01:00,1777510800,0.047,0.0555,0.222,0.274,0.2405,0.12,0.122
04-30-2026 02:00,1777514400,0.054,0.1405,0.2195,0.275,0.154,0.105,0.1145
04-30-2026 03:00,1777518000,0.059,0.1105,0.1865,0.2405,0.1765,0.1005,0.1145
04-30-2026 04:00,1777521600,0.056,0.133,0.2235,0.263,0.155,0.0885,0.111
04-30-2026 05:00,1777525200,0.0605,0.129,0.2215,0.2625,0.2605,0.0885,0.105
04-30-2026 06:00,1777528800,0.066,0.13,0.2165,0.341,0.1895,0.105,0.103
04-30-2026 07:00,1777532400,0.0515,0.064,0.204,0.4525,0.185,0.072,0.115
04-30-2026 08:00,1777536000,0.0515,0.1115,0.205,0.501,0.181,0.111,0.1465
04-30-2026 09:00,1777539600,0.052,0.1015,0.197,0.4525,0.1655,0.099,0.1205
04-30-2026 10:00,1777543200,0.047,0.108,0.2025,0.492,0.142,0.094,0.1075
04-30-2026 11:00,1777546800,0.0415,0.1665,0.097,0.483,0.119,0.1205,0.1
04-30-2026 12:00,1777550400,0.0415,0.155,0.0755,0.546,0.159,0.1205,0.0945
04-30-2026 13:00,1777554000,0.0005,0.0005,0.0005,0.9755,0.0005,0.0005,0.0005
04-30-2026 14:00,1777557600,0.0005,0.0005,0.0005,0.9995,0.0005,0.0005,0.0005
04-30-2026 15:00,1777561200,0.0005,0.0005,0.0005,0.9995,0.0005,0.0005,0.0005
04-30-2026 16:00,1777564800,0.0005,0.0005,0.0005,0.9995,0.0005,0.0005,0.0005
