model,datetime_utc,cumulative_invested,cumulative_profit,cumulative_return_pct,segment,stitched_x_days
bloomberg-consensus,2026-03-01 06:00:00,1.0,-1.0,-100.0,feb,0.0
bloomberg-consensus,2026-03-01 07:00:00,2.0,-2.0,-100.0,feb,0.041666666666666664
bloomberg-consensus,2026-03-01 08:00:00,3.0,-3.0,-100.0,feb,0.08333333333333333
bloomberg-consensus,2026-03-01 09:00:00,4.0,-4.0,-100.0,feb,0.125
bloomberg-consensus,2026-03-01 10:00:00,5.0,-5.0,-100.0,feb,0.16666666666666666
bloomberg-consensus,2026-03-01 11:00:00,6.0,-6.0,-100.0,feb,0.20833333333333334
bloomberg-consensus,2026-03-01 12:00:00,7.0,-7.0,-100.0,feb,0.25
bloomberg-consensus,2026-03-01 13:00:00,8.0,-8.0,-100.0,feb,0.2916666666666667
bloomberg-consensus,2026-03-01 14:00:00,9.0,-9.0,-100.0,feb,0.3333333333333333
bloomberg-consensus,2026-03-01 15:00:00,10.0,-10.0,-100.0,feb,0.375
bloomberg-consensus,2026-03-01 16:00:00,11.0,-11.0,-100.0,feb,0.4166666666666667
bloomberg-consensus,2026-03-01 17:00:00,12.0,-12.0,-100.0,feb,0.4583333333333333
bloomberg-consensus,2026-03-01 18:00:00,13.0,-13.0,-100.0,feb,0.5
bloomberg-consensus,2026-03-01 19:00:00,14.0,-14.0,-100.0,feb,0.5416666666666666
bloomberg-consensus,2026-03-01 20:00:00,15.0,-15.0,-100.0,feb,0.5833333333333334
bloomberg-consensus,2026-03-01 21:00:00,16.0,-16.0,-100.0,feb,0.625
bloomberg-consensus,2026-03-01 22:00:00,17.0,-17.0,-100.0,feb,0.6666666666666666
bloomberg-consensus,2026-03-01 23:00:00,18.0,-18.0,-100.0,feb,0.7083333333333334
bloomberg-consensus,2026-03-02 00:00:00,19.0,-19.0,-100.0,feb,0.75
bloomberg-consensus,2026-03-02 01:00:00,20.0,-20.0,-100.0,feb,0.7916666666666666
bloomberg-consensus,2026-03-02 02:00:00,21.0,-21.0,-100.0,feb,0.8333333333333334
bloomberg-consensus,2026-03-02 03:00:00,22.0,-22.0,-100.0,feb,0.875
bloomberg-consensus,2026-03-02 04:00:00,23.0,-23.0,-100.0,feb,0.9166666666666666
bloomberg-consensus,2026-03-02 05:00:00,24.0,-24.0,-100.0,feb,0.9583333333333334
bloomberg-consensus,2026-03-02 06:00:00,25.0,-25.0,-100.0,feb,1.0
bloomberg-consensus,2026-03-02 07:00:00,26.0,-26.0,-100.0,feb,1.0416666666666667
bloomberg-consensus,2026-03-02 08:00:00,27.0,-27.0,-100.0,feb,1.0833333333333333
bloomberg-consensus,2026-03-02 09:00:00,28.0,-28.0,-100.0,feb,1.125
bloomberg-consensus,2026-03-02 10:00:00,29.0,-29.0,-100.0,feb,1.1666666666666667
bloomberg-consensus,2026-03-02 11:00:00,30.0,-30.0,-100.0,feb,1.2083333333333333
bloomberg-consensus,2026-03-02 12:00:00,31.0,-31.0,-100.0,feb,1.25
bloomberg-consensus,2026-03-02 13:00:00,32.0,-32.0,-100.0,feb,1.2916666666666667
bloomberg-consensus,2026-03-02 14:00:00,33.0,-33.0,-100.0,feb,1.3333333333333333
bloomberg-consensus,2026-03-02 15:00:00,34.0,-34.0,-100.0,feb,1.375
bloomberg-consensus,2026-03-02 16:00:00,35.0,-35.0,-100.0,feb,1.4166666666666667
bloomberg-consensus,2026-03-02 17:00:00,36.0,-36.0,-100.0,feb,1.4583333333333333
bloomberg-consensus,2026-03-02 18:00:00,37.0,-37.0,-100.0,feb,1.5
bloomberg-consensus,2026-03-02 19:00:00,38.0,-38.0,-100.0,feb,1.5416666666666667
bloomberg-consensus,2026-03-02 20:00:00,39.0,-39.0,-100.0,feb,1.5833333333333333
bloomberg-consensus,2026-03-02 21:00:00,40.0,-40.0,-100.0,feb,1.625
bloomberg-consensus,2026-03-02 22:00:00,41.0,-41.0,-100.0,feb,1.6666666666666667
bloomberg-consensus,2026-03-02 23:00:00,42.0,-42.0,-100.0,feb,1.7083333333333333
bloomberg-consensus,2026-03-03 00:00:00,43.0,-43.0,-100.0,feb,1.75
bloomberg-consensus,2026-03-03 01:00:00,44.0,-44.0,-100.0,feb,1.7916666666666667
bloomberg-consensus,2026-03-03 02:00:00,45.0,-45.0,-100.0,feb,1.8333333333333333
bloomberg-consensus,2026-03-03 03:00:00,46.0,-46.0,-100.0,feb,1.875
bloomberg-consensus,2026-03-03 04:00:00,47.0,-47.0,-100.0,feb,1.9166666666666667
bloomberg-consensus,2026-03-03 05:00:00,48.0,-45.53086419753086,-94.8559670781893,feb,1.9583333333333333
bloomberg-consensus,2026-03-03 06:00:00,49.0,-44.06172839506173,-89.92189468379944,feb,2.0
bloomberg-consensus,2026-03-03 07:00:00,50.0,-42.592592592592595,-85.18518518518519,feb,2.0416666666666665
bloomberg-consensus,2026-03-03 08:00:00,51.0,-41.15356820234869,-80.69327098499743,feb,2.0833333333333335
bloomberg-consensus,2026-03-03 09:00:00,52.0,-39.684432399879555,-76.31621615361452,feb,2.125
bloomberg-consensus,2026-03-03 10:00:00,53.0,-38.215296597410415,-72.10433320266117,feb,2.1666666666666665
bloomberg-consensus,2026-03-03 11:00:00,54.0,-36.74616079494128,-68.04844591655794,feb,2.2083333333333335
bloomberg-consensus,2026-03-03 12:00:00,55.0,-35.27702499247215,-64.14004544085844,feb,2.25
bloomberg-consensus,2026-03-03 13:00:00,56.0,-33.80788919000301,-60.37123069643394,feb,2.2916666666666665
bloomberg-consensus,2026-03-03 14:00:00,57.0,-32.33875338753387,-56.73465506584889,feb,2.3333333333333335
bloomberg-consensus,2026-03-03 15:00:00,58.0,-30.869617585064738,-53.2234785949392,feb,2.375
bloomberg-consensus,2026-03-03 16:00:00,59.0,-29.4004817825956,-49.831325055246786,feb,2.4166666666666665
bloomberg-consensus,2026-03-03 17:00:00,60.0,-27.961457392351697,-46.60242898725283,feb,2.4583333333333335
bloomberg-consensus,2026-03-03 18:00:00,61.0,-26.522433002107796,-43.47939836411114,feb,2.5
bloomberg-consensus,2026-03-03 19:00:00,62.0,-25.083408611863895,-40.4571106642966,feb,2.5416666666666665
bloomberg-consensus,2026-03-03 20:00:00,63.0,-23.75782721651506,-37.710836851611205,feb,2.5833333333333335
bloomberg-consensus,2026-03-03 21:00:00,64.0,-22.432245821166227,-35.05038409557223,feb,2.625
bloomberg-consensus,2026-03-03 22:00:00,65.0,-21.07930464469564,-32.42969945337791,feb,2.6666666666666665
bloomberg-consensus,2026-03-03 23:00:00,66.0,-19.857082422473418,-30.086488518899117,feb,2.7083333333333335
bloomberg-consensus,2026-03-04 00:00:00,67.0,-18.65928022467122,-27.849671977121226,feb,2.75
bloomberg-consensus,2026-03-04 01:00:00,68.0,-17.360429649958576,-25.53004360288026,feb,2.7916666666666665
bloomberg-consensus,2026-03-04 02:00:00,69.0,-16.06157907524593,-23.27765083368975,feb,2.8333333333333335
bloomberg-consensus,2026-03-04 03:00:00,70.0,-14.651940521029061,-20.931343601470086,feb,2.875
bloomberg-consensus,2026-03-04 04:00:00,71.0,-13.270988140076682,-18.691532591657296,feb,2.9166666666666665
bloomberg-consensus,2026-03-04 05:00:00,72.0,-11.861349585859813,-16.474096647027515,feb,2.9583333333333335
bloomberg-consensus,2026-03-04 06:00:00,73.0,-10.451711031642944,-14.317412372113623,feb,3.0
bloomberg-consensus,2026-03-04 07:00:00,74.0,-8.982575229173804,-12.138615174559195,feb,3.0416666666666665
bloomberg-consensus,2026-03-04 08:00:00,75.0,-7.5134394267046645,-10.01791923560622,feb,3.0833333333333335
bloomberg-consensus,2026-03-04 09:00:00,76.0,-6.044303624235525,-7.953031084520427,feb,3.125
bloomberg-consensus,2026-03-04 10:00:00,77.0,-4.605279233991624,-5.980882122067044,feb,3.1666666666666665
bloomberg-consensus,2026-03-04 11:00:00,78.0,-3.136143431522484,-4.020696707080107,feb,3.2083333333333335
bloomberg-consensus,2026-03-04 12:00:00,79.0,-1.726504877305615,-2.1854492117792597,feb,3.25
bloomberg-consensus,2026-03-04 13:00:00,80.0,-0.31686632308874607,-0.3960829038609326,feb,3.2916666666666665
bloomberg-consensus,2026-03-04 14:00:00,81.0,1.092772231128123,1.349101519911263,feb,3.3333333333333335
bloomberg-consensus,2026-03-04 15:00:00,82.0,2.445713407598717,2.9825773263398987,feb,3.375
bloomberg-consensus,2026-03-04 16:00:00,83.0,3.7712948029475513,4.543728678250062,feb,3.4166666666666665
bloomberg-consensus,2026-03-04 17:00:00,84.0,5.152247183899931,6.13362759988087,feb,3.4583333333333335
bloomberg-consensus,2026-03-04 18:00:00,85.0,6.477828579248765,7.620974799116194,feb,3.5
bloomberg-consensus,2026-03-04 19:00:00,86.0,7.830769755719359,9.10554622758065,feb,3.5416666666666665
bloomberg-consensus,2026-03-04 20:00:00,87.0,9.156351151068193,10.524541552951947,feb,3.5833333333333335
bloomberg-consensus,2026-03-04 21:00:00,88.0,10.455201725780839,11.88091105202368,feb,3.625
bloomberg-consensus,2026-03-04 22:00:00,89.0,11.754052300493484,13.20680033763313,feb,3.6666666666666665
bloomberg-consensus,2026-03-04 23:00:00,90.0,13.079633695842318,14.532926328713685,feb,3.7083333333333335
bloomberg-consensus,2026-03-05 00:00:00,91.0,14.352360968569585,15.771825240186358,feb,3.75
bloomberg-consensus,2026-03-05 01:00:00,92.0,15.62508824129685,16.983791566627012,feb,3.7916666666666665
bloomberg-consensus,2026-03-05 02:00:00,93.0,16.897815514024117,18.169694101101204,feb,3.8333333333333335
bloomberg-consensus,2026-03-05 03:00:00,94.0,18.170542786751383,19.33036466675679,feb,3.875
bloomberg-consensus,2026-03-05 04:00:00,95.0,19.44327005947865,20.466600062609107,feb,3.9166666666666665
bloomberg-consensus,2026-03-05 05:00:00,96.0,20.715997332205916,21.579163887714493,feb,3.9583333333333335
bloomberg-consensus,2026-03-05 06:00:00,97.0,22.04157872755475,22.72327703871624,feb,4.0
bloomberg-consensus,2026-03-05 07:00:00,98.0,23.367160122903584,23.84404094173835,feb,4.041666666666667
bloomberg-consensus,2026-03-05 08:00:00,99.0,24.66601069761623,24.915162320824475,feb,4.083333333333333
bloomberg-consensus,2026-03-05 09:00:00,100.0,25.913201708852185,25.913201708852185,feb,4.125
bloomberg-consensus,2026-03-05 10:00:00,101.0,27.16039272008814,26.891477940681323,feb,4.166666666666667
bloomberg-consensus,2026-03-05 11:00:00,102.0,28.40758373132411,27.850572285611875,feb,4.208333333333333
bloomberg-consensus,2026-03-05 12:00:00,103.0,29.65477474256005,28.79104343937869,feb,4.25
bloomberg-consensus,2026-03-05 13:00:00,104.0,30.90196575379599,29.713428609419225,feb,4.291666666666667
bloomberg-consensus,2026-03-05 14:00:00,105.0,32.14915676503193,30.61824453812565,feb,4.333333333333333
bloomberg-consensus,2026-03-05 15:00:00,106.0,33.37137898725416,31.482433006843547,feb,4.375
bloomberg-consensus,2026-03-05 16:00:00,107.0,34.6185699984901,32.35380373690664,feb,4.416666666666667
bloomberg-consensus,2026-03-05 17:00:00,108.0,35.81637219629229,33.16330758915953,feb,4.458333333333333
bloomberg-consensus,2026-03-05 18:00:00,109.0,37.01417439409448,33.95795815971971,feb,4.5
bloomberg-consensus,2026-03-05 19:00:00,110.0,38.21197659189667,34.73816053808788,feb,4.541666666666667
bloomberg-consensus,2026-03-05 20:00:00,111.0,39.40977878969886,35.50430521594492,feb,4.583333333333333
bloomberg-consensus,2026-03-05 21:00:00,112.0,40.60758098750105,36.25676873884022,feb,4.625
bloomberg-consensus,2026-03-05 22:00:00,113.0,41.80538318530324,36.995914323277205,feb,4.666666666666667
bloomberg-consensus,2026-03-05 23:00:00,114.0,43.05257419653918,37.76541596187648,feb,4.708333333333333
bloomberg-consensus,2026-03-06 00:00:00,115.0,44.299765207775124,38.52153496328272,feb,4.75
bloomberg-consensus,2026-03-06 01:00:00,116.0,45.59861578248777,39.30915153662738,feb,4.791666666666667
bloomberg-consensus,2026-03-06 02:00:00,117.0,46.897466357200415,40.08330457880378,feb,4.833333333333333
bloomberg-consensus,2026-03-06 03:00:00,118.0,48.19631693191306,40.84433638297717,feb,4.875
bloomberg-consensus,2026-03-06 04:00:00,119.0,49.495167506625705,41.59257773666026,feb,4.916666666666667
bloomberg-consensus,2026-03-06 05:00:00,120.0,48.495167506625705,40.41263958885475,feb,4.958333333333333
bloomberg-consensus,2026-03-06 06:00:00,121.0,47.495167506625705,39.25220455093034,feb,5.0
bloomberg-consensus,2026-03-06 07:00:00,122.0,46.495167506625705,38.11079303821779,feb,5.041666666666667
bloomberg-consensus,2026-03-06 08:00:00,123.0,45.495167506625705,36.98794106229732,feb,5.083333333333333
bloomberg-consensus,2026-03-06 09:00:00,124.0,44.495167506625705,35.88319960211751,feb,5.125
bloomberg-consensus,2026-03-06 10:00:00,125.0,43.495167506625705,34.796134005300566,feb,5.166666666666667
bloomberg-consensus,2026-03-06 11:00:00,126.0,42.495167506625705,33.72632341795691,feb,5.208333333333333
bloomberg-consensus,2026-03-06 12:00:00,127.0,41.495167506625705,32.673360241437564,feb,5.25
bloomberg-consensus,2026-03-06 13:00:00,128.0,40.495167506625705,31.63684961455133,feb,5.291666666666667
bloomberg-consensus,2026-03-06 14:00:00,129.0,39.495167506625705,30.61640891986489,feb,5.333333333333333
bloomberg-consensus,2026-03-06 15:00:00,130.0,38.495167506625705,29.611667312789002,feb,5.375
bloomberg-consensus,2026-03-06 16:00:00,131.0,37.495167506625705,28.62226527223336,feb,5.416666666666667
bloomberg-consensus,2026-03-06 17:00:00,132.0,36.495167506625705,27.64785417168614,feb,5.458333333333333
bloomberg-consensus,2026-03-06 18:00:00,133.0,35.495167506625705,26.688095869643387,feb,5.5
bloomberg-consensus,2026-03-06 19:00:00,134.0,34.495167506625705,25.74266231837739,feb,5.541666666666667
bloomberg-consensus,2026-03-06 20:00:00,135.0,33.495167506625705,24.811235190093115,feb,5.583333333333333
bloomberg-consensus,2026-03-06 21:00:00,136.0,32.495167506625705,23.893505519577722,feb,5.625
bloomberg-consensus,2026-03-06 22:00:00,137.0,31.495167506625705,22.989173362500516,feb,5.666666666666667
bloomberg-consensus,2026-03-06 23:00:00,138.0,30.495167506625705,22.09794746856935,feb,5.708333333333333
bloomberg-consensus,2026-03-07 00:00:00,139.0,29.495167506625705,21.21954496879547,feb,5.75
bloomberg-consensus,2026-03-07 01:00:00,140.0,28.495167506625705,20.35369107616122,feb,5.791666666666667
bloomberg-consensus,2026-03-07 02:00:00,141.0,27.495167506625705,19.500118799025323,feb,5.833333333333333
bloomberg-consensus,2026-03-07 03:00:00,142.0,26.495167506625705,18.65856866663782,feb,5.875
bloomberg-consensus,2026-03-07 04:00:00,143.0,25.495167506625705,17.828788466171822,feb,5.916666666666667
bloomberg-consensus,2026-03-07 05:00:00,144.0,26.934191896869606,18.70429992838167,feb,5.958333333333333
bloomberg-consensus,2026-03-07 06:00:00,145.0,28.373216287113507,19.567735370423108,feb,6.0
bloomberg-consensus,2026-03-07 07:00:00,146.0,29.81224067735741,20.419342929696853,feb,6.041666666666667
bloomberg-consensus,2026-03-07 08:00:00,147.0,31.281376479826548,21.279847945460237,feb,6.083333333333333
bloomberg-consensus,2026-03-07 09:00:00,148.0,32.75051228229569,22.128724515064654,feb,6.125
bloomberg-consensus,2026-03-07 10:00:00,149.0,34.10345345876627,22.88822379782971,feb,6.166666666666667
bloomberg-consensus,2026-03-07 11:00:00,150.0,35.45639463523685,23.63759642349123,feb,6.208333333333333
bloomberg-consensus,2026-03-07 12:00:00,151.0,36.80933581170743,24.377043583912204,feb,6.25
bloomberg-consensus,2026-03-07 13:00:00,152.0,38.19028819265981,25.125189600434084,feb,6.291666666666667
bloomberg-consensus,2026-03-07 14:00:00,153.0,39.57124057361219,25.86355593046548,feb,6.333333333333333
bloomberg-consensus,2026-03-07 15:00:00,154.0,40.92418175008277,26.57414399356024,feb,6.375
bloomberg-consensus,2026-03-07 16:00:00,155.0,42.305134131035146,27.293634923248483,feb,6.416666666666667
bloomberg-consensus,2026-03-07 17:00:00,156.0,43.686086511987526,28.003901610248416,feb,6.458333333333333
bloomberg-consensus,2026-03-07 18:00:00,157.0,45.067038892939905,28.705120313974465,feb,6.5
bloomberg-consensus,2026-03-07 19:00:00,158.0,46.447991273892285,29.397462831577396,feb,6.541666666666667
bloomberg-consensus,2026-03-07 20:00:00,159.0,47.800932450362865,30.063479528530102,feb,6.583333333333333
bloomberg-consensus,2026-03-07 21:00:00,160.0,49.153873626833445,30.721171016770903,feb,6.625
bloomberg-consensus,2026-03-07 22:00:00,161.0,50.47945502218229,31.3536987715418,feb,6.666666666666667
bloomberg-consensus,2026-03-07 23:00:00,162.0,51.80503641753114,31.97841754168589,feb,6.708333333333333
bloomberg-consensus,2026-03-08 00:00:00,163.0,53.13061781287999,32.59547105084662,feb,6.75
bloomberg-consensus,2026-03-08 01:00:00,164.0,54.51157019383237,33.23876231331242,feb,6.791666666666667
bloomberg-consensus,2026-03-08 02:00:00,165.0,55.89252257478475,33.87425610593015,feb,6.833333333333333
bloomberg-consensus,2026-03-08 03:00:00,166.0,57.27347495573713,34.5020933468296,feb,6.875
bloomberg-consensus,2026-03-08 04:00:00,167.0,58.65442733668951,35.122411578855996,feb,6.916666666666667
bloomberg-consensus,2026-03-08 05:00:00,168.0,60.00736851316009,35.71867173402386,feb,6.958333333333333
bloomberg-consensus,2026-03-08 06:00:00,169.0,61.36030968963067,36.30787555599448,feb,7.0
bloomberg-consensus,2026-03-08 07:00:00,170.0,62.74126207058305,36.90662474740179,feb,7.041666666666667
bloomberg-consensus,2026-03-08 08:00:00,171.0,64.12221445153543,37.498371024289725,feb,7.083333333333333
bloomberg-consensus,2026-03-08 09:00:00,172.0,65.5031668324878,38.08323653051617,feb,7.125
bloomberg-consensus,2026-03-08 10:00:00,173.0,66.85610800895839,38.645149138126236,feb,7.166666666666667
bloomberg-consensus,2026-03-08 11:00:00,174.0,68.23706038991077,39.21670137351194,feb,7.208333333333333
bloomberg-consensus,2026-03-08 12:00:00,175.0,69.59000156638135,39.76571518078934,feb,7.25
bloomberg-consensus,2026-03-08 13:00:00,176.0,70.97095394733373,40.32440565189416,feb,7.291666666666667
bloomberg-consensus,2026-03-08 14:00:00,177.0,72.3519063282861,40.87678323631984,feb,7.333333333333333
bloomberg-consensus,2026-03-08 15:00:00,178.0,73.73285870923849,41.422954331032855,feb,7.375
bloomberg-consensus,2026-03-08 16:00:00,179.0,75.11381109019086,41.96302295541389,feb,7.416666666666667
bloomberg-consensus,2026-03-08 17:00:00,180.0,76.49476347114324,42.4970908173018,feb,7.458333333333333
bloomberg-consensus,2026-03-08 18:00:00,181.0,77.87571585209565,43.02525737684842,feb,7.5
bloomberg-consensus,2026-03-08 19:00:00,182.0,79.22865702856626,43.53222913657487,feb,7.541666666666667
bloomberg-consensus,2026-03-08 20:00:00,183.0,80.58159820503687,44.03366022133162,feb,7.583333333333333
bloomberg-consensus,2026-03-08 21:00:00,184.0,81.93453938150748,44.529640968210586,feb,7.625
bloomberg-consensus,2026-03-08 22:00:00,185.0,83.34417793572436,45.05090699228344,feb,7.666666666666667
bloomberg-consensus,2026-03-08 23:00:00,186.0,84.72513031667677,45.55114533154665,feb,7.708333333333333
bloomberg-consensus,2026-03-09 00:00:00,187.0,86.13476887089365,46.06137372775061,feb,7.75
bloomberg-consensus,2026-03-09 01:00:00,188.0,87.54440742511053,46.56617416229284,feb,7.791666666666667
bloomberg-consensus,2026-03-09 02:00:00,189.0,88.95404597932742,47.06563279329493,feb,7.833333333333333
bloomberg-consensus,2026-03-09 03:00:00,190.0,90.3636845335443,47.559833965023316,feb,7.875
bloomberg-consensus,2026-03-09 04:00:00,191.0,91.77332308776118,48.04886025537235,feb,7.916666666666667
bloomberg-consensus,2026-03-09 05:00:00,192.0,93.18296164197807,48.53279252186358,feb,7.958333333333333
bloomberg-consensus,2026-03-09 06:00:00,193.0,94.59260019619495,49.011709946215,feb,8.0
bloomberg-consensus,2026-03-09 07:00:00,194.0,96.00223875041183,49.48569007753187,feb,8.041666666666666
bloomberg-consensus,2026-03-09 08:00:00,195.0,97.41187730462872,49.95480887416857,feb,8.083333333333334
bloomberg-consensus,2026-03-09 09:00:00,196.0,98.8215158588456,50.419140744308976,feb,8.125
bloomberg-consensus,2026-03-09 10:00:00,197.0,100.23115441306248,50.878758585310905,feb,8.166666666666666
bloomberg-consensus,2026-03-09 11:00:00,198.0,101.64079296727937,51.33373382185826,feb,8.208333333333334
bloomberg-consensus,2026-03-09 12:00:00,199.0,103.05043152149625,51.78413644296293,feb,8.25
bloomberg-consensus,2026-03-09 13:00:00,200.0,104.46007007571313,52.23003503785657,feb,8.291666666666666
bloomberg-consensus,2026-03-09 14:00:00,201.0,105.86970862993002,52.67149683081095,feb,8.333333333333334
bloomberg-consensus,2026-03-09 15:00:00,202.0,107.25066101088242,53.094386639050704,feb,8.375
bloomberg-consensus,2026-03-09 16:00:00,203.0,108.63161339183483,53.51311004523883,feb,8.416666666666666
bloomberg-consensus,2026-03-09 17:00:00,204.0,110.07063778207873,53.95619499121507,feb,8.458333333333334
bloomberg-consensus,2026-03-09 18:00:00,205.0,111.42357895854934,54.352965345633834,feb,8.5
bloomberg-consensus,2026-03-09 19:00:00,206.0,112.77652013501995,54.7458835606893,feb,8.541666666666666
bloomberg-consensus,2026-03-09 20:00:00,207.0,113.99874235724218,55.07185621122811,feb,8.583333333333334
bloomberg-consensus,2026-03-09 21:00:00,208.0,115.2975929319548,55.43153506343981,feb,8.625
bloomberg-consensus,2026-03-09 22:00:00,209.0,116.6505341084254,55.81365268345713,feb,8.666666666666666
bloomberg-consensus,2026-03-09 23:00:00,210.0,118.00347528489601,56.19213108804571,feb,8.708333333333334
bloomberg-consensus,2026-03-10 00:00:00,211.0,119.30232585960863,56.541386663321624,feb,8.75
bloomberg-consensus,2026-03-10 01:00:00,212.0,120.57505313233588,56.875025062422594,feb,8.791666666666666
bloomberg-consensus,2026-03-10 02:00:00,213.0,121.8739037070485,57.2177951676284,feb,8.833333333333334
bloomberg-consensus,2026-03-10 03:00:00,214.0,123.04781675052675,57.49897978996577,feb,8.875
bloomberg-consensus,2026-03-10 04:00:00,215.0,124.221729794005,57.77754874139768,feb,8.916666666666666
bloomberg-consensus,2026-03-10 05:00:00,216.0,125.52058036871762,58.11137980033223,feb,8.958333333333334
bloomberg-consensus,2026-03-10 06:00:00,217.0,126.79330764144487,58.43009568730179,feb,9.0
bloomberg-consensus,2026-03-10 07:00:00,218.0,128.06603491417212,58.74588757530831,feb,9.041666666666666
bloomberg-consensus,2026-03-10 08:00:00,219.0,129.41897609064273,59.095422872439606,feb,9.083333333333334
bloomberg-consensus,2026-03-10 09:00:00,220.0,130.74455748599155,59.42934431181433,feb,9.125
bloomberg-consensus,2026-03-10 10:00:00,221.0,132.09749866246216,59.772623829168396,feb,9.166666666666666
bloomberg-consensus,2026-03-10 11:00:00,222.0,133.39634923717477,60.08844560233098,feb,9.208333333333334
bloomberg-consensus,2026-03-10 12:00:00,223.0,134.74929041364538,60.42569076845085,feb,9.25
bloomberg-consensus,2026-03-10 13:00:00,224.0,136.0748718089942,60.74771062901527,feb,9.291666666666666
bloomberg-consensus,2026-03-10 14:00:00,225.0,137.40045320434302,61.06686809081913,feb,9.333333333333334
bloomberg-consensus,2026-03-10 15:00:00,226.0,138.78140558529543,61.40770158641391,feb,9.375
bloomberg-consensus,2026-03-10 16:00:00,227.0,140.19104413951231,61.75816922445476,feb,9.416666666666666
bloomberg-consensus,2026-03-10 17:00:00,228.0,141.46377141223957,62.045513777298055,feb,9.458333333333334
bloomberg-consensus,2026-03-10 18:00:00,229.0,142.7893528075884,62.35342917361938,feb,9.5
bloomberg-consensus,2026-03-10 19:00:00,230.0,144.03654381882433,62.624584269054054,feb,9.541666666666666
bloomberg-consensus,2026-03-10 20:00:00,231.0,145.33539439353694,62.91575514871729,feb,9.583333333333334
bloomberg-consensus,2026-03-10 21:00:00,232.0,146.66097578888576,63.215937840036965,feb,9.625
bloomberg-consensus,2026-03-10 22:00:00,233.0,147.93370306161302,63.490859683095714,feb,9.666666666666666
bloomberg-consensus,2026-03-10 23:00:00,234.0,149.18089407284896,63.75251883455084,feb,9.708333333333334
bloomberg-consensus,2026-03-11 00:00:00,235.0,150.37869627065118,63.99093458325582,feb,9.75
bloomberg-consensus,2026-03-11 01:00:00,236.0,151.5764984684534,64.22732985951414,feb,9.791666666666666
bloomberg-consensus,2026-03-11 02:00:00,237.0,152.7743006662556,64.46173023892642,feb,9.833333333333334
bloomberg-consensus,2026-03-11 03:00:00,238.0,153.97210286405783,64.6941608672512,feb,9.875
bloomberg-consensus,2026-03-11 04:00:00,239.0,155.14601590753608,64.91465100733727,feb,9.916666666666666
bloomberg-consensus,2026-03-11 05:00:00,240.0,156.31992895101433,65.13330372958931,feb,9.958333333333334
bloomberg-consensus,2026-03-11 06:00:00,241.0,157.49384199449258,65.35014190642846,feb,10.0
bloomberg-consensus,2026-03-11 07:00:00,242.0,158.66775503797084,65.56518803221935,feb,10.041666666666666
bloomberg-consensus,2026-03-11 08:00:00,243.0,159.75108837130415,65.74118863016632,feb,10.083333333333334
bloomberg-consensus,2026-03-11 09:00:00,244.0,160.90162600571273,65.94328934660358,feb,10.125
bloomberg-consensus,2026-03-11 10:00:00,245.0,162.02928558018084,66.13440227762484,feb,10.166666666666666
bloomberg-consensus,2026-03-11 11:00:00,246.0,163.11261891351415,66.30594264776998,feb,10.208333333333334
bloomberg-consensus,2026-03-11 12:00:00,247.0,164.17447458361727,66.4673986168491,feb,10.25
bloomberg-consensus,2026-03-26 00:00:00,248.0,164.2032811679794,66.21100047095943,mar,10.75
bloomberg-consensus,2026-03-26 01:00:00,249.0,164.23261724620897,65.95687439606786,mar,10.791666666666666
bloomberg-consensus,2026-03-26 02:00:00,250.0,164.26142383057112,65.70456953222845,mar,10.833333333333334
bloomberg-consensus,2026-03-26 03:00:00,251.0,164.29075990880068,65.4544860194425,mar,10.875
bloomberg-consensus,2026-03-26 04:00:00,252.0,164.32009598703024,65.20638729644057,mar,10.916666666666666
bloomberg-consensus,2026-03-26 05:00:00,253.0,164.3494320652598,64.96024982816593,mar,10.958333333333334
bloomberg-consensus,2026-03-26 06:00:00,254.0,164.37876814348937,64.71605045019267,mar,11.0
bloomberg-consensus,2026-03-26 07:00:00,255.0,164.40810422171893,64.4737663614584,mar,11.041666666666666
bloomberg-consensus,2026-03-26 08:00:00,256.0,164.4374402999485,64.23337511716738,mar,11.083333333333334
bloomberg-consensus,2026-03-26 09:00:00,257.0,164.46677637817805,63.99485462185916,mar,11.125
bloomberg-consensus,2026-03-26 10:00:00,258.0,164.49611245640762,63.75818312263861,mar,11.166666666666666
bloomberg-consensus,2026-03-26 11:00:00,259.0,164.52544853463718,63.52333920256261,mar,11.208333333333334
bloomberg-consensus,2026-03-26 12:00:00,260.0,164.55478461286674,63.29030177417951,mar,11.25
bloomberg-consensus,2026-03-26 13:00:00,261.0,164.5841206910963,63.05905007321697,mar,11.291666666666666
bloomberg-consensus,2026-03-26 14:00:00,262.0,164.61345676932586,62.82956365241446,mar,11.333333333333334
bloomberg-consensus,2026-03-26 15:00:00,263.0,164.64332288673063,62.60202391130443,mar,11.375
bloomberg-consensus,2026-03-26 16:00:00,264.0,164.67107211591872,62.37540610451467,mar,11.416666666666666
bloomberg-consensus,2026-03-26 17:00:00,265.0,164.6988213451068,62.15049862079503,mar,11.458333333333334
bloomberg-consensus,2026-03-26 18:00:00,266.0,164.72498861037104,61.92668744750791,mar,11.5
bloomberg-consensus,2026-03-26 19:00:00,267.0,164.75115587563528,61.704552762410216,mar,11.541666666666666
bloomberg-consensus,2026-03-26 20:00:00,268.0,164.77679690127633,61.48387944077475,mar,11.583333333333334
bloomberg-consensus,2026-03-26 21:00:00,269.0,164.80243792691738,61.26484681298044,mar,11.625
bloomberg-consensus,2026-03-26 22:00:00,270.0,164.82807895255843,61.04743664909571,mar,11.666666666666666
bloomberg-consensus,2026-03-26 23:00:00,271.0,164.85371997819948,60.831630988265495,mar,11.708333333333334
bloomberg-consensus,2026-03-27 00:00:00,272.0,164.87936100384053,60.6174121337649,mar,11.75
bloomberg-consensus,2026-03-27 01:00:00,273.0,164.90447632931466,60.404570083998046,mar,11.791666666666666
bloomberg-consensus,2026-03-27 02:00:00,274.0,164.9295916547888,60.193281625835326,mar,11.833333333333334
bloomberg-consensus,2026-03-27 03:00:00,275.0,164.95470698026293,59.9835298110047,mar,11.875
bloomberg-consensus,2026-03-27 04:00:00,276.0,164.97982230573706,59.77529793686125,mar,11.916666666666666
bloomberg-consensus,2026-03-27 05:00:00,277.0,165.0049376312112,59.5685695419535,mar,11.958333333333334
bloomberg-consensus,2026-03-27 06:00:00,278.0,165.0295277951456,59.36313949465669,mar,12.0
bloomberg-consensus,2026-03-27 07:00:00,279.0,165.05411795908003,59.15918206418639,mar,12.041666666666666
bloomberg-consensus,2026-03-27 08:00:00,280.0,165.07870812301445,58.95668147250516,mar,12.083333333333334
bloomberg-consensus,2026-03-27 09:00:00,281.0,165.10329828694887,58.75562216617397,mar,12.125
bloomberg-consensus,2026-03-27 10:00:00,282.0,165.1278884508833,58.55598881236996,mar,12.166666666666666
bloomberg-consensus,2026-03-27 11:00:00,283.0,165.1524786148177,58.357766294988586,mar,12.208333333333334
bloomberg-consensus,2026-03-27 12:00:00,284.0,165.17759394029184,58.16112462686333,mar,12.25
bloomberg-consensus,2026-03-27 13:00:00,285.0,165.20270926576598,57.96586290026876,mar,12.291666666666666
bloomberg-consensus,2026-03-27 14:00:00,286.0,165.2278245912401,57.77196664029375,mar,12.333333333333334
bloomberg-consensus,2026-03-27 15:00:00,287.0,165.25399185650434,57.579788103311614,mar,12.375
bloomberg-consensus,2026-03-27 16:00:00,288.0,165.28015912176858,57.388944139502975,mar,12.416666666666666
bloomberg-consensus,2026-03-27 17:00:00,289.0,165.3063263870328,57.199420895167066,mar,12.458333333333334
bloomberg-consensus,2026-03-27 18:00:00,290.0,165.33249365229705,57.011204707688634,mar,12.5
bloomberg-consensus,2026-03-27 19:00:00,291.0,165.35866091756128,56.82428210225473,mar,12.541666666666666
bloomberg-consensus,2026-03-27 20:00:00,292.0,165.38482818282552,56.638639788638876,mar,12.583333333333334
bloomberg-consensus,2026-03-27 21:00:00,293.0,165.41099544808975,56.45426465805111,mar,12.625
bloomberg-consensus,2026-03-27 22:00:00,294.0,165.43716271335398,56.27114378005238,mar,12.666666666666666
bloomberg-consensus,2026-03-27 23:00:00,295.0,165.46332997861822,56.0892643995316,mar,12.708333333333334
bloomberg-consensus,2026-03-28 00:00:00,296.0,165.48949724388245,55.908613933744064,mar,12.75
bloomberg-consensus,2026-03-28 01:00:00,297.0,165.5156645091467,55.72917996940966,mar,12.791666666666666
bloomberg-consensus,2026-03-28 02:00:00,298.0,165.54183177441092,55.55095025986944,mar,12.833333333333334
bloomberg-consensus,2026-03-28 03:00:00,299.0,165.56799903967516,55.37391272229938,mar,12.875
bloomberg-consensus,2026-03-28 04:00:00,300.0,165.5941663049394,55.1980554349798,mar,12.916666666666666
bloomberg-consensus,2026-03-28 05:00:00,301.0,165.62033357020363,55.023366634619144,mar,12.958333333333334
bloomberg-consensus,2026-03-28 06:00:00,302.0,165.64650083546786,54.849834713731084,mar,13.0
bloomberg-consensus,2026-03-28 07:00:00,303.0,165.6726681007321,54.6774482180634,mar,13.041666666666666
bloomberg-consensus,2026-03-28 08:00:00,304.0,165.6998894669365,54.50654258780806,mar,13.083333333333334
bloomberg-consensus,2026-03-28 09:00:00,305.0,165.7271108331409,54.33675765021013,mar,13.125
bloomberg-consensus,2026-03-28 10:00:00,306.0,165.7543321993453,54.16808241808669,mar,13.166666666666666
bloomberg-consensus,2026-03-28 11:00:00,307.0,165.7820814285334,54.00067798975029,mar,13.208333333333334
bloomberg-consensus,2026-03-28 12:00:00,308.0,165.80983065772148,53.83436060315633,mar,13.25
bloomberg-consensus,2026-03-28 13:00:00,309.0,165.83757988690957,53.669119704501476,mar,13.291666666666666
bloomberg-consensus,2026-03-28 14:00:00,310.0,165.86532911609766,53.50494487616053,mar,13.333333333333334
bloomberg-consensus,2026-03-28 15:00:00,311.0,165.89307834528574,53.34182583449702,mar,13.375
bloomberg-consensus,2026-03-28 16:00:00,312.0,165.92082757447383,53.179752427715975,mar,13.416666666666666
bloomberg-consensus,2026-03-28 17:00:00,313.0,165.94857680366192,53.0187146337578,mar,13.458333333333334
bloomberg-consensus,2026-03-28 18:00:00,314.0,165.97632603285,52.85870255823249,mar,13.5
bloomberg-consensus,2026-03-28 19:00:00,315.0,166.00091619678443,52.698703554534745,mar,13.541666666666666
bloomberg-consensus,2026-03-28 20:00:00,316.0,166.02550636071885,52.53971720275913,mar,13.583333333333334
bloomberg-consensus,2026-03-28 21:00:00,317.0,166.05009652465327,52.38173391944898,mar,13.625
bloomberg-consensus,2026-03-28 22:00:00,318.0,166.0746866885877,52.224744241694246,mar,13.666666666666666
bloomberg-consensus,2026-03-28 23:00:00,319.0,166.0992768525221,52.06873882524204,mar,13.708333333333334
bloomberg-consensus,2026-03-29 00:00:00,320.0,166.12386701645653,51.91370844264267,mar,13.75
bloomberg-consensus,2026-03-29 01:00:00,321.0,166.14688491926984,51.75915418045789,mar,13.791666666666666
bloomberg-consensus,2026-03-29 02:00:00,322.0,166.16990282208315,51.60555988263452,mar,13.833333333333334
bloomberg-consensus,2026-03-29 03:00:00,323.0,166.19292072489645,51.45291663309488,mar,13.875
bloomberg-consensus,2026-03-29 04:00:00,324.0,166.21437118454918,51.30073184708308,mar,13.916666666666666
bloomberg-consensus,2026-03-29 05:00:00,325.0,166.2358216442019,51.14948358283136,mar,13.958333333333334
bloomberg-consensus,2026-03-29 06:00:00,326.0,166.25727210385463,50.9991632220413,mar,14.0
bloomberg-consensus,2026-03-29 07:00:00,327.0,166.27872256350736,50.84976225183711,mar,14.041666666666666
bloomberg-consensus,2026-03-29 08:00:00,328.0,166.30017302316008,50.70127226315856,mar,14.083333333333334
bloomberg-consensus,2026-03-29 09:00:00,329.0,166.3216234828128,50.55368494918322,mar,14.125
bloomberg-consensus,2026-03-29 10:00:00,330.0,166.34307394246554,50.40699210377744,mar,14.166666666666666
bloomberg-consensus,2026-03-29 11:00:00,331.0,166.36452440211826,50.2611856199753,mar,14.208333333333334
bloomberg-consensus,2026-03-29 12:00:00,332.0,166.385974861771,50.11625748848524,mar,14.25
bloomberg-consensus,2026-03-29 13:00:00,333.0,166.40742532142372,49.972199796223336,mar,14.291666666666666
bloomberg-consensus,2026-03-29 14:00:00,334.0,166.42887578107644,49.82900472487319,mar,14.333333333333334
bloomberg-consensus,2026-03-29 15:00:00,335.0,166.45032624072917,49.686664549471395,mar,14.375
bloomberg-consensus,2026-03-29 16:00:00,336.0,166.47282112825474,49.54548247864724,mar,14.416666666666666
bloomberg-consensus,2026-03-29 17:00:00,337.0,166.4953160157803,49.405138283614335,mar,14.458333333333334
bloomberg-consensus,2026-03-29 18:00:00,338.0,166.51781090330587,49.26562452760529,mar,14.5
bloomberg-consensus,2026-03-29 19:00:00,339.0,166.5387399487372,49.126471961279414,mar,14.541666666666666
bloomberg-consensus,2026-03-29 20:00:00,340.0,166.55810794058226,48.98767880605361,mar,14.583333333333334
bloomberg-consensus,2026-03-29 21:00:00,341.0,166.57747593242732,48.84969968692883,mar,14.625
bloomberg-consensus,2026-03-29 22:00:00,342.0,166.59684392427238,48.712527463237535,mar,14.666666666666666
bloomberg-consensus,2026-03-29 23:00:00,343.0,166.61621191611744,48.576155077585256,mar,14.708333333333334
bloomberg-consensus,2026-03-30 00:00:00,344.0,166.6355799079625,48.44057555464026,mar,14.75
bloomberg-consensus,2026-03-30 01:00:00,345.0,166.65494789980755,48.305781999944216,mar,14.791666666666668
bloomberg-consensus,2026-03-30 02:00:00,346.0,166.67431589165255,48.171767598743514,mar,14.833333333333332
bloomberg-consensus,2026-03-30 03:00:00,347.0,166.69368388349756,48.03852561484079,mar,14.875
bloomberg-consensus,2026-03-30 04:00:00,348.0,166.71305187534256,47.906049389466254,mar,14.916666666666668
bloomberg-consensus,2026-03-30 05:00:00,349.0,166.73241986718756,47.77433234016836,mar,14.958333333333332
bloomberg-consensus,2026-03-30 06:00:00,350.0,166.75178785903256,47.643367959723584,mar,15.0
bloomberg-consensus,2026-03-30 07:00:00,351.0,166.77115585087756,47.51314981506483,mar,15.041666666666668
bloomberg-consensus,2026-03-30 08:00:00,352.0,166.79052384272256,47.383671546228,mar,15.083333333333332
bloomberg-consensus,2026-03-30 09:00:00,353.0,166.80989183456757,47.25492686531659,mar,15.125
bloomberg-consensus,2026-03-30 10:00:00,354.0,166.82770353940214,47.126469926384786,mar,15.166666666666668
bloomberg-consensus,2026-03-30 11:00:00,355.0,166.8455152442367,46.99873668851738,mar,15.208333333333332
bloomberg-consensus,2026-03-30 12:00:00,356.0,166.86332694907128,46.87172105310991,mar,15.25
bloomberg-consensus,2026-03-30 13:00:00,357.0,166.88113865390585,46.74541698988959,mar,15.291666666666668
bloomberg-consensus,2026-03-30 14:00:00,358.0,166.89895035874042,46.61981853596101,mar,15.333333333333332
bloomberg-consensus,2026-03-30 15:00:00,359.0,166.916762063575,46.494919794867684,mar,15.375
bloomberg-consensus,2026-03-30 16:00:00,360.0,166.93457376840956,46.37071493566932,mar,15.416666666666668
bloomberg-consensus,2026-03-30 17:00:00,361.0,166.95238547324414,46.24719819203439,mar,15.458333333333332
bloomberg-consensus,2026-03-30 18:00:00,362.0,166.9701971780787,46.12436386134771,mar,15.5
bloomberg-consensus,2026-03-30 19:00:00,363.0,166.98800888291328,46.00220630383286,mar,15.541666666666668
bloomberg-consensus,2026-03-30 20:00:00,364.0,167.00582058774785,45.880719941688966,mar,15.583333333333332
bloomberg-consensus,2026-03-30 21:00:00,365.0,167.02363229258242,45.75989925824176,mar,15.625
bloomberg-consensus,2026-03-30 22:00:00,366.0,167.041443997417,45.63973879710847,mar,15.666666666666668
bloomberg-consensus,2026-03-30 23:00:00,367.0,167.05925570225156,45.52023316137645,mar,15.708333333333332
bloomberg-consensus,2026-03-31 00:00:00,368.0,167.07706740708613,45.401377012795145,mar,15.75
bloomberg-consensus,2026-03-31 01:00:00,369.0,167.0948791119207,45.28316507098122,mar,15.791666666666668
bloomberg-consensus,2026-03-31 02:00:00,370.0,167.11269081675528,45.16559211263656,mar,15.833333333333332
bloomberg-consensus,2026-03-31 03:00:00,371.0,167.13050252158985,45.04865297077893,mar,15.875
bloomberg-consensus,2026-03-31 04:00:00,372.0,167.14831422642442,44.93234253398506,mar,15.916666666666668
bloomberg-consensus,2026-03-31 05:00:00,373.0,167.1635426528204,44.81596317769984,mar,15.958333333333332
bloomberg-consensus,2026-03-31 06:00:00,374.0,167.1787710792164,44.700206170913475,mar,16.0
bloomberg-consensus,2026-03-31 07:00:00,375.0,167.1939995056124,44.58506653482997,mar,16.041666666666668
bloomberg-consensus,2026-03-31 08:00:00,376.0,167.2092279320084,44.47053934361925,mar,16.083333333333332
bloomberg-consensus,2026-03-31 09:00:00,377.0,167.22445635840438,44.356619723714694,mar,16.125
bloomberg-consensus,2026-03-31 10:00:00,378.0,167.23968478480037,44.24330285312179,mar,16.166666666666668
bloomberg-consensus,2026-03-31 11:00:00,379.0,167.25491321119637,44.13058396073783,mar,16.208333333333332
bloomberg-consensus,2026-03-31 12:00:00,380.0,167.27014163759236,44.018458325682204,mar,16.25
bloomberg-consensus,2026-03-31 13:00:00,381.0,167.28537006398835,43.90692127663736,mar,16.291666666666668
bloomberg-consensus,2026-03-31 14:00:00,382.0,167.30059849038435,43.79596819120009,mar,16.333333333333332
bloomberg-consensus,2026-03-31 15:00:00,383.0,167.31582691678034,43.68559449524291,mar,16.375
bloomberg-consensus,2026-03-31 16:00:00,384.0,167.33105534317633,43.57579566228551,mar,16.416666666666668
bloomberg-consensus,2026-03-31 17:00:00,385.0,167.34628376957232,43.46656721287593,mar,16.458333333333332
bloomberg-consensus,2026-03-31 18:00:00,386.0,167.36151219596832,43.357904713981426,mar,16.5
bloomberg-consensus,2026-03-31 20:00:00,387.0,167.37828901345688,43.25020387944622,mar,16.583333333333332
bloomberg-consensus,2026-03-31 21:00:00,388.0,167.39506583094544,43.14305820385192,mar,16.625
bloomberg-consensus,2026-03-31 22:00:00,389.0,167.411842648434,43.036463405767094,mar,16.666666666666668
bloomberg-consensus,2026-03-31 23:00:00,390.0,167.42861946592257,42.93041524767246,mar,16.708333333333332
bloomberg-consensus,2026-04-01 00:00:00,391.0,167.44539628341113,42.824909535399264,mar,16.75
bloomberg-consensus,2026-04-01 01:00:00,392.0,167.4621731008997,42.71994211757645,mar,16.791666666666668
bloomberg-consensus,2026-04-01 02:00:00,393.0,167.47894991838825,42.615508885086065,mar,16.833333333333332
bloomberg-consensus,2026-04-01 03:00:00,394.0,167.49572673587681,42.51160577052711,mar,16.875
bloomberg-consensus,2026-04-01 04:00:00,395.0,167.51250355336538,42.40822874768744,mar,16.916666666666668
bloomberg-consensus,2026-04-01 05:00:00,396.0,167.528763715967,42.30524336261793,mar,16.958333333333332
bloomberg-consensus,2026-04-01 06:00:00,397.0,167.54554053345555,42.20290693537923,mar,17.0
bloomberg-consensus,2026-04-01 07:00:00,398.0,167.5623173509441,42.101084761543746,mar,17.041666666666668
bloomberg-consensus,2026-04-01 08:00:00,399.0,167.58012905577868,42.000032344806684,mar,17.083333333333332
bloomberg-consensus,2026-04-01 09:00:00,400.0,167.59742305374414,41.899355763436034,mar,17.125
bloomberg-consensus,2026-04-01 10:00:00,401.0,167.61368321634575,41.79892349534807,mar,17.166666666666668
bloomberg-consensus,2026-04-01 11:00:00,402.0,167.62942724884954,41.69886249971382,mar,17.208333333333332
bloomberg-consensus,2026-04-01 12:00:00,403.0,167.64517128135333,41.59929808470306,mar,17.25
bloomberg-consensus,2026-04-01 13:00:00,404.0,167.66143144395494,41.500354317810626,mar,17.291666666666668
bloomberg-consensus,2026-04-01 14:00:00,405.0,167.6797613828552,41.40241021798894,mar,17.333333333333332
bloomberg-consensus,2026-04-01 15:00:00,406.0,167.69809132175544,41.30494860141759,mar,17.375
bloomberg-consensus,2026-04-01 16:00:00,407.0,167.7164212606557,41.20796591170902,mar,17.416666666666668
bloomberg-consensus,2026-04-01 17:00:00,408.0,167.73475119955594,41.111458627342145,mar,17.458333333333332
bloomberg-consensus,2026-04-01 18:00:00,409.0,167.7530811384562,41.015423261236236,mar,17.5
bloomberg-consensus,2026-04-01 19:00:00,410.0,167.77141107735645,40.91985636033084,mar,17.541666666666668
bloomberg-consensus,2026-04-01 20:00:00,411.0,167.7897410162567,40.824754505171946,mar,17.583333333333332
bloomberg-consensus,2026-04-01 21:00:00,412.0,167.8049694426527,40.72936151520696,mar,17.625
bloomberg-consensus,2026-04-01 22:00:00,413.0,167.82019786904868,40.634430476767236,mar,17.666666666666668
bloomberg-consensus,2026-04-01 23:00:00,414.0,167.83542629544468,40.53995804237795,mar,17.708333333333332
bloomberg-consensus,2026-04-02 00:00:00,415.0,167.85065472184067,40.44594089682907,mar,17.75
bloomberg-consensus,2026-04-02 01:00:00,416.0,167.86588314823666,40.35237575678766,mar,17.791666666666668
bloomberg-consensus,2026-04-02 02:00:00,417.0,167.88059649171714,40.25913584933265,mar,17.833333333333332
bloomberg-consensus,2026-04-02 03:00:00,418.0,167.89530983519762,40.16634206583675,mar,17.875
bloomberg-consensus,2026-04-02 04:00:00,419.0,167.90950861815907,40.07386840528856,mar,17.916666666666668
bloomberg-consensus,2026-04-02 05:00:00,420.0,167.9237074011205,39.98183509550488,mar,17.958333333333332
bloomberg-consensus,2026-04-02 06:00:00,421.0,167.93790618408195,39.89023899859429,mar,18.0
bloomberg-consensus,2026-04-02 07:00:00,422.0,167.9521049670434,39.79907700640839,mar,18.041666666666668
bloomberg-consensus,2026-04-02 08:00:00,423.0,167.96630375000484,39.708346040190264,mar,18.083333333333332
bloomberg-consensus,2026-04-02 09:00:00,424.0,167.98101709348532,39.618164408840876,mar,18.125
bloomberg-consensus,2026-04-02 10:00:00,425.0,167.9967611259891,39.52864967670332,mar,18.166666666666668
bloomberg-consensus,2026-04-02 11:00:00,426.0,168.0125051584929,39.43955520152416,mar,18.208333333333332
bloomberg-consensus,2026-04-02 12:00:00,427.0,168.0282491909967,39.35087803067838,mar,18.25
bloomberg-consensus,2026-04-02 13:00:00,428.0,168.04399322350048,39.26261523913563,mar,18.291666666666668
bloomberg-consensus,2026-04-02 14:00:00,429.0,168.05973725600427,39.17476392913852,mar,18.333333333333332
bloomberg-consensus,2026-04-02 15:00:00,430.0,168.07548128850806,39.087321229885596,mar,18.375
bloomberg-consensus,2026-04-02 16:00:00,431.0,168.09849919132137,39.00197197014417,mar,18.416666666666668
bloomberg-consensus,2026-04-02 17:00:00,432.0,168.11890735458667,38.91641373948765,mar,18.458333333333332
bloomberg-consensus,2026-04-02 18:00:00,433.0,168.13931551785197,38.8312506969635,mar,18.5
bloomberg-consensus,2026-04-02 19:00:00,434.0,168.15454394424796,38.74528662309861,mar,18.541666666666668
bloomberg-consensus,2026-04-02 20:00:00,435.0,168.17028797675175,38.659836316494655,mar,18.583333333333332
bloomberg-consensus,2026-04-02 21:00:00,436.0,168.18603200925554,38.574777983774204,mar,18.625
bloomberg-consensus,2026-04-02 22:00:00,437.0,168.20177604175933,38.49010893404103,mar,18.666666666666668
bloomberg-consensus,2026-04-02 23:00:00,438.0,168.21752007426312,38.40582650097332,mar,18.708333333333332
bloomberg-consensus,2026-04-03 00:00:00,439.0,168.2332641067669,38.32192804254371,mar,18.75
bloomberg-consensus,2026-04-03 01:00:00,440.0,168.2490081392707,38.238410940743336,mar,18.791666666666664
bloomberg-consensus,2026-04-03 02:00:00,441.0,168.2647521717745,38.155272601309406,mar,18.833333333333336
bloomberg-consensus,2026-04-03 03:00:00,442.0,168.28049620427828,38.07251045345662,mar,18.875
bloomberg-consensus,2026-04-03 04:00:00,443.0,168.2967563668799,37.990238457534964,mar,18.916666666666664
bloomberg-consensus,2026-04-03 05:00:00,444.0,168.31353318436845,37.908453419902806,mar,18.958333333333336
bloomberg-consensus,2026-04-03 07:00:00,445.0,168.32414460427754,37.82565047287136,mar,19.041666666666664
bloomberg-consensus,2026-04-03 08:00:00,446.0,168.33475602418662,37.743218839503726,mar,19.083333333333336
bloomberg-consensus,2026-04-03 09:00:00,447.0,168.3453674440957,37.6611560277619,mar,19.125
bloomberg-consensus,2026-04-03 10:00:00,448.0,168.35597886400478,37.57945956785821,mar,19.166666666666664
bloomberg-consensus,2026-04-03 11:00:00,449.0,168.36659028391387,37.498127012007544,mar,19.208333333333336
bloomberg-consensus,2026-04-03 12:00:00,450.0,168.37720170382295,37.41715593418288,mar,19.25
bloomberg-consensus,2026-04-03 13:00:00,451.0,168.38781312373203,37.33654392987407,mar,19.291666666666664
bloomberg-consensus,2026-04-03 14:00:00,452.0,168.3984245436411,37.256288615849805,mar,19.333333333333336
bloomberg-consensus,2026-04-03 15:00:00,453.0,168.4090359635502,37.17638762992278,mar,19.375
bloomberg-consensus,2026-04-03 16:00:00,454.0,168.41964738345928,37.096838630717905,mar,19.416666666666664
bloomberg-consensus,2026-04-03 17:00:00,455.0,168.43025880336836,37.017639297443594,mar,19.458333333333336
bloomberg-consensus,2026-04-03 18:00:00,456.0,168.44087022327744,36.938787329666106,mar,19.5
bloomberg-consensus,2026-04-03 19:00:00,457.0,168.45250401184603,36.86050416014136,mar,19.541666666666664
bloomberg-consensus,2026-04-03 20:00:00,458.0,168.46413780041462,36.78256283851847,mar,19.583333333333336
bloomberg-consensus,2026-04-03 21:00:00,459.0,168.4757715889832,36.70496113049743,mar,19.625
bloomberg-consensus,2026-04-03 22:00:00,460.0,168.4874053775518,36.62769682120691,mar,19.666666666666664
bloomberg-consensus,2026-04-03 23:00:00,461.0,168.49903916612038,36.550767714993576,mar,19.708333333333336
bloomberg-consensus,2026-04-04 00:00:00,462.0,168.51067295468897,36.47417163521406,mar,19.75
bloomberg-consensus,2026-04-04 01:00:00,463.0,168.52230674325756,36.397906424029706,mar,19.791666666666664
bloomberg-consensus,2026-04-04 02:00:00,464.0,168.53394053182615,36.321969942203914,mar,19.833333333333336
bloomberg-consensus,2026-04-04 03:00:00,465.0,168.54557432039473,36.24636006890209,mar,19.875
bloomberg-consensus,2026-04-04 04:00:00,466.0,168.55720810896332,36.17107470149428,mar,19.916666666666664
bloomberg-consensus,2026-04-04 05:00:00,467.0,168.5688418975319,36.09611175536015,mar,19.958333333333336
bloomberg-consensus,2026-04-04 06:00:00,468.0,168.5804756861005,36.02146916369669,mar,20.0
bloomberg-consensus,2026-04-04 07:00:00,469.0,168.5921094746691,35.947144877328164,mar,20.041666666666664
bloomberg-consensus,2026-04-04 08:00:00,470.0,168.60374326323767,35.873136864518656,mar,20.083333333333336
bloomberg-consensus,2026-04-04 09:00:00,471.0,168.61537705180626,35.799443110786896,mar,20.125
bloomberg-consensus,2026-04-04 10:00:00,472.0,168.62701084037485,35.726061618723485,mar,20.166666666666664
bloomberg-consensus,2026-04-04 11:00:00,473.0,168.63813318617872,35.652882280376055,mar,20.208333333333336
bloomberg-consensus,2026-04-04 12:00:00,474.0,168.6492555319826,35.58001171560814,mar,20.25
bloomberg-consensus,2026-04-04 13:00:00,475.0,168.66037787778646,35.50744797427083,mar,20.291666666666664
bloomberg-consensus,2026-04-04 14:00:00,476.0,168.67252362677436,35.43540412327192,mar,20.333333333333336
bloomberg-consensus,2026-04-04 15:00:00,477.0,168.68466937576227,35.3636623429271,mar,20.375
bloomberg-consensus,2026-04-04 16:00:00,478.0,168.69681512475017,35.29222073739543,mar,20.416666666666664
bloomberg-consensus,2026-04-04 17:00:00,479.0,168.70896087373808,35.221077426667655,mar,20.458333333333336
bloomberg-consensus,2026-04-04 18:00:00,480.0,168.72110662272598,35.15023054640125,mar,20.5
bloomberg-consensus,2026-04-04 19:00:00,481.0,168.7332523717139,35.07967824775757,mar,20.541666666666664
bloomberg-consensus,2026-04-04 20:00:00,482.0,168.7453981207018,35.00941869724103,mar,20.583333333333336
bloomberg-consensus,2026-04-04 21:00:00,483.0,168.7575438696897,34.93945007654031,mar,20.625
bloomberg-consensus,2026-04-04 22:00:00,484.0,168.7696896186776,34.86977058237141,mar,20.666666666666664
bloomberg-consensus,2026-04-04 23:00:00,485.0,168.7818353676655,34.80037842632279,mar,20.708333333333336
bloomberg-consensus,2026-04-05 00:00:00,486.0,168.7939811166534,34.73127183470235,mar,20.75
bloomberg-consensus,2026-04-05 01:00:00,487.0,168.80612686564132,34.66244904838631,mar,20.791666666666664
bloomberg-consensus,2026-04-05 02:00:00,488.0,168.81827261462922,34.593908322669925,mar,20.833333333333336
bloomberg-consensus,2026-04-05 03:00:00,489.0,168.83041836361713,34.52564792712007,mar,20.875
bloomberg-consensus,2026-04-05 04:00:00,490.0,168.84256411260503,34.4576661454296,mar,20.916666666666664
bloomberg-consensus,2026-04-05 05:00:00,491.0,168.85470986159294,34.389961275273514,mar,20.958333333333336
bloomberg-consensus,2026-04-05 06:00:00,492.0,168.86685561058084,34.322531628166836,mar,21.0
bloomberg-consensus,2026-04-05 07:00:00,493.0,168.87900135956875,34.25537552932429,mar,21.041666666666664
bloomberg-consensus,2026-04-05 08:00:00,494.0,168.89114710855665,34.18849131752159,mar,21.083333333333336
bloomberg-consensus,2026-04-05 09:00:00,495.0,168.90329285754456,34.1218773449585,mar,21.125
bloomberg-consensus,2026-04-05 10:00:00,496.0,168.91543860653246,34.05553197712348,mar,21.166666666666664
bloomberg-consensus,2026-04-05 11:00:00,497.0,168.92758435552037,33.989453592660034,mar,21.208333333333336
bloomberg-consensus,2026-04-05 12:00:00,498.0,168.93973010450827,33.923640583234594,mar,21.25
bloomberg-consensus,2026-04-05 13:00:00,499.0,168.95187585349618,33.858091353406046,mar,21.291666666666664
bloomberg-consensus,2026-04-05 14:00:00,500.0,168.96556059754073,33.793112119508145,mar,21.333333333333336
bloomberg-consensus,2026-04-05 15:00:00,501.0,168.97924534158528,33.72839228374956,mar,21.375
bloomberg-consensus,2026-04-05 16:00:00,502.0,168.99293008562984,33.663930295942194,mar,21.416666666666664
bloomberg-consensus,2026-04-05 17:00:00,503.0,169.0066148296744,33.59972461822552,mar,21.458333333333336
bloomberg-consensus,2026-04-05 18:00:00,504.0,169.02029957371894,33.535773724944235,mar,21.5
bloomberg-consensus,2026-04-05 19:00:00,505.0,169.0339843177635,33.472076102527424,mar,21.541666666666664
bloomberg-consensus,2026-04-05 20:00:00,506.0,169.04766906180805,33.40863024936918,mar,21.583333333333336
bloomberg-consensus,2026-04-05 21:00:00,507.0,169.06341309431184,33.34584084700431,mar,21.625
bloomberg-consensus,2026-04-05 22:00:00,508.0,169.07915712681563,33.28329864701095,mar,21.666666666666664
bloomberg-consensus,2026-04-05 23:00:00,509.0,169.09490115931942,33.221002192400675,mar,21.708333333333336
bloomberg-consensus,2026-04-06 00:00:00,510.0,169.1106451918232,33.15895003761239,mar,21.75
bloomberg-consensus,2026-04-06 01:00:00,511.0,169.126389224327,33.09714074840059,mar,21.791666666666664
bloomberg-consensus,2026-04-06 02:00:00,512.0,169.1421332568308,33.03557290172476,mar,21.833333333333336
bloomberg-consensus,2026-04-06 03:00:00,513.0,169.15787728933458,32.97424508564027,mar,21.875
bloomberg-consensus,2026-04-06 04:00:00,514.0,169.17362132183837,32.91315589919034,mar,21.916666666666664
bloomberg-consensus,2026-04-06 05:00:00,515.0,169.18936535434216,32.85230395229945,mar,21.958333333333336
bloomberg-consensus,2026-04-06 06:00:00,516.0,169.20510938684595,32.79168786566782,mar,22.0
bloomberg-consensus,2026-04-06 07:00:00,517.0,169.22085341934974,32.73130627066726,mar,22.041666666666664
bloomberg-consensus,2026-04-06 08:00:00,518.0,169.23659745185353,32.67115780923813,mar,22.083333333333336
bloomberg-consensus,2026-04-06 09:00:00,519.0,169.24874320084143,32.610547822898155,mar,22.125
bloomberg-consensus,2026-04-06 10:00:00,520.0,169.26088894982934,32.55017095189026,mar,22.166666666666664
bloomberg-consensus,2026-04-06 11:00:00,521.0,169.27303469881724,32.49002585389966,mar,22.208333333333336
bloomberg-consensus,2026-04-06 12:00:00,522.0,169.28518044780515,32.430111196897535,mar,22.25
bloomberg-consensus,2026-04-06 13:00:00,523.0,169.29732619679305,32.37042565904265,mar,22.291666666666664
bloomberg-consensus,2026-04-06 14:00:00,524.0,169.30947194578096,32.31096792858415,mar,22.333333333333336
bloomberg-consensus,2026-04-06 15:00:00,525.0,169.32161769476886,32.2517367037655,mar,22.375
bloomberg-consensus,2026-04-06 16:00:00,526.0,169.33274004057273,32.192536129386454,mar,22.416666666666664
bloomberg-consensus,2026-04-06 17:00:00,527.0,169.3438623863766,32.1335602251189,mar,22.458333333333336
bloomberg-consensus,2026-04-06 18:00:00,528.0,169.35703361231378,32.07519575990791,mar,22.5
bloomberg-consensus,2026-04-06 19:00:00,529.0,169.37020483825097,32.017051954300754,mar,22.541666666666664
bloomberg-consensus,2026-04-06 20:00:00,530.0,169.38337606418816,31.959127559280788,mar,22.583333333333336
bloomberg-consensus,2026-04-06 21:00:00,531.0,169.39654729012534,31.901421335240176,mar,22.625
bloomberg-consensus,2026-04-06 22:00:00,532.0,169.40971851606253,31.843932051891453,mar,22.666666666666664
bloomberg-consensus,2026-04-06 23:00:00,533.0,169.4228897419997,31.78665848818006,mar,22.708333333333336
bloomberg-consensus,2026-04-07 00:00:00,534.0,169.4360609679369,31.72959943219792,mar,22.75
bloomberg-consensus,2026-04-07 01:00:00,535.0,169.44923219387408,31.67275368109796,mar,22.791666666666664
bloomberg-consensus,2026-04-07 02:00:00,536.0,169.46240341981127,31.616120041009566,mar,22.833333333333336
bloomberg-consensus,2026-04-07 03:00:00,537.0,169.47557464574845,31.559697326955018,mar,22.875
bloomberg-consensus,2026-04-07 04:00:00,538.0,169.48874587168564,31.503484362766848,mar,22.916666666666664
bloomberg-consensus,2026-04-07 05:00:00,539.0,169.50191709762282,31.447479981006087,mar,22.958333333333336
bloomberg-consensus,2026-04-07 06:00:00,540.0,169.5135508861914,31.391398312257667,mar,23.0
bloomberg-consensus,2026-04-07 07:00:00,541.0,169.52518467476,31.335523969456563,mar,23.041666666666664
bloomberg-consensus,2026-04-07 08:00:00,542.0,169.5368184633286,31.27985580504217,mar,23.083333333333336
bloomberg-consensus,2026-04-07 09:00:00,543.0,169.54845225189717,31.224392679907396,mar,23.125
bloomberg-consensus,2026-04-07 10:00:00,544.0,169.56008604046576,31.169133463320915,mar,23.166666666666664
bloomberg-consensus,2026-04-07 11:00:00,545.0,169.57171982903435,31.11407703285034,mar,23.208333333333336
bloomberg-consensus,2026-04-07 12:00:00,546.0,169.58335361760294,31.059222274286252,mar,23.25
bloomberg-consensus,2026-04-07 13:00:00,547.0,169.59498740617153,31.004568081567008,mar,23.291666666666664
claude-sonnet-4.5,2026-03-01 06:00:00,1.0,-1.0,-100.0,feb,0.0
claude-sonnet-4.5,2026-03-01 07:00:00,2.0,-2.0,-100.0,feb,0.041666666666666664
claude-sonnet-4.5,2026-03-01 08:00:00,3.0,-3.0,-100.0,feb,0.08333333333333333
claude-sonnet-4.5,2026-03-01 09:00:00,4.0,-4.0,-100.0,feb,0.125
claude-sonnet-4.5,2026-03-01 10:00:00,5.0,-5.0,-100.0,feb,0.16666666666666666
claude-sonnet-4.5,2026-03-01 11:00:00,6.0,-6.0,-100.0,feb,0.20833333333333334
claude-sonnet-4.5,2026-03-01 12:00:00,7.0,-7.0,-100.0,feb,0.25
claude-sonnet-4.5,2026-03-01 13:00:00,8.0,-8.0,-100.0,feb,0.2916666666666667
claude-sonnet-4.5,2026-03-01 14:00:00,9.0,-9.0,-100.0,feb,0.3333333333333333
claude-sonnet-4.5,2026-03-01 15:00:00,10.0,-10.0,-100.0,feb,0.375
claude-sonnet-4.5,2026-03-01 16:00:00,11.0,-11.0,-100.0,feb,0.4166666666666667
claude-sonnet-4.5,2026-03-01 17:00:00,12.0,-12.0,-100.0,feb,0.4583333333333333
claude-sonnet-4.5,2026-03-01 18:00:00,13.0,-13.0,-100.0,feb,0.5
claude-sonnet-4.5,2026-03-01 19:00:00,14.0,-14.0,-100.0,feb,0.5416666666666666
claude-sonnet-4.5,2026-03-01 20:00:00,15.0,-15.0,-100.0,feb,0.5833333333333334
claude-sonnet-4.5,2026-03-01 21:00:00,16.0,-16.0,-100.0,feb,0.625
claude-sonnet-4.5,2026-03-01 22:00:00,17.0,-17.0,-100.0,feb,0.6666666666666666
claude-sonnet-4.5,2026-03-01 23:00:00,18.0,-18.0,-100.0,feb,0.7083333333333334
claude-sonnet-4.5,2026-03-02 00:00:00,19.0,-19.0,-100.0,feb,0.75
claude-sonnet-4.5,2026-03-02 01:00:00,20.0,-20.0,-100.0,feb,0.7916666666666666
claude-sonnet-4.5,2026-03-02 02:00:00,21.0,-21.0,-100.0,feb,0.8333333333333334
claude-sonnet-4.5,2026-03-02 03:00:00,22.0,-22.0,-100.0,feb,0.875
claude-sonnet-4.5,2026-03-02 04:00:00,23.0,-23.0,-100.0,feb,0.9166666666666666
claude-sonnet-4.5,2026-03-02 05:00:00,24.0,-24.0,-100.0,feb,0.9583333333333334
claude-sonnet-4.5,2026-03-02 06:00:00,25.0,-25.0,-100.0,feb,1.0
claude-sonnet-4.5,2026-03-02 07:00:00,26.0,-26.0,-100.0,feb,1.0416666666666667
claude-sonnet-4.5,2026-03-02 08:00:00,27.0,-27.0,-100.0,feb,1.0833333333333333
claude-sonnet-4.5,2026-03-02 09:00:00,28.0,-28.0,-100.0,feb,1.125
claude-sonnet-4.5,2026-03-02 10:00:00,29.0,-29.0,-100.0,feb,1.1666666666666667
claude-sonnet-4.5,2026-03-02 11:00:00,30.0,-30.0,-100.0,feb,1.2083333333333333
claude-sonnet-4.5,2026-03-02 12:00:00,31.0,-31.0,-100.0,feb,1.25
claude-sonnet-4.5,2026-03-02 13:00:00,32.0,-32.0,-100.0,feb,1.2916666666666667
claude-sonnet-4.5,2026-03-02 14:00:00,33.0,-33.0,-100.0,feb,1.3333333333333333
claude-sonnet-4.5,2026-03-02 15:00:00,34.0,-34.0,-100.0,feb,1.375
claude-sonnet-4.5,2026-03-02 16:00:00,35.0,-35.0,-100.0,feb,1.4166666666666667
claude-sonnet-4.5,2026-03-02 17:00:00,36.0,-36.0,-100.0,feb,1.4583333333333333
claude-sonnet-4.5,2026-03-02 18:00:00,37.0,-37.0,-100.0,feb,1.5
claude-sonnet-4.5,2026-03-02 19:00:00,38.0,-38.0,-100.0,feb,1.5416666666666667
claude-sonnet-4.5,2026-03-02 20:00:00,39.0,-39.0,-100.0,feb,1.5833333333333333
claude-sonnet-4.5,2026-03-02 21:00:00,40.0,-40.0,-100.0,feb,1.625
claude-sonnet-4.5,2026-03-02 22:00:00,41.0,-41.0,-100.0,feb,1.6666666666666667
claude-sonnet-4.5,2026-03-02 23:00:00,42.0,-42.0,-100.0,feb,1.7083333333333333
claude-sonnet-4.5,2026-03-03 00:00:00,43.0,-43.0,-100.0,feb,1.75
claude-sonnet-4.5,2026-03-03 01:00:00,44.0,-44.0,-100.0,feb,1.7916666666666667
claude-sonnet-4.5,2026-03-03 02:00:00,45.0,-45.0,-100.0,feb,1.8333333333333333
claude-sonnet-4.5,2026-03-03 03:00:00,46.0,-46.0,-100.0,feb,1.875
claude-sonnet-4.5,2026-03-03 04:00:00,47.0,-47.0,-100.0,feb,1.9166666666666667
claude-sonnet-4.5,2026-03-03 05:00:00,48.0,-48.0,-100.0,feb,1.9583333333333333
claude-sonnet-4.5,2026-03-03 06:00:00,49.0,-49.0,-100.0,feb,2.0
claude-sonnet-4.5,2026-03-03 07:00:00,50.0,-50.0,-100.0,feb,2.0416666666666665
claude-sonnet-4.5,2026-03-03 08:00:00,51.0,-51.0,-100.0,feb,2.0833333333333335
claude-sonnet-4.5,2026-03-03 09:00:00,52.0,-52.0,-100.0,feb,2.125
claude-sonnet-4.5,2026-03-03 10:00:00,53.0,-53.0,-100.0,feb,2.1666666666666665
claude-sonnet-4.5,2026-03-03 11:00:00,54.0,-54.0,-100.0,feb,2.2083333333333335
claude-sonnet-4.5,2026-03-03 12:00:00,55.0,-55.0,-100.0,feb,2.25
claude-sonnet-4.5,2026-03-03 13:00:00,56.0,-56.0,-100.0,feb,2.2916666666666665
claude-sonnet-4.5,2026-03-03 14:00:00,57.0,-57.0,-100.0,feb,2.3333333333333335
claude-sonnet-4.5,2026-03-03 15:00:00,58.0,-58.0,-100.0,feb,2.375
claude-sonnet-4.5,2026-03-03 16:00:00,59.0,-59.0,-100.0,feb,2.4166666666666665
claude-sonnet-4.5,2026-03-03 17:00:00,60.0,-60.0,-100.0,feb,2.4583333333333335
claude-sonnet-4.5,2026-03-03 18:00:00,61.0,-61.0,-100.0,feb,2.5
claude-sonnet-4.5,2026-03-03 19:00:00,62.0,-62.0,-100.0,feb,2.5416666666666665
claude-sonnet-4.5,2026-03-03 20:00:00,63.0,-63.0,-100.0,feb,2.5833333333333335
claude-sonnet-4.5,2026-03-03 21:00:00,64.0,-64.0,-100.0,feb,2.625
claude-sonnet-4.5,2026-03-03 22:00:00,65.0,-65.0,-100.0,feb,2.6666666666666665
claude-sonnet-4.5,2026-03-03 23:00:00,66.0,-66.0,-100.0,feb,2.7083333333333335
claude-sonnet-4.5,2026-03-04 00:00:00,67.0,-67.0,-100.0,feb,2.75
claude-sonnet-4.5,2026-03-04 01:00:00,68.0,-68.0,-100.0,feb,2.7916666666666665
claude-sonnet-4.5,2026-03-04 02:00:00,69.0,-69.0,-100.0,feb,2.8333333333333335
claude-sonnet-4.5,2026-03-04 03:00:00,70.0,-70.0,-100.0,feb,2.875
claude-sonnet-4.5,2026-03-04 04:00:00,71.0,-71.0,-100.0,feb,2.9166666666666665
claude-sonnet-4.5,2026-03-04 05:00:00,72.0,-72.0,-100.0,feb,2.9583333333333335
claude-sonnet-4.5,2026-03-04 06:00:00,73.0,-73.0,-100.0,feb,3.0
claude-sonnet-4.5,2026-03-04 07:00:00,74.0,-74.0,-100.0,feb,3.0416666666666665
claude-sonnet-4.5,2026-03-04 08:00:00,75.0,-75.0,-100.0,feb,3.0833333333333335
claude-sonnet-4.5,2026-03-04 09:00:00,76.0,-76.0,-100.0,feb,3.125
claude-sonnet-4.5,2026-03-04 10:00:00,77.0,-77.0,-100.0,feb,3.1666666666666665
claude-sonnet-4.5,2026-03-04 11:00:00,78.0,-78.0,-100.0,feb,3.2083333333333335
claude-sonnet-4.5,2026-03-04 12:00:00,79.0,-79.0,-100.0,feb,3.25
claude-sonnet-4.5,2026-03-04 13:00:00,80.0,-80.0,-100.0,feb,3.2916666666666665
claude-sonnet-4.5,2026-03-04 14:00:00,81.0,-81.0,-100.0,feb,3.3333333333333335
claude-sonnet-4.5,2026-03-04 15:00:00,82.0,-82.0,-100.0,feb,3.375
claude-sonnet-4.5,2026-03-04 16:00:00,83.0,-83.0,-100.0,feb,3.4166666666666665
claude-sonnet-4.5,2026-03-04 17:00:00,84.0,-84.0,-100.0,feb,3.4583333333333335
claude-sonnet-4.5,2026-03-04 18:00:00,85.0,-85.0,-100.0,feb,3.5
claude-sonnet-4.5,2026-03-04 19:00:00,86.0,-86.0,-100.0,feb,3.5416666666666665
claude-sonnet-4.5,2026-03-04 20:00:00,87.0,-87.0,-100.0,feb,3.5833333333333335
claude-sonnet-4.5,2026-03-04 21:00:00,88.0,-88.0,-100.0,feb,3.625
claude-sonnet-4.5,2026-03-04 22:00:00,89.0,-89.0,-100.0,feb,3.6666666666666665
claude-sonnet-4.5,2026-03-04 23:00:00,90.0,-90.0,-100.0,feb,3.7083333333333335
claude-sonnet-4.5,2026-03-05 00:00:00,91.0,-91.0,-100.0,feb,3.75
claude-sonnet-4.5,2026-03-05 01:00:00,92.0,-92.0,-100.0,feb,3.7916666666666665
claude-sonnet-4.5,2026-03-05 02:00:00,93.0,-93.0,-100.0,feb,3.8333333333333335
claude-sonnet-4.5,2026-03-05 03:00:00,94.0,-94.0,-100.0,feb,3.875
claude-sonnet-4.5,2026-03-05 04:00:00,95.0,-95.0,-100.0,feb,3.9166666666666665
claude-sonnet-4.5,2026-03-05 05:00:00,96.0,-96.0,-100.0,feb,3.9583333333333335
claude-sonnet-4.5,2026-03-05 06:00:00,97.0,-97.0,-100.0,feb,4.0
claude-sonnet-4.5,2026-03-05 07:00:00,98.0,-98.0,-100.0,feb,4.041666666666667
claude-sonnet-4.5,2026-03-05 08:00:00,99.0,-99.0,-100.0,feb,4.083333333333333
claude-sonnet-4.5,2026-03-05 09:00:00,100.0,-100.0,-100.0,feb,4.125
claude-sonnet-4.5,2026-03-05 10:00:00,101.0,-101.0,-100.0,feb,4.166666666666667
claude-sonnet-4.5,2026-03-05 11:00:00,102.0,-102.0,-100.0,feb,4.208333333333333
claude-sonnet-4.5,2026-03-05 12:00:00,103.0,-103.0,-100.0,feb,4.25
claude-sonnet-4.5,2026-03-05 13:00:00,104.0,-104.0,-100.0,feb,4.291666666666667
claude-sonnet-4.5,2026-03-05 14:00:00,105.0,-105.0,-100.0,feb,4.333333333333333
claude-sonnet-4.5,2026-03-05 15:00:00,106.0,-106.0,-100.0,feb,4.375
claude-sonnet-4.5,2026-03-05 16:00:00,107.0,-107.0,-100.0,feb,4.416666666666667
claude-sonnet-4.5,2026-03-05 17:00:00,108.0,-108.0,-100.0,feb,4.458333333333333
claude-sonnet-4.5,2026-03-05 18:00:00,109.0,-109.0,-100.0,feb,4.5
claude-sonnet-4.5,2026-03-05 19:00:00,110.0,-110.0,-100.0,feb,4.541666666666667
claude-sonnet-4.5,2026-03-05 20:00:00,111.0,-111.0,-100.0,feb,4.583333333333333
claude-sonnet-4.5,2026-03-05 21:00:00,112.0,-112.0,-100.0,feb,4.625
claude-sonnet-4.5,2026-03-05 22:00:00,113.0,-113.0,-100.0,feb,4.666666666666667
claude-sonnet-4.5,2026-03-05 23:00:00,114.0,-114.0,-100.0,feb,4.708333333333333
claude-sonnet-4.5,2026-03-06 00:00:00,115.0,-115.0,-100.0,feb,4.75
claude-sonnet-4.5,2026-03-06 01:00:00,116.0,-116.0,-100.0,feb,4.791666666666667
claude-sonnet-4.5,2026-03-06 02:00:00,117.0,-117.0,-100.0,feb,4.833333333333333
claude-sonnet-4.5,2026-03-06 03:00:00,118.0,-118.0,-100.0,feb,4.875
claude-sonnet-4.5,2026-03-06 04:00:00,119.0,-119.0,-100.0,feb,4.916666666666667
claude-sonnet-4.5,2026-03-06 05:00:00,120.0,-120.0,-100.0,feb,4.958333333333333
claude-sonnet-4.5,2026-03-06 06:00:00,121.0,-121.0,-100.0,feb,5.0
claude-sonnet-4.5,2026-03-06 07:00:00,122.0,-122.0,-100.0,feb,5.041666666666667
claude-sonnet-4.5,2026-03-06 08:00:00,123.0,-123.0,-100.0,feb,5.083333333333333
claude-sonnet-4.5,2026-03-06 09:00:00,124.0,-124.0,-100.0,feb,5.125
claude-sonnet-4.5,2026-03-06 10:00:00,125.0,-125.0,-100.0,feb,5.166666666666667
claude-sonnet-4.5,2026-03-06 11:00:00,126.0,-126.0,-100.0,feb,5.208333333333333
claude-sonnet-4.5,2026-03-06 12:00:00,127.0,-127.0,-100.0,feb,5.25
claude-sonnet-4.5,2026-03-06 13:00:00,128.0,-128.0,-100.0,feb,5.291666666666667
claude-sonnet-4.5,2026-03-06 14:00:00,129.0,-129.0,-100.0,feb,5.333333333333333
claude-sonnet-4.5,2026-03-06 15:00:00,130.0,-130.0,-100.0,feb,5.375
claude-sonnet-4.5,2026-03-06 16:00:00,131.0,-131.0,-100.0,feb,5.416666666666667
claude-sonnet-4.5,2026-03-06 17:00:00,132.0,-132.0,-100.0,feb,5.458333333333333
claude-sonnet-4.5,2026-03-06 18:00:00,133.0,-133.0,-100.0,feb,5.5
claude-sonnet-4.5,2026-03-06 19:00:00,134.0,-134.0,-100.0,feb,5.541666666666667
claude-sonnet-4.5,2026-03-06 20:00:00,135.0,-135.0,-100.0,feb,5.583333333333333
claude-sonnet-4.5,2026-03-06 21:00:00,136.0,-136.0,-100.0,feb,5.625
claude-sonnet-4.5,2026-03-06 22:00:00,137.0,-137.0,-100.0,feb,5.666666666666667
claude-sonnet-4.5,2026-03-06 23:00:00,138.0,-138.0,-100.0,feb,5.708333333333333
claude-sonnet-4.5,2026-03-07 00:00:00,139.0,-139.0,-100.0,feb,5.75
claude-sonnet-4.5,2026-03-07 01:00:00,140.0,-140.0,-100.0,feb,5.791666666666667
claude-sonnet-4.5,2026-03-07 02:00:00,141.0,-141.0,-100.0,feb,5.833333333333333
claude-sonnet-4.5,2026-03-07 03:00:00,142.0,-142.0,-100.0,feb,5.875
claude-sonnet-4.5,2026-03-07 04:00:00,143.0,-143.0,-100.0,feb,5.916666666666667
claude-sonnet-4.5,2026-03-07 05:00:00,144.0,-144.0,-100.0,feb,5.958333333333333
claude-sonnet-4.5,2026-03-07 06:00:00,145.0,-145.0,-100.0,feb,6.0
claude-sonnet-4.5,2026-03-07 07:00:00,146.0,-146.0,-100.0,feb,6.041666666666667
claude-sonnet-4.5,2026-03-07 08:00:00,147.0,-147.0,-100.0,feb,6.083333333333333
claude-sonnet-4.5,2026-03-07 09:00:00,148.0,-148.0,-100.0,feb,6.125
claude-sonnet-4.5,2026-03-07 10:00:00,149.0,-149.0,-100.0,feb,6.166666666666667
claude-sonnet-4.5,2026-03-07 11:00:00,150.0,-150.0,-100.0,feb,6.208333333333333
claude-sonnet-4.5,2026-03-07 12:00:00,151.0,-151.0,-100.0,feb,6.25
claude-sonnet-4.5,2026-03-07 13:00:00,152.0,-152.0,-100.0,feb,6.291666666666667
claude-sonnet-4.5,2026-03-07 14:00:00,153.0,-153.0,-100.0,feb,6.333333333333333
claude-sonnet-4.5,2026-03-07 15:00:00,154.0,-154.0,-100.0,feb,6.375
claude-sonnet-4.5,2026-03-07 16:00:00,155.0,-155.0,-100.0,feb,6.416666666666667
claude-sonnet-4.5,2026-03-07 17:00:00,156.0,-156.0,-100.0,feb,6.458333333333333
claude-sonnet-4.5,2026-03-07 18:00:00,157.0,-157.0,-100.0,feb,6.5
claude-sonnet-4.5,2026-03-07 19:00:00,158.0,-158.0,-100.0,feb,6.541666666666667
claude-sonnet-4.5,2026-03-07 20:00:00,159.0,-159.0,-100.0,feb,6.583333333333333
claude-sonnet-4.5,2026-03-07 21:00:00,160.0,-160.0,-100.0,feb,6.625
claude-sonnet-4.5,2026-03-07 22:00:00,161.0,-161.0,-100.0,feb,6.666666666666667
claude-sonnet-4.5,2026-03-07 23:00:00,162.0,-162.0,-100.0,feb,6.708333333333333
claude-sonnet-4.5,2026-03-08 00:00:00,163.0,-163.0,-100.0,feb,6.75
claude-sonnet-4.5,2026-03-08 01:00:00,164.0,-164.0,-100.0,feb,6.791666666666667
claude-sonnet-4.5,2026-03-08 02:00:00,165.0,-165.0,-100.0,feb,6.833333333333333
claude-sonnet-4.5,2026-03-08 03:00:00,166.0,-166.0,-100.0,feb,6.875
claude-sonnet-4.5,2026-03-08 04:00:00,167.0,-167.0,-100.0,feb,6.916666666666667
claude-sonnet-4.5,2026-03-08 05:00:00,168.0,-168.0,-100.0,feb,6.958333333333333
claude-sonnet-4.5,2026-03-08 06:00:00,169.0,-169.0,-100.0,feb,7.0
claude-sonnet-4.5,2026-03-08 07:00:00,170.0,-170.0,-100.0,feb,7.041666666666667
claude-sonnet-4.5,2026-03-08 08:00:00,171.0,-171.0,-100.0,feb,7.083333333333333
claude-sonnet-4.5,2026-03-08 09:00:00,172.0,-172.0,-100.0,feb,7.125
claude-sonnet-4.5,2026-03-08 10:00:00,173.0,-173.0,-100.0,feb,7.166666666666667
claude-sonnet-4.5,2026-03-08 11:00:00,174.0,-174.0,-100.0,feb,7.208333333333333
claude-sonnet-4.5,2026-03-08 12:00:00,175.0,-175.0,-100.0,feb,7.25
claude-sonnet-4.5,2026-03-08 13:00:00,176.0,-176.0,-100.0,feb,7.291666666666667
claude-sonnet-4.5,2026-03-08 14:00:00,177.0,-177.0,-100.0,feb,7.333333333333333
claude-sonnet-4.5,2026-03-08 15:00:00,178.0,-178.0,-100.0,feb,7.375
claude-sonnet-4.5,2026-03-08 16:00:00,179.0,-179.0,-100.0,feb,7.416666666666667
claude-sonnet-4.5,2026-03-08 17:00:00,180.0,-180.0,-100.0,feb,7.458333333333333
claude-sonnet-4.5,2026-03-08 18:00:00,181.0,-181.0,-100.0,feb,7.5
claude-sonnet-4.5,2026-03-08 19:00:00,182.0,-182.0,-100.0,feb,7.541666666666667
claude-sonnet-4.5,2026-03-08 20:00:00,183.0,-183.0,-100.0,feb,7.583333333333333
claude-sonnet-4.5,2026-03-08 21:00:00,184.0,-184.0,-100.0,feb,7.625
claude-sonnet-4.5,2026-03-08 22:00:00,185.0,-185.0,-100.0,feb,7.666666666666667
claude-sonnet-4.5,2026-03-08 23:00:00,186.0,-186.0,-100.0,feb,7.708333333333333
claude-sonnet-4.5,2026-03-09 00:00:00,187.0,-187.0,-100.0,feb,7.75
claude-sonnet-4.5,2026-03-09 01:00:00,188.0,-188.0,-100.0,feb,7.791666666666667
claude-sonnet-4.5,2026-03-09 02:00:00,189.0,-189.0,-100.0,feb,7.833333333333333
claude-sonnet-4.5,2026-03-09 03:00:00,190.0,-190.0,-100.0,feb,7.875
claude-sonnet-4.5,2026-03-09 04:00:00,191.0,-191.0,-100.0,feb,7.916666666666667
claude-sonnet-4.5,2026-03-09 05:00:00,192.0,-189.59036144578315,-98.74497991967873,feb,7.958333333333333
claude-sonnet-4.5,2026-03-09 06:00:00,193.0,-188.18072289156626,-97.5029652287908,feb,8.0
claude-sonnet-4.5,2026-03-09 07:00:00,194.0,-186.7710843373494,-96.2737548130667,feb,8.041666666666666
claude-sonnet-4.5,2026-03-09 08:00:00,195.0,-185.36144578313252,-95.05715168365771,feb,8.083333333333334
claude-sonnet-4.5,2026-03-09 09:00:00,196.0,-183.95180722891567,-93.85296287189576,feb,8.125
claude-sonnet-4.5,2026-03-09 10:00:00,197.0,-182.5421686746988,-92.66099932725827,feb,8.166666666666666
claude-sonnet-4.5,2026-03-09 11:00:00,198.0,-181.13253012048193,-91.48107581842521,feb,8.208333333333334
claude-sonnet-4.5,2026-03-09 12:00:00,199.0,-179.72289156626505,-90.31301083731911,feb,8.25
claude-sonnet-4.5,2026-03-09 13:00:00,200.0,-178.3132530120482,-89.1566265060241,feb,8.291666666666666
claude-sonnet-4.5,2026-03-09 14:00:00,201.0,-176.9036144578313,-88.01174848648324,feb,8.333333333333334
claude-sonnet-4.5,2026-03-09 15:00:00,202.0,-175.52266207687893,-86.89240696875194,feb,8.375
claude-sonnet-4.5,2026-03-09 16:00:00,203.0,-174.14170969592655,-85.78409344626924,feb,8.416666666666666
claude-sonnet-4.5,2026-03-09 17:00:00,204.0,-172.70268530568265,-84.65817907141306,feb,8.458333333333334
claude-sonnet-4.5,2026-03-09 18:00:00,205.0,-171.34974412921207,-83.58524103864004,feb,8.5
claude-sonnet-4.5,2026-03-09 19:00:00,206.0,-169.99680295274146,-82.52271987997159,feb,8.541666666666666
claude-sonnet-4.5,2026-03-09 20:00:00,207.0,-168.77458073051926,-81.53361387947791,feb,8.583333333333334
claude-sonnet-4.5,2026-03-09 21:00:00,208.0,-167.47573015580662,-80.51717795952241,feb,8.625
claude-sonnet-4.5,2026-03-09 22:00:00,209.0,-166.122788979336,-79.48458802839043,feb,8.666666666666666
claude-sonnet-4.5,2026-03-09 23:00:00,210.0,-164.76984780286543,-78.46183228707876,feb,8.708333333333334
claude-sonnet-4.5,2026-03-10 00:00:00,211.0,-163.47099722815278,-77.47440626926672,feb,8.75
claude-sonnet-4.5,2026-03-10 01:00:00,212.0,-162.19826995542553,-76.50861790350261,feb,8.791666666666666
claude-sonnet-4.5,2026-03-10 02:00:00,213.0,-160.89941938071286,-75.53963351207177,feb,8.833333333333334
claude-sonnet-4.5,2026-03-10 03:00:00,214.0,-159.7255063372346,-74.63808707347411,feb,8.875
claude-sonnet-4.5,2026-03-10 04:00:00,215.0,-158.55159329375635,-73.74492711337504,feb,8.916666666666666
claude-sonnet-4.5,2026-03-10 05:00:00,216.0,-159.55159329375635,-73.86647837673905,feb,8.958333333333334
claude-sonnet-4.5,2026-03-10 06:00:00,217.0,-160.55159329375635,-73.98690935196144,feb,9.0
claude-sonnet-4.5,2026-03-10 07:00:00,218.0,-161.55159329375635,-74.10623545585155,feb,9.041666666666666
claude-sonnet-4.5,2026-03-10 08:00:00,219.0,-162.55159329375635,-74.22447182363304,feb,9.083333333333334
claude-sonnet-4.5,2026-03-10 09:00:00,220.0,-163.55159329375635,-74.3416333153438,feb,9.125
claude-sonnet-4.5,2026-03-10 10:00:00,221.0,-164.55159329375635,-74.4577345220617,feb,9.166666666666666
claude-sonnet-4.5,2026-03-10 11:00:00,222.0,-165.55159329375635,-74.57278977196232,feb,9.208333333333334
claude-sonnet-4.5,2026-03-10 12:00:00,223.0,-166.55159329375635,-74.68681313621362,feb,9.25
claude-sonnet-4.5,2026-03-10 13:00:00,224.0,-167.55159329375635,-74.79981843471266,feb,9.291666666666666
claude-sonnet-4.5,2026-03-10 14:00:00,225.0,-168.55159329375635,-74.91181924166949,feb,9.333333333333334
claude-sonnet-4.5,2026-03-10 15:00:00,226.0,-169.55159329375635,-75.02282889104264,feb,9.375
claude-sonnet-4.5,2026-03-10 16:00:00,227.0,-170.55159329375635,-75.132860481831,feb,9.416666666666666
claude-sonnet-4.5,2026-03-10 17:00:00,228.0,-171.55159329375635,-75.24192688322647,feb,9.458333333333334
claude-sonnet-4.5,2026-03-10 18:00:00,229.0,-172.55159329375635,-75.3500407396316,feb,9.5
claude-sonnet-4.5,2026-03-10 19:00:00,230.0,-173.55159329375635,-75.45721447554624,feb,9.541666666666666
claude-sonnet-4.5,2026-03-10 20:00:00,231.0,-174.55159329375635,-75.56346030032742,feb,9.583333333333334
claude-sonnet-4.5,2026-03-10 21:00:00,232.0,-175.55159329375635,-75.66879021282602,feb,9.625
claude-sonnet-4.5,2026-03-10 22:00:00,233.0,-176.55159329375635,-75.773216005904,feb,9.666666666666666
claude-sonnet-4.5,2026-03-10 23:00:00,234.0,-177.55159329375635,-75.87674927083606,feb,9.708333333333334
claude-sonnet-4.5,2026-03-11 00:00:00,235.0,-178.55159329375635,-75.97940140159845,feb,9.75
claude-sonnet-4.5,2026-03-11 01:00:00,236.0,-179.55159329375635,-76.08118359904931,feb,9.791666666666666
claude-sonnet-4.5,2026-03-11 02:00:00,237.0,-180.55159329375635,-76.18210687500269,feb,9.833333333333334
claude-sonnet-4.5,2026-03-11 03:00:00,238.0,-181.55159329375635,-76.28218205620016,feb,9.875
claude-sonnet-4.5,2026-03-11 04:00:00,239.0,-182.55159329375635,-76.38141978818258,feb,9.916666666666666
claude-sonnet-4.5,2026-03-11 05:00:00,240.0,-183.55159329375635,-76.47983053906515,feb,9.958333333333334
claude-sonnet-4.5,2026-03-11 06:00:00,241.0,-184.55159329375635,-76.5774246032184,feb,10.0
claude-sonnet-4.5,2026-03-11 07:00:00,242.0,-185.55159329375635,-76.674212104858,feb,10.041666666666666
claude-sonnet-4.5,2026-03-11 08:00:00,243.0,-186.55159329375635,-76.77020300154582,feb,10.083333333333334
claude-sonnet-4.5,2026-03-11 09:00:00,244.0,-187.55159329375635,-76.86540708760506,feb,10.125
claude-sonnet-4.5,2026-03-11 10:00:00,245.0,-188.55159329375635,-76.95983399745158,feb,10.166666666666666
claude-sonnet-4.5,2026-03-11 11:00:00,246.0,-189.55159329375635,-77.05349320884405,feb,10.208333333333334
claude-sonnet-4.5,2026-03-11 12:00:00,247.0,-190.55159329375635,-77.1463940460552,feb,10.25
claude-sonnet-4.5,2026-04-02 05:00:00,248.0,-191.55159329375635,-77.23854568296628,mar,17.958333333333332
claude-sonnet-4.5,2026-04-02 06:00:00,249.0,-192.55159329375635,-77.3299571460869,mar,18.0
claude-sonnet-4.5,2026-04-02 07:00:00,250.0,-193.55159329375635,-77.42063731750254,mar,18.041666666666668
claude-sonnet-4.5,2026-04-02 08:00:00,251.0,-194.55159329375635,-77.51059493775153,mar,18.083333333333332
claude-sonnet-4.5,2026-04-02 09:00:00,252.0,-195.55159329375635,-77.59983860863348,mar,18.125
claude-sonnet-4.5,2026-04-02 10:00:00,253.0,-196.55159329375635,-77.68837679595113,mar,18.166666666666668
claude-sonnet-4.5,2026-04-02 11:00:00,254.0,-197.55159329375635,-77.77621783218754,mar,18.208333333333332
claude-sonnet-4.5,2026-04-02 12:00:00,255.0,-198.55159329375635,-77.86336991912015,mar,18.25
claude-sonnet-4.5,2026-04-02 13:00:00,256.0,-199.55159329375635,-77.94984113037357,mar,18.291666666666668
claude-sonnet-4.5,2026-04-02 14:00:00,257.0,-200.55159329375635,-78.03563941391299,mar,18.333333333333332
claude-sonnet-4.5,2026-04-02 15:00:00,258.0,-201.55159329375635,-78.1207725944792,mar,18.375
claude-sonnet-4.5,2026-04-02 16:00:00,259.0,-202.55159329375635,-78.20524837596771,mar,18.416666666666668
claude-sonnet-4.5,2026-04-02 17:00:00,260.0,-203.55159329375635,-78.28907434375245,mar,18.458333333333332
claude-sonnet-4.5,2026-04-02 18:00:00,261.0,-204.55159329375635,-78.37225796695645,mar,18.5
claude-sonnet-4.5,2026-04-02 19:00:00,262.0,-205.55159329375635,-78.45480660067037,mar,18.541666666666668
claude-sonnet-4.5,2026-04-02 20:00:00,263.0,-206.55159329375635,-78.53672748812028,mar,18.583333333333332
claude-sonnet-4.5,2026-04-02 21:00:00,264.0,-207.55159329375635,-78.6180277627865,mar,18.625
claude-sonnet-4.5,2026-04-02 22:00:00,265.0,-208.55159329375635,-78.6987144504741,mar,18.666666666666668
claude-sonnet-4.5,2026-04-02 23:00:00,266.0,-209.55159329375635,-78.77879447133698,mar,18.708333333333332
claude-sonnet-4.5,2026-04-03 00:00:00,267.0,-210.55159329375635,-78.85827464185631,mar,18.75
claude-sonnet-4.5,2026-04-03 01:00:00,268.0,-211.55159329375635,-78.93716167677476,mar,18.791666666666664
claude-sonnet-4.5,2026-04-03 02:00:00,269.0,-212.55159329375635,-79.01546219098749,mar,18.833333333333336
claude-sonnet-4.5,2026-04-03 03:00:00,270.0,-213.55159329375635,-79.09318270139124,mar,18.875
claude-sonnet-4.5,2026-04-03 04:00:00,271.0,-214.55159329375635,-79.17032962869239,mar,18.916666666666664
claude-sonnet-4.5,2026-04-03 05:00:00,272.0,-215.55159329375635,-79.24690929917513,mar,18.958333333333336
claude-sonnet-4.5,2026-04-03 07:00:00,273.0,-216.55159329375635,-79.3229279464309,mar,19.041666666666664
claude-sonnet-4.5,2026-04-03 08:00:00,274.0,-217.55159329375635,-79.39839171304976,mar,19.083333333333336
claude-sonnet-4.5,2026-04-03 09:00:00,275.0,-218.55159329375635,-79.47330665227503,mar,19.125
claude-sonnet-4.5,2026-04-03 10:00:00,276.0,-219.55159329375635,-79.54767872962186,mar,19.166666666666664
claude-sonnet-4.5,2026-04-03 11:00:00,277.0,-220.55159329375635,-79.62151382446078,mar,19.208333333333336
claude-sonnet-4.5,2026-04-03 12:00:00,278.0,-221.55159329375635,-79.69481773156704,mar,19.25
claude-sonnet-4.5,2026-04-03 13:00:00,279.0,-222.55159329375635,-79.76759616263669,mar,19.291666666666664
claude-sonnet-4.5,2026-04-03 14:00:00,280.0,-223.55159329375635,-79.83985474777012,mar,19.333333333333336
claude-sonnet-4.5,2026-04-03 15:00:00,281.0,-224.55159329375635,-79.91159903692397,mar,19.375
claude-sonnet-4.5,2026-04-03 16:00:00,282.0,-225.55159329375635,-79.98283450133205,mar,19.416666666666664
claude-sonnet-4.5,2026-04-03 17:00:00,283.0,-226.55159329375635,-80.05356653489623,mar,19.458333333333336
claude-sonnet-4.5,2026-04-03 18:00:00,284.0,-227.55159329375635,-80.12380045554801,mar,19.5
claude-sonnet-4.5,2026-04-03 19:00:00,285.0,-228.55159329375635,-80.19354150658118,mar,19.541666666666664
claude-sonnet-4.5,2026-04-03 20:00:00,286.0,-229.55159329375635,-80.26279485795676,mar,19.583333333333336
claude-sonnet-4.5,2026-04-03 21:00:00,287.0,-230.55159329375635,-80.33156560758061,mar,19.625
claude-sonnet-4.5,2026-04-03 22:00:00,288.0,-231.55159329375635,-80.39985878255429,mar,19.666666666666664
claude-sonnet-4.5,2026-04-03 23:00:00,289.0,-232.55159329375635,-80.46767934040012,mar,19.708333333333336
claude-sonnet-4.5,2026-04-04 00:00:00,290.0,-233.55159329375635,-80.5350321702608,mar,19.75
claude-sonnet-4.5,2026-04-04 01:00:00,291.0,-234.55159329375635,-80.60192209407435,mar,19.791666666666664
claude-sonnet-4.5,2026-04-04 02:00:00,292.0,-235.55159329375635,-80.66835386772478,mar,19.833333333333336
claude-sonnet-4.5,2026-04-04 03:00:00,293.0,-236.55159329375635,-80.7343321821694,mar,19.875
claude-sonnet-4.5,2026-04-04 04:00:00,294.0,-237.55159329375635,-80.79986166454299,mar,19.916666666666664
claude-sonnet-4.5,2026-04-04 05:00:00,295.0,-238.55159329375635,-80.86494687923944,mar,19.958333333333336
claude-sonnet-4.5,2026-04-04 06:00:00,296.0,-239.55159329375635,-80.92959232897175,mar,20.0
claude-sonnet-4.5,2026-04-04 07:00:00,297.0,-240.55159329375635,-80.99380245581021,mar,20.041666666666664
claude-sonnet-4.5,2026-04-04 08:00:00,298.0,-241.55159329375635,-81.05758164220012,mar,20.083333333333336
claude-sonnet-4.5,2026-04-04 09:00:00,299.0,-242.55159329375635,-81.12093421195866,mar,20.125
claude-sonnet-4.5,2026-04-04 10:00:00,300.0,-243.55159329375635,-81.18386443125212,mar,20.166666666666664
claude-sonnet-4.5,2026-04-04 11:00:00,301.0,-244.55159329375635,-81.24637650955361,mar,20.208333333333336
claude-sonnet-4.5,2026-04-04 12:00:00,302.0,-245.55159329375635,-81.30847460058158,mar,20.25
claude-sonnet-4.5,2026-04-04 13:00:00,303.0,-246.55159329375635,-81.37016280321991,mar,20.291666666666664
claude-sonnet-4.5,2026-04-04 14:00:00,304.0,-247.55159329375635,-81.43144516241986,mar,20.333333333333336
claude-sonnet-4.5,2026-04-04 15:00:00,305.0,-248.55159329375635,-81.49232567008406,mar,20.375
claude-sonnet-4.5,2026-04-04 16:00:00,306.0,-249.55159329375635,-81.55280826593345,mar,20.416666666666664
claude-sonnet-4.5,2026-04-04 17:00:00,307.0,-250.55159329375635,-81.61289683835712,mar,20.458333333333336
claude-sonnet-4.5,2026-04-04 18:00:00,308.0,-251.55159329375635,-81.67259522524557,mar,20.5
claude-sonnet-4.5,2026-04-04 19:00:00,309.0,-252.55159329375635,-81.73190721480789,mar,20.541666666666664
claude-sonnet-4.5,2026-04-04 20:00:00,310.0,-253.55159329375635,-81.79083654637301,mar,20.583333333333336
claude-sonnet-4.5,2026-04-04 21:00:00,311.0,-254.55159329375635,-81.84938691117569,mar,20.625
claude-sonnet-4.5,2026-04-04 22:00:00,312.0,-255.55159329375635,-81.90756195312704,mar,20.666666666666664
claude-sonnet-4.5,2026-04-04 23:00:00,313.0,-256.55159329375635,-81.96536526957073,mar,20.708333333333336
claude-sonnet-4.5,2026-04-05 00:00:00,314.0,-257.55159329375635,-82.02280041202432,mar,20.75
claude-sonnet-4.5,2026-04-05 01:00:00,315.0,-258.55159329375635,-82.07987088690678,mar,20.791666666666664
claude-sonnet-4.5,2026-04-05 02:00:00,316.0,-259.55159329375635,-82.13658015625201,mar,20.833333333333336
claude-sonnet-4.5,2026-04-05 03:00:00,317.0,-260.55159329375635,-82.19293163840894,mar,20.875
claude-sonnet-4.5,2026-04-05 04:00:00,318.0,-261.55159329375635,-82.24892870872841,mar,20.916666666666664
claude-sonnet-4.5,2026-04-05 05:00:00,319.0,-261.5394475447685,-81.98728763158888,mar,20.958333333333336
claude-sonnet-4.5,2026-04-05 06:00:00,320.0,-261.52730179578066,-81.72728181118146,mar,21.0
claude-sonnet-4.5,2026-04-05 07:00:00,321.0,-261.5151560467928,-81.46889596473297,mar,21.041666666666664
claude-sonnet-4.5,2026-04-05 08:00:00,322.0,-261.50301029780496,-81.2121149993183,mar,21.083333333333336
claude-sonnet-4.5,2026-04-05 09:00:00,323.0,-261.49086454881706,-80.95692400892169,mar,21.125
claude-sonnet-4.5,2026-04-05 10:00:00,324.0,-261.4787187998292,-80.70330827155222,mar,21.166666666666664
claude-sonnet-4.5,2026-04-05 11:00:00,325.0,-261.46657305084136,-80.45125324641272,mar,21.208333333333336
claude-sonnet-4.5,2026-04-05 12:00:00,326.0,-261.4544273018535,-80.20074457112071,mar,21.25
claude-sonnet-4.5,2026-04-05 13:00:00,327.0,-261.44228155286567,-79.95176805898032,mar,21.291666666666664
claude-sonnet-4.5,2026-04-05 14:00:00,328.0,-261.42859680882106,-79.70384049049423,mar,21.333333333333336
claude-sonnet-4.5,2026-04-05 15:00:00,329.0,-261.41491206477644,-79.45742008047915,mar,21.375
claude-sonnet-4.5,2026-04-05 16:00:00,330.0,-261.4012273207319,-79.21249312749451,mar,21.416666666666664
claude-sonnet-4.5,2026-04-05 17:00:00,331.0,-261.3875425766873,-78.96904609567592,mar,21.458333333333336
claude-sonnet-4.5,2026-04-05 18:00:00,332.0,-261.37385783264267,-78.72706561224176,mar,21.5
claude-sonnet-4.5,2026-04-05 19:00:00,333.0,-261.3601730885981,-78.48653846504448,mar,21.541666666666664
claude-sonnet-4.5,2026-04-05 20:00:00,334.0,-261.3464883445535,-78.24745160016572,mar,21.583333333333336
claude-sonnet-4.5,2026-04-05 21:00:00,335.0,-261.33074431204966,-78.00917740658198,mar,21.625
claude-sonnet-4.5,2026-04-05 22:00:00,336.0,-261.31500027954587,-77.7723215117696,mar,21.666666666666664
claude-sonnet-4.5,2026-04-05 23:00:00,337.0,-261.2992562470421,-77.53687128992347,mar,21.708333333333336
claude-sonnet-4.5,2026-04-06 00:00:00,338.0,-261.2835122145383,-77.30281426465629,mar,21.75
claude-sonnet-4.5,2026-04-06 01:00:00,339.0,-261.2677681820345,-77.07013810679484,mar,21.791666666666664
claude-sonnet-4.5,2026-04-06 02:00:00,340.0,-261.25202414953065,-76.8388306322149,mar,21.833333333333336
claude-sonnet-4.5,2026-04-06 03:00:00,341.0,-261.23628011702687,-76.60887979971463,mar,21.875
claude-sonnet-4.5,2026-04-06 04:00:00,342.0,-261.2205360845231,-76.38027370892488,mar,21.916666666666664
claude-sonnet-4.5,2026-04-06 05:00:00,343.0,-261.20479205201923,-76.15300059825634,mar,21.958333333333336
claude-sonnet-4.5,2026-04-06 06:00:00,344.0,-261.18904801951544,-75.9270488428824,mar,22.0
claude-sonnet-4.5,2026-04-06 07:00:00,345.0,-261.17330398701165,-75.702406952757,mar,22.041666666666664
claude-sonnet-4.5,2026-04-06 08:00:00,346.0,-261.15755995450786,-75.47906357066701,mar,22.083333333333336
claude-sonnet-4.5,2026-04-06 09:00:00,347.0,-261.14541420552,-75.25804443963112,mar,22.125
claude-sonnet-4.5,2026-04-06 10:00:00,348.0,-261.13326845653216,-75.03829553348625,mar,22.166666666666664
claude-sonnet-4.5,2026-04-06 11:00:00,349.0,-261.1211227075443,-74.8198059333938,mar,22.208333333333336
claude-sonnet-4.5,2026-04-06 12:00:00,350.0,-261.10897695855647,-74.60256484530184,mar,22.25
claude-sonnet-4.5,2026-04-06 13:00:00,351.0,-261.0968312095686,-74.3865615981677,mar,22.291666666666664
claude-sonnet-4.5,2026-04-06 14:00:00,352.0,-261.0846854605808,-74.17178564221044,mar,22.333333333333336
claude-sonnet-4.5,2026-04-06 15:00:00,353.0,-261.0725397115929,-73.95822654719346,mar,22.375
claude-sonnet-4.5,2026-04-06 16:00:00,354.0,-261.06141736578905,-73.74616309768052,mar,22.416666666666664
claude-sonnet-4.5,2026-04-06 17:00:00,355.0,-261.05029501998524,-73.53529437182684,mar,22.458333333333336
claude-sonnet-4.5,2026-04-06 18:00:00,356.0,-261.03712379404806,-73.325034773609,mar,22.5
claude-sonnet-4.5,2026-04-06 19:00:00,357.0,-261.0239525681109,-73.11595310031117,mar,22.541666666666664
claude-sonnet-4.5,2026-04-06 20:00:00,358.0,-261.0107813421737,-72.9080394810541,mar,22.583333333333336
claude-sonnet-4.5,2026-04-06 21:00:00,359.0,-260.9976101162365,-72.70128415494052,mar,22.625
claude-sonnet-4.5,2026-04-06 22:00:00,360.0,-260.9844388902993,-72.49567746952759,mar,22.666666666666664
claude-sonnet-4.5,2026-04-06 23:00:00,361.0,-260.97126766436213,-72.2912098793247,mar,22.708333333333336
claude-sonnet-4.5,2026-04-07 00:00:00,362.0,-260.95809643842495,-72.08787194431629,mar,22.75
claude-sonnet-4.5,2026-04-07 01:00:00,363.0,-260.94492521248776,-71.88565432850903,mar,22.791666666666664
claude-sonnet-4.5,2026-04-07 02:00:00,364.0,-260.9317539865506,-71.6845477985029,mar,22.833333333333336
claude-sonnet-4.5,2026-04-07 03:00:00,365.0,-260.9185827606134,-71.48454322208586,mar,22.875
claude-sonnet-4.5,2026-04-07 04:00:00,366.0,-260.9054115346762,-71.28563156685142,mar,22.916666666666664
claude-sonnet-4.5,2026-04-07 05:00:00,367.0,-261.9054115346762,-71.3638723527728,mar,22.958333333333336
claude-sonnet-4.5,2026-04-07 06:00:00,368.0,-262.9054115346762,-71.44168791703159,mar,23.0
claude-sonnet-4.5,2026-04-07 07:00:00,369.0,-263.9054115346762,-71.51908171671441,mar,23.041666666666664
claude-sonnet-4.5,2026-04-07 08:00:00,370.0,-264.9054115346762,-71.59605717153411,mar,23.083333333333336
claude-sonnet-4.5,2026-04-07 09:00:00,371.0,-265.9054115346762,-71.6726176643332,mar,23.125
claude-sonnet-4.5,2026-04-07 10:00:00,372.0,-266.9054115346762,-71.74876654157963,mar,23.166666666666664
claude-sonnet-4.5,2026-04-07 11:00:00,373.0,-267.9054115346762,-71.82450711385421,mar,23.208333333333336
claude-sonnet-4.5,2026-04-07 12:00:00,374.0,-268.9054115346762,-71.89984265633053,mar,23.25
claude-sonnet-4.5,2026-04-07 13:00:00,375.0,-269.9054115346762,-71.97477640924699,mar,23.291666666666664
fed-forecast,2026-03-01 06:00:00,1.0,1.5,150.0,feb,0.0
fed-forecast,2026-03-01 07:00:00,2.0,3.0,150.0,feb,0.041666666666666664
fed-forecast,2026-03-01 08:00:00,3.0,4.5316455696202524,151.05485232067508,feb,0.08333333333333333
fed-forecast,2026-03-01 09:00:00,4.0,6.0007813720893886,150.01953430223472,feb,0.125
fed-forecast,2026-03-01 10:00:00,5.0,7.5007813720893886,150.01562744178779,feb,0.16666666666666666
fed-forecast,2026-03-01 11:00:00,6.0,9.000781372089389,150.01302286815647,feb,0.20833333333333334
fed-forecast,2026-03-01 12:00:00,7.0,10.564883936191954,150.92691337417077,feb,0.25
fed-forecast,2026-03-01 13:00:00,8.0,12.128986500294516,151.61233125368145,feb,0.2916666666666667
fed-forecast,2026-03-01 14:00:00,9.0,13.693089064397078,152.14543404885643,feb,0.3333333333333333
fed-forecast,2026-03-01 15:00:00,10.0,15.25719162849964,152.5719162849964,feb,0.375
fed-forecast,2026-03-01 16:00:00,11.0,16.821294192602203,152.92085629638365,feb,0.4166666666666667
fed-forecast,2026-03-01 17:00:00,12.0,18.4186967900048,153.48913991670668,feb,0.4583333333333333
fed-forecast,2026-03-01 18:00:00,13.0,19.982799354107364,153.71384118544128,feb,0.5
fed-forecast,2026-03-01 19:00:00,14.0,21.580201951509963,154.1442996536426,feb,0.5416666666666666
fed-forecast,2026-03-01 20:00:00,15.0,23.21178089887838,154.74520599252253,feb,0.5833333333333334
fed-forecast,2026-03-01 21:00:00,16.0,24.8433598462468,155.2709990390425,feb,0.625
fed-forecast,2026-03-01 22:00:00,17.0,26.510026512913463,155.9413324289027,feb,0.6666666666666666
fed-forecast,2026-03-01 23:00:00,18.0,28.107429110316062,156.15238394620036,feb,0.7083333333333334
fed-forecast,2026-03-02 00:00:00,19.0,29.73900805768448,156.52109504044464,feb,0.75
fed-forecast,2026-03-02 01:00:00,20.0,31.270653627304732,156.35326813652367,feb,0.7916666666666666
fed-forecast,2026-03-02 02:00:00,21.0,32.834756191407294,156.35598186384425,feb,0.8333333333333334
fed-forecast,2026-03-02 03:00:00,22.0,34.334756191407294,156.06707359730586,feb,0.875
fed-forecast,2026-03-02 04:00:00,23.0,35.834756191407294,155.80328778872737,feb,0.9166666666666666
fed-forecast,2026-03-02 05:00:00,24.0,37.334756191407294,155.56148413086373,feb,0.9583333333333334
fed-forecast,2026-03-02 06:00:00,25.0,38.834756191407294,155.33902476562918,feb,1.0
fed-forecast,2026-03-02 07:00:00,26.0,40.334756191407294,155.13367765925884,feb,1.0416666666666667
fed-forecast,2026-03-02 08:00:00,27.0,41.834756191407294,154.94354144965666,feb,1.0833333333333333
fed-forecast,2026-03-02 09:00:00,28.0,43.334756191407294,154.7669863978832,feb,1.125
fed-forecast,2026-03-02 10:00:00,29.0,44.803891993876434,154.49617928922908,feb,1.1666666666666667
fed-forecast,2026-03-02 11:00:00,30.0,46.27302779634557,154.24342598781857,feb,1.2083333333333333
fed-forecast,2026-03-02 12:00:00,31.0,47.74216359881471,154.0069793510152,feb,1.25
fed-forecast,2026-03-02 13:00:00,32.0,49.273809168434965,153.98065365135926,feb,1.2916666666666667
fed-forecast,2026-03-02 14:00:00,33.0,50.80545473805522,153.95592344865216,feb,1.3333333333333333
fed-forecast,2026-03-02 15:00:00,34.0,52.33710030767547,153.93264796375138,feb,1.375
fed-forecast,2026-03-02 16:00:00,35.0,53.86874587729572,153.9107025065592,feb,1.4166666666666667
fed-forecast,2026-03-02 17:00:00,36.0,55.400391446915975,153.88997624143326,feb,1.4583333333333333
fed-forecast,2026-03-02 18:00:00,37.0,56.93203701653623,153.87037031496277,feb,1.5
fed-forecast,2026-03-02 19:00:00,38.0,58.4961395806388,153.93720942273367,feb,1.5416666666666667
fed-forecast,2026-03-02 20:00:00,39.0,59.9961395806388,153.83625533497127,feb,1.5833333333333333
fed-forecast,2026-03-02 21:00:00,40.0,61.4961395806388,153.74034895159699,feb,1.625
fed-forecast,2026-03-02 22:00:00,41.0,63.060242144741366,153.80546864571065,feb,1.6666666666666667
fed-forecast,2026-03-02 23:00:00,42.0,64.59188771436162,153.79020884371815,feb,1.7083333333333333
fed-forecast,2026-03-03 00:00:00,43.0,66.12353328398187,153.77565879995785,feb,1.75
fed-forecast,2026-03-03 01:00:00,44.0,67.65517885360212,153.76177012182302,feb,1.7916666666666667
fed-forecast,2026-03-03 02:00:00,45.0,69.18682442322238,153.74849871827195,feb,1.8333333333333333
fed-forecast,2026-03-03 03:00:00,46.0,70.71846999284263,153.73580433226658,feb,1.875
fed-forecast,2026-03-03 04:00:00,47.0,72.1281085470595,153.46406073842448,feb,1.9166666666666667
fed-forecast,2026-03-03 05:00:00,48.0,73.59724434952864,153.3275923948513,feb,1.9583333333333333
fed-forecast,2026-03-03 06:00:00,49.0,75.06638015199778,153.19669418775058,feb,2.0
fed-forecast,2026-03-03 07:00:00,50.0,76.53551595446692,153.07103190893383,feb,2.0416666666666665
fed-forecast,2026-03-03 08:00:00,51.0,77.97454034471082,152.89125557786434,feb,2.0833333333333335
fed-forecast,2026-03-03 09:00:00,52.0,79.44367614717996,152.77630028303838,feb,2.125
fed-forecast,2026-03-03 10:00:00,53.0,80.9128119496491,152.66568292386623,feb,2.1666666666666665
fed-forecast,2026-03-03 11:00:00,54.0,82.38194775211824,152.55916250392266,feb,2.2083333333333335
fed-forecast,2026-03-03 12:00:00,55.0,83.85108355458738,152.4565155537952,feb,2.25
fed-forecast,2026-03-03 13:00:00,56.0,85.32021935705652,152.35753456617235,feb,2.2916666666666665
fed-forecast,2026-03-03 14:00:00,57.0,86.78935515952566,152.26202659565905,feb,2.3333333333333335
fed-forecast,2026-03-03 15:00:00,58.0,88.2584909619948,152.16981200343932,feb,2.375
fed-forecast,2026-03-03 16:00:00,59.0,89.72762676446393,152.0807233295999,feb,2.4166666666666665
fed-forecast,2026-03-03 17:00:00,60.0,91.16665115470784,151.94441859117973,feb,2.4583333333333335
fed-forecast,2026-03-03 18:00:00,61.0,92.60567554495174,151.8125828605766,feb,2.5
fed-forecast,2026-03-03 19:00:00,62.0,94.04469993519564,151.68499989547684,feb,2.5416666666666665
fed-forecast,2026-03-03 20:00:00,63.0,95.37028133054449,151.38139893737218,feb,2.5833333333333335
fed-forecast,2026-03-03 21:00:00,64.0,96.69586272589333,151.08728550920833,feb,2.625
fed-forecast,2026-03-03 22:00:00,65.0,98.04880390236391,150.8443136959445,feb,2.6666666666666665
fed-forecast,2026-03-03 23:00:00,66.0,99.27102612458614,150.41064564331234,feb,2.7083333333333335
fed-forecast,2026-03-04 00:00:00,67.0,100.46882832238833,149.95347510804228,feb,2.75
fed-forecast,2026-03-04 01:00:00,68.0,101.76767889710098,149.65835131926616,feb,2.7916666666666665
fed-forecast,2026-03-04 02:00:00,69.0,103.06652947181362,149.37178184320814,feb,2.8333333333333335
fed-forecast,2026-03-04 03:00:00,70.0,104.47616802603048,149.25166860861495,feb,2.875
fed-forecast,2026-03-04 04:00:00,71.0,105.85712040698286,149.0945357844829,feb,2.9166666666666665
fed-forecast,2026-03-04 05:00:00,72.0,107.26675896119971,148.98160966833294,feb,2.9583333333333335
fed-forecast,2026-03-04 06:00:00,73.0,108.67639751541657,148.87177741837888,feb,3.0
fed-forecast,2026-03-04 07:00:00,74.0,110.14553331788571,148.84531529444013,feb,3.0416666666666665
fed-forecast,2026-03-04 08:00:00,75.0,111.61466912035485,148.8195588271398,feb,3.0833333333333335
fed-forecast,2026-03-04 09:00:00,76.0,113.08380492282399,148.7944801616105,feb,3.125
fed-forecast,2026-03-04 10:00:00,77.0,114.52282931306789,148.73094715982842,feb,3.1666666666666665
fed-forecast,2026-03-04 11:00:00,78.0,115.99196511553703,148.70764758402183,feb,3.2083333333333335
fed-forecast,2026-03-04 12:00:00,79.0,117.40160366975388,148.60962489842265,feb,3.25
fed-forecast,2026-03-04 13:00:00,80.0,118.81124222397074,148.5140527799634,feb,3.2916666666666665
fed-forecast,2026-03-04 14:00:00,81.0,120.22088077818759,148.42084046689826,feb,3.3333333333333335
fed-forecast,2026-03-04 15:00:00,82.0,121.57382195465817,148.26075848129045,feb,3.375
fed-forecast,2026-03-04 16:00:00,83.0,122.89940335000702,148.07157030121328,feb,3.4166666666666665
fed-forecast,2026-03-04 17:00:00,84.0,124.2803557309594,147.95280444161833,feb,3.4583333333333335
fed-forecast,2026-03-04 18:00:00,85.0,125.60593712630825,147.77169073683322,feb,3.5
fed-forecast,2026-03-04 19:00:00,86.0,126.95887830277883,147.6266026776498,feb,3.5416666666666665
fed-forecast,2026-03-04 20:00:00,87.0,128.28445969812768,147.4534019518709,feb,3.5833333333333335
fed-forecast,2026-03-04 21:00:00,88.0,129.58331027284032,147.2537616736822,feb,3.625
fed-forecast,2026-03-04 22:00:00,89.0,130.88216084755297,147.05860769387974,feb,3.6666666666666665
fed-forecast,2026-03-04 23:00:00,90.0,132.20774224290182,146.897491381002,feb,3.7083333333333335
fed-forecast,2026-03-05 00:00:00,91.0,133.4804695156291,146.68183463255943,feb,3.75
fed-forecast,2026-03-05 01:00:00,92.0,134.75319678835638,146.4708660743004,feb,3.7916666666666665
fed-forecast,2026-03-05 02:00:00,93.0,136.02592406108366,146.2644344742835,feb,3.8333333333333335
fed-forecast,2026-03-05 03:00:00,94.0,137.29865133381094,146.06239503596908,feb,3.875
fed-forecast,2026-03-05 04:00:00,95.0,138.57137860653822,145.8646090595139,feb,3.9166666666666665
fed-forecast,2026-03-05 05:00:00,96.0,139.8441058792655,145.6709436242349,feb,3.9583333333333335
fed-forecast,2026-03-05 06:00:00,97.0,141.16968727461435,145.535760076922,feb,4.0
fed-forecast,2026-03-05 07:00:00,98.0,142.4952686699632,145.40333537751346,feb,4.041666666666667
fed-forecast,2026-03-05 08:00:00,99.0,143.79411924467584,145.24658509563216,feb,4.083333333333333
fed-forecast,2026-03-05 09:00:00,100.0,145.0413102559118,145.0413102559118,feb,4.125
fed-forecast,2026-03-05 10:00:00,101.0,146.28850126714775,144.84010026450272,feb,4.166666666666667
fed-forecast,2026-03-05 11:00:00,102.0,147.5356922783837,144.64283556704282,feb,4.208333333333333
fed-forecast,2026-03-05 12:00:00,103.0,148.78288328961963,144.4494012520579,feb,4.25
fed-forecast,2026-03-05 13:00:00,104.0,150.03007430085557,144.25968682774575,feb,4.291666666666667
fed-forecast,2026-03-05 14:00:00,105.0,151.27726531209152,144.07358601151572,feb,4.333333333333333
fed-forecast,2026-03-05 15:00:00,106.0,152.49948753431374,143.8674410701073,feb,4.375
fed-forecast,2026-03-05 16:00:00,107.0,153.74667854554968,143.68848462200904,feb,4.416666666666667
fed-forecast,2026-03-05 17:00:00,108.0,154.9444807433519,143.4671117993999,feb,4.458333333333333
fed-forecast,2026-03-05 18:00:00,109.0,156.14228294115412,143.24980086344414,feb,4.5
fed-forecast,2026-03-05 19:00:00,110.0,157.34008513895634,143.03644103541487,feb,4.541666666666667
fed-forecast,2026-03-05 20:00:00,111.0,158.53788733675856,142.82692552861133,feb,4.583333333333333
fed-forecast,2026-03-05 21:00:00,112.0,159.73568953456078,142.62115137014354,feb,4.625
fed-forecast,2026-03-05 22:00:00,113.0,160.933491732363,142.41901923217964,feb,4.666666666666667
fed-forecast,2026-03-05 23:00:00,114.0,162.18068274359894,142.26375679263063,feb,4.708333333333333
fed-forecast,2026-03-06 00:00:00,115.0,163.42787375483488,142.11119456942163,feb,4.75
fed-forecast,2026-03-06 01:00:00,116.0,164.7267243295475,142.0057968358168,feb,4.791666666666667
fed-forecast,2026-03-06 02:00:00,117.0,166.0255749042601,141.9022007728719,feb,4.833333333333333
fed-forecast,2026-03-06 03:00:00,118.0,167.32442547897273,141.80036057540062,feb,4.875
fed-forecast,2026-03-06 04:00:00,119.0,168.62327605368534,141.70023197788683,feb,4.916666666666667
fed-forecast,2026-03-06 05:00:00,120.0,169.8960033264126,141.58000277201052,feb,4.958333333333333
fed-forecast,2026-03-06 06:00:00,121.0,171.1948539011252,141.48335033150846,feb,5.0
fed-forecast,2026-03-06 07:00:00,122.0,172.49370447583783,141.38828235724412,feb,5.041666666666667
fed-forecast,2026-03-06 08:00:00,123.0,173.9033430300547,141.3848317317518,feb,5.083333333333333
fed-forecast,2026-03-06 09:00:00,124.0,175.28429541100712,141.35830275081221,feb,5.125
fed-forecast,2026-03-06 10:00:00,125.0,176.693933965224,141.35514717217922,feb,5.166666666666667
fed-forecast,2026-03-06 11:00:00,126.0,178.1329583554679,141.37536377418087,feb,5.208333333333333
fed-forecast,2026-03-06 12:00:00,127.0,179.5719827457118,141.39526200449748,feb,5.25
fed-forecast,2026-03-06 13:00:00,128.0,181.0110071359557,141.4148493249654,feb,5.291666666666667
fed-forecast,2026-03-06 14:00:00,129.0,182.48014293842482,141.45747514606575,feb,5.333333333333333
fed-forecast,2026-03-06 15:00:00,130.0,183.94927874089393,141.49944518530302,feb,5.375
fed-forecast,2026-03-06 16:00:00,131.0,185.41841454336304,141.5407744605825,feb,5.416666666666667
fed-forecast,2026-03-06 17:00:00,132.0,186.88755034583215,141.58147753472133,feb,5.458333333333333
fed-forecast,2026-03-06 18:00:00,133.0,188.35668614830126,141.62156853255735,feb,5.5
fed-forecast,2026-03-06 19:00:00,134.0,189.82582195077038,141.66106115729133,feb,5.541666666666667
fed-forecast,2026-03-06 20:00:00,135.0,191.2949577532395,141.69996870610333,feb,5.583333333333333
fed-forecast,2026-03-06 21:00:00,136.0,192.7339821434834,141.7161633407966,feb,5.625
fed-forecast,2026-03-06 22:00:00,137.0,194.1730065337273,141.73212155746518,feb,5.666666666666667
fed-forecast,2026-03-06 23:00:00,138.0,195.6421423361964,141.76966835956262,feb,5.708333333333333
fed-forecast,2026-03-07 00:00:00,139.0,197.1112781386655,141.80667491990323,feb,5.75
fed-forecast,2026-03-07 01:00:00,140.0,198.5503025289094,141.82164466350673,feb,5.791666666666667
fed-forecast,2026-03-07 02:00:00,141.0,199.9893269191533,141.8364020703215,feb,5.833333333333333
fed-forecast,2026-03-07 03:00:00,142.0,201.3989654733702,141.8302573756128,feb,5.875
fed-forecast,2026-03-07 04:00:00,143.0,202.8379898636141,141.8447481563735,feb,5.916666666666667
fed-forecast,2026-03-07 05:00:00,144.0,204.277014253858,141.85903767629026,feb,5.958333333333333
fed-forecast,2026-03-07 06:00:00,145.0,205.7160386441019,141.87313009938063,feb,6.0
fed-forecast,2026-03-07 07:00:00,146.0,207.1550630343458,141.8870294755793,feb,6.041666666666667
fed-forecast,2026-03-07 08:00:00,147.0,208.6241988368149,141.92122369851353,feb,6.083333333333333
fed-forecast,2026-03-07 09:00:00,148.0,210.09333463928402,141.95495583735408,feb,6.125
fed-forecast,2026-03-07 10:00:00,149.0,211.44627581575463,141.9102522253387,feb,6.166666666666667
fed-forecast,2026-03-07 11:00:00,150.0,212.79921699222524,141.86614466148347,feb,6.208333333333333
fed-forecast,2026-03-07 12:00:00,151.0,214.15215816869585,141.82262130377208,feb,6.25
fed-forecast,2026-03-07 13:00:00,152.0,215.53311054964826,141.7980990458212,feb,6.291666666666667
fed-forecast,2026-03-07 14:00:00,153.0,216.91406293060066,141.77389734026187,feb,6.333333333333333
fed-forecast,2026-03-07 15:00:00,154.0,218.26700410707127,141.7318208487476,feb,6.375
fed-forecast,2026-03-07 16:00:00,155.0,219.64795648802368,141.7083590245314,feb,6.416666666666667
fed-forecast,2026-03-07 17:00:00,156.0,221.0289088689761,141.6851979929334,feb,6.458333333333333
fed-forecast,2026-03-07 18:00:00,157.0,222.4098612499285,141.66233200632388,feb,6.5
fed-forecast,2026-03-07 19:00:00,158.0,223.7908136308809,141.63975546258285,feb,6.541666666666667
fed-forecast,2026-03-07 20:00:00,159.0,225.1437548073515,141.5998457907871,feb,6.583333333333333
fed-forecast,2026-03-07 21:00:00,160.0,226.49669598382212,141.56043498988882,feb,6.625
fed-forecast,2026-03-07 22:00:00,161.0,227.82227737917094,141.5045201112863,feb,6.666666666666667
fed-forecast,2026-03-07 23:00:00,162.0,229.14785877451976,141.449295539827,feb,6.708333333333333
fed-forecast,2026-03-08 00:00:00,163.0,230.47344016986858,141.3947485704715,feb,6.75
fed-forecast,2026-03-08 01:00:00,164.0,231.854392550821,141.37462960415914,feb,6.791666666666667
fed-forecast,2026-03-08 02:00:00,165.0,233.2353449317734,141.35475450410507,feb,6.833333333333333
fed-forecast,2026-03-08 03:00:00,166.0,234.6162973127258,141.3351188630878,feb,6.875
fed-forecast,2026-03-08 04:00:00,167.0,235.9972496936782,141.31571837944804,feb,6.916666666666667
fed-forecast,2026-03-08 05:00:00,168.0,237.35019087014882,141.27987551794573,feb,6.958333333333333
fed-forecast,2026-03-08 06:00:00,169.0,238.70313204661943,141.2444568323192,feb,7.0
fed-forecast,2026-03-08 07:00:00,170.0,240.08408442757184,141.22593201621874,feb,7.041666666666667
fed-forecast,2026-03-08 08:00:00,171.0,241.46503680852425,141.20762386463406,feb,7.083333333333333
fed-forecast,2026-03-08 09:00:00,172.0,242.84598918947665,141.18952859853295,feb,7.125
fed-forecast,2026-03-08 10:00:00,173.0,244.19893036594726,141.15545107858222,feb,7.166666666666667
fed-forecast,2026-03-08 11:00:00,174.0,245.57988274689967,141.13786364764348,feb,7.208333333333333
fed-forecast,2026-03-08 12:00:00,175.0,246.93282392337028,141.10447081335445,feb,7.25
fed-forecast,2026-03-08 13:00:00,176.0,248.3137763043227,141.08737290018334,feb,7.291666666666667
fed-forecast,2026-03-08 14:00:00,177.0,249.6947286852751,141.07046818377125,feb,7.333333333333333
fed-forecast,2026-03-08 15:00:00,178.0,251.0756810662275,141.05375340799299,feb,7.375
fed-forecast,2026-03-08 16:00:00,179.0,252.4566334471799,141.03722538948597,feb,7.416666666666667
fed-forecast,2026-03-08 17:00:00,180.0,253.83758582813232,141.02088101562907,feb,7.458333333333333
fed-forecast,2026-03-08 18:00:00,181.0,255.21853820908473,141.00471724258824,feb,7.5
fed-forecast,2026-03-08 19:00:00,182.0,256.57147938555534,140.9733403217337,feb,7.541666666666667
fed-forecast,2026-03-08 20:00:00,183.0,257.92442056202594,140.94230631804697,feb,7.583333333333333
fed-forecast,2026-03-08 21:00:00,184.0,259.27736173849655,140.91160964048726,feb,7.625
fed-forecast,2026-03-08 22:00:00,185.0,260.68700029271344,140.91189205011537,feb,7.666666666666667
fed-forecast,2026-03-08 23:00:00,186.0,262.06795267366584,140.89674874928272,feb,7.708333333333333
fed-forecast,2026-03-09 00:00:00,187.0,263.4775912278827,140.89710760849343,feb,7.75
fed-forecast,2026-03-09 01:00:00,188.0,264.8872297820996,140.89746265005297,feb,7.791666666666667
fed-forecast,2026-03-09 02:00:00,189.0,266.2968683363165,140.897813934559,feb,7.833333333333333
fed-forecast,2026-03-09 03:00:00,190.0,267.7065068905334,140.89816152133338,feb,7.875
fed-forecast,2026-03-09 04:00:00,191.0,269.11614544475026,140.89850546845562,feb,7.916666666666667
fed-forecast,2026-03-09 05:00:00,192.0,270.52578399896714,140.8988458327954,feb,7.958333333333333
fed-forecast,2026-03-09 06:00:00,193.0,271.935422553184,140.89918267004353,feb,8.0
fed-forecast,2026-03-09 07:00:00,194.0,273.3450611074009,140.89951603474273,feb,8.041666666666666
fed-forecast,2026-03-09 08:00:00,195.0,274.7546996616178,140.89984598031683,feb,8.083333333333334
fed-forecast,2026-03-09 09:00:00,196.0,276.1643382158347,140.90017255909933,feb,8.125
fed-forecast,2026-03-09 10:00:00,197.0,277.57397677005156,140.9004958223612,feb,8.166666666666666
fed-forecast,2026-03-09 11:00:00,198.0,278.98361532426844,140.9008158203376,feb,8.208333333333334
fed-forecast,2026-03-09 12:00:00,199.0,280.3932538784853,140.90113260225394,feb,8.25
fed-forecast,2026-03-09 13:00:00,200.0,281.8028924327022,140.9014462163511,feb,8.291666666666666
fed-forecast,2026-03-09 14:00:00,201.0,283.2125309869191,140.90175670991,feb,8.333333333333334
fed-forecast,2026-03-09 15:00:00,202.0,284.5934833678715,140.88786305340173,feb,8.375
fed-forecast,2026-03-09 16:00:00,203.0,285.9744357488239,140.87410628020882,feb,8.416666666666666
fed-forecast,2026-03-09 17:00:00,204.0,287.4134601390678,140.88895104856266,feb,8.458333333333334
fed-forecast,2026-03-09 18:00:00,205.0,288.7664013155384,140.8616591783114,feb,8.5
fed-forecast,2026-03-09 19:00:00,206.0,290.119342492009,140.83463227767427,feb,8.541666666666666
fed-forecast,2026-03-09 20:00:00,207.0,291.34156471423125,140.74471725325182,feb,8.583333333333334
fed-forecast,2026-03-09 21:00:00,208.0,292.64041528894387,140.69250735045378,feb,8.625
fed-forecast,2026-03-09 22:00:00,209.0,293.9933564654145,140.66667773464806,feb,8.666666666666666
fed-forecast,2026-03-09 23:00:00,210.0,295.3462976418851,140.64109411518336,feb,8.708333333333334
fed-forecast,2026-03-10 00:00:00,211.0,296.6451482165977,140.59011763819797,feb,8.75
fed-forecast,2026-03-10 01:00:00,212.0,297.91787548932496,140.52729975911555,feb,8.791666666666666
fed-forecast,2026-03-10 02:00:00,213.0,299.21672606403763,140.47733618029937,feb,8.833333333333334
fed-forecast,2026-03-10 03:00:00,214.0,300.3906391075159,140.36945752687657,feb,8.875
fed-forecast,2026-03-10 04:00:00,215.0,301.56455215099413,140.26258239581122,feb,8.916666666666666
fed-forecast,2026-03-10 05:00:00,216.0,302.8634027257068,140.21453829893832,feb,8.958333333333334
fed-forecast,2026-03-10 06:00:00,217.0,304.13612999843406,140.1548986167899,feb,9.0
fed-forecast,2026-03-10 07:00:00,218.0,305.4088572711613,140.0958060876887,feb,9.041666666666666
fed-forecast,2026-03-10 08:00:00,219.0,306.7617984476319,140.07388056969495,feb,9.083333333333334
fed-forecast,2026-03-10 09:00:00,220.0,308.0873798429808,140.03971811044582,feb,9.125
fed-forecast,2026-03-10 10:00:00,221.0,309.4403210194514,140.01824480518164,feb,9.166666666666666
fed-forecast,2026-03-10 11:00:00,222.0,310.7391715941641,139.97259981719102,feb,9.208333333333334
fed-forecast,2026-03-10 12:00:00,223.0,312.0921127706347,139.9516200765178,feb,9.25
fed-forecast,2026-03-10 13:00:00,224.0,313.41769416598356,139.91861346695694,feb,9.291666666666666
fed-forecast,2026-03-10 14:00:00,225.0,314.74327556133244,139.8859002494811,feb,9.333333333333334
fed-forecast,2026-03-10 15:00:00,226.0,316.12422794228485,139.87797696561276,feb,9.375
fed-forecast,2026-03-10 16:00:00,227.0,317.5338664965017,139.8827605711461,feb,9.416666666666666
fed-forecast,2026-03-10 17:00:00,228.0,318.8065937692289,139.82745340755656,feb,9.458333333333334
fed-forecast,2026-03-10 18:00:00,229.0,320.1321751645778,139.79570967885493,feb,9.5
fed-forecast,2026-03-10 19:00:00,230.0,321.37936617581374,139.73015920687556,feb,9.541666666666666
fed-forecast,2026-03-10 20:00:00,231.0,322.6782167505264,139.6875397188426,feb,9.583333333333334
fed-forecast,2026-03-10 21:00:00,232.0,324.0037981458753,139.6568095456359,feb,9.625
fed-forecast,2026-03-10 22:00:00,233.0,325.27652541860255,139.603658977941,feb,9.666666666666666
fed-forecast,2026-03-10 23:00:00,234.0,326.5237164298385,139.54004975634123,feb,9.708333333333334
fed-forecast,2026-03-11 00:00:00,235.0,327.72151862764065,139.4559653734641,feb,9.75
fed-forecast,2026-03-11 01:00:00,236.0,328.9193208254428,139.37259357010288,feb,9.791666666666666
fed-forecast,2026-03-11 02:00:00,237.0,330.117123023245,139.2899253262637,feb,9.833333333333334
fed-forecast,2026-03-11 03:00:00,238.0,331.31492522104713,139.2079517735492,feb,9.875
fed-forecast,2026-03-11 04:00:00,239.0,332.4888382645254,139.11666872992694,feb,9.916666666666666
fed-forecast,2026-03-11 05:00:00,240.0,333.66275130800364,139.02614637833486,feb,9.958333333333334
fed-forecast,2026-03-11 06:00:00,241.0,334.8366643514819,138.93637524957754,feb,10.0
fed-forecast,2026-03-11 07:00:00,242.0,336.01057739496014,138.84734603097527,feb,10.041666666666666
fed-forecast,2026-03-11 08:00:00,243.0,337.0939107282935,138.7217739622607,feb,10.083333333333334
fed-forecast,2026-03-11 09:00:00,244.0,338.2444483627021,138.6247739191402,feb,10.125
fed-forecast,2026-03-11 10:00:00,245.0,339.3721079371702,138.5192277294572,feb,10.166666666666666
fed-forecast,2026-03-11 11:00:00,246.0,340.45544127050357,138.39652084166812,feb,10.208333333333334
fed-forecast,2026-03-11 12:00:00,247.0,341.5172969406067,138.26611212170312,feb,10.25
fed-forecast,2026-03-26 00:00:00,248.0,341.54610352496877,137.7202030342616,mar,10.75
fed-forecast,2026-03-26 01:00:00,249.0,341.57543960319833,137.17889140690696,mar,10.791666666666666
fed-forecast,2026-03-26 02:00:00,250.0,341.6042461875604,136.64169847502416,mar,10.833333333333334
fed-forecast,2026-03-26 03:00:00,251.0,341.63358226579,136.10899691864142,mar,10.875
fed-forecast,2026-03-26 04:00:00,252.0,341.66291834401954,135.5805231523887,mar,10.916666666666666
fed-forecast,2026-03-26 05:00:00,253.0,341.6922544222491,135.05622704436723,mar,10.958333333333334
fed-forecast,2026-03-26 06:00:00,254.0,341.72159050047867,134.53605925215695,mar,11.0
fed-forecast,2026-03-26 07:00:00,255.0,341.75092657870823,134.01997120733654,mar,11.041666666666666
fed-forecast,2026-03-26 08:00:00,256.0,341.7802626569378,133.50791510036632,mar,11.083333333333334
fed-forecast,2026-03-26 09:00:00,257.0,341.80959873516736,132.99984386582386,mar,11.125
fed-forecast,2026-03-26 10:00:00,258.0,341.8389348133969,132.4957111679833,mar,11.166666666666666
fed-forecast,2026-03-26 11:00:00,259.0,341.8682708916265,131.99547138672838,mar,11.208333333333334
fed-forecast,2026-03-26 12:00:00,260.0,341.89760696985604,131.4990796037908,mar,11.25
fed-forecast,2026-03-26 13:00:00,261.0,341.9269430480856,131.00649158930483,mar,11.291666666666666
fed-forecast,2026-03-26 14:00:00,262.0,341.95627912631517,130.51766378866992,mar,11.333333333333334
fed-forecast,2026-03-26 15:00:00,263.0,341.9861452437199,130.03275484552086,mar,11.375
fed-forecast,2026-03-26 16:00:00,264.0,342.01389447290796,129.5507176033742,mar,11.416666666666666
fed-forecast,2026-03-26 17:00:00,265.0,342.04164370209605,129.07231837814945,mar,11.458333333333334
fed-forecast,2026-03-26 18:00:00,266.0,342.0678109673603,128.59692141630086,mar,11.5
fed-forecast,2026-03-26 19:00:00,267.0,342.0939782326245,128.12508548038372,mar,11.541666666666666
fed-forecast,2026-03-26 20:00:00,268.0,342.1196192582655,127.65657435009908,mar,11.583333333333334
fed-forecast,2026-03-26 21:00:00,269.0,342.1452602839065,127.19154657394294,mar,11.625
fed-forecast,2026-03-26 22:00:00,270.0,342.1709013095475,126.72996344798055,mar,11.666666666666666
fed-forecast,2026-03-26 23:00:00,271.0,342.1965423351885,126.27178683955296,mar,11.708333333333334
fed-forecast,2026-03-27 00:00:00,272.0,342.2221833608295,125.81697917677555,mar,11.75
fed-forecast,2026-03-27 01:00:00,273.0,342.24729868630357,125.36531087410387,mar,11.791666666666666
fed-forecast,2026-03-27 02:00:00,274.0,342.27241401177764,124.9169394203568,mar,11.833333333333334
fed-forecast,2026-03-27 03:00:00,275.0,342.2975293372517,124.4718288499097,mar,11.875
fed-forecast,2026-03-27 04:00:00,276.0,342.3226446627258,124.02994371837892,mar,11.916666666666666
fed-forecast,2026-03-27 05:00:00,277.0,342.34775998819987,123.59124909321295,mar,11.958333333333334
fed-forecast,2026-03-27 06:00:00,278.0,342.37235015213435,123.15552163745839,mar,12.0
fed-forecast,2026-03-27 07:00:00,279.0,342.3969403160688,122.72291767601034,mar,12.041666666666666
fed-forecast,2026-03-27 08:00:00,280.0,342.4215304800033,122.29340374285833,mar,12.083333333333334
fed-forecast,2026-03-27 09:00:00,281.0,342.4461206439378,121.86694684837643,mar,12.125
fed-forecast,2026-03-27 10:00:00,282.0,342.47071080787225,121.44351447087669,mar,12.166666666666666
fed-forecast,2026-03-27 11:00:00,283.0,342.4953009718067,121.0230745483416,mar,12.208333333333334
fed-forecast,2026-03-27 12:00:00,284.0,342.5204162972808,120.60578038636649,mar,12.25
fed-forecast,2026-03-27 13:00:00,285.0,342.5455316227549,120.1914146044754,mar,12.291666666666666
fed-forecast,2026-03-27 14:00:00,286.0,342.57064694822895,119.77994648539475,mar,12.333333333333334
fed-forecast,2026-03-27 15:00:00,287.0,342.5968142134932,119.37171226950983,mar,12.375
fed-forecast,2026-03-27 16:00:00,288.0,342.6229814787574,118.96631301345744,mar,12.416666666666666
fed-forecast,2026-03-27 17:00:00,289.0,342.64914874402166,118.56371928858881,mar,12.458333333333334
fed-forecast,2026-03-27 18:00:00,290.0,342.6753160092859,118.16390207216756,mar,12.5
fed-forecast,2026-03-27 19:00:00,291.0,342.7014832745501,117.76683274039523,mar,12.541666666666666
fed-forecast,2026-03-27 20:00:00,292.0,342.72765053981436,117.37248306158025,mar,12.583333333333334
fed-forecast,2026-03-27 21:00:00,293.0,342.7538178050786,116.98082518944662,mar,12.625
fed-forecast,2026-03-27 22:00:00,294.0,342.77998507034283,116.5918316565792,mar,12.666666666666666
fed-forecast,2026-03-27 23:00:00,295.0,342.80615233560707,116.20547536800238,mar,12.708333333333334
fed-forecast,2026-03-28 00:00:00,296.0,342.8323196008713,115.82172959488895,mar,12.75
fed-forecast,2026-03-28 01:00:00,297.0,342.85848686613554,115.44056796839581,mar,12.791666666666666
fed-forecast,2026-03-28 02:00:00,298.0,342.88465413139977,115.06196447362409,mar,12.833333333333334
fed-forecast,2026-03-28 03:00:00,299.0,342.910821396664,114.68589344370032,mar,12.875
fed-forecast,2026-03-28 04:00:00,300.0,342.93698866192824,114.31232955397607,mar,12.916666666666666
fed-forecast,2026-03-28 05:00:00,301.0,342.9631559271925,113.94124781634301,mar,12.958333333333334
fed-forecast,2026-03-28 06:00:00,302.0,342.9893231924567,113.57262357366116,mar,13.0
fed-forecast,2026-03-28 07:00:00,303.0,343.01549045772094,113.20643249429733,mar,13.041666666666666
fed-forecast,2026-03-28 08:00:00,304.0,343.0427118239254,112.84299731050179,mar,13.083333333333334
fed-forecast,2026-03-28 09:00:00,305.0,343.06993319012986,112.48194530823929,mar,13.125
fed-forecast,2026-03-28 10:00:00,306.0,343.0971545563343,112.12325312298508,mar,13.166666666666666
fed-forecast,2026-03-28 11:00:00,307.0,343.1249037855224,111.76706963697798,mar,13.208333333333334
fed-forecast,2026-03-28 12:00:00,308.0,343.1526530147105,111.41319903075015,mar,13.25
fed-forecast,2026-03-28 13:00:00,309.0,343.1804022438986,111.06161884915812,mar,13.291666666666666
fed-forecast,2026-03-28 14:00:00,310.0,343.2081514730867,110.71230692680216,mar,13.333333333333334
fed-forecast,2026-03-28 15:00:00,311.0,343.23590070227476,110.3652413833681,mar,13.375
fed-forecast,2026-03-28 16:00:00,312.0,343.26364993146285,110.0204006190586,mar,13.416666666666666
fed-forecast,2026-03-28 17:00:00,313.0,343.29139916065094,109.67776331011211,mar,13.458333333333334
fed-forecast,2026-03-28 18:00:00,314.0,343.31914838983903,109.33730840440734,mar,13.5
fed-forecast,2026-03-28 19:00:00,315.0,343.3437385537735,108.99801223929317,mar,13.541666666666666
fed-forecast,2026-03-28 20:00:00,316.0,343.368328717708,108.66086351826203,mar,13.583333333333334
fed-forecast,2026-03-28 21:00:00,317.0,343.39291888164246,108.3258419184992,mar,13.625
fed-forecast,2026-03-28 22:00:00,318.0,343.41750904557694,107.99292737282293,mar,13.666666666666666
fed-forecast,2026-03-28 23:00:00,319.0,343.4420992095114,107.66210006567756,mar,13.708333333333334
fed-forecast,2026-03-29 00:00:00,320.0,343.4666893734459,107.33334042920184,mar,13.75
fed-forecast,2026-03-29 01:00:00,321.0,343.4897072762592,107.00613933839851,mar,13.791666666666666
fed-forecast,2026-03-29 02:00:00,322.0,343.5127251790725,106.68097055250698,mar,13.833333333333334
fed-forecast,2026-03-29 03:00:00,323.0,343.5357430818858,106.35781519563028,mar,13.875
fed-forecast,2026-03-29 04:00:00,324.0,343.5571935415385,106.03617084615384,mar,13.916666666666666
fed-forecast,2026-03-29 05:00:00,325.0,343.57864400119115,105.71650584652035,mar,13.958333333333334
fed-forecast,2026-03-29 06:00:00,326.0,343.6000944608438,105.39880198185394,mar,14.0
fed-forecast,2026-03-29 07:00:00,327.0,343.6215449204965,105.08304126009067,mar,14.041666666666666
fed-forecast,2026-03-29 08:00:00,328.0,343.64299538014916,104.76920590858205,mar,14.083333333333334
fed-forecast,2026-03-29 09:00:00,329.0,343.66444583980183,104.45727837076045,mar,14.125
fed-forecast,2026-03-29 10:00:00,330.0,343.6858962994545,104.14724130286498,mar,14.166666666666666
fed-forecast,2026-03-29 11:00:00,331.0,343.70734675910717,103.83907757072723,mar,14.208333333333334
fed-forecast,2026-03-29 12:00:00,332.0,343.72879721875984,103.5327702466144,mar,14.25
fed-forecast,2026-03-29 13:00:00,333.0,343.7502476784125,103.22830260612987,mar,14.291666666666666
fed-forecast,2026-03-29 14:00:00,334.0,343.7716981380652,102.9256581251692,mar,14.333333333333334
fed-forecast,2026-03-29 15:00:00,335.0,343.79314859771785,102.6248204769307,mar,14.375
fed-forecast,2026-03-29 16:00:00,336.0,343.8156434852434,102.32608437060816,mar,14.416666666666666
fed-forecast,2026-03-29 17:00:00,337.0,343.838138372769,102.0291211788632,mar,14.458333333333334
fed-forecast,2026-03-29 18:00:00,338.0,343.86063326029455,101.73391516576761,mar,14.5
fed-forecast,2026-03-29 19:00:00,339.0,343.8815623057259,101.4399888807451,mar,14.541666666666666
fed-forecast,2026-03-29 20:00:00,340.0,343.9009302975709,101.14733244046204,mar,14.583333333333334
fed-forecast,2026-03-29 21:00:00,341.0,343.9202982894159,100.85639246023925,mar,14.625
fed-forecast,2026-03-29 22:00:00,342.0,343.9396662812609,100.56715388340962,mar,14.666666666666666
fed-forecast,2026-03-29 23:00:00,343.0,343.9590342731059,100.27960182889385,mar,14.708333333333334
fed-forecast,2026-03-30 00:00:00,344.0,343.9784022649509,99.99372158864851,mar,14.75
fed-forecast,2026-03-30 01:00:00,345.0,343.9977702567959,99.70949862515823,mar,14.791666666666668
fed-forecast,2026-03-30 02:00:00,346.0,344.0171382486409,99.42691856897136,mar,14.833333333333332
fed-forecast,2026-03-30 03:00:00,347.0,344.0365062404859,99.14596721627835,mar,14.875
fed-forecast,2026-03-30 04:00:00,348.0,344.0558742323309,98.86663052653186,mar,14.916666666666668
fed-forecast,2026-03-30 05:00:00,349.0,344.0752422241759,98.58889462010771,mar,14.958333333333332
fed-forecast,2026-03-30 06:00:00,350.0,344.0946102160209,98.31274577600597,mar,15.0
fed-forecast,2026-03-30 07:00:00,351.0,344.1139782078659,98.03817042959142,mar,15.041666666666668
fed-forecast,2026-03-30 08:00:00,352.0,344.1333461997109,97.76515517037242,mar,15.083333333333332
fed-forecast,2026-03-30 09:00:00,353.0,344.1527141915559,97.49368673981753,mar,15.125
fed-forecast,2026-03-30 10:00:00,354.0,344.1705258963905,97.2233124001103,mar,15.166666666666668
fed-forecast,2026-03-30 11:00:00,355.0,344.18833760122504,96.95446129611973,mar,15.208333333333332
fed-forecast,2026-03-30 12:00:00,356.0,344.2061493060596,96.68712059158977,mar,15.25
fed-forecast,2026-03-30 13:00:00,357.0,344.2239610108942,96.42127759408801,mar,15.291666666666668
fed-forecast,2026-03-30 14:00:00,358.0,344.24177271572876,96.15691975299686,mar,15.333333333333332
fed-forecast,2026-03-30 15:00:00,359.0,344.25958442056333,95.89403465753853,mar,15.375
fed-forecast,2026-03-30 16:00:00,360.0,344.2773961253979,95.63261003483275,mar,15.416666666666668
fed-forecast,2026-03-30 17:00:00,361.0,344.29520783023247,95.37263374798684,mar,15.458333333333332
fed-forecast,2026-03-30 18:00:00,362.0,344.31301953506704,95.11409379421741,mar,15.5
fed-forecast,2026-03-30 19:00:00,363.0,344.3308312399016,94.8569783030032,mar,15.541666666666668
fed-forecast,2026-03-30 20:00:00,364.0,344.3486429447362,94.60127553426818,mar,15.583333333333332
fed-forecast,2026-03-30 21:00:00,365.0,344.36645464957076,94.34697387659473,mar,15.625
fed-forecast,2026-03-30 22:00:00,366.0,344.3842663544053,94.09406184546594,mar,15.666666666666668
fed-forecast,2026-03-30 23:00:00,367.0,344.4020780592399,93.84252808153676,mar,15.708333333333332
fed-forecast,2026-03-31 00:00:00,368.0,344.41988976407447,93.59236134893328,mar,15.75
fed-forecast,2026-03-31 01:00:00,369.0,344.43770146890904,93.34355053357969,mar,15.791666666666668
fed-forecast,2026-03-31 02:00:00,370.0,344.4555131737436,93.09608464155232,mar,15.833333333333332
fed-forecast,2026-03-31 03:00:00,371.0,344.4733248785782,92.84995279746042,mar,15.875
fed-forecast,2026-03-31 04:00:00,372.0,344.49113658341275,92.60514424285289,mar,15.916666666666668
fed-forecast,2026-03-31 05:00:00,373.0,344.50636500980875,92.36095576670476,mar,15.958333333333332
fed-forecast,2026-03-31 06:00:00,374.0,344.52159343620474,92.11807311128469,mar,16.0
fed-forecast,2026-03-31 07:00:00,375.0,344.53682186260073,91.87648583002687,mar,16.041666666666668
fed-forecast,2026-03-31 08:00:00,376.0,344.5520502889967,91.63618358749913,mar,16.083333333333332
fed-forecast,2026-03-31 09:00:00,377.0,344.5672787153927,91.3971561579291,mar,16.125
fed-forecast,2026-03-31 10:00:00,378.0,344.5825071417887,91.15939342375363,mar,16.166666666666668
fed-forecast,2026-03-31 11:00:00,379.0,344.5977355681847,90.92288537419121,mar,16.208333333333332
fed-forecast,2026-03-31 12:00:00,380.0,344.6129639945807,90.68762210383703,mar,16.25
fed-forecast,2026-03-31 13:00:00,381.0,344.6281924209767,90.45359381127997,mar,16.291666666666668
fed-forecast,2026-03-31 14:00:00,382.0,344.6434208473727,90.22079079774153,mar,16.333333333333332
fed-forecast,2026-03-31 15:00:00,383.0,344.6586492737687,89.98920346573594,mar,16.375
fed-forecast,2026-03-31 16:00:00,384.0,344.67387770016467,89.75882231775122,mar,16.416666666666668
fed-forecast,2026-03-31 17:00:00,385.0,344.68910612656066,89.52963795495083,mar,16.458333333333332
fed-forecast,2026-03-31 18:00:00,386.0,344.70433455295665,89.3016410758955,mar,16.5
fed-forecast,2026-03-31 20:00:00,387.0,344.7211113704452,89.07522257634243,mar,16.583333333333332
fed-forecast,2026-03-31 21:00:00,388.0,344.7378881879338,88.84997118245715,mar,16.625
fed-forecast,2026-03-31 22:00:00,389.0,344.75466500542234,88.62587789342477,mar,16.666666666666668
fed-forecast,2026-03-31 23:00:00,390.0,344.7714418229109,88.40293380074638,mar,16.708333333333332
fed-forecast,2026-04-01 00:00:00,391.0,344.78821864039946,88.18113008705869,mar,16.75
fed-forecast,2026-04-01 01:00:00,392.0,344.804995457888,87.96045802497143,mar,16.791666666666668
fed-forecast,2026-04-01 02:00:00,393.0,344.8217722753766,87.74090897592279,mar,16.833333333333332
fed-forecast,2026-04-01 03:00:00,394.0,344.83854909286515,87.52247438905208,mar,16.875
fed-forecast,2026-04-01 04:00:00,395.0,344.8553259103537,87.30514580008955,mar,16.916666666666668
fed-forecast,2026-04-01 05:00:00,396.0,344.8715860729553,87.0887843618574,mar,16.958333333333332
fed-forecast,2026-04-01 06:00:00,397.0,344.8883628904439,86.87364304545187,mar,17.0
fed-forecast,2026-04-01 07:00:00,398.0,344.90513970793245,86.65958284118905,mar,17.041666666666668
fed-forecast,2026-04-01 08:00:00,399.0,344.922951412767,86.44685499066843,mar,17.083333333333332
fed-forecast,2026-04-01 09:00:00,400.0,344.9402454107325,86.23506135268312,mar,17.125
fed-forecast,2026-04-01 10:00:00,401.0,344.9565055733341,86.02406622776411,mar,17.166666666666668
fed-forecast,2026-04-01 11:00:00,402.0,344.9722496058379,85.81399243926316,mar,17.208333333333332
fed-forecast,2026-04-01 12:00:00,403.0,344.98799363834166,85.60496120058106,mar,17.25
fed-forecast,2026-04-01 13:00:00,404.0,345.0042538009433,85.39709252498596,mar,17.291666666666668
fed-forecast,2026-04-01 14:00:00,405.0,345.0225837398435,85.19076141724533,mar,17.333333333333332
fed-forecast,2026-04-01 15:00:00,406.0,345.0409136787438,84.98544671890241,mar,17.375
fed-forecast,2026-04-01 16:00:00,407.0,345.05924361764403,84.78114093799608,mar,17.416666666666668
fed-forecast,2026-04-01 17:00:00,408.0,345.0775735565443,84.57783665601576,mar,17.458333333333332
fed-forecast,2026-04-01 18:00:00,409.0,345.09590349544453,84.37552652700356,mar,17.5
fed-forecast,2026-04-01 19:00:00,410.0,345.1142334343448,84.17420327666946,mar,17.541666666666668
fed-forecast,2026-04-01 20:00:00,411.0,345.13256337324503,83.97385970151947,mar,17.583333333333332
fed-forecast,2026-04-01 21:00:00,412.0,345.147791799641,83.77373587369928,mar,17.625
fed-forecast,2026-04-01 22:00:00,413.0,345.163020226037,83.57458116853196,mar,17.666666666666668
fed-forecast,2026-04-01 23:00:00,414.0,345.178248652433,83.37638856338961,mar,17.708333333333332
fed-forecast,2026-04-02 00:00:00,415.0,345.193477078829,83.17915110333229,mar,17.75
fed-forecast,2026-04-02 01:00:00,416.0,345.208705505225,82.98286190029447,mar,17.791666666666668
fed-forecast,2026-04-02 02:00:00,417.0,345.2234188487055,82.78739061120035,mar,17.833333333333332
fed-forecast,2026-04-02 03:00:00,418.0,345.23813219218596,82.59285459143206,mar,17.875
fed-forecast,2026-04-02 04:00:00,419.0,345.2523309751474,82.39912433774401,mar,17.916666666666668
fed-forecast,2026-04-02 05:00:00,420.0,345.26652975810885,82.20631660907354,mar,17.958333333333332
fed-forecast,2026-04-02 06:00:00,421.0,345.2807285410703,82.01442483160815,mar,18.0
fed-forecast,2026-04-02 07:00:00,422.0,345.29492732403173,81.82344249384637,mar,18.041666666666668
fed-forecast,2026-04-02 08:00:00,423.0,345.3091261069932,81.63336314586127,mar,18.083333333333332
fed-forecast,2026-04-02 09:00:00,424.0,345.32383945047366,81.44430175718719,mar,18.125
fed-forecast,2026-04-02 10:00:00,425.0,345.33958348297745,81.25637258422998,mar,18.166666666666668
fed-forecast,2026-04-02 11:00:00,426.0,345.35532751548124,81.06932570785943,mar,18.208333333333332
fed-forecast,2026-04-02 12:00:00,427.0,345.371071547985,80.88315492927049,mar,18.25
fed-forecast,2026-04-02 13:00:00,428.0,345.3868155804888,80.69785410759084,mar,18.291666666666668
fed-forecast,2026-04-02 14:00:00,429.0,345.4025596129926,80.51341715920573,mar,18.333333333333332
fed-forecast,2026-04-02 15:00:00,430.0,345.4183036454964,80.32983805709219,mar,18.375
fed-forecast,2026-04-02 16:00:00,431.0,345.4413215483097,80.1487985030881,mar,18.416666666666668
fed-forecast,2026-04-02 17:00:00,432.0,345.461729711575,79.96799298879051,mar,18.458333333333332
fed-forecast,2026-04-02 18:00:00,433.0,345.4821378748403,79.78802260388922,mar,18.5
fed-forecast,2026-04-02 19:00:00,434.0,345.4973663012363,79.60768808784246,mar,18.541666666666668
fed-forecast,2026-04-02 20:00:00,435.0,345.5131103337401,79.42830122614714,mar,18.583333333333332
fed-forecast,2026-04-02 21:00:00,436.0,345.5288543662439,79.24973723996419,mar,18.625
fed-forecast,2026-04-02 22:00:00,437.0,345.54459839874767,79.07199048026263,mar,18.666666666666668
fed-forecast,2026-04-02 23:00:00,438.0,345.56034243125146,78.89505534960078,mar,18.708333333333332
fed-forecast,2026-04-03 00:00:00,439.0,345.57608646375525,78.71892630153879,mar,18.75
fed-forecast,2026-04-03 01:00:00,440.0,345.59183049625904,78.54359784005888,mar,18.791666666666664
fed-forecast,2026-04-03 02:00:00,441.0,345.6075745287628,78.36906451899384,mar,18.833333333333336
fed-forecast,2026-04-03 03:00:00,442.0,345.6233185612666,78.19532094146304,mar,18.875
fed-forecast,2026-04-03 04:00:00,443.0,345.6395787238682,78.02247826723888,mar,18.916666666666664
fed-forecast,2026-04-03 05:00:00,444.0,345.6563555413568,77.85053052733261,mar,18.958333333333336
fed-forecast,2026-04-03 07:00:00,445.0,345.66696696126587,77.67797010365524,mar,19.041666666666664
fed-forecast,2026-04-03 08:00:00,446.0,345.67757838117495,77.50618349353698,mar,19.083333333333336
fed-forecast,2026-04-03 09:00:00,447.0,345.68818980108404,77.33516550359822,mar,19.125
fed-forecast,2026-04-03 10:00:00,448.0,345.6988012209931,77.16491098682881,mar,19.166666666666664
fed-forecast,2026-04-03 11:00:00,449.0,345.7094126409022,76.99541484207177,mar,19.208333333333336
fed-forecast,2026-04-03 12:00:00,450.0,345.7200240608113,76.82667201351362,mar,19.25
fed-forecast,2026-04-03 13:00:00,451.0,345.73063548072037,76.6586774901819,mar,19.291666666666664
fed-forecast,2026-04-03 14:00:00,452.0,345.74124690062945,76.491426305449,mar,19.333333333333336
fed-forecast,2026-04-03 15:00:00,453.0,345.75185832053853,76.32491353654272,mar,19.375
fed-forecast,2026-04-03 16:00:00,454.0,345.7624697404476,76.15913430406334,mar,19.416666666666664
fed-forecast,2026-04-03 17:00:00,455.0,345.7730811603567,75.99408377150696,mar,19.458333333333336
fed-forecast,2026-04-03 18:00:00,456.0,345.7836925802658,75.82975714479512,mar,19.5
fed-forecast,2026-04-03 19:00:00,457.0,345.79532636883437,75.6663733848653,mar,19.541666666666664
fed-forecast,2026-04-03 20:00:00,458.0,345.80696015740295,75.50370309113602,mar,19.583333333333336
fed-forecast,2026-04-03 21:00:00,459.0,345.81859394597154,75.34174160042953,mar,19.625
fed-forecast,2026-04-03 22:00:00,460.0,345.83022773454013,75.18048429011742,mar,19.666666666666664
fed-forecast,2026-04-03 23:00:00,461.0,345.8418615231087,75.01992657768085,mar,19.708333333333336
fed-forecast,2026-04-04 00:00:00,462.0,345.8534953116773,74.86006392027647,mar,19.75
fed-forecast,2026-04-04 01:00:00,463.0,345.8651291002459,74.70089181430797,mar,19.791666666666664
fed-forecast,2026-04-04 02:00:00,464.0,345.8767628888145,74.54240579500312,mar,19.833333333333336
fed-forecast,2026-04-04 03:00:00,465.0,345.88839667738307,74.38460143599636,mar,19.875
fed-forecast,2026-04-04 04:00:00,466.0,345.90003046595166,74.22747434891667,mar,19.916666666666664
fed-forecast,2026-04-04 05:00:00,467.0,345.91166425452025,74.07102018298079,mar,19.958333333333336
fed-forecast,2026-04-04 06:00:00,468.0,345.92329804308883,73.91523462459163,mar,20.0
fed-forecast,2026-04-04 07:00:00,469.0,345.9349318316574,73.76011339694189,mar,20.041666666666664
fed-forecast,2026-04-04 08:00:00,470.0,345.946565620226,73.60565225962256,mar,20.083333333333336
fed-forecast,2026-04-04 09:00:00,471.0,345.9581994087946,73.45184700823665,mar,20.125
fed-forecast,2026-04-04 10:00:00,472.0,345.9698331973632,73.29869347401763,mar,20.166666666666664
fed-forecast,2026-04-04 11:00:00,473.0,345.98095554316706,73.14607939601841,mar,20.208333333333336
fed-forecast,2026-04-04 12:00:00,474.0,345.9920778889709,72.99410925927657,mar,20.25
fed-forecast,2026-04-04 13:00:00,475.0,346.0032002347748,72.84277899679469,mar,20.291666666666664
fed-forecast,2026-04-04 14:00:00,476.0,346.0153459837627,72.69229957642074,mar,20.333333333333336
fed-forecast,2026-04-04 15:00:00,477.0,346.0274917327506,72.5424510970127,mar,20.375
fed-forecast,2026-04-04 16:00:00,478.0,346.0396374817385,72.39322959869007,mar,20.416666666666664
fed-forecast,2026-04-04 17:00:00,479.0,346.0517832307264,72.24463115464017,mar,20.458333333333336
fed-forecast,2026-04-04 18:00:00,480.0,346.0639289797143,72.09665187077383,mar,20.5
fed-forecast,2026-04-04 19:00:00,481.0,346.0760747287022,71.94928788538508,mar,20.541666666666664
fed-forecast,2026-04-04 20:00:00,482.0,346.08822047769013,71.80253536881538,mar,20.583333333333336
fed-forecast,2026-04-04 21:00:00,483.0,346.10036622667803,71.65639052312174,mar,20.625
fed-forecast,2026-04-04 22:00:00,484.0,346.11251197566594,71.51084958174916,mar,20.666666666666664
fed-forecast,2026-04-04 23:00:00,485.0,346.12465772465384,71.36590880920699,mar,20.708333333333336
fed-forecast,2026-04-05 00:00:00,486.0,346.13680347364175,71.22156450074934,mar,20.75
fed-forecast,2026-04-05 01:00:00,487.0,346.14894922262965,71.07781298205947,mar,20.791666666666664
fed-forecast,2026-04-05 02:00:00,488.0,346.16109497161756,70.93465060893803,mar,20.833333333333336
fed-forecast,2026-04-05 03:00:00,489.0,346.17324072060546,70.79207376699497,mar,20.875
fed-forecast,2026-04-05 04:00:00,490.0,346.18538646959337,70.65007887134558,mar,20.916666666666664
fed-forecast,2026-04-05 05:00:00,491.0,346.1975322185813,70.50866236630982,mar,20.958333333333336
fed-forecast,2026-04-05 06:00:00,492.0,346.2096779675692,70.36782072511568,mar,21.0
fed-forecast,2026-04-05 07:00:00,493.0,346.2218237165571,70.2275504496059,mar,21.041666666666664
fed-forecast,2026-04-05 08:00:00,494.0,346.233969465545,70.08784806994838,mar,21.083333333333336
fed-forecast,2026-04-05 09:00:00,495.0,346.2461152145329,69.94871014435007,mar,21.125
fed-forecast,2026-04-05 10:00:00,496.0,346.2582609635208,69.81013325877436,mar,21.166666666666664
fed-forecast,2026-04-05 11:00:00,497.0,346.2704067125087,69.67211402666172,mar,21.208333333333336
fed-forecast,2026-04-05 12:00:00,498.0,346.2825524614966,69.53464908865394,mar,21.25
fed-forecast,2026-04-05 13:00:00,499.0,346.2946982104845,69.39773511232154,mar,21.291666666666664
fed-forecast,2026-04-05 14:00:00,500.0,346.30838295452907,69.26167659090582,mar,21.333333333333336
fed-forecast,2026-04-05 15:00:00,501.0,346.3220676985736,69.12616121728017,mar,21.375
fed-forecast,2026-04-05 16:00:00,502.0,346.3357524426182,68.99118574554147,mar,21.416666666666664
fed-forecast,2026-04-05 17:00:00,503.0,346.3494371866627,68.85674695559895,mar,21.458333333333336
fed-forecast,2026-04-05 18:00:00,504.0,346.3631219307073,68.7228416529181,mar,21.5
fed-forecast,2026-04-05 19:00:00,505.0,346.37680667475183,68.58946666826769,mar,21.541666666666664
fed-forecast,2026-04-05 20:00:00,506.0,346.3904914187964,68.45661885746964,mar,21.583333333333336
fed-forecast,2026-04-05 21:00:00,507.0,346.4062354513002,68.3247012724458,mar,21.625
fed-forecast,2026-04-05 22:00:00,508.0,346.42197948380397,68.1933030479929,mar,21.666666666666664
fed-forecast,2026-04-05 23:00:00,509.0,346.43772351630776,68.06242112304672,mar,21.708333333333336
fed-forecast,2026-04-06 00:00:00,510.0,346.45346754881155,67.93205246055129,mar,21.75
fed-forecast,2026-04-06 01:00:00,511.0,346.46921158131534,67.80219404722413,mar,21.791666666666664
fed-forecast,2026-04-06 02:00:00,512.0,346.4849556138191,67.67284289332405,mar,21.833333333333336
fed-forecast,2026-04-06 03:00:00,513.0,346.5006996463229,67.54399603242162,mar,21.875
fed-forecast,2026-04-06 04:00:00,514.0,346.5164436788267,67.41565052117251,mar,21.916666666666664
fed-forecast,2026-04-06 05:00:00,515.0,346.5321877113305,67.2878034390933,mar,21.958333333333336
fed-forecast,2026-04-06 06:00:00,516.0,346.5479317438343,67.16045188833998,mar,22.0
fed-forecast,2026-04-06 07:00:00,517.0,346.5636757763381,67.033592993489,mar,22.041666666666664
fed-forecast,2026-04-06 08:00:00,518.0,346.57941980884186,66.90722390132082,mar,22.083333333333336
fed-forecast,2026-04-06 09:00:00,519.0,346.59156555782977,66.78064846971672,mar,22.125
fed-forecast,2026-04-06 10:00:00,520.0,346.6037113068177,66.6545598666957,mar,22.166666666666664
fed-forecast,2026-04-06 11:00:00,521.0,346.6158570558056,66.52895528902218,mar,22.208333333333336
fed-forecast,2026-04-06 12:00:00,522.0,346.6280028047935,66.40383195494128,mar,22.25
fed-forecast,2026-04-06 13:00:00,523.0,346.6401485537814,66.2791871039735,mar,22.291666666666664
fed-forecast,2026-04-06 14:00:00,524.0,346.6522943027693,66.15501799671169,mar,22.333333333333336
fed-forecast,2026-04-06 15:00:00,525.0,346.6644400517572,66.03132191462042,mar,22.375
fed-forecast,2026-04-06 16:00:00,526.0,346.67556239756107,65.9079015964945,mar,22.416666666666664
fed-forecast,2026-04-06 17:00:00,527.0,346.68668474336494,65.78494966667266,mar,22.458333333333336
fed-forecast,2026-04-06 18:00:00,528.0,346.6998559693021,65.66285150933753,mar,22.5
fed-forecast,2026-04-06 19:00:00,529.0,346.7130271952393,65.54121497074466,mar,22.541666666666664
fed-forecast,2026-04-06 20:00:00,530.0,346.7261984211765,65.42003743795782,mar,22.583333333333336
fed-forecast,2026-04-06 21:00:00,531.0,346.7393696471137,65.29931631772385,mar,22.625
fed-forecast,2026-04-06 22:00:00,532.0,346.75254087305086,65.17904903628775,mar,22.666666666666664
fed-forecast,2026-04-06 23:00:00,533.0,346.76571209898805,65.05923303920976,mar,22.708333333333336
fed-forecast,2026-04-07 00:00:00,534.0,346.77888332492523,64.9398657911845,mar,22.75
fed-forecast,2026-04-07 01:00:00,535.0,346.7920545508624,64.82094477586213,mar,22.791666666666664
fed-forecast,2026-04-07 02:00:00,536.0,346.8052257767996,64.70246749567157,mar,22.833333333333336
fed-forecast,2026-04-07 03:00:00,537.0,346.8183970027368,64.58443147164559,mar,22.875
fed-forecast,2026-04-07 04:00:00,538.0,346.831568228674,64.46683424324794,mar,22.916666666666664
fed-forecast,2026-04-07 05:00:00,539.0,346.84473945461116,64.34967336820245,mar,22.958333333333336
fed-forecast,2026-04-07 06:00:00,540.0,346.85637324317975,64.23266171169996,mar,23.0
fed-forecast,2026-04-07 07:00:00,541.0,346.86800703174833,64.11608263063741,mar,23.041666666666664
fed-forecast,2026-04-07 08:00:00,542.0,346.8796408203169,63.999933730685775,mar,23.083333333333336
fed-forecast,2026-04-07 09:00:00,543.0,346.8912746088855,63.88421263515387,mar,23.125
fed-forecast,2026-04-07 10:00:00,544.0,346.9029083974541,63.76891698482612,mar,23.166666666666664
fed-forecast,2026-04-07 11:00:00,545.0,346.9145421860227,63.65404443780233,mar,23.208333333333336
fed-forecast,2026-04-07 12:00:00,546.0,346.9261759745913,63.539592669339065,mar,23.25
fed-forecast,2026-04-07 13:00:00,547.0,346.93780976315986,63.42555937169284,mar,23.291666666666664
gpt-5-search-api,2026-03-01 06:00:00,1.0,-1.0,-100.0,feb,0.0
gpt-5-search-api,2026-03-01 07:00:00,2.0,0.5,25.0,feb,0.041666666666666664
gpt-5-search-api,2026-03-01 08:00:00,3.0,2.0316455696202524,67.72151898734174,feb,0.08333333333333333
gpt-5-search-api,2026-03-01 09:00:00,4.0,3.5007813720893886,87.51953430223472,feb,0.125
gpt-5-search-api,2026-03-01 10:00:00,5.0,5.0007813720893886,100.01562744178779,feb,0.16666666666666666
gpt-5-search-api,2026-03-01 11:00:00,6.0,4.0007813720893886,66.67968953482314,feb,0.20833333333333334
gpt-5-search-api,2026-03-01 12:00:00,7.0,3.0007813720893886,42.868305315562694,feb,0.25
gpt-5-search-api,2026-03-01 13:00:00,8.0,2.0007813720893886,25.00976715111736,feb,0.2916666666666667
gpt-5-search-api,2026-03-01 14:00:00,9.0,1.0007813720893886,11.119793023215427,feb,0.3333333333333333
gpt-5-search-api,2026-03-01 15:00:00,10.0,0.0007813720893885545,0.007813720893885545,feb,0.375
gpt-5-search-api,2026-03-01 16:00:00,11.0,-0.9992186279106114,-9.083805708278286,feb,0.4166666666666667
gpt-5-search-api,2026-03-01 17:00:00,12.0,-1.9992186279106114,-16.660155232588426,feb,0.4583333333333333
gpt-5-search-api,2026-03-01 18:00:00,13.0,-2.9992186279106114,-23.07091252238932,feb,0.5
gpt-5-search-api,2026-03-01 19:00:00,14.0,-1.401816030508014,-10.012971646485815,feb,0.5416666666666666
gpt-5-search-api,2026-03-01 20:00:00,15.0,0.22976291686040717,1.5317527790693812,feb,0.5833333333333334
gpt-5-search-api,2026-03-01 21:00:00,16.0,-0.7702370831395928,-4.813981769622455,feb,0.625
gpt-5-search-api,2026-03-01 22:00:00,17.0,0.8964295835270732,5.273115197218078,feb,0.6666666666666666
gpt-5-search-api,2026-03-01 23:00:00,18.0,-0.10357041647292675,-0.5753912026273709,feb,0.7083333333333334
gpt-5-search-api,2026-03-02 00:00:00,19.0,-1.1035704164729268,-5.808265349857509,feb,0.75
gpt-5-search-api,2026-03-02 01:00:00,20.0,0.4280751531473257,2.1403757657366285,feb,0.7916666666666666
gpt-5-search-api,2026-03-02 02:00:00,21.0,1.9921777172498878,9.4865605583328,feb,0.8333333333333334
gpt-5-search-api,2026-03-02 03:00:00,22.0,0.9921777172498878,4.509898714772217,feb,0.875
gpt-5-search-api,2026-03-02 04:00:00,23.0,-0.007822282750112208,-0.03400992500048786,feb,0.9166666666666666
gpt-5-search-api,2026-03-02 05:00:00,24.0,1.4921777172498878,6.217407155207866,feb,0.9583333333333334
gpt-5-search-api,2026-03-02 06:00:00,25.0,2.992177717249888,11.968710868999551,feb,1.0
gpt-5-search-api,2026-03-02 07:00:00,26.0,4.492177717249888,17.27760660480726,feb,1.0416666666666667
gpt-5-search-api,2026-03-02 08:00:00,27.0,5.992177717249888,22.193250804629212,feb,1.0833333333333333
gpt-5-search-api,2026-03-02 09:00:00,28.0,4.992177717249888,17.829206133035314,feb,1.125
gpt-5-search-api,2026-03-02 10:00:00,29.0,6.4613135197190275,22.28039144730699,feb,1.1666666666666667
gpt-5-search-api,2026-03-02 11:00:00,30.0,5.4613135197190275,18.204378399063426,feb,1.2083333333333333
gpt-5-search-api,2026-03-02 12:00:00,31.0,4.4613135197190275,14.391333934577508,feb,1.25
gpt-5-search-api,2026-03-02 13:00:00,32.0,3.4613135197190275,10.81660474912196,feb,1.2916666666666667
gpt-5-search-api,2026-03-02 14:00:00,33.0,2.4613135197190275,7.458525817330386,feb,1.3333333333333333
gpt-5-search-api,2026-03-02 15:00:00,34.0,3.99295908933928,11.743997321586118,feb,1.375
gpt-5-search-api,2026-03-02 16:00:00,35.0,2.99295908933928,8.551311683826514,feb,1.4166666666666667
gpt-5-search-api,2026-03-02 17:00:00,36.0,4.524604658959532,12.56834627488759,feb,1.4583333333333333
gpt-5-search-api,2026-03-02 18:00:00,37.0,3.5246046589595323,9.525958537728465,feb,1.5
gpt-5-search-api,2026-03-02 19:00:00,38.0,5.088707223062094,13.39133479753183,feb,1.5416666666666667
gpt-5-search-api,2026-03-02 20:00:00,39.0,4.088707223062094,10.483864674518191,feb,1.5833333333333333
gpt-5-search-api,2026-03-02 21:00:00,40.0,3.0887072230620944,7.721768057655236,feb,1.625
gpt-5-search-api,2026-03-02 22:00:00,41.0,2.0887072230620944,5.09440786112706,feb,1.6666666666666667
gpt-5-search-api,2026-03-02 23:00:00,42.0,3.620352792682347,8.619887601624637,feb,1.7083333333333333
gpt-5-search-api,2026-03-03 00:00:00,43.0,2.620352792682347,6.093843703912435,feb,1.75
gpt-5-search-api,2026-03-03 01:00:00,44.0,1.6203527926823469,3.6826199833689706,feb,1.7916666666666667
gpt-5-search-api,2026-03-03 02:00:00,45.0,0.6203527926823469,1.3785617615163264,feb,1.8333333333333333
gpt-5-search-api,2026-03-03 03:00:00,46.0,2.1519983623025993,4.678257309353477,feb,1.875
gpt-5-search-api,2026-03-03 04:00:00,47.0,1.1519983623025993,2.451060345324679,feb,1.9166666666666667
gpt-5-search-api,2026-03-03 05:00:00,48.0,0.15199836230259933,0.3166632547970819,feb,1.9583333333333333
gpt-5-search-api,2026-03-03 06:00:00,49.0,1.621134164771732,3.308437070962718,feb,2.0
gpt-5-search-api,2026-03-03 07:00:00,50.0,3.0902699672408716,6.180539934481743,feb,2.0416666666666665
gpt-5-search-api,2026-03-03 08:00:00,51.0,4.529294357484773,8.880969328401516,feb,2.0833333333333335
gpt-5-search-api,2026-03-03 09:00:00,52.0,3.5292943574847726,6.7871045336245635,feb,2.125
gpt-5-search-api,2026-03-03 10:00:00,53.0,4.998430159953912,9.431000301799834,feb,2.1666666666666665
gpt-5-search-api,2026-03-03 11:00:00,54.0,3.9984301599539123,7.404500296210949,feb,2.2083333333333335
gpt-5-search-api,2026-03-03 12:00:00,55.0,5.467565962423052,9.941029022587367,feb,2.25
gpt-5-search-api,2026-03-03 13:00:00,56.0,6.936701764892192,12.386967437307485,feb,2.2916666666666665
gpt-5-search-api,2026-03-03 14:00:00,57.0,5.936701764892192,10.415266254196826,feb,2.3333333333333335
gpt-5-search-api,2026-03-03 15:00:00,58.0,7.405837567361331,12.768685460967813,feb,2.375
gpt-5-search-api,2026-03-03 16:00:00,59.0,6.405837567361331,10.857351809087003,feb,2.4166666666666665
gpt-5-search-api,2026-03-03 17:00:00,60.0,5.405837567361331,9.009729278935552,feb,2.4583333333333335
gpt-5-search-api,2026-03-03 18:00:00,61.0,6.844861957605232,11.22108517640202,feb,2.5
gpt-5-search-api,2026-03-03 19:00:00,62.0,8.283886347849133,13.361107012659893,feb,2.5416666666666665
gpt-5-search-api,2026-03-03 20:00:00,63.0,7.283886347849133,11.56172436166529,feb,2.5833333333333335
gpt-5-search-api,2026-03-03 21:00:00,64.0,6.283886347849133,9.818572418514272,feb,2.625
gpt-5-search-api,2026-03-03 22:00:00,65.0,5.283886347849133,8.129055919767897,feb,2.6666666666666665
gpt-5-search-api,2026-03-03 23:00:00,66.0,6.506108570071362,9.857740257683883,feb,2.7083333333333335
gpt-5-search-api,2026-03-04 00:00:00,67.0,5.506108570071362,8.218072492643824,feb,2.75
gpt-5-search-api,2026-03-04 01:00:00,68.0,4.506108570071362,6.626630250104943,feb,2.7916666666666665
gpt-5-search-api,2026-03-04 02:00:00,69.0,3.506108570071362,5.081316768219365,feb,2.8333333333333335
gpt-5-search-api,2026-03-04 03:00:00,70.0,4.915747124288231,7.022495891840331,feb,2.875
gpt-5-search-api,2026-03-04 04:00:00,71.0,6.2966995052406105,8.868590852451565,feb,2.9166666666666665
gpt-5-search-api,2026-03-04 05:00:00,72.0,7.7063380594574795,10.703247304802055,feb,2.9583333333333335
gpt-5-search-api,2026-03-04 06:00:00,73.0,9.115976613674349,12.487639196814177,feb,3.0
gpt-5-search-api,2026-03-04 07:00:00,74.0,10.585112416143488,14.30420596776147,feb,3.0416666666666665
gpt-5-search-api,2026-03-04 08:00:00,75.0,9.585112416143488,12.780149888191318,feb,3.0833333333333335
gpt-5-search-api,2026-03-04 09:00:00,76.0,8.585112416143488,11.296200547557222,feb,3.125
gpt-5-search-api,2026-03-04 10:00:00,77.0,7.585112416143488,9.850795345640893,feb,3.1666666666666665
gpt-5-search-api,2026-03-04 11:00:00,78.0,9.054248218612628,11.608010536682855,feb,3.2083333333333335
gpt-5-search-api,2026-03-04 12:00:00,79.0,10.463886772829497,13.245426294720883,feb,3.25
gpt-5-search-api,2026-03-04 13:00:00,80.0,11.873525327046366,14.841906658807957,feb,3.2916666666666665
gpt-5-search-api,2026-03-04 14:00:00,81.0,10.873525327046366,13.424105342032549,feb,3.3333333333333335
gpt-5-search-api,2026-03-04 15:00:00,82.0,9.873525327046366,12.040884545178494,feb,3.375
gpt-5-search-api,2026-03-04 16:00:00,83.0,8.873525327046366,10.69099436993538,feb,3.4166666666666665
gpt-5-search-api,2026-03-04 17:00:00,84.0,7.873525327046366,9.37324443695996,feb,3.4583333333333335
gpt-5-search-api,2026-03-04 18:00:00,85.0,6.873525327046366,8.08650038476043,feb,3.5
gpt-5-search-api,2026-03-04 19:00:00,86.0,8.22646650351696,9.565658725019722,feb,3.5416666666666665
gpt-5-search-api,2026-03-04 20:00:00,87.0,9.552047898865794,10.979365400995166,feb,3.5833333333333335
gpt-5-search-api,2026-03-04 21:00:00,88.0,10.85089847357844,12.330566447248227,feb,3.625
gpt-5-search-api,2026-03-04 22:00:00,89.0,9.85089847357844,11.06842525121173,feb,3.6666666666666665
gpt-5-search-api,2026-03-04 23:00:00,90.0,11.176479868927274,12.418310965474749,feb,3.7083333333333335
gpt-5-search-api,2026-03-05 00:00:00,91.0,10.176479868927274,11.182944910909091,feb,3.75
gpt-5-search-api,2026-03-05 01:00:00,92.0,9.176479868927274,9.974434640138341,feb,3.7916666666666665
gpt-5-search-api,2026-03-05 02:00:00,93.0,10.44920714165454,11.235706603929613,feb,3.8333333333333335
gpt-5-search-api,2026-03-05 03:00:00,94.0,11.721934414381806,12.470142994023197,feb,3.875
gpt-5-search-api,2026-03-05 04:00:00,95.0,10.721934414381806,11.286246751980848,feb,3.9166666666666665
gpt-5-search-api,2026-03-05 05:00:00,96.0,9.721934414381806,10.12701501498105,feb,3.9583333333333335
gpt-5-search-api,2026-03-05 06:00:00,97.0,11.04751580973064,11.389191556423341,feb,4.0
gpt-5-search-api,2026-03-05 07:00:00,98.0,10.04751580973064,10.252567152786368,feb,4.041666666666667
gpt-5-search-api,2026-03-05 08:00:00,99.0,9.04751580973064,9.13890485831378,feb,4.083333333333333
gpt-5-search-api,2026-03-05 09:00:00,100.0,8.04751580973064,8.04751580973064,feb,4.125
gpt-5-search-api,2026-03-05 10:00:00,101.0,9.294706820966596,9.202680020759006,feb,4.166666666666667
gpt-5-search-api,2026-03-05 11:00:00,102.0,8.294706820966596,8.132065510751564,feb,4.208333333333333
gpt-5-search-api,2026-03-05 12:00:00,103.0,7.294706820966596,7.082239632006404,feb,4.25
gpt-5-search-api,2026-03-05 13:00:00,104.0,6.294706820966596,6.0526027124678805,feb,4.291666666666667
gpt-5-search-api,2026-03-05 14:00:00,105.0,5.294706820966596,5.042577924730091,feb,4.333333333333333
gpt-5-search-api,2026-03-05 15:00:00,106.0,4.294706820966596,4.051610208459053,feb,4.375
gpt-5-search-api,2026-03-05 16:00:00,107.0,3.2947068209665957,3.079165253239809,feb,4.416666666666667
gpt-5-search-api,2026-03-05 17:00:00,108.0,2.2947068209665957,2.124728537932033,feb,4.458333333333333
gpt-5-search-api,2026-03-05 18:00:00,109.0,1.2947068209665957,1.1878044229051339,feb,4.5
gpt-5-search-api,2026-03-05 19:00:00,110.0,0.29470682096659573,0.2679152917878143,feb,4.541666666666667
gpt-5-search-api,2026-03-05 20:00:00,111.0,-0.7052931790334043,-0.6353992603904542,feb,4.583333333333333
gpt-5-search-api,2026-03-05 21:00:00,112.0,0.49250901876879993,0.43974019532928565,feb,4.625
gpt-5-search-api,2026-03-05 22:00:00,113.0,-0.5074909812312001,-0.44910706303646025,feb,4.666666666666667
gpt-5-search-api,2026-03-05 23:00:00,114.0,-1.5074909812312,-1.3223605098519298,feb,4.708333333333333
gpt-5-search-api,2026-03-06 00:00:00,115.0,-2.5074909812312,-2.1804269402010434,feb,4.75
gpt-5-search-api,2026-03-06 01:00:00,116.0,-3.5074909812312,-3.0236991217510343,feb,4.791666666666667
gpt-5-search-api,2026-03-06 02:00:00,117.0,-4.5074909812312,-3.852556394214701,feb,4.833333333333333
gpt-5-search-api,2026-03-06 03:00:00,118.0,-3.2086404065185548,-2.719186785185216,feb,4.875
gpt-5-search-api,2026-03-06 04:00:00,119.0,-1.9097898318059094,-1.6048654048789155,feb,4.916666666666667
gpt-5-search-api,2026-03-06 05:00:00,120.0,-2.9097898318059094,-2.424824859838258,feb,4.958333333333333
gpt-5-search-api,2026-03-06 06:00:00,121.0,-3.9097898318059094,-3.231231265955297,feb,5.0
gpt-5-search-api,2026-03-06 07:00:00,122.0,-4.909789831805909,-4.024417894922876,feb,5.041666666666667
gpt-5-search-api,2026-03-06 08:00:00,123.0,-3.5001512775890404,-2.845651445194342,feb,5.083333333333333
gpt-5-search-api,2026-03-06 09:00:00,124.0,-2.119198896636661,-1.7090313682553717,feb,5.125
gpt-5-search-api,2026-03-06 10:00:00,125.0,-3.119198896636661,-2.4953591173093286,feb,5.166666666666667
gpt-5-search-api,2026-03-06 11:00:00,126.0,-4.119198896636661,-3.269205473521159,feb,5.208333333333333
gpt-5-search-api,2026-03-06 12:00:00,127.0,-5.119198896636661,-4.030865272942253,feb,5.25
gpt-5-search-api,2026-03-06 13:00:00,128.0,-6.119198896636661,-4.780624137997391,feb,5.291666666666667
gpt-5-search-api,2026-03-06 14:00:00,129.0,-7.119198896636661,-5.518758834602062,feb,5.333333333333333
gpt-5-search-api,2026-03-06 15:00:00,130.0,-8.11919889663666,-6.245537612797431,feb,5.375
gpt-5-search-api,2026-03-06 16:00:00,131.0,-9.11919889663666,-6.96122053178371,feb,5.416666666666667
gpt-5-search-api,2026-03-06 17:00:00,132.0,-10.11919889663666,-7.666059770179288,feb,5.458333333333333
gpt-5-search-api,2026-03-06 18:00:00,133.0,-11.11919889663666,-8.360299922283204,feb,5.5
gpt-5-search-api,2026-03-06 19:00:00,134.0,-12.11919889663666,-9.044178281072135,feb,5.541666666666667
gpt-5-search-api,2026-03-06 20:00:00,135.0,-13.11919889663666,-9.717925108619749,feb,5.583333333333333
gpt-5-search-api,2026-03-06 21:00:00,136.0,-14.11919889663666,-10.381763894585779,feb,5.625
gpt-5-search-api,2026-03-06 22:00:00,137.0,-12.68017450639276,-9.255601829483766,feb,5.666666666666667
gpt-5-search-api,2026-03-06 23:00:00,138.0,-13.68017450639276,-9.913169932168667,feb,5.708333333333333
gpt-5-search-api,2026-03-07 00:00:00,139.0,-14.68017450639276,-10.561276623304144,feb,5.75
gpt-5-search-api,2026-03-07 01:00:00,140.0,-15.68017450639276,-11.200124647423399,feb,5.791666666666667
gpt-5-search-api,2026-03-07 02:00:00,141.0,-14.241150116148859,-10.1001064653538,feb,5.833333333333333
gpt-5-search-api,2026-03-07 03:00:00,142.0,-15.241150116148859,-10.733204307147084,feb,5.875
gpt-5-search-api,2026-03-07 04:00:00,143.0,-16.24115011614886,-11.357447633670532,feb,5.916666666666667
gpt-5-search-api,2026-03-07 05:00:00,144.0,-17.24115011614886,-11.973020913992263,feb,5.958333333333333
gpt-5-search-api,2026-03-07 06:00:00,145.0,-15.802125725904943,-10.89801774200341,feb,6.0
gpt-5-search-api,2026-03-07 07:00:00,146.0,-16.802125725904943,-11.508305291715715,feb,6.041666666666667
gpt-5-search-api,2026-03-07 08:00:00,147.0,-17.802125725904943,-12.110289609459144,feb,6.083333333333333
gpt-5-search-api,2026-03-07 09:00:00,148.0,-18.802125725904943,-12.704139003989825,feb,6.125
gpt-5-search-api,2026-03-07 10:00:00,149.0,-19.802125725904943,-13.290017265708014,feb,6.166666666666667
gpt-5-search-api,2026-03-07 11:00:00,150.0,-18.449184549434364,-12.299456366289576,feb,6.208333333333333
gpt-5-search-api,2026-03-07 12:00:00,151.0,-19.449184549434364,-12.880254668499576,feb,6.25
gpt-5-search-api,2026-03-07 13:00:00,152.0,-20.449184549434364,-13.453410887785767,feb,6.291666666666667
gpt-5-search-api,2026-03-07 14:00:00,153.0,-19.068232168481984,-12.462896842145089,feb,6.333333333333333
gpt-5-search-api,2026-03-07 15:00:00,154.0,-17.715290992011404,-11.503435709098314,feb,6.375
gpt-5-search-api,2026-03-07 16:00:00,155.0,-18.715290992011404,-12.074381285168649,feb,6.416666666666667
gpt-5-search-api,2026-03-07 17:00:00,156.0,-19.715290992011404,-12.638007046161157,feb,6.458333333333333
gpt-5-search-api,2026-03-07 18:00:00,157.0,-20.715290992011404,-13.19445286115376,feb,6.5
gpt-5-search-api,2026-03-07 19:00:00,158.0,-21.715290992011404,-13.743855058235066,feb,6.541666666666667
gpt-5-search-api,2026-03-07 20:00:00,159.0,-22.715290992011404,-14.286346535856229,feb,6.583333333333333
gpt-5-search-api,2026-03-07 21:00:00,160.0,-23.715290992011404,-14.822056870007128,feb,6.625
gpt-5-search-api,2026-03-07 22:00:00,161.0,-22.389709596662556,-13.906651923392891,feb,6.666666666666667
gpt-5-search-api,2026-03-07 23:00:00,162.0,-23.389709596662556,-14.43809234361886,feb,6.708333333333333
gpt-5-search-api,2026-03-08 00:00:00,163.0,-22.064128201313707,-13.53627497013111,feb,6.75
gpt-5-search-api,2026-03-08 01:00:00,164.0,-23.064128201313707,-14.06349280567909,feb,6.791666666666667
gpt-5-search-api,2026-03-08 02:00:00,165.0,-21.683175820361328,-13.141318679006867,feb,6.833333333333333
gpt-5-search-api,2026-03-08 03:00:00,166.0,-22.683175820361328,-13.66456374720562,feb,6.875
gpt-5-search-api,2026-03-08 04:00:00,167.0,-23.683175820361328,-14.181542407401992,feb,6.916666666666667
gpt-5-search-api,2026-03-08 05:00:00,168.0,-22.330234643890748,-13.291806335649254,feb,6.958333333333333
gpt-5-search-api,2026-03-08 06:00:00,169.0,-23.330234643890748,-13.804872570349556,feb,7.0
gpt-5-search-api,2026-03-08 07:00:00,170.0,-24.330234643890748,-14.31190273170044,feb,7.041666666666667
gpt-5-search-api,2026-03-08 08:00:00,171.0,-25.330234643890748,-14.813002715725585,feb,7.083333333333333
gpt-5-search-api,2026-03-08 09:00:00,172.0,-26.330234643890748,-15.308275955750435,feb,7.125
gpt-5-search-api,2026-03-08 10:00:00,173.0,-27.330234643890748,-15.797823493578466,feb,7.166666666666667
gpt-5-search-api,2026-03-08 11:00:00,174.0,-28.330234643890748,-16.281744048213074,feb,7.208333333333333
gpt-5-search-api,2026-03-08 12:00:00,175.0,-26.977293467420168,-15.41559626709724,feb,7.25
gpt-5-search-api,2026-03-08 13:00:00,176.0,-25.59634108646779,-14.543375617311243,feb,7.291666666666667
gpt-5-search-api,2026-03-08 14:00:00,177.0,-26.59634108646779,-15.026181404784062,feb,7.333333333333333
gpt-5-search-api,2026-03-08 15:00:00,178.0,-27.59634108646779,-15.503562408127971,feb,7.375
gpt-5-search-api,2026-03-08 16:00:00,179.0,-26.21538870551541,-14.645468550567267,feb,7.416666666666667
gpt-5-search-api,2026-03-08 17:00:00,180.0,-27.21538870551541,-15.119660391953005,feb,7.458333333333333
gpt-5-search-api,2026-03-08 18:00:00,181.0,-25.83443632456303,-14.273169240090072,feb,7.5
gpt-5-search-api,2026-03-08 19:00:00,182.0,-26.83443632456303,-14.74419578272694,feb,7.541666666666667
gpt-5-search-api,2026-03-08 20:00:00,183.0,-27.83443632456303,-15.210074494296737,feb,7.583333333333333
gpt-5-search-api,2026-03-08 21:00:00,184.0,-26.48149514809245,-14.392116928311113,feb,7.625
gpt-5-search-api,2026-03-08 22:00:00,185.0,-27.48149514809245,-14.854862242212135,feb,7.666666666666667
gpt-5-search-api,2026-03-08 23:00:00,186.0,-28.48149514809245,-15.312631800049703,feb,7.708333333333333
gpt-5-search-api,2026-03-09 00:00:00,187.0,-29.48149514809245,-15.765505426787406,feb,7.75
gpt-5-search-api,2026-03-09 01:00:00,188.0,-30.48149514809245,-16.213561248985346,feb,7.791666666666667
gpt-5-search-api,2026-03-09 02:00:00,189.0,-31.48149514809245,-16.656875739731454,feb,7.833333333333333
gpt-5-search-api,2026-03-09 03:00:00,190.0,-30.071856593875594,-15.82729294414505,feb,7.875
gpt-5-search-api,2026-03-09 04:00:00,191.0,-31.071856593875594,-16.267987745484604,feb,7.916666666666667
gpt-5-search-api,2026-03-09 05:00:00,192.0,-32.071856593875594,-16.704091975976873,feb,7.958333333333333
gpt-5-search-api,2026-03-09 06:00:00,193.0,-33.071856593875594,-17.135676991645386,feb,8.0
gpt-5-search-api,2026-03-09 07:00:00,194.0,-34.071856593875594,-17.56281267725546,feb,8.041666666666666
gpt-5-search-api,2026-03-09 08:00:00,195.0,-35.071856593875594,-17.985567484038768,feb,8.083333333333334
gpt-5-search-api,2026-03-09 09:00:00,196.0,-36.071856593875594,-18.404008466263058,feb,8.125
gpt-5-search-api,2026-03-09 10:00:00,197.0,-37.071856593875594,-18.818201316688118,feb,8.166666666666666
gpt-5-search-api,2026-03-09 11:00:00,198.0,-38.071856593875594,-19.228210400947273,feb,8.208333333333334
gpt-5-search-api,2026-03-09 12:00:00,199.0,-36.66221803965874,-18.423225145557158,feb,8.25
gpt-5-search-api,2026-03-09 13:00:00,200.0,-37.66221803965874,-18.83110901982937,feb,8.291666666666666
gpt-5-search-api,2026-03-09 14:00:00,201.0,-38.66221803965874,-19.234934348088924,feb,8.333333333333334
gpt-5-search-api,2026-03-09 15:00:00,202.0,-39.66221803965874,-19.634761405771652,feb,8.375
gpt-5-search-api,2026-03-09 16:00:00,203.0,-40.66221803965874,-20.030649280620068,feb,8.416666666666666
gpt-5-search-api,2026-03-09 17:00:00,204.0,-41.66221803965874,-20.422655901793497,feb,8.458333333333334
gpt-5-search-api,2026-03-09 18:00:00,205.0,-42.66221803965874,-20.810838068126213,feb,8.5
gpt-5-search-api,2026-03-09 19:00:00,206.0,-43.66221803965874,-21.195251475562497,feb,8.541666666666666
gpt-5-search-api,2026-03-09 20:00:00,207.0,-44.66221803965874,-21.575950743796493,feb,8.583333333333334
gpt-5-search-api,2026-03-09 21:00:00,208.0,-43.363367464946094,-20.847772819685623,feb,8.625
gpt-5-search-api,2026-03-09 22:00:00,209.0,-44.363367464946094,-21.226491610022055,feb,8.666666666666666
gpt-5-search-api,2026-03-09 23:00:00,210.0,-45.363367464946094,-21.601603554736233,feb,8.708333333333334
gpt-5-search-api,2026-03-10 00:00:00,211.0,-46.363367464946094,-21.97315993599341,feb,8.75
gpt-5-search-api,2026-03-10 01:00:00,212.0,-47.363367464946094,-22.3412110683708,feb,8.791666666666666
gpt-5-search-api,2026-03-10 02:00:00,213.0,-48.363367464946094,-22.705806321570936,feb,8.833333333333334
gpt-5-search-api,2026-03-10 03:00:00,214.0,-49.363367464946094,-23.066994142498174,feb,8.875
gpt-5-search-api,2026-03-10 04:00:00,215.0,-50.363367464946094,-23.424822076719114,feb,8.916666666666666
gpt-5-search-api,2026-03-10 05:00:00,216.0,-49.06451689023345,-22.71505411584882,feb,8.958333333333334
gpt-5-search-api,2026-03-10 06:00:00,217.0,-50.06451689023345,-23.071205940199746,feb,9.0
gpt-5-search-api,2026-03-10 07:00:00,218.0,-48.79178961750617,-22.381554870415673,feb,9.041666666666666
gpt-5-search-api,2026-03-10 08:00:00,219.0,-47.43884844103559,-21.66157463060986,feb,9.083333333333334
gpt-5-search-api,2026-03-10 09:00:00,220.0,-48.43884844103559,-22.017658382288904,feb,9.125
gpt-5-search-api,2026-03-10 10:00:00,221.0,-49.43884844103559,-22.37051965657719,feb,9.166666666666666
gpt-5-search-api,2026-03-10 11:00:00,222.0,-50.43884844103559,-22.72020200046648,feb,9.208333333333334
gpt-5-search-api,2026-03-10 12:00:00,223.0,-51.43884844103559,-23.066748179836587,feb,9.25
gpt-5-search-api,2026-03-10 13:00:00,224.0,-52.43884844103559,-23.410200196890887,feb,9.291666666666666
gpt-5-search-api,2026-03-10 14:00:00,225.0,-53.43884844103559,-23.75059930712693,feb,9.333333333333334
gpt-5-search-api,2026-03-10 15:00:00,226.0,-54.43884844103559,-24.087986035856453,feb,9.375
gpt-5-search-api,2026-03-10 16:00:00,227.0,-55.43884844103559,-24.422400194288805,feb,9.416666666666666
gpt-5-search-api,2026-03-10 17:00:00,228.0,-54.16612116830831,-23.75707068785452,feb,9.458333333333334
gpt-5-search-api,2026-03-10 18:00:00,229.0,-55.16612116830831,-24.090009243802754,feb,9.5
gpt-5-search-api,2026-03-10 19:00:00,230.0,-56.16612116830831,-24.420052681873177,feb,9.541666666666666
gpt-5-search-api,2026-03-10 20:00:00,231.0,-57.16612116830831,-24.747238600999268,feb,9.583333333333334
gpt-5-search-api,2026-03-10 21:00:00,232.0,-58.16612116830831,-25.07160395185703,feb,9.625
gpt-5-search-api,2026-03-10 22:00:00,233.0,-56.89339389558103,-24.417765620421044,feb,9.666666666666666
gpt-5-search-api,2026-03-10 23:00:00,234.0,-55.64620288434509,-23.780428583053457,feb,9.708333333333334
gpt-5-search-api,2026-03-11 00:00:00,235.0,-54.4484006865429,-23.16953220703953,feb,9.75
gpt-5-search-api,2026-03-11 01:00:00,236.0,-55.4484006865429,-23.49508503667072,feb,9.791666666666666
gpt-5-search-api,2026-03-11 02:00:00,237.0,-56.4484006865429,-23.817890585039198,feb,9.833333333333334
gpt-5-search-api,2026-03-11 03:00:00,238.0,-57.4484006865429,-24.13798348174071,feb,9.875
gpt-5-search-api,2026-03-11 04:00:00,239.0,-58.4484006865429,-24.455397776796193,feb,9.916666666666666
gpt-5-search-api,2026-03-11 05:00:00,240.0,-59.4484006865429,-24.770166952726207,feb,9.958333333333334
gpt-5-search-api,2026-03-11 06:00:00,241.0,-60.4484006865429,-25.08232393632485,feb,10.0
gpt-5-search-api,2026-03-11 07:00:00,242.0,-61.4484006865429,-25.39190111014169,feb,10.041666666666666
gpt-5-search-api,2026-03-11 08:00:00,243.0,-62.4484006865429,-25.6989303236802,feb,10.083333333333334
gpt-5-search-api,2026-03-11 09:00:00,244.0,-61.29786305213429,-25.122075021366513,feb,10.125
gpt-5-search-api,2026-03-11 10:00:00,245.0,-62.29786305213429,-25.42769920495277,feb,10.166666666666666
gpt-5-search-api,2026-03-11 11:00:00,246.0,-63.29786305213429,-25.73083863907898,feb,10.208333333333334
gpt-5-search-api,2026-03-11 12:00:00,247.0,-64.29786305213429,-26.031523502888376,feb,10.25
gpt-5-search-api,2026-03-26 00:00:00,248.0,-65.29786305213429,-26.329783488763823,mar,10.75
gpt-5-search-api,2026-03-26 01:00:00,249.0,-66.29786305213429,-26.625647812102127,mar,10.791666666666666
gpt-5-search-api,2026-03-26 02:00:00,250.0,-66.26905646777215,-26.50762258710886,mar,10.833333333333334
gpt-5-search-api,2026-03-26 03:00:00,251.0,-66.23972038954261,-26.39032684842335,mar,10.875
gpt-5-search-api,2026-03-26 04:00:00,252.0,-66.21038431131308,-26.273962028298843,mar,10.916666666666666
gpt-5-search-api,2026-03-26 05:00:00,253.0,-67.21038431131308,-26.565369293009123,mar,10.958333333333334
gpt-5-search-api,2026-03-26 06:00:00,254.0,-68.21038431131308,-26.854482012327985,mar,11.0
gpt-5-search-api,2026-03-26 07:00:00,255.0,-68.18104823308354,-26.73766597375825,mar,11.041666666666666
gpt-5-search-api,2026-03-26 08:00:00,256.0,-69.18104823308354,-27.02384696604826,mar,11.083333333333334
gpt-5-search-api,2026-03-26 09:00:00,257.0,-70.18104823308354,-27.307800868904103,mar,11.125
gpt-5-search-api,2026-03-26 10:00:00,258.0,-71.18104823308354,-27.589553578714554,mar,11.166666666666666
gpt-5-search-api,2026-03-26 11:00:00,259.0,-72.18104823308354,-27.869130591924147,mar,11.208333333333334
gpt-5-search-api,2026-03-26 12:00:00,260.0,-73.18104823308354,-28.146557012724436,mar,11.25
gpt-5-search-api,2026-03-26 13:00:00,261.0,-73.15171215485401,-28.027475921400004,mar,11.291666666666666
gpt-5-search-api,2026-03-26 14:00:00,262.0,-74.15171215485401,-28.30218021177634,mar,11.333333333333334
gpt-5-search-api,2026-03-26 15:00:00,263.0,-75.15171215485401,-28.574795496142208,mar,11.375
gpt-5-search-api,2026-03-26 16:00:00,264.0,-75.12396292566592,-28.456046562752242,mar,11.416666666666666
gpt-5-search-api,2026-03-26 17:00:00,265.0,-76.12396292566592,-28.726023745534313,mar,11.458333333333334
gpt-5-search-api,2026-03-26 18:00:00,266.0,-76.09779566040169,-28.608193857293866,mar,11.5
gpt-5-search-api,2026-03-26 19:00:00,267.0,-77.09779566040169,-28.87557889902685,mar,11.541666666666666
gpt-5-search-api,2026-03-26 20:00:00,268.0,-78.09779566040169,-29.140968530000627,mar,11.583333333333334
gpt-5-search-api,2026-03-26 21:00:00,269.0,-79.09779566040169,-29.404385003866796,mar,11.625
gpt-5-search-api,2026-03-26 22:00:00,270.0,-79.07215463476066,-29.285983198059505,mar,11.666666666666666
gpt-5-search-api,2026-03-26 23:00:00,271.0,-79.04651360911964,-29.168455206317212,mar,11.708333333333334
gpt-5-search-api,2026-03-27 00:00:00,272.0,-80.04651360911964,-29.42886529747046,mar,11.75
gpt-5-search-api,2026-03-27 01:00:00,273.0,-80.02139828364554,-29.311867503166866,mar,11.791666666666666
gpt-5-search-api,2026-03-27 02:00:00,274.0,-81.02139828364554,-29.569853388191802,mar,11.833333333333334
gpt-5-search-api,2026-03-27 03:00:00,275.0,-80.99628295817143,-29.453193802971427,mar,11.875
gpt-5-search-api,2026-03-27 04:00:00,276.0,-81.99628295817143,-29.70879817325052,mar,11.916666666666666
gpt-5-search-api,2026-03-27 05:00:00,277.0,-82.99628295817143,-29.962557024610625,mar,11.958333333333334
gpt-5-search-api,2026-03-27 06:00:00,278.0,-83.99628295817143,-30.214490272723538,mar,12.0
gpt-5-search-api,2026-03-27 07:00:00,279.0,-84.99628295817143,-30.4646175477317,mar,12.041666666666666
gpt-5-search-api,2026-03-27 08:00:00,280.0,-84.97169279423701,-30.347033140798935,mar,12.083333333333334
gpt-5-search-api,2026-03-27 09:00:00,281.0,-85.97169279423701,-30.594908467700005,mar,12.125
gpt-5-search-api,2026-03-27 10:00:00,282.0,-86.97169279423701,-30.841025813559224,mar,12.166666666666666
gpt-5-search-api,2026-03-27 11:00:00,283.0,-86.9471026303026,-30.723357819894908,mar,12.208333333333334
gpt-5-search-api,2026-03-27 12:00:00,284.0,-87.9471026303026,-30.967289658557252,mar,12.25
gpt-5-search-api,2026-03-27 13:00:00,285.0,-88.9471026303026,-31.209509694843018,mar,12.291666666666666
gpt-5-search-api,2026-03-27 14:00:00,286.0,-89.9471026303026,-31.45003588472119,mar,12.333333333333334
gpt-5-search-api,2026-03-27 15:00:00,287.0,-90.9471026303026,-31.688885933903343,mar,12.375
gpt-5-search-api,2026-03-27 16:00:00,288.0,-91.9471026303026,-31.9260773021884,mar,12.416666666666666
gpt-5-search-api,2026-03-27 17:00:00,289.0,-91.92093536503836,-31.80655202942504,mar,12.458333333333334
gpt-5-search-api,2026-03-27 18:00:00,290.0,-92.92093536503836,-32.041701850013226,mar,12.5
gpt-5-search-api,2026-03-27 19:00:00,291.0,-93.92093536503836,-32.27523552063174,mar,12.541666666666666
gpt-5-search-api,2026-03-27 20:00:00,292.0,-94.92093536503836,-32.507169645561085,mar,12.583333333333334
gpt-5-search-api,2026-03-27 21:00:00,293.0,-95.92093536503836,-32.73752060240217,mar,12.625
gpt-5-search-api,2026-03-27 22:00:00,294.0,-96.92093536503836,-32.966304545931415,mar,12.666666666666666
gpt-5-search-api,2026-03-27 23:00:00,295.0,-97.92093536503836,-33.19353741187741,mar,12.708333333333334
gpt-5-search-api,2026-03-28 00:00:00,296.0,-98.92093536503836,-33.419234920621065,mar,12.75
gpt-5-search-api,2026-03-28 01:00:00,297.0,-99.92093536503836,-33.643412580821,mar,12.791666666666666
gpt-5-search-api,2026-03-28 02:00:00,298.0,-100.92093536503836,-33.86608569296589,mar,12.833333333333334
gpt-5-search-api,2026-03-28 03:00:00,299.0,-101.92093536503836,-34.087269352855635,mar,12.875
gpt-5-search-api,2026-03-28 04:00:00,300.0,-102.92093536503836,-34.30697845501279,mar,12.916666666666666
gpt-5-search-api,2026-03-28 05:00:00,301.0,-103.92093536503836,-34.525227696026036,mar,12.958333333333334
gpt-5-search-api,2026-03-28 06:00:00,302.0,-103.89476809977413,-34.40224109264044,mar,13.0
gpt-5-search-api,2026-03-28 07:00:00,303.0,-104.89476809977413,-34.618735346460106,mar,13.041666666666666
gpt-5-search-api,2026-03-28 08:00:00,304.0,-105.89476809977413,-34.83380529597833,mar,13.083333333333334
gpt-5-search-api,2026-03-28 09:00:00,305.0,-106.89476809977413,-35.04746495074561,mar,13.125
gpt-5-search-api,2026-03-28 10:00:00,306.0,-107.89476809977413,-35.259728137181085,mar,13.166666666666666
gpt-5-search-api,2026-03-28 11:00:00,307.0,-108.89476809977413,-35.47060850155509,mar,13.208333333333334
gpt-5-search-api,2026-03-28 12:00:00,308.0,-109.89476809977413,-35.68011951291368,mar,13.25
gpt-5-search-api,2026-03-28 13:00:00,309.0,-110.89476809977413,-35.88827446594632,mar,13.291666666666666
gpt-5-search-api,2026-03-28 14:00:00,310.0,-111.89476809977413,-36.095086483798106,mar,13.333333333333334
gpt-5-search-api,2026-03-28 15:00:00,311.0,-111.86701887058604,-35.97010253073506,mar,13.375
gpt-5-search-api,2026-03-28 16:00:00,312.0,-112.86701887058604,-36.17532656108527,mar,13.416666666666666
gpt-5-search-api,2026-03-28 17:00:00,313.0,-113.86701887058604,-36.37923925577829,mar,13.458333333333334
gpt-5-search-api,2026-03-28 18:00:00,314.0,-114.86701887058604,-36.58185314349874,mar,13.5
gpt-5-search-api,2026-03-28 19:00:00,315.0,-115.86701887058604,-36.78318059383684,mar,13.541666666666666
gpt-5-search-api,2026-03-28 20:00:00,316.0,-116.86701887058604,-36.983233819805704,mar,13.583333333333334
gpt-5-search-api,2026-03-28 21:00:00,317.0,-116.84242870665162,-36.858810317555715,mar,13.625
gpt-5-search-api,2026-03-28 22:00:00,318.0,-117.84242870665162,-37.057367517814974,mar,13.666666666666666
gpt-5-search-api,2026-03-28 23:00:00,319.0,-117.8178385427172,-36.93349170618094,mar,13.708333333333334
gpt-5-search-api,2026-03-29 00:00:00,320.0,-118.8178385427172,-37.13057454459913,mar,13.75
gpt-5-search-api,2026-03-29 01:00:00,321.0,-119.8178385427172,-37.32642945255987,mar,13.791666666666666
gpt-5-search-api,2026-03-29 02:00:00,322.0,-120.8178385427172,-37.52106787040907,mar,13.833333333333334
gpt-5-search-api,2026-03-29 03:00:00,323.0,-121.8178385427172,-37.71450109681647,mar,13.875
gpt-5-search-api,2026-03-29 04:00:00,324.0,-122.8178385427172,-37.9067402909621,mar,13.916666666666666
gpt-5-search-api,2026-03-29 05:00:00,325.0,-123.8178385427172,-38.09779647468222,mar,13.958333333333334
gpt-5-search-api,2026-03-29 06:00:00,326.0,-124.8178385427172,-38.28768053457583,mar,14.0
gpt-5-search-api,2026-03-29 07:00:00,327.0,-124.7963880830645,-38.16403305292492,mar,14.041666666666666
gpt-5-search-api,2026-03-29 08:00:00,328.0,-125.7963880830645,-38.352557342397716,mar,14.083333333333334
gpt-5-search-api,2026-03-29 09:00:00,329.0,-126.7963880830645,-38.5399355875576,mar,14.125
gpt-5-search-api,2026-03-29 10:00:00,330.0,-127.7963880830645,-38.72617820698924,mar,14.166666666666666
gpt-5-search-api,2026-03-29 11:00:00,331.0,-127.7749376234118,-38.602700188341935,mar,14.208333333333334
gpt-5-search-api,2026-03-29 12:00:00,332.0,-128.7749376234118,-38.787631814280665,mar,14.25
gpt-5-search-api,2026-03-29 13:00:00,333.0,-129.7749376234118,-38.9714527397633,mar,14.291666666666666
gpt-5-search-api,2026-03-29 14:00:00,334.0,-130.7749376234118,-39.154172941141255,mar,14.333333333333334
gpt-5-search-api,2026-03-29 15:00:00,335.0,-131.7749376234118,-39.335802275645314,mar,14.375
gpt-5-search-api,2026-03-29 16:00:00,336.0,-132.7749376234118,-39.51635048315828,mar,14.416666666666666
gpt-5-search-api,2026-03-29 17:00:00,337.0,-133.7749376234118,-39.69582718795602,mar,14.458333333333334
gpt-5-search-api,2026-03-29 18:00:00,338.0,-134.7749376234118,-39.874241900417694,mar,14.5
gpt-5-search-api,2026-03-29 19:00:00,339.0,-135.7749376234118,-40.05160401870555,mar,14.541666666666666
gpt-5-search-api,2026-03-29 20:00:00,340.0,-136.7749376234118,-40.22792283041524,mar,14.583333333333334
gpt-5-search-api,2026-03-29 21:00:00,341.0,-136.75556963156674,-40.104272619227785,mar,14.625
gpt-5-search-api,2026-03-29 22:00:00,342.0,-137.75556963156674,-40.279406325019515,mar,14.666666666666666
gpt-5-search-api,2026-03-29 23:00:00,343.0,-138.75556963156674,-40.45351884302237,mar,14.708333333333334
gpt-5-search-api,2026-03-30 00:00:00,344.0,-139.75556963156674,-40.62661907894382,mar,14.75
gpt-5-search-api,2026-03-30 01:00:00,345.0,-139.73620163972168,-40.50324685209324,mar,14.791666666666668
gpt-5-search-api,2026-03-30 02:00:00,346.0,-140.73620163972168,-40.67520278604673,mar,14.833333333333332
gpt-5-search-api,2026-03-30 03:00:00,347.0,-140.71683364787663,-40.552401627630154,mar,14.875
gpt-5-search-api,2026-03-30 04:00:00,348.0,-140.69746565603157,-40.43030622299757,mar,14.916666666666668
gpt-5-search-api,2026-03-30 05:00:00,349.0,-141.69746565603157,-40.600993024650876,mar,14.958333333333332
gpt-5-search-api,2026-03-30 06:00:00,350.0,-142.69746565603157,-40.77070447315187,mar,15.0
gpt-5-search-api,2026-03-30 07:00:00,351.0,-142.6780976641865,-40.64903067355741,mar,15.041666666666668
gpt-5-search-api,2026-03-30 08:00:00,352.0,-143.6780976641865,-40.81764138187117,mar,15.083333333333332
gpt-5-search-api,2026-03-30 09:00:00,353.0,-144.6780976641865,-40.98529678872139,mar,15.125
gpt-5-search-api,2026-03-30 10:00:00,354.0,-145.6780976641865,-41.152004989883196,mar,15.166666666666668
gpt-5-search-api,2026-03-30 11:00:00,355.0,-146.6780976641865,-41.31777398991169,mar,15.208333333333332
gpt-5-search-api,2026-03-30 12:00:00,356.0,-147.6780976641865,-41.482611703423174,mar,15.25
gpt-5-search-api,2026-03-30 13:00:00,357.0,-148.6780976641865,-41.646525956354765,mar,15.291666666666668
gpt-5-search-api,2026-03-30 14:00:00,358.0,-149.6780976641865,-41.809524487202935,mar,15.333333333333332
gpt-5-search-api,2026-03-30 15:00:00,359.0,-150.6780976641865,-41.97161494824137,mar,15.375
gpt-5-search-api,2026-03-30 16:00:00,360.0,-151.6780976641865,-42.132804906718476,mar,15.416666666666668
gpt-5-search-api,2026-03-30 17:00:00,361.0,-151.6602859593519,-42.011159545526844,mar,15.458333333333332
gpt-5-search-api,2026-03-30 18:00:00,362.0,-152.6602859593519,-42.17134971252815,mar,15.5
gpt-5-search-api,2026-03-30 19:00:00,363.0,-152.6424742545173,-42.05026838967419,mar,15.541666666666668
gpt-5-search-api,2026-03-30 20:00:00,364.0,-152.6246625496827,-41.92985234881393,mar,15.583333333333332
gpt-5-search-api,2026-03-30 21:00:00,365.0,-153.6246625496827,-42.08894864374869,mar,15.625
gpt-5-search-api,2026-03-30 22:00:00,366.0,-154.6246625496827,-42.2471755600226,mar,15.666666666666668
gpt-5-search-api,2026-03-30 23:00:00,367.0,-154.6068508448481,-42.12720731467251,mar,15.708333333333332
gpt-5-search-api,2026-03-31 00:00:00,368.0,-155.6068508448481,-42.28447033827394,mar,15.75
gpt-5-search-api,2026-03-31 01:00:00,369.0,-156.6068508448481,-42.44088098776372,mar,15.791666666666668
gpt-5-search-api,2026-03-31 02:00:00,370.0,-156.5890391400135,-42.32136192973338,mar,15.833333333333332
gpt-5-search-api,2026-03-31 03:00:00,371.0,-157.5890391400135,-42.476829956876955,mar,15.875
gpt-5-search-api,2026-03-31 04:00:00,372.0,-158.5890391400135,-42.63146213441223,mar,15.916666666666668
gpt-5-search-api,2026-03-31 05:00:00,373.0,-159.5890391400135,-42.785265184990216,mar,15.958333333333332
gpt-5-search-api,2026-03-31 06:00:00,374.0,-160.5890391400135,-42.938245759361905,mar,16.0
gpt-5-search-api,2026-03-31 07:00:00,375.0,-160.57381071361758,-42.81968285696468,mar,16.041666666666668
gpt-5-search-api,2026-03-31 08:00:00,376.0,-160.55858228722164,-42.70175060830363,mar,16.083333333333332
gpt-5-search-api,2026-03-31 09:00:00,377.0,-161.55858228722164,-42.8537353547007,mar,16.125
gpt-5-search-api,2026-03-31 10:00:00,378.0,-162.55858228722164,-43.004915949000434,mar,16.166666666666668
gpt-5-search-api,2026-03-31 11:00:00,379.0,-162.5433538608257,-42.887428459320766,mar,16.208333333333332
gpt-5-search-api,2026-03-31 12:00:00,380.0,-162.52812543442977,-42.77055932484994,mar,16.25
gpt-5-search-api,2026-03-31 13:00:00,381.0,-163.52812543442977,-42.920767830558994,mar,16.291666666666668
gpt-5-search-api,2026-03-31 14:00:00,382.0,-164.52812543442977,-43.07018990430099,mar,16.333333333333332
gpt-5-search-api,2026-03-31 15:00:00,383.0,-165.52812543442977,-43.218831706117435,mar,16.375
gpt-5-search-api,2026-03-31 16:00:00,384.0,-165.51289700803383,-43.10231692917548,mar,16.416666666666668
gpt-5-search-api,2026-03-31 17:00:00,385.0,-166.51289700803383,-43.250103118969825,mar,16.458333333333332
gpt-5-search-api,2026-03-31 18:00:00,386.0,-167.51289700803383,-43.39712357721084,mar,16.5
gpt-5-search-api,2026-03-31 20:00:00,387.0,-167.49612019054527,-43.2806512120272,mar,16.583333333333332
gpt-5-search-api,2026-03-31 21:00:00,388.0,-168.49612019054527,-43.426835100656,mar,16.625
gpt-5-search-api,2026-03-31 22:00:00,389.0,-169.49612019054527,-43.57226740116845,mar,16.666666666666668
gpt-5-search-api,2026-03-31 23:00:00,390.0,-169.4793433730567,-43.45624189052736,mar,16.708333333333332
gpt-5-search-api,2026-04-01 00:00:00,391.0,-169.46256655556815,-43.340809860759116,mar,16.75
gpt-5-search-api,2026-04-01 01:00:00,392.0,-169.44578973807958,-43.22596676991826,mar,16.791666666666668
gpt-5-search-api,2026-04-01 02:00:00,393.0,-169.42901292059102,-43.11170812228779,mar,16.833333333333332
gpt-5-search-api,2026-04-01 03:00:00,394.0,-170.42901292059102,-43.2560946498962,mar,16.875
gpt-5-search-api,2026-04-01 04:00:00,395.0,-171.42901292059102,-43.39975010647874,mar,16.916666666666668
gpt-5-search-api,2026-04-01 05:00:00,396.0,-172.42901292059102,-43.54268003045228,mar,16.958333333333332
gpt-5-search-api,2026-04-01 06:00:00,397.0,-173.42901292059102,-43.68488990443099,mar,17.0
gpt-5-search-api,2026-04-01 07:00:00,398.0,-174.42901292059102,-43.8263851559274,mar,17.041666666666668
gpt-5-search-api,2026-04-01 08:00:00,399.0,-175.42901292059102,-43.96717115804286,mar,17.083333333333332
gpt-5-search-api,2026-04-01 09:00:00,400.0,-176.42901292059102,-44.107253230147755,mar,17.125
gpt-5-search-api,2026-04-01 10:00:00,401.0,-177.42901292059102,-44.24663663855138,mar,17.166666666666668
gpt-5-search-api,2026-04-01 11:00:00,402.0,-178.42901292059102,-44.38532659716194,mar,17.208333333333332
gpt-5-search-api,2026-04-01 12:00:00,403.0,-179.42901292059102,-44.52332826813673,mar,17.25
gpt-5-search-api,2026-04-01 13:00:00,404.0,-180.42901292059102,-44.66064676252253,mar,17.291666666666668
gpt-5-search-api,2026-04-01 14:00:00,405.0,-180.41068298169083,-44.5458476498002,mar,17.333333333333332
gpt-5-search-api,2026-04-01 15:00:00,406.0,-181.41068298169083,-44.68243423194355,mar,17.375
gpt-5-search-api,2026-04-01 16:00:00,407.0,-181.39235304279063,-44.568145710759374,mar,17.416666666666668
gpt-5-search-api,2026-04-01 17:00:00,408.0,-182.39235304279063,-44.70400809872319,mar,17.458333333333332
gpt-5-search-api,2026-04-01 18:00:00,409.0,-183.39235304279063,-44.8392061229317,mar,17.5
gpt-5-search-api,2026-04-01 19:00:00,410.0,-184.39235304279063,-44.97374464458308,mar,17.541666666666668
gpt-5-search-api,2026-04-01 20:00:00,411.0,-185.39235304279063,-45.10762847756463,mar,17.583333333333332
gpt-5-search-api,2026-04-01 21:00:00,412.0,-185.3771246163947,-44.994447722425896,mar,17.625
gpt-5-search-api,2026-04-01 22:00:00,413.0,-185.36189618999876,-44.88181505811108,mar,17.666666666666668
gpt-5-search-api,2026-04-01 23:00:00,414.0,-185.34666776360282,-44.76972651294754,mar,17.708333333333332
gpt-5-search-api,2026-04-02 00:00:00,415.0,-185.3314393372069,-44.65817815354383,mar,17.75
gpt-5-search-api,2026-04-02 01:00:00,416.0,-185.31621091081095,-44.547166084329554,mar,17.791666666666668
gpt-5-search-api,2026-04-02 02:00:00,417.0,-185.30149756733047,-44.43680996818477,mar,17.833333333333332
gpt-5-search-api,2026-04-02 03:00:00,418.0,-186.30149756733047,-44.56973626012691,mar,17.875
gpt-5-search-api,2026-04-02 04:00:00,419.0,-186.287298784369,-44.459975843524816,mar,17.916666666666668
gpt-5-search-api,2026-04-02 05:00:00,420.0,-187.287298784369,-44.59221399627833,mar,17.958333333333332
gpt-5-search-api,2026-04-02 06:00:00,421.0,-188.287298784369,-44.72382393928005,mar,18.0
gpt-5-search-api,2026-04-02 07:00:00,422.0,-188.27310000140753,-44.61447867331932,mar,18.041666666666668
gpt-5-search-api,2026-04-02 08:00:00,423.0,-189.27310000140753,-44.74541371191667,mar,18.083333333333332
gpt-5-search-api,2026-04-02 09:00:00,424.0,-189.25838665792705,-44.6364119476243,mar,18.125
gpt-5-search-api,2026-04-02 10:00:00,425.0,-189.24264262542323,-44.52768061774664,mar,18.166666666666668
gpt-5-search-api,2026-04-02 11:00:00,426.0,-190.24264262542323,-44.657897329911556,mar,18.208333333333332
gpt-5-search-api,2026-04-02 12:00:00,427.0,-191.24264262542323,-44.78750412773378,mar,18.25
gpt-5-search-api,2026-04-02 13:00:00,428.0,-192.24264262542323,-44.91650528631384,mar,18.291666666666668
gpt-5-search-api,2026-04-02 14:00:00,429.0,-193.24264262542323,-45.044905040891194,mar,18.333333333333332
gpt-5-search-api,2026-04-02 15:00:00,430.0,-194.24264262542323,-45.17270758730773,mar,18.375
gpt-5-search-api,2026-04-02 16:00:00,431.0,-194.21962472260992,-45.062557940280726,mar,18.416666666666668
gpt-5-search-api,2026-04-02 17:00:00,432.0,-195.21962472260992,-45.18972794504859,mar,18.458333333333332
gpt-5-search-api,2026-04-02 18:00:00,433.0,-196.21962472260992,-45.31631055949421,mar,18.5
gpt-5-search-api,2026-04-02 19:00:00,434.0,-197.21962472260992,-45.44230984391934,mar,18.541666666666668
gpt-5-search-api,2026-04-02 20:00:00,435.0,-197.2038806901061,-45.334225446001405,mar,18.583333333333332
gpt-5-search-api,2026-04-02 21:00:00,436.0,-198.2038806901061,-45.45960566286838,mar,18.625
gpt-5-search-api,2026-04-02 22:00:00,437.0,-199.2038806901061,-45.58441205723252,mar,18.666666666666668
gpt-5-search-api,2026-04-02 23:00:00,438.0,-199.18813665760229,-45.47674352913294,mar,18.708333333333332
gpt-5-search-api,2026-04-03 00:00:00,439.0,-199.17239262509847,-45.369565518245665,mar,18.75
gpt-5-search-api,2026-04-03 01:00:00,440.0,-199.15664859259465,-45.26287468013515,mar,18.791666666666664
gpt-5-search-api,2026-04-03 02:00:00,441.0,-200.15664859259465,-45.38699514571307,mar,18.833333333333336
gpt-5-search-api,2026-04-03 03:00:00,442.0,-201.15664859259465,-45.51055398022503,mar,18.875
gpt-5-search-api,2026-04-03 04:00:00,443.0,-202.15664859259465,-45.63355498704168,mar,18.916666666666664
gpt-5-search-api,2026-04-03 05:00:00,444.0,-203.15664859259465,-45.75600193526906,mar,18.958333333333336
gpt-5-search-api,2026-04-03 07:00:00,445.0,-203.1460371726856,-45.650794870266424,mar,19.041666666666664
gpt-5-search-api,2026-04-03 08:00:00,446.0,-203.13542575277654,-45.54605958582434,mar,19.083333333333336
gpt-5-search-api,2026-04-03 09:00:00,447.0,-204.13542575277654,-45.667880481605486,mar,19.125
gpt-5-search-api,2026-04-03 10:00:00,448.0,-205.13542575277654,-45.7891575341019,mar,19.166666666666664
gpt-5-search-api,2026-04-03 11:00:00,449.0,-206.13542575277654,-45.90989437701036,mar,19.208333333333336
gpt-5-search-api,2026-04-03 12:00:00,450.0,-207.13542575277654,-46.030094611728124,mar,19.25
gpt-5-search-api,2026-04-03 13:00:00,451.0,-208.13542575277654,-46.14976180771099,mar,19.291666666666664
gpt-5-search-api,2026-04-03 14:00:00,452.0,-209.13542575277654,-46.26889950282666,mar,19.333333333333336
gpt-5-search-api,2026-04-03 15:00:00,453.0,-210.13542575277654,-46.38751120370343,mar,19.375
gpt-5-search-api,2026-04-03 16:00:00,454.0,-211.13542575277654,-46.50560038607413,mar,19.416666666666664
gpt-5-search-api,2026-04-03 17:00:00,455.0,-212.13542575277654,-46.62317049511572,mar,19.458333333333336
gpt-5-search-api,2026-04-03 18:00:00,456.0,-212.1248143328675,-46.518599634400765,mar,19.5
gpt-5-search-api,2026-04-03 19:00:00,457.0,-213.1248143328675,-46.63562676867998,mar,19.541666666666664
gpt-5-search-api,2026-04-03 20:00:00,458.0,-214.1248143328675,-46.752142867438316,mar,19.583333333333336
gpt-5-search-api,2026-04-03 21:00:00,459.0,-215.1248143328675,-46.86815127077723,mar,19.625
gpt-5-search-api,2026-04-03 22:00:00,460.0,-215.11318054429896,-46.76373490093456,mar,19.666666666666664
gpt-5-search-api,2026-04-03 23:00:00,461.0,-215.10154675573042,-46.65977153052721,mar,19.708333333333336
gpt-5-search-api,2026-04-04 00:00:00,462.0,-216.10154675573042,-46.77522657050442,mar,19.75
gpt-5-search-api,2026-04-04 01:00:00,463.0,-217.10154675573042,-46.890182884607,mar,19.791666666666664
gpt-5-search-api,2026-04-04 02:00:00,464.0,-218.10154675573042,-47.0046436973557,mar,19.833333333333336
gpt-5-search-api,2026-04-04 03:00:00,465.0,-218.0899129671619,-46.901056552077826,mar,19.875
gpt-5-search-api,2026-04-04 04:00:00,466.0,-219.0899129671619,-47.015002782652765,mar,19.916666666666664
gpt-5-search-api,2026-04-04 05:00:00,467.0,-220.0899129671619,-47.128461020805545,mar,19.958333333333336
gpt-5-search-api,2026-04-04 06:00:00,468.0,-221.0899129671619,-47.24143439469271,mar,20.0
gpt-5-search-api,2026-04-04 07:00:00,469.0,-221.07827917859336,-47.13822583765317,mar,20.041666666666664
gpt-5-search-api,2026-04-04 08:00:00,470.0,-221.06664539002483,-47.03545646596273,mar,20.083333333333336
gpt-5-search-api,2026-04-04 09:00:00,471.0,-221.0550116014563,-46.93312348226249,mar,20.125
gpt-5-search-api,2026-04-04 10:00:00,472.0,-222.0550116014563,-47.045553305393284,mar,20.166666666666664
gpt-5-search-api,2026-04-04 11:00:00,473.0,-223.0550116014563,-47.15750773815144,mar,20.208333333333336
gpt-5-search-api,2026-04-04 12:00:00,474.0,-224.0550116014563,-47.26898978933677,mar,20.25
gpt-5-search-api,2026-04-04 13:00:00,475.0,-225.0550116014563,-47.38000244241185,mar,20.291666666666664
gpt-5-search-api,2026-04-04 14:00:00,476.0,-225.04286585246845,-47.27791299421606,mar,20.333333333333336
gpt-5-search-api,2026-04-04 15:00:00,477.0,-225.0307201034806,-47.17625159402109,mar,20.375
gpt-5-search-api,2026-04-04 16:00:00,478.0,-226.0307201034806,-47.28676152792482,mar,20.416666666666664
gpt-5-search-api,2026-04-04 17:00:00,479.0,-227.0307201034806,-47.39681004248029,mar,20.458333333333336
gpt-5-search-api,2026-04-04 18:00:00,480.0,-227.01857435449276,-47.29553632385265,mar,20.5
gpt-5-search-api,2026-04-04 19:00:00,481.0,-228.01857435449276,-47.40510901340806,mar,20.541666666666664
gpt-5-search-api,2026-04-04 20:00:00,482.0,-228.0064286055049,-47.304238299897285,mar,20.583333333333336
gpt-5-search-api,2026-04-04 21:00:00,483.0,-227.99428285651706,-47.203785270500425,mar,20.625
gpt-5-search-api,2026-04-04 22:00:00,484.0,-228.99428285651706,-47.31286835878451,mar,20.666666666666664
gpt-5-search-api,2026-04-04 23:00:00,485.0,-228.98213710752918,-47.21281177474829,mar,20.708333333333336
gpt-5-search-api,2026-04-05 00:00:00,486.0,-229.98213710752918,-47.321427388380485,mar,20.75
gpt-5-search-api,2026-04-05 01:00:00,487.0,-229.96999135854134,-47.221764139330865,mar,20.791666666666664
gpt-5-search-api,2026-04-05 02:00:00,488.0,-230.96999135854134,-47.329916261996175,mar,20.833333333333336
gpt-5-search-api,2026-04-05 03:00:00,489.0,-231.96999135854134,-47.43762604469148,mar,20.875
gpt-5-search-api,2026-04-05 04:00:00,490.0,-232.96999135854134,-47.54489619562068,mar,20.916666666666664
gpt-5-search-api,2026-04-05 05:00:00,491.0,-233.96999135854134,-47.651729400924914,mar,20.958333333333336
gpt-5-search-api,2026-04-05 06:00:00,492.0,-233.9578456095535,-47.552407644218185,mar,21.0
gpt-5-search-api,2026-04-05 07:00:00,493.0,-234.9578456095535,-47.65879221289117,mar,21.041666666666664
gpt-5-search-api,2026-04-05 08:00:00,494.0,-234.94569986056564,-47.55985827136956,mar,21.083333333333336
gpt-5-search-api,2026-04-05 09:00:00,495.0,-234.9335541115778,-47.46132406294501,mar,21.125
gpt-5-search-api,2026-04-05 10:00:00,496.0,-235.9335541115778,-47.5672488128181,mar,21.166666666666664
gpt-5-search-api,2026-04-05 11:00:00,497.0,-236.9335541115778,-47.67274730615247,mar,21.208333333333336
gpt-5-search-api,2026-04-05 12:00:00,498.0,-237.9335541115778,-47.77782211075859,mar,21.25
gpt-5-search-api,2026-04-05 13:00:00,499.0,-237.92140836258994,-47.679640954426844,mar,21.291666666666664
gpt-5-search-api,2026-04-05 14:00:00,500.0,-238.92140836258994,-47.784281672517984,mar,21.333333333333336
gpt-5-search-api,2026-04-05 15:00:00,501.0,-238.90772361854533,-47.68617237895116,mar,21.375
gpt-5-search-api,2026-04-05 16:00:00,502.0,-238.89403887450072,-47.588453959063884,mar,21.416666666666664
gpt-5-search-api,2026-04-05 17:00:00,503.0,-238.8803541304561,-47.49112408160161,mar,21.458333333333336
gpt-5-search-api,2026-04-05 18:00:00,504.0,-239.8803541304561,-47.59530835921748,mar,21.5
gpt-5-search-api,2026-04-05 19:00:00,505.0,-240.8803541304561,-47.6990800258329,mar,21.541666666666664
gpt-5-search-api,2026-04-05 20:00:00,506.0,-241.8803541304561,-47.80244152775813,mar,21.583333333333336
gpt-5-search-api,2026-04-05 21:00:00,507.0,-241.86461009795232,-47.70505130137126,mar,21.625
gpt-5-search-api,2026-04-05 22:00:00,508.0,-242.86461009795232,-47.80799411377014,mar,21.666666666666664
gpt-5-search-api,2026-04-05 23:00:00,509.0,-243.86461009795232,-47.910532435747015,mar,21.708333333333336
gpt-5-search-api,2026-04-06 00:00:00,510.0,-244.86461009795232,-48.01266864665732,mar,21.75
gpt-5-search-api,2026-04-06 01:00:00,511.0,-244.84886606544853,-47.91562936701537,mar,21.791666666666664
gpt-5-search-api,2026-04-06 02:00:00,512.0,-244.83312203294474,-47.81896914705952,mar,21.833333333333336
gpt-5-search-api,2026-04-06 03:00:00,513.0,-244.81737800044095,-47.72268577006646,mar,21.875
gpt-5-search-api,2026-04-06 04:00:00,514.0,-245.81737800044095,-47.82439260708968,mar,21.916666666666664
gpt-5-search-api,2026-04-06 05:00:00,515.0,-246.81737800044095,-47.92570446610504,mar,21.958333333333336
gpt-5-search-api,2026-04-06 06:00:00,516.0,-247.81737800044095,-48.02662364349631,mar,22.0
gpt-5-search-api,2026-04-06 07:00:00,517.0,-248.81737800044095,-48.12715241788027,mar,22.041666666666664
gpt-5-search-api,2026-04-06 08:00:00,518.0,-249.81737800044095,-48.22729305027818,mar,22.083333333333336
gpt-5-search-api,2026-04-06 09:00:00,519.0,-250.81737800044095,-48.32704778428535,mar,22.125
gpt-5-search-api,2026-04-06 10:00:00,520.0,-250.8052322514531,-48.23177543297175,mar,22.166666666666664
gpt-5-search-api,2026-04-06 11:00:00,521.0,-251.8052322514531,-48.331138627918065,mar,22.208333333333336
gpt-5-search-api,2026-04-06 12:00:00,522.0,-252.8052322514531,-48.430121120968025,mar,22.25
gpt-5-search-api,2026-04-06 13:00:00,523.0,-253.8052322514531,-48.52872509588014,mar,22.291666666666664
gpt-5-search-api,2026-04-06 14:00:00,524.0,-254.8052322514531,-48.62695271974296,mar,22.333333333333336
gpt-5-search-api,2026-04-06 15:00:00,525.0,-254.79308650246526,-48.53201647666005,mar,22.375
gpt-5-search-api,2026-04-06 16:00:00,526.0,-255.79308650246526,-48.62986435408085,mar,22.416666666666664
gpt-5-search-api,2026-04-06 17:00:00,527.0,-256.79308650246526,-48.7273408923084,mar,22.458333333333336
gpt-5-search-api,2026-04-06 18:00:00,528.0,-257.79308650246526,-48.82444820122448,mar,22.5
gpt-5-search-api,2026-04-06 19:00:00,529.0,-258.79308650246526,-48.921188374757136,mar,22.541666666666664
gpt-5-search-api,2026-04-06 20:00:00,530.0,-258.7799152765281,-48.82639910877889,mar,22.583333333333336
gpt-5-search-api,2026-04-06 21:00:00,531.0,-259.7799152765281,-48.92277123851753,mar,22.625
gpt-5-search-api,2026-04-06 22:00:00,532.0,-260.7799152765281,-49.018781067016555,mar,22.666666666666664
gpt-5-search-api,2026-04-06 23:00:00,533.0,-260.7667440505909,-48.9243422233754,mar,22.708333333333336
gpt-5-search-api,2026-04-07 00:00:00,534.0,-261.7667440505909,-49.01998952258256,mar,22.75
gpt-5-search-api,2026-04-07 01:00:00,535.0,-262.7667440505909,-49.115279261792686,mar,22.791666666666664
gpt-5-search-api,2026-04-07 02:00:00,536.0,-262.7535728246537,-49.021188959823455,mar,22.833333333333336
gpt-5-search-api,2026-04-07 03:00:00,537.0,-263.7535728246537,-49.11612156883682,mar,22.875
gpt-5-search-api,2026-04-07 04:00:00,538.0,-264.7535728246537,-49.210701268522996,mar,22.916666666666664
gpt-5-search-api,2026-04-07 05:00:00,539.0,-265.7535728246537,-49.30493002312685,mar,22.958333333333336
gpt-5-search-api,2026-04-07 06:00:00,540.0,-266.7535728246537,-49.39880978234328,mar,23.0
gpt-5-search-api,2026-04-07 07:00:00,541.0,-267.7535728246537,-49.4923424814517,mar,23.041666666666664
gpt-5-search-api,2026-04-07 08:00:00,542.0,-268.7535728246537,-49.58553004144902,mar,23.083333333333336
gpt-5-search-api,2026-04-07 09:00:00,543.0,-269.7535728246537,-49.678374369181164,mar,23.125
gpt-5-search-api,2026-04-07 10:00:00,544.0,-269.74193903608517,-49.58491526398625,mar,23.166666666666664
gpt-5-search-api,2026-04-07 11:00:00,545.0,-270.74193903608517,-49.67742000662113,mar,23.208333333333336
gpt-5-search-api,2026-04-07 12:00:00,546.0,-271.74193903608517,-49.7695859040449,mar,23.25
gpt-5-search-api,2026-04-07 13:00:00,547.0,-272.74193903608517,-49.861414814640796,mar,23.291666666666664
qwen3-235b-a22b-instruct-2507,2026-03-01 06:00:00,1.0,1.5,150.0,feb,0.0
qwen3-235b-a22b-instruct-2507,2026-03-01 07:00:00,2.0,3.0,150.0,feb,0.041666666666666664
qwen3-235b-a22b-instruct-2507,2026-03-01 08:00:00,3.0,4.5316455696202524,151.05485232067508,feb,0.08333333333333333
qwen3-235b-a22b-instruct-2507,2026-03-01 09:00:00,4.0,6.0007813720893886,150.01953430223472,feb,0.125
qwen3-235b-a22b-instruct-2507,2026-03-01 10:00:00,5.0,7.5007813720893886,150.01562744178779,feb,0.16666666666666666
qwen3-235b-a22b-instruct-2507,2026-03-01 11:00:00,6.0,9.000781372089389,150.01302286815647,feb,0.20833333333333334
qwen3-235b-a22b-instruct-2507,2026-03-01 12:00:00,7.0,10.564883936191954,150.92691337417077,feb,0.25
qwen3-235b-a22b-instruct-2507,2026-03-01 13:00:00,8.0,12.128986500294516,151.61233125368145,feb,0.2916666666666667
qwen3-235b-a22b-instruct-2507,2026-03-01 14:00:00,9.0,13.693089064397078,152.14543404885643,feb,0.3333333333333333
qwen3-235b-a22b-instruct-2507,2026-03-01 15:00:00,10.0,15.25719162849964,152.5719162849964,feb,0.375
qwen3-235b-a22b-instruct-2507,2026-03-01 16:00:00,11.0,16.821294192602203,152.92085629638365,feb,0.4166666666666667
qwen3-235b-a22b-instruct-2507,2026-03-01 17:00:00,12.0,18.4186967900048,153.48913991670668,feb,0.4583333333333333
qwen3-235b-a22b-instruct-2507,2026-03-01 18:00:00,13.0,19.982799354107364,153.71384118544128,feb,0.5
qwen3-235b-a22b-instruct-2507,2026-03-01 19:00:00,14.0,21.580201951509963,154.1442996536426,feb,0.5416666666666666
qwen3-235b-a22b-instruct-2507,2026-03-01 20:00:00,15.0,23.21178089887838,154.74520599252253,feb,0.5833333333333334
qwen3-235b-a22b-instruct-2507,2026-03-01 21:00:00,16.0,24.8433598462468,155.2709990390425,feb,0.625
qwen3-235b-a22b-instruct-2507,2026-03-01 22:00:00,17.0,26.510026512913463,155.9413324289027,feb,0.6666666666666666
qwen3-235b-a22b-instruct-2507,2026-03-01 23:00:00,18.0,28.107429110316062,156.15238394620036,feb,0.7083333333333334
qwen3-235b-a22b-instruct-2507,2026-03-02 00:00:00,19.0,29.73900805768448,156.52109504044464,feb,0.75
qwen3-235b-a22b-instruct-2507,2026-03-02 01:00:00,20.0,31.270653627304732,156.35326813652367,feb,0.7916666666666666
qwen3-235b-a22b-instruct-2507,2026-03-02 02:00:00,21.0,32.834756191407294,156.35598186384425,feb,0.8333333333333334
qwen3-235b-a22b-instruct-2507,2026-03-02 03:00:00,22.0,34.334756191407294,156.06707359730586,feb,0.875
qwen3-235b-a22b-instruct-2507,2026-03-02 04:00:00,23.0,35.834756191407294,155.80328778872737,feb,0.9166666666666666
qwen3-235b-a22b-instruct-2507,2026-03-02 05:00:00,24.0,37.334756191407294,155.56148413086373,feb,0.9583333333333334
qwen3-235b-a22b-instruct-2507,2026-03-02 06:00:00,25.0,38.834756191407294,155.33902476562918,feb,1.0
qwen3-235b-a22b-instruct-2507,2026-03-02 07:00:00,26.0,40.334756191407294,155.13367765925884,feb,1.0416666666666667
qwen3-235b-a22b-instruct-2507,2026-03-02 08:00:00,27.0,41.834756191407294,154.94354144965666,feb,1.0833333333333333
qwen3-235b-a22b-instruct-2507,2026-03-02 09:00:00,28.0,43.334756191407294,154.7669863978832,feb,1.125
qwen3-235b-a22b-instruct-2507,2026-03-02 10:00:00,29.0,44.803891993876434,154.49617928922908,feb,1.1666666666666667
qwen3-235b-a22b-instruct-2507,2026-03-02 11:00:00,30.0,46.27302779634557,154.24342598781857,feb,1.2083333333333333
qwen3-235b-a22b-instruct-2507,2026-03-02 12:00:00,31.0,47.74216359881471,154.0069793510152,feb,1.25
qwen3-235b-a22b-instruct-2507,2026-03-02 13:00:00,32.0,49.273809168434965,153.98065365135926,feb,1.2916666666666667
qwen3-235b-a22b-instruct-2507,2026-03-02 14:00:00,33.0,50.80545473805522,153.95592344865216,feb,1.3333333333333333
qwen3-235b-a22b-instruct-2507,2026-03-02 15:00:00,34.0,52.33710030767547,153.93264796375138,feb,1.375
qwen3-235b-a22b-instruct-2507,2026-03-02 16:00:00,35.0,53.86874587729572,153.9107025065592,feb,1.4166666666666667
qwen3-235b-a22b-instruct-2507,2026-03-02 17:00:00,36.0,55.400391446915975,153.88997624143326,feb,1.4583333333333333
qwen3-235b-a22b-instruct-2507,2026-03-02 18:00:00,37.0,56.93203701653623,153.87037031496277,feb,1.5
qwen3-235b-a22b-instruct-2507,2026-03-02 19:00:00,38.0,58.4961395806388,153.93720942273367,feb,1.5416666666666667
qwen3-235b-a22b-instruct-2507,2026-03-02 20:00:00,39.0,59.9961395806388,153.83625533497127,feb,1.5833333333333333
qwen3-235b-a22b-instruct-2507,2026-03-02 21:00:00,40.0,61.4961395806388,153.74034895159699,feb,1.625
qwen3-235b-a22b-instruct-2507,2026-03-02 22:00:00,41.0,63.060242144741366,153.80546864571065,feb,1.6666666666666667
qwen3-235b-a22b-instruct-2507,2026-03-02 23:00:00,42.0,64.59188771436162,153.79020884371815,feb,1.7083333333333333
qwen3-235b-a22b-instruct-2507,2026-03-03 00:00:00,43.0,66.12353328398187,153.77565879995785,feb,1.75
qwen3-235b-a22b-instruct-2507,2026-03-03 01:00:00,44.0,67.65517885360212,153.76177012182302,feb,1.7916666666666667
qwen3-235b-a22b-instruct-2507,2026-03-03 02:00:00,45.0,69.18682442322238,153.74849871827195,feb,1.8333333333333333
qwen3-235b-a22b-instruct-2507,2026-03-03 03:00:00,46.0,70.71846999284263,153.73580433226658,feb,1.875
qwen3-235b-a22b-instruct-2507,2026-03-03 04:00:00,47.0,72.1281085470595,153.46406073842448,feb,1.9166666666666667
qwen3-235b-a22b-instruct-2507,2026-03-03 05:00:00,48.0,73.59724434952864,153.3275923948513,feb,1.9583333333333333
qwen3-235b-a22b-instruct-2507,2026-03-03 06:00:00,49.0,75.06638015199778,153.19669418775058,feb,2.0
qwen3-235b-a22b-instruct-2507,2026-03-03 07:00:00,50.0,76.53551595446692,153.07103190893383,feb,2.0416666666666665
qwen3-235b-a22b-instruct-2507,2026-03-03 08:00:00,51.0,77.97454034471082,152.89125557786434,feb,2.0833333333333335
qwen3-235b-a22b-instruct-2507,2026-03-03 09:00:00,52.0,79.44367614717996,152.77630028303838,feb,2.125
qwen3-235b-a22b-instruct-2507,2026-03-03 10:00:00,53.0,80.9128119496491,152.66568292386623,feb,2.1666666666666665
qwen3-235b-a22b-instruct-2507,2026-03-03 11:00:00,54.0,82.38194775211824,152.55916250392266,feb,2.2083333333333335
qwen3-235b-a22b-instruct-2507,2026-03-03 12:00:00,55.0,83.85108355458738,152.4565155537952,feb,2.25
qwen3-235b-a22b-instruct-2507,2026-03-03 13:00:00,56.0,85.32021935705652,152.35753456617235,feb,2.2916666666666665
qwen3-235b-a22b-instruct-2507,2026-03-03 14:00:00,57.0,86.78935515952566,152.26202659565905,feb,2.3333333333333335
qwen3-235b-a22b-instruct-2507,2026-03-03 15:00:00,58.0,88.2584909619948,152.16981200343932,feb,2.375
qwen3-235b-a22b-instruct-2507,2026-03-03 16:00:00,59.0,89.72762676446393,152.0807233295999,feb,2.4166666666666665
qwen3-235b-a22b-instruct-2507,2026-03-03 17:00:00,60.0,91.16665115470784,151.94441859117973,feb,2.4583333333333335
qwen3-235b-a22b-instruct-2507,2026-03-03 18:00:00,61.0,92.60567554495174,151.8125828605766,feb,2.5
qwen3-235b-a22b-instruct-2507,2026-03-03 19:00:00,62.0,94.04469993519564,151.68499989547684,feb,2.5416666666666665
qwen3-235b-a22b-instruct-2507,2026-03-03 20:00:00,63.0,95.37028133054449,151.38139893737218,feb,2.5833333333333335
qwen3-235b-a22b-instruct-2507,2026-03-03 21:00:00,64.0,96.69586272589333,151.08728550920833,feb,2.625
qwen3-235b-a22b-instruct-2507,2026-03-03 22:00:00,65.0,98.04880390236391,150.8443136959445,feb,2.6666666666666665
qwen3-235b-a22b-instruct-2507,2026-03-03 23:00:00,66.0,99.27102612458614,150.41064564331234,feb,2.7083333333333335
qwen3-235b-a22b-instruct-2507,2026-03-04 00:00:00,67.0,100.46882832238833,149.95347510804228,feb,2.75
qwen3-235b-a22b-instruct-2507,2026-03-04 01:00:00,68.0,101.76767889710098,149.65835131926616,feb,2.7916666666666665
qwen3-235b-a22b-instruct-2507,2026-03-04 02:00:00,69.0,103.06652947181362,149.37178184320814,feb,2.8333333333333335
qwen3-235b-a22b-instruct-2507,2026-03-04 03:00:00,70.0,104.47616802603048,149.25166860861495,feb,2.875
qwen3-235b-a22b-instruct-2507,2026-03-04 04:00:00,71.0,105.85712040698286,149.0945357844829,feb,2.9166666666666665
qwen3-235b-a22b-instruct-2507,2026-03-04 05:00:00,72.0,107.26675896119971,148.98160966833294,feb,2.9583333333333335
qwen3-235b-a22b-instruct-2507,2026-03-04 06:00:00,73.0,106.26675896119971,145.57090268657495,feb,3.0
qwen3-235b-a22b-instruct-2507,2026-03-04 07:00:00,74.0,105.26675896119971,142.2523769745942,feb,3.0416666666666665
qwen3-235b-a22b-instruct-2507,2026-03-04 08:00:00,75.0,104.26675896119971,139.02234528159963,feb,3.0833333333333335
qwen3-235b-a22b-instruct-2507,2026-03-04 09:00:00,76.0,103.26675896119971,135.8773144226312,feb,3.125
qwen3-235b-a22b-instruct-2507,2026-03-04 10:00:00,77.0,102.26675896119971,132.81397267688274,feb,3.1666666666666665
qwen3-235b-a22b-instruct-2507,2026-03-04 11:00:00,78.0,101.26675896119971,129.82917815538423,feb,3.2083333333333335
qwen3-235b-a22b-instruct-2507,2026-03-04 12:00:00,79.0,100.26675896119971,126.91994805215154,feb,3.25
qwen3-235b-a22b-instruct-2507,2026-03-04 13:00:00,80.0,99.26675896119971,124.08344870149963,feb,3.2916666666666665
qwen3-235b-a22b-instruct-2507,2026-03-04 14:00:00,81.0,98.26675896119971,121.31698637185148,feb,3.3333333333333335
qwen3-235b-a22b-instruct-2507,2026-03-04 15:00:00,82.0,97.26675896119971,118.61799873317038,feb,3.375
qwen3-235b-a22b-instruct-2507,2026-03-04 16:00:00,83.0,96.26675896119971,115.98404694120448,feb,3.4166666666666665
qwen3-235b-a22b-instruct-2507,2026-03-04 17:00:00,84.0,95.26675896119971,113.41280828714251,feb,3.4583333333333335
qwen3-235b-a22b-instruct-2507,2026-03-04 18:00:00,85.0,94.26675896119971,110.9020693661173,feb,3.5
qwen3-235b-a22b-instruct-2507,2026-03-04 19:00:00,86.0,93.26675896119971,108.44971972232524,feb,3.5416666666666665
qwen3-235b-a22b-instruct-2507,2026-03-04 20:00:00,87.0,92.26675896119971,106.05374593241346,feb,3.5833333333333335
qwen3-235b-a22b-instruct-2507,2026-03-04 21:00:00,88.0,91.26675896119971,103.7122260922724,feb,3.625
qwen3-235b-a22b-instruct-2507,2026-03-04 22:00:00,89.0,90.26675896119971,101.4233246755053,feb,3.6666666666666665
qwen3-235b-a22b-instruct-2507,2026-03-04 23:00:00,90.0,89.26675896119971,99.18528773466635,feb,3.7083333333333335
qwen3-235b-a22b-instruct-2507,2026-03-05 00:00:00,91.0,88.26675896119971,96.9964384189008,feb,3.75
qwen3-235b-a22b-instruct-2507,2026-03-05 01:00:00,92.0,87.26675896119971,94.85517278391274,feb,3.7916666666666665
qwen3-235b-a22b-instruct-2507,2026-03-05 02:00:00,93.0,86.26675896119971,92.75995587225776,feb,3.8333333333333335
qwen3-235b-a22b-instruct-2507,2026-03-05 03:00:00,94.0,85.26675896119971,90.70931804382948,feb,3.875
qwen3-235b-a22b-instruct-2507,2026-03-05 04:00:00,95.0,84.26675896119971,88.70185153810496,feb,3.9166666666666665
qwen3-235b-a22b-instruct-2507,2026-03-05 05:00:00,96.0,83.26675896119971,86.7362072512497,feb,3.9583333333333335
qwen3-235b-a22b-instruct-2507,2026-03-05 06:00:00,97.0,82.26675896119971,84.81109171257702,feb,4.0
qwen3-235b-a22b-instruct-2507,2026-03-05 07:00:00,98.0,81.26675896119971,82.92526424612215,feb,4.041666666666667
qwen3-235b-a22b-instruct-2507,2026-03-05 08:00:00,99.0,80.26675896119971,81.07753430424214,feb,4.083333333333333
qwen3-235b-a22b-instruct-2507,2026-03-05 09:00:00,100.0,79.26675896119971,79.26675896119971,feb,4.125
qwen3-235b-a22b-instruct-2507,2026-03-05 10:00:00,101.0,78.26675896119971,77.49184055564328,feb,4.166666666666667
qwen3-235b-a22b-instruct-2507,2026-03-05 11:00:00,102.0,77.26675896119971,75.75172447176442,feb,4.208333333333333
qwen3-235b-a22b-instruct-2507,2026-03-05 12:00:00,103.0,76.26675896119971,74.04539704970846,feb,4.25
qwen3-235b-a22b-instruct-2507,2026-03-05 13:00:00,104.0,75.26675896119971,72.37188361653818,feb,4.291666666666667
qwen3-235b-a22b-instruct-2507,2026-03-05 14:00:00,105.0,74.26675896119971,70.73024662971402,feb,4.333333333333333
qwen3-235b-a22b-instruct-2507,2026-03-05 15:00:00,106.0,73.26675896119971,69.11958392566011,feb,4.375
qwen3-235b-a22b-instruct-2507,2026-03-05 16:00:00,107.0,72.26675896119971,67.53902706654179,feb,4.416666666666667
qwen3-235b-a22b-instruct-2507,2026-03-05 17:00:00,108.0,71.26675896119971,65.98773977888862,feb,4.458333333333333
qwen3-235b-a22b-instruct-2507,2026-03-05 18:00:00,109.0,70.26675896119971,64.46491647816488,feb,4.5
qwen3-235b-a22b-instruct-2507,2026-03-05 19:00:00,110.0,69.26675896119971,62.96978087381792,feb,4.541666666666667
qwen3-235b-a22b-instruct-2507,2026-03-05 20:00:00,111.0,68.26675896119971,61.501584649729466,feb,4.583333333333333
qwen3-235b-a22b-instruct-2507,2026-03-05 21:00:00,112.0,67.26675896119971,60.05960621535689,feb,4.625
qwen3-235b-a22b-instruct-2507,2026-03-05 22:00:00,113.0,66.26675896119971,58.64314952318559,feb,4.666666666666667
qwen3-235b-a22b-instruct-2507,2026-03-05 23:00:00,114.0,65.26675896119971,57.2515429484208,feb,4.708333333333333
qwen3-235b-a22b-instruct-2507,2026-03-06 00:00:00,115.0,64.26675896119971,55.88413822713019,feb,4.75
qwen3-235b-a22b-instruct-2507,2026-03-06 01:00:00,116.0,63.26675896119971,54.5403094493101,feb,4.791666666666667
qwen3-235b-a22b-instruct-2507,2026-03-06 02:00:00,117.0,62.26675896119971,53.21945210358949,feb,4.833333333333333
qwen3-235b-a22b-instruct-2507,2026-03-06 03:00:00,118.0,61.26675896119971,51.92098217050823,feb,4.875
qwen3-235b-a22b-instruct-2507,2026-03-06 04:00:00,119.0,60.26675896119971,50.64433526151236,feb,4.916666666666667
qwen3-235b-a22b-instruct-2507,2026-03-06 05:00:00,120.0,59.26675896119971,49.38896580099976,feb,4.958333333333333
qwen3-235b-a22b-instruct-2507,2026-03-06 06:00:00,121.0,58.26675896119971,48.154346248925386,feb,5.0
qwen3-235b-a22b-instruct-2507,2026-03-06 07:00:00,122.0,57.26675896119971,46.93996636163911,feb,5.041666666666667
qwen3-235b-a22b-instruct-2507,2026-03-06 08:00:00,123.0,56.26675896119971,45.74533248878026,feb,5.083333333333333
qwen3-235b-a22b-instruct-2507,2026-03-06 09:00:00,124.0,55.26675896119971,44.569966904193315,feb,5.125
qwen3-235b-a22b-instruct-2507,2026-03-06 10:00:00,125.0,54.26675896119971,43.41340716895977,feb,5.166666666666667
qwen3-235b-a22b-instruct-2507,2026-03-06 11:00:00,126.0,53.26675896119971,42.27520552476168,feb,5.208333333333333
qwen3-235b-a22b-instruct-2507,2026-03-06 12:00:00,127.0,52.26675896119971,41.15492831590529,feb,5.25
qwen3-235b-a22b-instruct-2507,2026-03-06 13:00:00,128.0,51.26675896119971,40.052155438437275,feb,5.291666666666667
qwen3-235b-a22b-instruct-2507,2026-03-06 14:00:00,129.0,50.26675896119971,38.9664798148835,feb,5.333333333333333
qwen3-235b-a22b-instruct-2507,2026-03-06 15:00:00,130.0,49.26675896119971,37.89750689323055,feb,5.375
qwen3-235b-a22b-instruct-2507,2026-03-06 16:00:00,131.0,48.26675896119971,36.84485416885474,feb,5.416666666666667
qwen3-235b-a22b-instruct-2507,2026-03-06 17:00:00,132.0,47.26675896119971,35.8081507281816,feb,5.458333333333333
qwen3-235b-a22b-instruct-2507,2026-03-06 18:00:00,133.0,46.26675896119971,34.787036812932115,feb,5.5
qwen3-235b-a22b-instruct-2507,2026-03-06 19:00:00,134.0,45.26675896119971,33.781163403880385,feb,5.541666666666667
qwen3-235b-a22b-instruct-2507,2026-03-06 20:00:00,135.0,44.26675896119971,32.790191823110895,feb,5.583333333333333
qwen3-235b-a22b-instruct-2507,2026-03-06 21:00:00,136.0,43.26675896119971,31.813793353823318,feb,5.625
qwen3-235b-a22b-instruct-2507,2026-03-06 22:00:00,137.0,42.26675896119971,30.85164887678811,feb,5.666666666666667
qwen3-235b-a22b-instruct-2507,2026-03-06 23:00:00,138.0,41.26675896119971,29.90344852260849,feb,5.708333333333333
qwen3-235b-a22b-instruct-2507,2026-03-07 00:00:00,139.0,40.26675896119971,28.9688913389926,feb,5.75
qwen3-235b-a22b-instruct-2507,2026-03-07 01:00:00,140.0,39.26675896119971,28.04768497228551,feb,5.791666666666667
qwen3-235b-a22b-instruct-2507,2026-03-07 02:00:00,141.0,38.26675896119971,27.139545362552987,feb,5.833333333333333
qwen3-235b-a22b-instruct-2507,2026-03-07 03:00:00,142.0,37.26675896119971,26.244196451549094,feb,5.875
qwen3-235b-a22b-instruct-2507,2026-03-07 04:00:00,143.0,36.26675896119971,25.361369902936865,feb,5.916666666666667
qwen3-235b-a22b-instruct-2507,2026-03-07 05:00:00,144.0,35.26675896119971,24.490804834166468,feb,5.958333333333333
qwen3-235b-a22b-instruct-2507,2026-03-07 06:00:00,145.0,34.26675896119971,23.63224755944808,feb,6.0
qwen3-235b-a22b-instruct-2507,2026-03-07 07:00:00,146.0,33.26675896119971,22.785451343287473,feb,6.041666666666667
qwen3-235b-a22b-instruct-2507,2026-03-07 08:00:00,147.0,32.26675896119971,21.950176164081437,feb,6.083333333333333
qwen3-235b-a22b-instruct-2507,2026-03-07 09:00:00,148.0,31.266758961199713,21.126188487297103,feb,6.125
qwen3-235b-a22b-instruct-2507,2026-03-07 10:00:00,149.0,30.266758961199713,20.31326104778504,feb,6.166666666666667
qwen3-235b-a22b-instruct-2507,2026-03-07 11:00:00,150.0,29.266758961199713,19.51117264079981,feb,6.208333333333333
qwen3-235b-a22b-instruct-2507,2026-03-07 12:00:00,151.0,28.266758961199713,18.719707921324314,feb,6.25
qwen3-235b-a22b-instruct-2507,2026-03-07 13:00:00,152.0,27.266758961199713,17.9386572113156,feb,6.291666666666667
qwen3-235b-a22b-instruct-2507,2026-03-07 14:00:00,153.0,26.266758961199713,17.167816314509615,feb,6.333333333333333
qwen3-235b-a22b-instruct-2507,2026-03-07 15:00:00,154.0,25.266758961199713,16.406986338441374,feb,6.375
qwen3-235b-a22b-instruct-2507,2026-03-07 16:00:00,155.0,24.266758961199713,15.655973523354655,feb,6.416666666666667
qwen3-235b-a22b-instruct-2507,2026-03-07 17:00:00,156.0,23.266758961199713,14.914589077692122,feb,6.458333333333333
qwen3-235b-a22b-instruct-2507,2026-03-07 18:00:00,157.0,22.266758961199713,14.182649019872429,feb,6.5
qwen3-235b-a22b-instruct-2507,2026-03-07 19:00:00,158.0,21.266758961199713,13.459974026075768,feb,6.541666666666667
qwen3-235b-a22b-instruct-2507,2026-03-07 20:00:00,159.0,20.266758961199713,12.746389283773404,feb,6.583333333333333
qwen3-235b-a22b-instruct-2507,2026-03-07 21:00:00,160.0,19.266758961199713,12.04172435074982,feb,6.625
qwen3-235b-a22b-instruct-2507,2026-03-07 22:00:00,161.0,18.266758961199713,11.345813019378703,feb,6.666666666666667
qwen3-235b-a22b-instruct-2507,2026-03-07 23:00:00,162.0,17.266758961199713,10.65849318592575,feb,6.708333333333333
qwen3-235b-a22b-instruct-2507,2026-03-08 00:00:00,163.0,16.266758961199713,9.9796067246624,feb,6.75
qwen3-235b-a22b-instruct-2507,2026-03-08 01:00:00,164.0,15.266758961199713,9.30899936658519,feb,6.791666666666667
qwen3-235b-a22b-instruct-2507,2026-03-08 02:00:00,165.0,14.266758961199713,8.64652058254528,feb,6.833333333333333
qwen3-235b-a22b-instruct-2507,2026-03-08 03:00:00,166.0,13.266758961199713,7.992023470602237,feb,6.875
qwen3-235b-a22b-instruct-2507,2026-03-08 04:00:00,167.0,12.266758961199713,7.345364647424978,feb,6.916666666666667
qwen3-235b-a22b-instruct-2507,2026-03-08 05:00:00,168.0,11.266758961199713,6.706404143571258,feb,6.958333333333333
qwen3-235b-a22b-instruct-2507,2026-03-08 06:00:00,169.0,10.266758961199713,6.075005302485037,feb,7.0
qwen3-235b-a22b-instruct-2507,2026-03-08 07:00:00,170.0,9.266758961199713,5.451034683058655,feb,7.041666666666667
qwen3-235b-a22b-instruct-2507,2026-03-08 08:00:00,171.0,8.266758961199713,4.834361965613867,feb,7.083333333333333
qwen3-235b-a22b-instruct-2507,2026-03-08 09:00:00,172.0,7.266758961199713,4.224859861162624,feb,7.125
qwen3-235b-a22b-instruct-2507,2026-03-08 10:00:00,173.0,6.266758961199713,3.6224040238148634,feb,7.166666666666667
qwen3-235b-a22b-instruct-2507,2026-03-08 11:00:00,174.0,5.266758961199713,3.0268729662067315,feb,7.208333333333333
qwen3-235b-a22b-instruct-2507,2026-03-08 12:00:00,175.0,4.266758961199713,2.4381479778284074,feb,7.25
qwen3-235b-a22b-instruct-2507,2026-03-08 13:00:00,176.0,3.266758961199713,1.8561130461362005,feb,7.291666666666667
qwen3-235b-a22b-instruct-2507,2026-03-08 14:00:00,177.0,2.266758961199713,1.2806547803388209,feb,7.333333333333333
qwen3-235b-a22b-instruct-2507,2026-03-08 15:00:00,178.0,1.266758961199713,0.7116623377526478,feb,7.375
qwen3-235b-a22b-instruct-2507,2026-03-08 16:00:00,179.0,0.266758961199713,0.14902735262553798,feb,7.416666666666667
qwen3-235b-a22b-instruct-2507,2026-03-08 17:00:00,180.0,-0.733241038800287,-0.4073561326668261,feb,7.458333333333333
qwen3-235b-a22b-instruct-2507,2026-03-08 18:00:00,181.0,-1.733241038800287,-0.9575917341438049,feb,7.5
qwen3-235b-a22b-instruct-2507,2026-03-08 19:00:00,182.0,-2.733241038800287,-1.5017807905496081,feb,7.541666666666667
qwen3-235b-a22b-instruct-2507,2026-03-08 20:00:00,183.0,-3.733241038800287,-2.0400224255739277,feb,7.583333333333333
qwen3-235b-a22b-instruct-2507,2026-03-08 21:00:00,184.0,-4.733241038800287,-2.572413608043634,feb,7.625
qwen3-235b-a22b-instruct-2507,2026-03-08 22:00:00,185.0,-5.733241038800287,-3.0990492101623173,feb,7.666666666666667
qwen3-235b-a22b-instruct-2507,2026-03-08 23:00:00,186.0,-6.733241038800287,-3.6200220638711222,feb,7.708333333333333
qwen3-235b-a22b-instruct-2507,2026-03-09 00:00:00,187.0,-7.733241038800287,-4.135423015401223,feb,7.75
qwen3-235b-a22b-instruct-2507,2026-03-09 01:00:00,188.0,-8.733241038800287,-4.645340978085259,feb,7.791666666666667
qwen3-235b-a22b-instruct-2507,2026-03-09 02:00:00,189.0,-9.733241038800287,-5.149862983492215,feb,7.833333333333333
qwen3-235b-a22b-instruct-2507,2026-03-09 03:00:00,190.0,-10.733241038800287,-5.6490742309475195,feb,7.875
qwen3-235b-a22b-instruct-2507,2026-03-09 04:00:00,191.0,-11.733241038800287,-6.143058135497532,feb,7.916666666666667
qwen3-235b-a22b-instruct-2507,2026-03-09 05:00:00,192.0,-12.733241038800287,-6.63189637437515,feb,7.958333333333333
qwen3-235b-a22b-instruct-2507,2026-03-09 06:00:00,193.0,-13.733241038800287,-7.115668932020874,feb,8.0
qwen3-235b-a22b-instruct-2507,2026-03-09 07:00:00,194.0,-14.733241038800287,-7.594454143711488,feb,8.041666666666666
qwen3-235b-a22b-instruct-2507,2026-03-09 08:00:00,195.0,-15.733241038800287,-8.068328737846302,feb,8.083333333333334
qwen3-235b-a22b-instruct-2507,2026-03-09 09:00:00,196.0,-16.733241038800287,-8.537367876938921,feb,8.125
qwen3-235b-a22b-instruct-2507,2026-03-09 10:00:00,197.0,-17.733241038800287,-9.001645197360551,feb,8.166666666666666
qwen3-235b-a22b-instruct-2507,2026-03-09 11:00:00,198.0,-18.733241038800287,-9.461232847878932,feb,8.208333333333334
qwen3-235b-a22b-instruct-2507,2026-03-09 12:00:00,199.0,-19.733241038800287,-9.916201527035321,feb,8.25
qwen3-235b-a22b-instruct-2507,2026-03-09 13:00:00,200.0,-20.733241038800287,-10.366620519400144,feb,8.291666666666666
qwen3-235b-a22b-instruct-2507,2026-03-09 14:00:00,201.0,-21.733241038800287,-10.812557730746411,feb,8.333333333333334
qwen3-235b-a22b-instruct-2507,2026-03-09 15:00:00,202.0,-22.733241038800287,-11.25407972217836,feb,8.375
qwen3-235b-a22b-instruct-2507,2026-03-09 16:00:00,203.0,-23.733241038800287,-11.691251743251373,feb,8.416666666666666
qwen3-235b-a22b-instruct-2507,2026-03-09 17:00:00,204.0,-24.733241038800287,-12.124137764117787,feb,8.458333333333334
qwen3-235b-a22b-instruct-2507,2026-03-09 18:00:00,205.0,-25.733241038800287,-12.552800506731849,feb,8.5
qwen3-235b-a22b-instruct-2507,2026-03-09 19:00:00,206.0,-26.733241038800287,-12.977301475145769,feb,8.541666666666666
qwen3-235b-a22b-instruct-2507,2026-03-09 20:00:00,207.0,-27.733241038800287,-13.397700984927674,feb,8.583333333333334
qwen3-235b-a22b-instruct-2507,2026-03-09 21:00:00,208.0,-28.733241038800287,-13.814058191730908,feb,8.625
qwen3-235b-a22b-instruct-2507,2026-03-09 22:00:00,209.0,-29.733241038800287,-14.2264311190432,feb,8.666666666666666
qwen3-235b-a22b-instruct-2507,2026-03-09 23:00:00,210.0,-30.733241038800287,-14.634876685142995,feb,8.708333333333334
qwen3-235b-a22b-instruct-2507,2026-03-10 00:00:00,211.0,-31.733241038800287,-15.039450729289236,feb,8.75
qwen3-235b-a22b-instruct-2507,2026-03-10 01:00:00,212.0,-32.73324103880029,-15.440208037169947,feb,8.791666666666666
qwen3-235b-a22b-instruct-2507,2026-03-10 02:00:00,213.0,-33.73324103880029,-15.837202365633937,feb,8.833333333333334
qwen3-235b-a22b-instruct-2507,2026-03-10 03:00:00,214.0,-34.73324103880029,-16.230486466729104,feb,8.875
qwen3-235b-a22b-instruct-2507,2026-03-10 04:00:00,215.0,-35.73324103880029,-16.6201121110699,feb,8.916666666666666
qwen3-235b-a22b-instruct-2507,2026-03-10 05:00:00,216.0,-36.73324103880029,-17.006130110555688,feb,8.958333333333334
qwen3-235b-a22b-instruct-2507,2026-03-10 06:00:00,217.0,-35.46051376607301,-16.34125058344378,feb,9.0
qwen3-235b-a22b-instruct-2507,2026-03-10 07:00:00,218.0,-34.187786493345726,-15.682470868507215,feb,9.041666666666666
qwen3-235b-a22b-instruct-2507,2026-03-10 08:00:00,219.0,-32.834845316875146,-14.993080053367647,feb,9.083333333333334
qwen3-235b-a22b-instruct-2507,2026-03-10 09:00:00,220.0,-31.509263921526298,-14.322392691602861,feb,9.125
qwen3-235b-a22b-instruct-2507,2026-03-10 10:00:00,221.0,-30.156322745055718,-13.645394907265029,feb,9.166666666666666
qwen3-235b-a22b-instruct-2507,2026-03-10 11:00:00,222.0,-28.857472170343073,-12.998861337992377,feb,9.208333333333334
qwen3-235b-a22b-instruct-2507,2026-03-10 12:00:00,223.0,-27.504530993872493,-12.333870400839682,feb,9.25
qwen3-235b-a22b-instruct-2507,2026-03-10 13:00:00,224.0,-26.178949598523644,-11.687031070769484,feb,9.291666666666666
qwen3-235b-a22b-instruct-2507,2026-03-10 14:00:00,225.0,-24.853368203174796,-11.045941423633243,feb,9.333333333333334
qwen3-235b-a22b-instruct-2507,2026-03-10 15:00:00,226.0,-23.472415822222416,-10.386024700098414,feb,9.375
qwen3-235b-a22b-instruct-2507,2026-03-10 16:00:00,227.0,-22.06277726800556,-9.719285140090555,feb,9.416666666666666
qwen3-235b-a22b-instruct-2507,2026-03-10 17:00:00,228.0,-20.79004999527828,-9.118442980385211,feb,9.458333333333334
qwen3-235b-a22b-instruct-2507,2026-03-10 18:00:00,229.0,-19.464468599929432,-8.499767947567438,feb,9.5
qwen3-235b-a22b-instruct-2507,2026-03-10 19:00:00,230.0,-18.21727758869349,-7.920555473344996,feb,9.541666666666666
qwen3-235b-a22b-instruct-2507,2026-03-10 20:00:00,231.0,-16.918427013980846,-7.323994378346686,feb,9.583333333333334
qwen3-235b-a22b-instruct-2507,2026-03-10 21:00:00,232.0,-15.592845618631998,-6.721054145962067,feb,9.625
qwen3-235b-a22b-instruct-2507,2026-03-10 22:00:00,233.0,-14.320118345904717,-6.1459735390149,feb,9.666666666666666
qwen3-235b-a22b-instruct-2507,2026-03-10 23:00:00,234.0,-13.072927334668748,-5.586721083191772,feb,9.708333333333334
qwen3-235b-a22b-instruct-2507,2026-03-11 00:00:00,235.0,-11.875125136866558,-5.053244739092152,feb,9.75
qwen3-235b-a22b-instruct-2507,2026-03-11 01:00:00,236.0,-10.677322939064368,-4.524289380959478,feb,9.791666666666666
qwen3-235b-a22b-instruct-2507,2026-03-11 02:00:00,237.0,-9.479520741262178,-3.999797781123282,feb,9.833333333333334
qwen3-235b-a22b-instruct-2507,2026-03-11 03:00:00,238.0,-8.281718543459988,-3.479713673722684,feb,9.875
qwen3-235b-a22b-instruct-2507,2026-03-11 04:00:00,239.0,-7.107805499981737,-2.973977196645078,feb,9.916666666666666
qwen3-235b-a22b-instruct-2507,2026-03-11 05:00:00,240.0,-5.933892456503486,-2.4724551902097858,feb,9.958333333333334
qwen3-235b-a22b-instruct-2507,2026-03-11 06:00:00,241.0,-4.759979413025235,-1.9750951921266535,feb,10.0
qwen3-235b-a22b-instruct-2507,2026-03-11 07:00:00,242.0,-3.586066369546984,-1.4818456072508197,feb,10.041666666666666
qwen3-235b-a22b-instruct-2507,2026-03-11 08:00:00,243.0,-2.502733036213641,-1.0299312906228975,feb,10.083333333333334
qwen3-235b-a22b-instruct-2507,2026-03-11 09:00:00,244.0,-1.3521954018050337,-0.5541784433627187,feb,10.125
qwen3-235b-a22b-instruct-2507,2026-03-11 10:00:00,245.0,-0.22453582733695043,-0.0916472764640614,feb,10.166666666666666
qwen3-235b-a22b-instruct-2507,2026-03-11 11:00:00,246.0,0.8587975059963924,0.3491046772343058,feb,10.208333333333334
qwen3-235b-a22b-instruct-2507,2026-03-11 12:00:00,247.0,1.9206531760994778,0.7775923789876429,feb,10.25
qwen3-235b-a22b-instruct-2507,2026-03-27 06:00:00,248.0,1.9452433400338975,0.7843723145297974,mar,12.0
qwen3-235b-a22b-instruct-2507,2026-03-27 07:00:00,249.0,1.9698335039683172,0.7910977927583603,mar,12.041666666666666
qwen3-235b-a22b-instruct-2507,2026-03-27 08:00:00,250.0,1.994423667902737,0.7977694671610948,mar,12.083333333333334
qwen3-235b-a22b-instruct-2507,2026-03-27 09:00:00,251.0,2.0190138318371567,0.8043879808116163,mar,12.125
qwen3-235b-a22b-instruct-2507,2026-03-27 10:00:00,252.0,2.0436039957715764,0.8109539665760224,mar,12.166666666666666
qwen3-235b-a22b-instruct-2507,2026-03-27 11:00:00,253.0,2.068194159705996,0.8174680473146229,mar,12.208333333333334
qwen3-235b-a22b-instruct-2507,2026-03-27 12:00:00,254.0,2.0933094851801,0.8241375925905906,mar,12.25
qwen3-235b-a22b-instruct-2507,2026-03-27 13:00:00,255.0,2.1184248106542327,0.8307548277075423,mar,12.291666666666666
qwen3-235b-a22b-instruct-2507,2026-03-27 14:00:00,256.0,2.1435401361283652,0.8373203656751427,mar,12.333333333333334
qwen3-235b-a22b-instruct-2507,2026-03-27 15:00:00,257.0,2.1697074013926,0.8442441250554864,mar,12.375
qwen3-235b-a22b-instruct-2507,2026-03-27 16:00:00,258.0,2.1958746666568345,0.851114211882494,mar,12.416666666666666
qwen3-235b-a22b-instruct-2507,2026-03-27 17:00:00,259.0,2.222041931921069,0.8579312478459727,mar,12.458333333333334
qwen3-235b-a22b-instruct-2507,2026-03-27 18:00:00,260.0,2.2482091971853038,0.8646958450712706,mar,12.5
qwen3-235b-a22b-instruct-2507,2026-03-27 19:00:00,261.0,2.2743764624495384,0.8714086063025052,mar,12.541666666666666
qwen3-235b-a22b-instruct-2507,2026-03-27 20:00:00,262.0,2.300543727713773,0.8780701250815928,mar,12.583333333333334
qwen3-235b-a22b-instruct-2507,2026-03-27 21:00:00,263.0,2.3267109929780077,0.8846809859231968,mar,12.625
qwen3-235b-a22b-instruct-2507,2026-03-27 22:00:00,264.0,2.3528782582422423,0.8912417644856979,mar,12.666666666666666
qwen3-235b-a22b-instruct-2507,2026-03-27 23:00:00,265.0,2.379045523506477,0.8977530277382931,mar,12.708333333333334
qwen3-235b-a22b-instruct-2507,2026-03-28 00:00:00,266.0,2.4052127887707115,0.9042153341243275,mar,12.75
qwen3-235b-a22b-instruct-2507,2026-03-28 01:00:00,267.0,2.431380054034946,0.9106292337209536,mar,12.791666666666666
qwen3-235b-a22b-instruct-2507,2026-03-28 02:00:00,268.0,2.457547319299181,0.9169952683952167,mar,12.833333333333334
qwen3-235b-a22b-instruct-2507,2026-03-28 03:00:00,269.0,2.4837145845634154,0.92331397195666,mar,12.875
qwen3-235b-a22b-instruct-2507,2026-03-28 04:00:00,270.0,2.50988184982765,0.929585870306537,mar,12.916666666666666
qwen3-235b-a22b-instruct-2507,2026-03-28 05:00:00,271.0,2.5360491150918847,0.9358114815837213,mar,12.958333333333334
qwen3-235b-a22b-instruct-2507,2026-03-28 06:00:00,272.0,2.5622163803561193,0.9419913163073967,mar,13.0
qwen3-235b-a22b-instruct-2507,2026-03-28 07:00:00,273.0,2.588383645620354,0.9481258775166133,mar,13.041666666666666
qwen3-235b-a22b-instruct-2507,2026-03-28 08:00:00,274.0,2.615605011824755,0.9546003692791077,mar,13.083333333333334
qwen3-235b-a22b-instruct-2507,2026-03-28 09:00:00,275.0,2.642826378029156,0.9610277738287839,mar,13.125
qwen3-235b-a22b-instruct-2507,2026-03-28 10:00:00,276.0,2.670047744233557,0.9674086029831728,mar,13.166666666666666
qwen3-235b-a22b-instruct-2507,2026-03-28 11:00:00,277.0,2.697796973421646,0.9739339254229769,mar,13.208333333333334
qwen3-235b-a22b-instruct-2507,2026-03-28 12:00:00,278.0,2.725546202609735,0.980412303097027,mar,13.25
qwen3-235b-a22b-instruct-2507,2026-03-28 13:00:00,279.0,2.7532954317978238,0.9868442407877505,mar,13.291666666666666
qwen3-235b-a22b-instruct-2507,2026-03-28 14:00:00,280.0,2.7810446609859127,0.9932302360663975,mar,13.333333333333334
qwen3-235b-a22b-instruct-2507,2026-03-28 15:00:00,281.0,2.8087938901740017,0.999570779421353,mar,13.375
qwen3-235b-a22b-instruct-2507,2026-03-28 16:00:00,282.0,2.8365431193620907,1.00586635438372,mar,13.416666666666666
qwen3-235b-a22b-instruct-2507,2026-03-28 17:00:00,283.0,2.8642923485501797,1.0121174376502402,mar,13.458333333333334
qwen3-235b-a22b-instruct-2507,2026-03-28 18:00:00,284.0,2.8920415777382686,1.0183244992036158,mar,13.5
qwen3-235b-a22b-instruct-2507,2026-03-28 19:00:00,285.0,2.9166317416726883,1.0233795584816452,mar,13.541666666666666
qwen3-235b-a22b-instruct-2507,2026-03-28 20:00:00,286.0,2.941221905607108,1.028399267694793,mar,13.583333333333334
qwen3-235b-a22b-instruct-2507,2026-03-28 21:00:00,287.0,2.9658120695415278,1.033383996355933,mar,13.625
qwen3-235b-a22b-instruct-2507,2026-03-28 22:00:00,288.0,2.9904022334759475,1.0383341088458151,mar,13.666666666666666
qwen3-235b-a22b-instruct-2507,2026-03-28 23:00:00,289.0,3.014992397410367,1.0432499645018571,mar,13.708333333333334
qwen3-235b-a22b-instruct-2507,2026-03-29 00:00:00,290.0,3.039582561344787,1.048131917705099,mar,13.75
qwen3-235b-a22b-instruct-2507,2026-03-29 01:00:00,291.0,3.062600464158095,1.0524400220474552,mar,13.791666666666666
qwen3-235b-a22b-instruct-2507,2026-03-29 02:00:00,292.0,3.085618366971403,1.0567186188258229,mar,13.833333333333334
qwen3-235b-a22b-instruct-2507,2026-03-29 03:00:00,293.0,3.1086362697847107,1.0609680101654302,mar,13.875
qwen3-235b-a22b-instruct-2507,2026-03-29 04:00:00,294.0,3.130086729437437,1.064655350148788,mar,13.916666666666666
qwen3-235b-a22b-instruct-2507,2026-03-29 05:00:00,295.0,3.1515371890901633,1.0683176912170045,mar,13.958333333333334
qwen3-235b-a22b-instruct-2507,2026-03-29 06:00:00,296.0,3.1729876487428896,1.0719552867374627,mar,14.0
qwen3-235b-a22b-instruct-2507,2026-03-29 07:00:00,297.0,3.194438108395616,1.0755683866651906,mar,14.041666666666666
qwen3-235b-a22b-instruct-2507,2026-03-29 08:00:00,298.0,3.215888568048342,1.0791572376001148,mar,14.083333333333334
qwen3-235b-a22b-instruct-2507,2026-03-29 09:00:00,299.0,3.2373390277010685,1.0827220828431667,mar,14.125
qwen3-235b-a22b-instruct-2507,2026-03-29 10:00:00,300.0,3.258789487353795,1.0862631624512649,mar,14.166666666666666
qwen3-235b-a22b-instruct-2507,2026-03-29 11:00:00,301.0,3.280239947006521,1.0897807132912032,mar,14.208333333333334
qwen3-235b-a22b-instruct-2507,2026-03-29 12:00:00,302.0,3.3016904066592474,1.093274969092466,mar,14.25
qwen3-235b-a22b-instruct-2507,2026-03-29 13:00:00,303.0,3.3231408663119737,1.0967461604990012,mar,14.291666666666666
qwen3-235b-a22b-instruct-2507,2026-03-29 14:00:00,304.0,3.3445913259647,1.1001945151199672,mar,14.333333333333334
qwen3-235b-a22b-instruct-2507,2026-03-29 15:00:00,305.0,3.3660417856174263,1.103620257579484,mar,14.375
qwen3-235b-a22b-instruct-2507,2026-03-29 16:00:00,306.0,3.388536673142994,1.1073649258637235,mar,14.416666666666666
qwen3-235b-a22b-instruct-2507,2026-03-29 17:00:00,307.0,3.4110315606685617,1.111085198914841,mar,14.458333333333334
qwen3-235b-a22b-instruct-2507,2026-03-29 18:00:00,308.0,3.4335264481941294,1.1147813143487433,mar,14.5
qwen3-235b-a22b-instruct-2507,2026-03-29 19:00:00,309.0,3.45445549362546,1.1179467616910874,mar,14.541666666666666
qwen3-235b-a22b-instruct-2507,2026-03-29 20:00:00,310.0,3.4738234854705183,1.120588221119522,mar,14.583333333333334
qwen3-235b-a22b-instruct-2507,2026-03-29 21:00:00,311.0,3.4931914773155768,1.1232126936706035,mar,14.625
qwen3-235b-a22b-instruct-2507,2026-03-29 22:00:00,312.0,3.512559469160635,1.1258203426796909,mar,14.666666666666666
qwen3-235b-a22b-instruct-2507,2026-03-29 23:00:00,313.0,3.5319274610056937,1.1284113293947902,mar,14.708333333333334
qwen3-235b-a22b-instruct-2507,2026-03-30 00:00:00,314.0,3.551295452850752,1.1309858130097936,mar,14.75
qwen3-235b-a22b-instruct-2507,2026-03-30 01:00:00,315.0,3.5706634446958105,1.1335439506970828,mar,14.791666666666668
qwen3-235b-a22b-instruct-2507,2026-03-30 02:00:00,316.0,3.590031436540869,1.1360858976395156,mar,14.833333333333332
qwen3-235b-a22b-instruct-2507,2026-03-30 03:00:00,317.0,3.6093994283859274,1.1386118070618068,mar,14.875
qwen3-235b-a22b-instruct-2507,2026-03-30 04:00:00,318.0,3.628767420230986,1.1411218302613162,mar,14.916666666666668
qwen3-235b-a22b-instruct-2507,2026-03-30 05:00:00,319.0,3.6481354120760443,1.1436161166382584,mar,14.958333333333332
qwen3-235b-a22b-instruct-2507,2026-03-30 06:00:00,320.0,3.6675034039211027,1.1460948137253446,mar,15.0
qwen3-235b-a22b-instruct-2507,2026-03-30 07:00:00,321.0,3.686871395766161,1.1485580672168725,mar,15.041666666666668
qwen3-235b-a22b-instruct-2507,2026-03-30 08:00:00,322.0,3.7062393876112196,1.151006020997273,mar,15.083333333333332
qwen3-235b-a22b-instruct-2507,2026-03-30 09:00:00,323.0,3.725607379456278,1.1534388171691263,mar,15.125
qwen3-235b-a22b-instruct-2507,2026-03-30 10:00:00,324.0,3.743419084290906,1.155376260583613,mar,15.166666666666668
qwen3-235b-a22b-instruct-2507,2026-03-30 11:00:00,325.0,3.761230789125534,1.157301781269395,mar,15.208333333333332
qwen3-235b-a22b-instruct-2507,2026-03-30 12:00:00,326.0,3.779042493960162,1.159215488944835,mar,15.25
qwen3-235b-a22b-instruct-2507,2026-03-30 13:00:00,327.0,3.79685419879479,1.1611174919861744,mar,15.291666666666668
qwen3-235b-a22b-instruct-2507,2026-03-30 14:00:00,328.0,3.814665903629418,1.1630078974479934,mar,15.333333333333332
qwen3-235b-a22b-instruct-2507,2026-03-30 15:00:00,329.0,3.832477608464046,1.1648868110832968,mar,15.375
qwen3-235b-a22b-instruct-2507,2026-03-30 16:00:00,330.0,3.850289313298674,1.1667543373632345,mar,15.416666666666668
qwen3-235b-a22b-instruct-2507,2026-03-30 17:00:00,331.0,3.868101018133302,1.1686105794964659,mar,15.458333333333332
qwen3-235b-a22b-instruct-2507,2026-03-30 18:00:00,332.0,3.88591272296793,1.1704556394481718,mar,15.5
qwen3-235b-a22b-instruct-2507,2026-03-30 19:00:00,333.0,3.9037244278025582,1.172289617958726,mar,15.541666666666668
qwen3-235b-a22b-instruct-2507,2026-03-30 20:00:00,334.0,3.9215361326371863,1.174112614562032,mar,15.583333333333332
qwen3-235b-a22b-instruct-2507,2026-03-30 21:00:00,335.0,3.9393478374718143,1.1759247276035267,mar,15.625
qwen3-235b-a22b-instruct-2507,2026-03-30 22:00:00,336.0,3.9571595423064423,1.1777260542578696,mar,15.666666666666668
qwen3-235b-a22b-instruct-2507,2026-03-30 23:00:00,337.0,3.9749712471410703,1.1795166905463117,mar,15.708333333333332
qwen3-235b-a22b-instruct-2507,2026-03-31 00:00:00,338.0,3.9927829519756983,1.181296731353757,mar,15.75
qwen3-235b-a22b-instruct-2507,2026-03-31 01:00:00,339.0,4.010594656810326,1.183066270445524,mar,15.791666666666668
qwen3-235b-a22b-instruct-2507,2026-03-31 02:00:00,340.0,4.028406361644954,1.1848254004838101,mar,15.833333333333332
qwen3-235b-a22b-instruct-2507,2026-03-31 03:00:00,341.0,4.046218066479582,1.186574213043866,mar,15.875
qwen3-235b-a22b-instruct-2507,2026-03-31 04:00:00,342.0,4.06402977131421,1.188312798629886,mar,15.916666666666668
qwen3-235b-a22b-instruct-2507,2026-03-31 05:00:00,343.0,4.079258197710146,1.1892881042886725,mar,15.958333333333332
qwen3-235b-a22b-instruct-2507,2026-03-31 06:00:00,344.0,4.094486624106082,1.1902577395657217,mar,16.0
qwen3-235b-a22b-instruct-2507,2026-03-31 07:00:00,345.0,4.109715050502018,1.1912217537687009,mar,16.041666666666668
qwen3-235b-a22b-instruct-2507,2026-03-31 08:00:00,346.0,4.124943476897954,1.192180195635247,mar,16.083333333333332
qwen3-235b-a22b-instruct-2507,2026-03-31 09:00:00,347.0,4.14017190329389,1.1931331133411787,mar,16.125
qwen3-235b-a22b-instruct-2507,2026-03-31 10:00:00,348.0,4.155400329689826,1.1940805545085706,mar,16.166666666666668
qwen3-235b-a22b-instruct-2507,2026-03-31 11:00:00,349.0,4.170628756085762,1.1950225662136853,mar,16.208333333333332
qwen3-235b-a22b-instruct-2507,2026-03-31 12:00:00,350.0,4.185857182481698,1.1959591949947708,mar,16.25
qwen3-235b-a22b-instruct-2507,2026-03-31 13:00:00,351.0,4.201085608877634,1.1968904868597248,mar,16.291666666666668
qwen3-235b-a22b-instruct-2507,2026-03-31 14:00:00,352.0,4.2163140352735695,1.1978164872936277,mar,16.333333333333332
qwen3-235b-a22b-instruct-2507,2026-03-31 15:00:00,353.0,4.231542461669505,1.1987372412661488,mar,16.375
qwen3-235b-a22b-instruct-2507,2026-03-31 16:00:00,354.0,4.246770888065441,1.1996527932388252,mar,16.416666666666668
qwen3-235b-a22b-instruct-2507,2026-03-31 17:00:00,355.0,4.261999314461377,1.200563187172219,mar,16.458333333333332
qwen3-235b-a22b-instruct-2507,2026-03-31 18:00:00,356.0,4.277227740857313,1.2014684665329531,mar,16.5
qwen3-235b-a22b-instruct-2507,2026-03-31 20:00:00,357.0,4.2940045583458755,1.2028023972957635,mar,16.583333333333332
qwen3-235b-a22b-instruct-2507,2026-03-31 21:00:00,358.0,4.310781375834438,1.2041288759314073,mar,16.625
qwen3-235b-a22b-instruct-2507,2026-03-31 22:00:00,359.0,4.327558193323,1.2054479647139276,mar,16.666666666666668
qwen3-235b-a22b-instruct-2507,2026-03-31 23:00:00,360.0,4.344335010811562,1.206759725225434,mar,16.708333333333332
qwen3-235b-a22b-instruct-2507,2026-04-01 00:00:00,361.0,4.361111828300125,1.2080642183656853,mar,16.75
qwen3-235b-a22b-instruct-2507,2026-04-01 01:00:00,362.0,4.377888645788687,1.2093615043615158,mar,16.791666666666668
qwen3-235b-a22b-instruct-2507,2026-04-01 02:00:00,363.0,4.394665463277249,1.2106516427761016,mar,16.833333333333332
qwen3-235b-a22b-instruct-2507,2026-04-01 03:00:00,364.0,4.411442280765812,1.21193469251808,mar,16.875
qwen3-235b-a22b-instruct-2507,2026-04-01 04:00:00,365.0,4.428219098254374,1.2132107118505133,mar,16.916666666666668
qwen3-235b-a22b-instruct-2507,2026-04-01 05:00:00,366.0,4.444479260855985,1.214338595862291,mar,16.958333333333332
qwen3-235b-a22b-instruct-2507,2026-04-01 06:00:00,367.0,4.461256078344547,1.2156011112655443,mar,17.0
qwen3-235b-a22b-instruct-2507,2026-04-01 07:00:00,368.0,4.47803289583311,1.2168567651720408,mar,17.041666666666668
qwen3-235b-a22b-instruct-2507,2026-04-01 08:00:00,369.0,4.495844600667738,1.2183860706416634,mar,17.083333333333332
qwen3-235b-a22b-instruct-2507,2026-04-01 09:00:00,370.0,4.513138598633134,1.2197671888197659,mar,17.125
qwen3-235b-a22b-instruct-2507,2026-04-01 10:00:00,371.0,4.529398761234745,1.220862199793732,mar,17.166666666666668
qwen3-235b-a22b-instruct-2507,2026-04-01 11:00:00,372.0,4.545142793738535,1.2218125789619716,mar,17.208333333333332
qwen3-235b-a22b-instruct-2507,2026-04-01 12:00:00,373.0,4.560886826242324,1.2227578622633577,mar,17.25
qwen3-235b-a22b-instruct-2507,2026-04-01 13:00:00,374.0,4.577146988843936,1.2238360932737795,mar,17.291666666666668
qwen3-235b-a22b-instruct-2507,2026-04-01 14:00:00,375.0,4.59547692774413,1.2254605140651014,mar,17.333333333333332
qwen3-235b-a22b-instruct-2507,2026-04-01 15:00:00,376.0,4.613806866644325,1.227076294320299,mar,17.375
qwen3-235b-a22b-instruct-2507,2026-04-01 16:00:00,377.0,4.632136805544519,1.2286835027969547,mar,17.416666666666668
qwen3-235b-a22b-instruct-2507,2026-04-01 17:00:00,378.0,4.650466744444714,1.2302822075250566,mar,17.458333333333332
qwen3-235b-a22b-instruct-2507,2026-04-01 18:00:00,379.0,4.668796683344908,1.2318724758165984,mar,17.5
qwen3-235b-a22b-instruct-2507,2026-04-01 19:00:00,380.0,4.687126622245103,1.233454374275027,mar,17.541666666666668
qwen3-235b-a22b-instruct-2507,2026-04-01 20:00:00,381.0,4.705456561145297,1.2350279688045398,mar,17.583333333333332
qwen3-235b-a22b-instruct-2507,2026-04-01 21:00:00,382.0,4.720684987541233,1.2357814103511082,mar,17.625
qwen3-235b-a22b-instruct-2507,2026-04-01 22:00:00,383.0,4.735913413937169,1.2365309174770678,mar,17.666666666666668
qwen3-235b-a22b-instruct-2507,2026-04-01 23:00:00,384.0,4.751141840333105,1.2372765209200796,mar,17.708333333333332
qwen3-235b-a22b-instruct-2507,2026-04-02 00:00:00,385.0,4.766370266729041,1.238018251098452,mar,17.75
qwen3-235b-a22b-instruct-2507,2026-04-02 01:00:00,386.0,4.781598693124977,1.238756138115279,mar,17.791666666666668
qwen3-235b-a22b-instruct-2507,2026-04-02 02:00:00,387.0,4.796312036605457,1.239357115401927,mar,17.833333333333332
qwen3-235b-a22b-instruct-2507,2026-04-02 03:00:00,388.0,4.811025380085937,1.2399549948675095,mar,17.875
qwen3-235b-a22b-instruct-2507,2026-04-02 04:00:00,389.0,4.82522416304738,1.240417522634288,mar,17.916666666666668
qwen3-235b-a22b-instruct-2507,2026-04-02 05:00:00,390.0,4.839422946008824,1.2408776784638011,mar,17.958333333333332
qwen3-235b-a22b-instruct-2507,2026-04-02 06:00:00,391.0,4.853621728970268,1.2413354805550556,mar,18.0
qwen3-235b-a22b-instruct-2507,2026-04-02 07:00:00,392.0,4.867820511931711,1.241790946921355,mar,18.041666666666668
qwen3-235b-a22b-instruct-2507,2026-04-02 08:00:00,393.0,4.882019294893155,1.2422440953926603,mar,18.083333333333332
qwen3-235b-a22b-instruct-2507,2026-04-02 09:00:00,394.0,4.896732638373635,1.242825542734425,mar,18.125
qwen3-235b-a22b-instruct-2507,2026-04-02 10:00:00,395.0,4.912476670877425,1.243664979968968,mar,18.166666666666668
qwen3-235b-a22b-instruct-2507,2026-04-02 11:00:00,396.0,4.928220703381214,1.2445001776215188,mar,18.208333333333332
qwen3-235b-a22b-instruct-2507,2026-04-02 12:00:00,397.0,4.943964735885004,1.24533116772922,mar,18.25
qwen3-235b-a22b-instruct-2507,2026-04-02 13:00:00,398.0,4.9597087683887935,1.2461579820072346,mar,18.291666666666668
qwen3-235b-a22b-instruct-2507,2026-04-02 14:00:00,399.0,4.975452800892583,1.2469806518527777,mar,18.333333333333332
qwen3-235b-a22b-instruct-2507,2026-04-02 15:00:00,400.0,4.991196833396373,1.2477992083490932,mar,18.375
qwen3-235b-a22b-instruct-2507,2026-04-02 16:00:00,401.0,5.014214736209681,1.250427615014883,mar,18.416666666666668
qwen3-235b-a22b-instruct-2507,2026-04-02 17:00:00,402.0,5.034622899474982,1.252393756088304,mar,18.458333333333332
qwen3-235b-a22b-instruct-2507,2026-04-02 18:00:00,403.0,5.055031062740284,1.2543501396377876,mar,18.5
qwen3-235b-a22b-instruct-2507,2026-04-02 19:00:00,404.0,5.07025948913622,1.2550147250337178,mar,18.541666666666668
qwen3-235b-a22b-instruct-2507,2026-04-02 20:00:00,405.0,5.086003521640009,1.2558033386765455,mar,18.583333333333332
qwen3-235b-a22b-instruct-2507,2026-04-02 21:00:00,406.0,5.101747554143799,1.2565880675231031,mar,18.625
qwen3-235b-a22b-instruct-2507,2026-04-02 22:00:00,407.0,5.1174915866475885,1.2573689402082528,mar,18.666666666666668
qwen3-235b-a22b-instruct-2507,2026-04-02 23:00:00,408.0,5.133235619151378,1.258145985086122,mar,18.708333333333332
qwen3-235b-a22b-instruct-2507,2026-04-03 00:00:00,409.0,5.148979651655168,1.2589192302335372,mar,18.75
qwen3-235b-a22b-instruct-2507,2026-04-03 01:00:00,410.0,5.164723684158957,1.2596887034534043,mar,18.791666666666664
qwen3-235b-a22b-instruct-2507,2026-04-03 02:00:00,411.0,5.180467716662747,1.2604544322780407,mar,18.833333333333336
qwen3-235b-a22b-instruct-2507,2026-04-03 03:00:00,412.0,5.196211749166537,1.2612164439724605,mar,18.875
qwen3-235b-a22b-instruct-2507,2026-04-03 04:00:00,413.0,5.212471911768148,1.2620997365056048,mar,18.916666666666664
qwen3-235b-a22b-instruct-2507,2026-04-03 05:00:00,414.0,5.22924872925671,1.2631035577914758,mar,18.958333333333336
qwen3-235b-a22b-instruct-2507,2026-04-03 07:00:00,415.0,5.239860149165736,1.2626169034134305,mar,19.041666666666664
qwen3-235b-a22b-instruct-2507,2026-04-03 08:00:00,416.0,5.250471569074762,1.2621325887198946,mar,19.083333333333336
qwen3-235b-a22b-instruct-2507,2026-04-03 09:00:00,417.0,5.261082988983787,1.261650596878606,mar,19.125
qwen3-235b-a22b-instruct-2507,2026-04-03 10:00:00,418.0,5.271694408892813,1.2611709112183762,mar,19.166666666666664
qwen3-235b-a22b-instruct-2507,2026-04-03 11:00:00,419.0,5.282305828801839,1.2606935152271692,mar,19.208333333333336
qwen3-235b-a22b-instruct-2507,2026-04-03 12:00:00,420.0,5.292917248710864,1.2602183925502057,mar,19.25
qwen3-235b-a22b-instruct-2507,2026-04-03 13:00:00,421.0,5.30352866861989,1.2597455269880975,mar,19.291666666666664
qwen3-235b-a22b-instruct-2507,2026-04-03 14:00:00,422.0,5.314140088528916,1.2592749024950036,mar,19.333333333333336
qwen3-235b-a22b-instruct-2507,2026-04-03 15:00:00,423.0,5.3247515084379415,1.2588065031768183,mar,19.375
qwen3-235b-a22b-instruct-2507,2026-04-03 16:00:00,424.0,5.335362928346967,1.2583403132893791,mar,19.416666666666664
qwen3-235b-a22b-instruct-2507,2026-04-03 17:00:00,425.0,5.345974348255993,1.2578763172367042,mar,19.458333333333336
qwen3-235b-a22b-instruct-2507,2026-04-03 18:00:00,426.0,5.356585768165019,1.2574144995692533,mar,19.5
qwen3-235b-a22b-instruct-2507,2026-04-03 19:00:00,427.0,5.36821955673355,1.2571942755816274,mar,19.541666666666664
qwen3-235b-a22b-instruct-2507,2026-04-03 20:00:00,428.0,5.379853345302081,1.2569750806780564,mar,19.583333333333336
qwen3-235b-a22b-instruct-2507,2026-04-03 21:00:00,429.0,5.391487133870612,1.2567569076621474,mar,19.625
qwen3-235b-a22b-instruct-2507,2026-04-03 22:00:00,430.0,5.403120922439143,1.256539749404452,mar,19.666666666666664
qwen3-235b-a22b-instruct-2507,2026-04-03 23:00:00,431.0,5.414754711007674,1.2563235988416879,mar,19.708333333333336
qwen3-235b-a22b-instruct-2507,2026-04-04 00:00:00,432.0,5.4263884995762055,1.2561084489759735,mar,19.75
qwen3-235b-a22b-instruct-2507,2026-04-04 01:00:00,433.0,5.438022288144737,1.2558942928740733,mar,19.791666666666664
qwen3-235b-a22b-instruct-2507,2026-04-04 02:00:00,434.0,5.449656076713268,1.2556811236666516,mar,19.833333333333336
qwen3-235b-a22b-instruct-2507,2026-04-04 03:00:00,435.0,5.461289865281799,1.2554689345475398,mar,19.875
qwen3-235b-a22b-instruct-2507,2026-04-04 04:00:00,436.0,5.47292365385033,1.2552577187730114,mar,19.916666666666664
qwen3-235b-a22b-instruct-2507,2026-04-04 05:00:00,437.0,5.484557442418861,1.2550474696610665,mar,19.958333333333336
qwen3-235b-a22b-instruct-2507,2026-04-04 06:00:00,438.0,5.496191230987392,1.2548381805907287,mar,20.0
qwen3-235b-a22b-instruct-2507,2026-04-04 07:00:00,439.0,5.5078250195559235,1.2546298450013493,mar,20.041666666666664
qwen3-235b-a22b-instruct-2507,2026-04-04 08:00:00,440.0,5.519458808124455,1.2544224563919215,mar,20.083333333333336
qwen3-235b-a22b-instruct-2507,2026-04-04 09:00:00,441.0,5.531092596692986,1.254216008320405,mar,20.125
qwen3-235b-a22b-instruct-2507,2026-04-04 10:00:00,442.0,5.542726385261517,1.2540104944030581,mar,20.166666666666664
qwen3-235b-a22b-instruct-2507,2026-04-04 11:00:00,443.0,5.553848731065386,1.2536904584797712,mar,20.208333333333336
qwen3-235b-a22b-instruct-2507,2026-04-04 12:00:00,444.0,5.564971076869256,1.2533718641597422,mar,20.25
qwen3-235b-a22b-instruct-2507,2026-04-04 13:00:00,445.0,5.576093422673125,1.2530547017242977,mar,20.291666666666664
qwen3-235b-a22b-instruct-2507,2026-04-04 14:00:00,446.0,5.588239171660973,1.2529684241392316,mar,20.333333333333336
qwen3-235b-a22b-instruct-2507,2026-04-04 15:00:00,447.0,5.600384920648821,1.2528825325836288,mar,20.375
qwen3-235b-a22b-instruct-2507,2026-04-04 16:00:00,448.0,5.612530669636669,1.2527970244724709,mar,20.416666666666664
qwen3-235b-a22b-instruct-2507,2026-04-04 17:00:00,449.0,5.624676418624517,1.2527118972437679,mar,20.458333333333336
qwen3-235b-a22b-instruct-2507,2026-04-04 18:00:00,450.0,5.636822167612365,1.2526271483583034,mar,20.5
qwen3-235b-a22b-instruct-2507,2026-04-04 19:00:00,451.0,5.648967916600213,1.252542775299382,mar,20.541666666666664
qwen3-235b-a22b-instruct-2507,2026-04-04 20:00:00,452.0,5.661113665588061,1.25245877557258,mar,20.583333333333336
qwen3-235b-a22b-instruct-2507,2026-04-04 21:00:00,453.0,5.673259414575909,1.2523751467054989,mar,20.625
qwen3-235b-a22b-instruct-2507,2026-04-04 22:00:00,454.0,5.6854051635637575,1.2522918862475236,mar,20.666666666666664
qwen3-235b-a22b-instruct-2507,2026-04-04 23:00:00,455.0,5.6975509125516055,1.2522089917695836,mar,20.708333333333336
qwen3-235b-a22b-instruct-2507,2026-04-05 00:00:00,456.0,5.7096966615394535,1.252126460863915,mar,20.75
qwen3-235b-a22b-instruct-2507,2026-04-05 01:00:00,457.0,5.721842410527302,1.2520442911438296,mar,20.791666666666664
qwen3-235b-a22b-instruct-2507,2026-04-05 02:00:00,458.0,5.73398815951515,1.2519624802434826,mar,20.833333333333336
qwen3-235b-a22b-instruct-2507,2026-04-05 03:00:00,459.0,5.746133908502998,1.2518810258176467,mar,20.875
qwen3-235b-a22b-instruct-2507,2026-04-05 04:00:00,460.0,5.758279657490846,1.2517999255414882,mar,20.916666666666664
qwen3-235b-a22b-instruct-2507,2026-04-05 05:00:00,461.0,5.770425406478694,1.2517191771103457,mar,20.958333333333336
qwen3-235b-a22b-instruct-2507,2026-04-05 06:00:00,462.0,5.782571155466542,1.2516387782395113,mar,21.0
qwen3-235b-a22b-instruct-2507,2026-04-05 07:00:00,463.0,5.79471690445439,1.2515587266640151,mar,21.041666666666664
qwen3-235b-a22b-instruct-2507,2026-04-05 08:00:00,464.0,5.806862653442238,1.2514790201384134,mar,21.083333333333336
qwen3-235b-a22b-instruct-2507,2026-04-05 09:00:00,465.0,5.819008402430086,1.2513996564365777,mar,21.125
qwen3-235b-a22b-instruct-2507,2026-04-05 10:00:00,466.0,5.831154151417934,1.251320633351488,mar,21.166666666666664
qwen3-235b-a22b-instruct-2507,2026-04-05 11:00:00,467.0,5.843299900405782,1.2512419486950281,mar,21.208333333333336
qwen3-235b-a22b-instruct-2507,2026-04-05 12:00:00,468.0,5.85544564939363,1.2511636002977842,mar,21.25
qwen3-235b-a22b-instruct-2507,2026-04-05 13:00:00,469.0,5.867591398381478,1.251085586008844,mar,21.291666666666664
qwen3-235b-a22b-instruct-2507,2026-04-05 14:00:00,470.0,5.881276142426088,1.2513353494523591,mar,21.333333333333336
qwen3-235b-a22b-instruct-2507,2026-04-05 15:00:00,471.0,5.894960886470699,1.2515840523292354,mar,21.375
qwen3-235b-a22b-instruct-2507,2026-04-05 16:00:00,472.0,5.908645630515309,1.2518317013803621,mar,21.416666666666664
qwen3-235b-a22b-instruct-2507,2026-04-05 17:00:00,473.0,5.92233037455992,1.2520783032896237,mar,21.458333333333336
qwen3-235b-a22b-instruct-2507,2026-04-05 18:00:00,474.0,5.93601511860453,1.2523238646845,mar,21.5
qwen3-235b-a22b-instruct-2507,2026-04-05 19:00:00,475.0,5.94969986264914,1.252568392136661,mar,21.541666666666664
qwen3-235b-a22b-instruct-2507,2026-04-05 20:00:00,476.0,5.963384606693751,1.2528118921625526,mar,21.583333333333336
qwen3-235b-a22b-instruct-2507,2026-04-05 21:00:00,477.0,5.9791286391975405,1.253486087882084,mar,21.625
qwen3-235b-a22b-instruct-2507,2026-04-05 22:00:00,478.0,5.99487267170133,1.254157462699023,mar,21.666666666666664
qwen3-235b-a22b-instruct-2507,2026-04-05 23:00:00,479.0,6.01061670420512,1.2548260342808184,mar,21.708333333333336
qwen3-235b-a22b-instruct-2507,2026-04-06 00:00:00,480.0,6.026360736708909,1.2554918201476895,mar,21.75
qwen3-235b-a22b-instruct-2507,2026-04-06 01:00:00,481.0,6.042104769212699,1.2561548376741578,mar,21.791666666666664
qwen3-235b-a22b-instruct-2507,2026-04-06 02:00:00,482.0,6.057848801716489,1.256815104090558,mar,21.833333333333336
qwen3-235b-a22b-instruct-2507,2026-04-06 03:00:00,483.0,6.073592834220278,1.2574726364845297,mar,21.875
qwen3-235b-a22b-instruct-2507,2026-04-06 04:00:00,484.0,6.089336866724068,1.2581274518024934,mar,21.916666666666664
qwen3-235b-a22b-instruct-2507,2026-04-06 05:00:00,485.0,6.105080899227858,1.2587795668511046,mar,21.958333333333336
qwen3-235b-a22b-instruct-2507,2026-04-06 06:00:00,486.0,6.120824931731647,1.2594289982986928,mar,22.0
qwen3-235b-a22b-instruct-2507,2026-04-06 07:00:00,487.0,6.136568964235437,1.2600757626766812,mar,22.041666666666664
qwen3-235b-a22b-instruct-2507,2026-04-06 08:00:00,488.0,6.1523129967392265,1.260719876380989,mar,22.083333333333336
qwen3-235b-a22b-instruct-2507,2026-04-06 09:00:00,489.0,6.1644587457270745,1.2606255103736348,mar,22.125
qwen3-235b-a22b-instruct-2507,2026-04-06 10:00:00,490.0,6.176604494714923,1.2605315295336577,mar,22.166666666666664
qwen3-235b-a22b-instruct-2507,2026-04-06 11:00:00,491.0,6.188750243702771,1.2604379315076926,mar,22.208333333333336
qwen3-235b-a22b-instruct-2507,2026-04-06 12:00:00,492.0,6.200895992690619,1.2603447139615078,mar,22.25
qwen3-235b-a22b-instruct-2507,2026-04-06 13:00:00,493.0,6.213041741678467,1.2602518745798108,mar,22.291666666666664
qwen3-235b-a22b-instruct-2507,2026-04-06 14:00:00,494.0,6.225187490666315,1.2601594110660557,mar,22.333333333333336
qwen3-235b-a22b-instruct-2507,2026-04-06 15:00:00,495.0,6.237333239654163,1.260067321142255,mar,22.375
qwen3-235b-a22b-instruct-2507,2026-04-06 16:00:00,496.0,6.248455585458032,1.2597692712617001,mar,22.416666666666664
qwen3-235b-a22b-instruct-2507,2026-04-06 17:00:00,497.0,6.2595779312619015,1.2594724207770425,mar,22.458333333333336
qwen3-235b-a22b-instruct-2507,2026-04-06 18:00:00,498.0,6.272749157199087,1.2595881841765233,mar,22.5
qwen3-235b-a22b-instruct-2507,2026-04-06 19:00:00,499.0,6.285920383136272,1.2597034835944434,mar,22.541666666666664
qwen3-235b-a22b-instruct-2507,2026-04-06 20:00:00,500.0,6.299091609073457,1.2598183218146914,mar,22.583333333333336
qwen3-235b-a22b-instruct-2507,2026-04-06 21:00:00,501.0,6.3122628350106424,1.2599327015989306,mar,22.625
qwen3-235b-a22b-instruct-2507,2026-04-06 22:00:00,502.0,6.325434060947828,1.2600466256868181,mar,22.666666666666664
qwen3-235b-a22b-instruct-2507,2026-04-06 23:00:00,503.0,6.338605286885013,1.2601600967962252,mar,22.708333333333336
qwen3-235b-a22b-instruct-2507,2026-04-07 00:00:00,504.0,6.351776512822198,1.260273117623452,mar,22.75
qwen3-235b-a22b-instruct-2507,2026-04-07 01:00:00,505.0,6.364947738759383,1.2603856908434423,mar,22.791666666666664
qwen3-235b-a22b-instruct-2507,2026-04-07 02:00:00,506.0,6.378118964696569,1.2604978191099938,mar,22.833333333333336
qwen3-235b-a22b-instruct-2507,2026-04-07 03:00:00,507.0,6.391290190633754,1.2606095050559671,mar,22.875
qwen3-235b-a22b-instruct-2507,2026-04-07 04:00:00,508.0,6.404461416570939,1.260720751293492,mar,22.916666666666664
qwen3-235b-a22b-instruct-2507,2026-04-07 05:00:00,509.0,6.417632642508124,1.2608315604141698,mar,22.958333333333336
qwen3-235b-a22b-instruct-2507,2026-04-07 06:00:00,510.0,6.429266431076712,1.2606404766817083,mar,23.0
qwen3-235b-a22b-instruct-2507,2026-04-07 07:00:00,511.0,6.4409002196453,1.2604501408307829,mar,23.041666666666664
qwen3-235b-a22b-instruct-2507,2026-04-07 08:00:00,512.0,6.452534008213888,1.260260548479275,mar,23.083333333333336
qwen3-235b-a22b-instruct-2507,2026-04-07 09:00:00,513.0,6.464167796782476,1.2600716952792352,mar,23.125
qwen3-235b-a22b-instruct-2507,2026-04-07 10:00:00,514.0,6.475801585351064,1.2598835769165495,mar,23.166666666666664
qwen3-235b-a22b-instruct-2507,2026-04-07 11:00:00,515.0,6.487435373919652,1.2596961891106122,mar,23.208333333333336
qwen3-235b-a22b-instruct-2507,2026-04-07 12:00:00,516.0,6.49906916248824,1.259509527614,mar,23.25
qwen3-235b-a22b-instruct-2507,2026-04-07 13:00:00,517.0,6.510702951056828,1.2593235882121525,mar,23.291666666666664
qwen3-next-80b-a3b-instruct,2026-03-01 06:00:00,1.0,1.5,150.0,feb,0.0
qwen3-next-80b-a3b-instruct,2026-03-01 07:00:00,2.0,3.0,150.0,feb,0.041666666666666664
qwen3-next-80b-a3b-instruct,2026-03-01 08:00:00,3.0,4.5316455696202524,151.05485232067508,feb,0.08333333333333333
qwen3-next-80b-a3b-instruct,2026-03-01 09:00:00,4.0,6.0007813720893886,150.01953430223472,feb,0.125
qwen3-next-80b-a3b-instruct,2026-03-01 10:00:00,5.0,7.5007813720893886,150.01562744178779,feb,0.16666666666666666
qwen3-next-80b-a3b-instruct,2026-03-01 11:00:00,6.0,9.000781372089389,150.01302286815647,feb,0.20833333333333334
qwen3-next-80b-a3b-instruct,2026-03-01 12:00:00,7.0,10.564883936191954,150.92691337417077,feb,0.25
qwen3-next-80b-a3b-instruct,2026-03-01 13:00:00,8.0,12.128986500294516,151.61233125368145,feb,0.2916666666666667
qwen3-next-80b-a3b-instruct,2026-03-01 14:00:00,9.0,13.693089064397078,152.14543404885643,feb,0.3333333333333333
qwen3-next-80b-a3b-instruct,2026-03-01 15:00:00,10.0,15.25719162849964,152.5719162849964,feb,0.375
qwen3-next-80b-a3b-instruct,2026-03-01 16:00:00,11.0,16.821294192602203,152.92085629638365,feb,0.4166666666666667
qwen3-next-80b-a3b-instruct,2026-03-01 17:00:00,12.0,18.4186967900048,153.48913991670668,feb,0.4583333333333333
qwen3-next-80b-a3b-instruct,2026-03-01 18:00:00,13.0,19.982799354107364,153.71384118544128,feb,0.5
qwen3-next-80b-a3b-instruct,2026-03-01 19:00:00,14.0,21.580201951509963,154.1442996536426,feb,0.5416666666666666
qwen3-next-80b-a3b-instruct,2026-03-01 20:00:00,15.0,23.21178089887838,154.74520599252253,feb,0.5833333333333334
qwen3-next-80b-a3b-instruct,2026-03-01 21:00:00,16.0,24.8433598462468,155.2709990390425,feb,0.625
qwen3-next-80b-a3b-instruct,2026-03-01 22:00:00,17.0,26.510026512913463,155.9413324289027,feb,0.6666666666666666
qwen3-next-80b-a3b-instruct,2026-03-01 23:00:00,18.0,28.107429110316062,156.15238394620036,feb,0.7083333333333334
qwen3-next-80b-a3b-instruct,2026-03-02 00:00:00,19.0,29.73900805768448,156.52109504044464,feb,0.75
qwen3-next-80b-a3b-instruct,2026-03-02 01:00:00,20.0,31.270653627304732,156.35326813652367,feb,0.7916666666666666
qwen3-next-80b-a3b-instruct,2026-03-02 02:00:00,21.0,32.834756191407294,156.35598186384425,feb,0.8333333333333334
qwen3-next-80b-a3b-instruct,2026-03-02 03:00:00,22.0,34.334756191407294,156.06707359730586,feb,0.875
qwen3-next-80b-a3b-instruct,2026-03-02 04:00:00,23.0,35.834756191407294,155.80328778872737,feb,0.9166666666666666
qwen3-next-80b-a3b-instruct,2026-03-02 05:00:00,24.0,37.334756191407294,155.56148413086373,feb,0.9583333333333334
qwen3-next-80b-a3b-instruct,2026-03-02 06:00:00,25.0,38.834756191407294,155.33902476562918,feb,1.0
qwen3-next-80b-a3b-instruct,2026-03-02 07:00:00,26.0,40.334756191407294,155.13367765925884,feb,1.0416666666666667
qwen3-next-80b-a3b-instruct,2026-03-02 08:00:00,27.0,41.834756191407294,154.94354144965666,feb,1.0833333333333333
qwen3-next-80b-a3b-instruct,2026-03-02 09:00:00,28.0,43.334756191407294,154.7669863978832,feb,1.125
qwen3-next-80b-a3b-instruct,2026-03-02 10:00:00,29.0,44.803891993876434,154.49617928922908,feb,1.1666666666666667
qwen3-next-80b-a3b-instruct,2026-03-02 11:00:00,30.0,46.27302779634557,154.24342598781857,feb,1.2083333333333333
qwen3-next-80b-a3b-instruct,2026-03-02 12:00:00,31.0,47.74216359881471,154.0069793510152,feb,1.25
qwen3-next-80b-a3b-instruct,2026-03-02 13:00:00,32.0,49.273809168434965,153.98065365135926,feb,1.2916666666666667
qwen3-next-80b-a3b-instruct,2026-03-02 14:00:00,33.0,50.80545473805522,153.95592344865216,feb,1.3333333333333333
qwen3-next-80b-a3b-instruct,2026-03-02 15:00:00,34.0,52.33710030767547,153.93264796375138,feb,1.375
qwen3-next-80b-a3b-instruct,2026-03-02 16:00:00,35.0,53.86874587729572,153.9107025065592,feb,1.4166666666666667
qwen3-next-80b-a3b-instruct,2026-03-02 17:00:00,36.0,55.400391446915975,153.88997624143326,feb,1.4583333333333333
qwen3-next-80b-a3b-instruct,2026-03-02 18:00:00,37.0,56.93203701653623,153.87037031496277,feb,1.5
qwen3-next-80b-a3b-instruct,2026-03-02 19:00:00,38.0,58.4961395806388,153.93720942273367,feb,1.5416666666666667
qwen3-next-80b-a3b-instruct,2026-03-02 20:00:00,39.0,59.9961395806388,153.83625533497127,feb,1.5833333333333333
qwen3-next-80b-a3b-instruct,2026-03-02 21:00:00,40.0,61.4961395806388,153.74034895159699,feb,1.625
qwen3-next-80b-a3b-instruct,2026-03-02 22:00:00,41.0,63.060242144741366,153.80546864571065,feb,1.6666666666666667
qwen3-next-80b-a3b-instruct,2026-03-02 23:00:00,42.0,64.59188771436162,153.79020884371815,feb,1.7083333333333333
qwen3-next-80b-a3b-instruct,2026-03-03 00:00:00,43.0,66.12353328398187,153.77565879995785,feb,1.75
qwen3-next-80b-a3b-instruct,2026-03-03 01:00:00,44.0,67.65517885360212,153.76177012182302,feb,1.7916666666666667
qwen3-next-80b-a3b-instruct,2026-03-03 02:00:00,45.0,69.18682442322238,153.74849871827195,feb,1.8333333333333333
qwen3-next-80b-a3b-instruct,2026-03-03 03:00:00,46.0,70.71846999284263,153.73580433226658,feb,1.875
qwen3-next-80b-a3b-instruct,2026-03-03 04:00:00,47.0,72.1281085470595,153.46406073842448,feb,1.9166666666666667
qwen3-next-80b-a3b-instruct,2026-03-03 05:00:00,48.0,73.59724434952864,153.3275923948513,feb,1.9583333333333333
qwen3-next-80b-a3b-instruct,2026-03-03 06:00:00,49.0,72.59724434952864,148.15764152965028,feb,2.0
qwen3-next-80b-a3b-instruct,2026-03-03 07:00:00,50.0,71.59724434952864,143.19448869905727,feb,2.0416666666666665
qwen3-next-80b-a3b-instruct,2026-03-03 08:00:00,51.0,70.59724434952864,138.42596931280124,feb,2.0833333333333335
qwen3-next-80b-a3b-instruct,2026-03-03 09:00:00,52.0,69.59724434952864,133.8408545183243,feb,2.125
qwen3-next-80b-a3b-instruct,2026-03-03 10:00:00,53.0,68.59724434952864,129.42876292363894,feb,2.1666666666666665
qwen3-next-80b-a3b-instruct,2026-03-03 11:00:00,54.0,67.59724434952864,125.18008212875674,feb,2.2083333333333335
qwen3-next-80b-a3b-instruct,2026-03-03 12:00:00,55.0,66.59724434952864,121.08589881732479,feb,2.25
qwen3-next-80b-a3b-instruct,2026-03-03 13:00:00,56.0,65.59724434952864,117.137936338444,feb,2.2916666666666665
qwen3-next-80b-a3b-instruct,2026-03-03 14:00:00,57.0,64.59724434952864,113.32849885882217,feb,2.3333333333333335
qwen3-next-80b-a3b-instruct,2026-03-03 15:00:00,58.0,63.59724434952864,109.65042129229074,feb,2.375
qwen3-next-80b-a3b-instruct,2026-03-03 16:00:00,59.0,62.59724434952864,106.09702432123498,feb,2.4166666666666665
qwen3-next-80b-a3b-instruct,2026-03-03 17:00:00,60.0,61.59724434952864,102.66207391588107,feb,2.4583333333333335
qwen3-next-80b-a3b-instruct,2026-03-03 18:00:00,61.0,60.59724434952864,99.33974483529285,feb,2.5
qwen3-next-80b-a3b-instruct,2026-03-03 19:00:00,62.0,59.59724434952864,96.12458766053005,feb,2.5416666666666665
qwen3-next-80b-a3b-instruct,2026-03-03 20:00:00,63.0,58.59724434952864,93.01149896750577,feb,2.5833333333333335
qwen3-next-80b-a3b-instruct,2026-03-03 21:00:00,64.0,57.59724434952864,89.9956942961385,feb,2.625
qwen3-next-80b-a3b-instruct,2026-03-03 22:00:00,65.0,56.59724434952864,87.07268361465944,feb,2.6666666666666665
qwen3-next-80b-a3b-instruct,2026-03-03 23:00:00,66.0,55.59724434952864,84.23824901443733,feb,2.7083333333333335
qwen3-next-80b-a3b-instruct,2026-03-04 00:00:00,67.0,54.59724434952864,81.48842440228154,feb,2.75
qwen3-next-80b-a3b-instruct,2026-03-04 01:00:00,68.0,53.59724434952864,78.81947698460094,feb,2.7916666666666665
qwen3-next-80b-a3b-instruct,2026-03-04 02:00:00,69.0,52.59724434952864,76.2278903616357,feb,2.8333333333333335
qwen3-next-80b-a3b-instruct,2026-03-04 03:00:00,70.0,51.59724434952864,73.7103490707552,feb,2.875
qwen3-next-80b-a3b-instruct,2026-03-04 04:00:00,71.0,50.59724434952864,71.26372443595582,feb,2.9166666666666665
qwen3-next-80b-a3b-instruct,2026-03-04 05:00:00,72.0,49.59724434952864,68.88506159656755,feb,2.9583333333333335
qwen3-next-80b-a3b-instruct,2026-03-04 06:00:00,73.0,51.006882903745506,69.87244233389795,feb,3.0
qwen3-next-80b-a3b-instruct,2026-03-04 07:00:00,74.0,52.476018706214646,70.91353879218195,feb,3.0416666666666665
qwen3-next-80b-a3b-instruct,2026-03-04 08:00:00,75.0,53.94515450868377,71.92687267824502,feb,3.0833333333333335
qwen3-next-80b-a3b-instruct,2026-03-04 09:00:00,76.0,55.41429031115291,72.91353988309594,feb,3.125
qwen3-next-80b-a3b-instruct,2026-03-04 10:00:00,77.0,56.85331470139681,73.83547363817767,feb,3.1666666666666665
qwen3-next-80b-a3b-instruct,2026-03-04 11:00:00,78.0,58.32245050386595,74.77237244085379,feb,3.2083333333333335
qwen3-next-80b-a3b-instruct,2026-03-04 12:00:00,79.0,59.732089058082806,75.61023931402887,feb,3.25
qwen3-next-80b-a3b-instruct,2026-03-04 13:00:00,80.0,61.14172761229966,76.42715951537457,feb,3.2916666666666665
qwen3-next-80b-a3b-instruct,2026-03-04 14:00:00,81.0,62.551366166516516,77.22390884755126,feb,3.3333333333333335
qwen3-next-80b-a3b-instruct,2026-03-04 15:00:00,82.0,63.904307342987096,77.93208212559402,feb,3.375
qwen3-next-80b-a3b-instruct,2026-03-04 16:00:00,83.0,65.22988873833594,78.59022739558547,feb,3.4166666666666665
qwen3-next-80b-a3b-instruct,2026-03-04 17:00:00,84.0,66.61084111928832,79.29862038010515,feb,3.4583333333333335
qwen3-next-80b-a3b-instruct,2026-03-04 18:00:00,85.0,67.93642251463717,79.92520295839667,feb,3.5
qwen3-next-80b-a3b-instruct,2026-03-04 19:00:00,86.0,69.28936369110775,80.5690275477997,feb,3.5416666666666665
qwen3-next-80b-a3b-instruct,2026-03-04 20:00:00,87.0,70.6149450864566,81.16660354765126,feb,3.5833333333333335
qwen3-next-80b-a3b-instruct,2026-03-04 21:00:00,88.0,71.91379566116925,81.72022234223778,feb,3.625
qwen3-next-80b-a3b-instruct,2026-03-04 22:00:00,89.0,73.21264623588189,82.26140026503583,feb,3.6666666666666665
qwen3-next-80b-a3b-instruct,2026-03-04 23:00:00,90.0,74.53822763123074,82.8202529235897,feb,3.7083333333333335
qwen3-next-80b-a3b-instruct,2026-03-05 00:00:00,91.0,75.81095490395802,83.30874165270113,feb,3.75
qwen3-next-80b-a3b-instruct,2026-03-05 01:00:00,92.0,77.0836821766853,83.78661106161445,feb,3.7916666666666665
qwen3-next-80b-a3b-instruct,2026-03-05 02:00:00,93.0,78.35640944941258,84.25420370904578,feb,3.8333333333333335
qwen3-next-80b-a3b-instruct,2026-03-05 03:00:00,94.0,79.62913672213986,84.71184757674453,feb,3.875
qwen3-next-80b-a3b-instruct,2026-03-05 04:00:00,95.0,80.90186399486714,85.15985683670225,feb,3.9166666666666665
qwen3-next-80b-a3b-instruct,2026-03-05 05:00:00,96.0,82.17459126759442,85.59853257041085,feb,3.9583333333333335
qwen3-next-80b-a3b-instruct,2026-03-05 06:00:00,97.0,83.50017266294327,86.08265222983842,feb,4.0
qwen3-next-80b-a3b-instruct,2026-03-05 07:00:00,98.0,84.82575405829212,86.55689189621644,feb,4.041666666666667
qwen3-next-80b-a3b-instruct,2026-03-05 08:00:00,99.0,86.12460463300476,86.99455013434824,feb,4.083333333333333
qwen3-next-80b-a3b-instruct,2026-03-05 09:00:00,100.0,87.3717956442407,87.3717956442407,feb,4.125
qwen3-next-80b-a3b-instruct,2026-03-05 10:00:00,101.0,88.61898665547665,87.74157094601648,feb,4.166666666666667
qwen3-next-80b-a3b-instruct,2026-03-05 11:00:00,102.0,89.86617766671259,88.10409575167901,feb,4.208333333333333
qwen3-next-80b-a3b-instruct,2026-03-05 12:00:00,103.0,91.11336867794853,88.45958124072672,feb,4.25
qwen3-next-80b-a3b-instruct,2026-03-05 13:00:00,104.0,92.36055968918447,88.8082304703697,feb,4.291666666666667
qwen3-next-80b-a3b-instruct,2026-03-05 14:00:00,105.0,93.60775070042041,89.15023876230515,feb,4.333333333333333
qwen3-next-80b-a3b-instruct,2026-03-05 15:00:00,106.0,94.82997292264264,89.46223860626664,feb,4.375
qwen3-next-80b-a3b-instruct,2026-03-05 16:00:00,107.0,96.07716393387858,89.79174199427905,feb,4.416666666666667
qwen3-next-80b-a3b-instruct,2026-03-05 17:00:00,108.0,97.27496613168077,90.0694130848896,feb,4.458333333333333
qwen3-next-80b-a3b-instruct,2026-03-05 18:00:00,109.0,98.47276832948296,90.34198929310364,feb,4.5
qwen3-next-80b-a3b-instruct,2026-03-05 19:00:00,110.0,99.67057052728515,90.60960957025924,feb,4.541666666666667
qwen3-next-80b-a3b-instruct,2026-03-05 20:00:00,111.0,100.86837272508734,90.87240786043904,feb,4.583333333333333
qwen3-next-80b-a3b-instruct,2026-03-05 21:00:00,112.0,102.06617492288953,91.1305133240085,feb,4.625
qwen3-next-80b-a3b-instruct,2026-03-05 22:00:00,113.0,103.26397712069172,91.38405054928471,feb,4.666666666666667
qwen3-next-80b-a3b-instruct,2026-03-05 23:00:00,114.0,104.51116813192766,91.67646327362075,feb,4.708333333333333
qwen3-next-80b-a3b-instruct,2026-03-06 00:00:00,115.0,105.7583591431636,91.9637905592727,feb,4.75
qwen3-next-80b-a3b-instruct,2026-03-06 01:00:00,116.0,107.05720971787625,92.29069803265195,feb,4.791666666666667
qwen3-next-80b-a3b-instruct,2026-03-06 02:00:00,117.0,108.3560602925889,92.61201734409306,feb,4.833333333333333
qwen3-next-80b-a3b-instruct,2026-03-06 03:00:00,118.0,109.65491086730154,92.92789056550977,feb,4.875
qwen3-next-80b-a3b-instruct,2026-03-06 04:00:00,119.0,110.95376144201418,93.23845499328924,feb,4.916666666666667
qwen3-next-80b-a3b-instruct,2026-03-06 05:00:00,120.0,112.22648871474146,93.52207392895122,feb,4.958333333333333
qwen3-next-80b-a3b-instruct,2026-03-06 06:00:00,121.0,113.52533928945411,93.82259445409431,feb,5.0
qwen3-next-80b-a3b-instruct,2026-03-06 07:00:00,122.0,114.82418986416675,94.11818841325143,feb,5.041666666666667
qwen3-next-80b-a3b-instruct,2026-03-06 08:00:00,123.0,116.23382841838361,94.49904749462083,feb,5.083333333333333
qwen3-next-80b-a3b-instruct,2026-03-06 09:00:00,124.0,117.61478079933599,94.85062967688386,feb,5.125
qwen3-next-80b-a3b-instruct,2026-03-06 10:00:00,125.0,119.02441935355284,95.21953548284228,feb,5.166666666666667
qwen3-next-80b-a3b-instruct,2026-03-06 11:00:00,126.0,120.46344374379674,95.60590773317202,feb,5.208333333333333
qwen3-next-80b-a3b-instruct,2026-03-06 12:00:00,127.0,121.90246813404065,95.98619538113437,feb,5.25
qwen3-next-80b-a3b-instruct,2026-03-06 13:00:00,128.0,123.34149252428455,96.3605410345973,feb,5.291666666666667
qwen3-next-80b-a3b-instruct,2026-03-06 14:00:00,129.0,124.81062832675369,96.75242505949898,feb,5.333333333333333
qwen3-next-80b-a3b-instruct,2026-03-06 15:00:00,130.0,126.27976412922283,97.13828009940218,feb,5.375
qwen3-next-80b-a3b-instruct,2026-03-06 16:00:00,131.0,127.74889993169194,97.5182442226656,feb,5.416666666666667
qwen3-next-80b-a3b-instruct,2026-03-06 17:00:00,132.0,129.21803573416105,97.89245131375837,feb,5.458333333333333
qwen3-next-80b-a3b-instruct,2026-03-06 18:00:00,133.0,130.68717153663016,98.261031230549,feb,5.5
qwen3-next-80b-a3b-instruct,2026-03-06 19:00:00,134.0,132.15630733909927,98.6241099545517,feb,5.541666666666667
qwen3-next-80b-a3b-instruct,2026-03-06 20:00:00,135.0,133.62544314156838,98.9818097344951,feb,5.583333333333333
qwen3-next-80b-a3b-instruct,2026-03-06 21:00:00,136.0,135.06446753181228,99.31210847927375,feb,5.625
qwen3-next-80b-a3b-instruct,2026-03-06 22:00:00,137.0,136.50349192205618,99.63758534456656,feb,5.666666666666667
qwen3-next-80b-a3b-instruct,2026-03-06 23:00:00,138.0,137.9726277245253,99.98016501777195,feb,5.708333333333333
qwen3-next-80b-a3b-instruct,2026-03-07 00:00:00,139.0,139.4417635269944,100.31781548704635,feb,5.75
qwen3-next-80b-a3b-instruct,2026-03-07 01:00:00,140.0,140.8807879172383,100.62913422659878,feb,5.791666666666667
qwen3-next-80b-a3b-instruct,2026-03-07 02:00:00,141.0,142.3198123074822,100.93603709750512,feb,5.833333333333333
qwen3-next-80b-a3b-instruct,2026-03-07 03:00:00,142.0,143.7294508616991,101.21792314204161,feb,5.875
qwen3-next-80b-a3b-instruct,2026-03-07 04:00:00,143.0,145.168475251943,101.5164162601,feb,5.916666666666667
qwen3-next-80b-a3b-instruct,2026-03-07 05:00:00,144.0,146.6074996421869,101.81076364040757,feb,5.958333333333333
qwen3-next-80b-a3b-instruct,2026-03-07 06:00:00,145.0,148.0465240324308,102.10105105684883,feb,6.0
qwen3-next-80b-a3b-instruct,2026-03-07 07:00:00,146.0,149.4855484226747,102.38736193333884,feb,6.041666666666667
qwen3-next-80b-a3b-instruct,2026-03-07 08:00:00,147.0,150.9546842251438,102.69026137764885,feb,6.083333333333333
qwen3-next-80b-a3b-instruct,2026-03-07 09:00:00,148.0,152.42382002761292,102.98906758622495,feb,6.125
qwen3-next-80b-a3b-instruct,2026-03-07 10:00:00,149.0,153.77676120408353,103.20588000274063,feb,6.166666666666667
qwen3-next-80b-a3b-instruct,2026-03-07 11:00:00,150.0,155.12970238055414,103.41980158703609,feb,6.208333333333333
qwen3-next-80b-a3b-instruct,2026-03-07 12:00:00,151.0,156.48264355702474,103.63088977286408,feb,6.25
qwen3-next-80b-a3b-instruct,2026-03-07 13:00:00,152.0,157.86359593797715,103.85762890656392,feb,6.291666666666667
qwen3-next-80b-a3b-instruct,2026-03-07 14:00:00,153.0,159.24454831892956,104.08140413001932,feb,6.333333333333333
qwen3-next-80b-a3b-instruct,2026-03-07 15:00:00,154.0,160.59748949540017,104.28408408792218,feb,6.375
qwen3-next-80b-a3b-instruct,2026-03-07 16:00:00,155.0,161.97844187635258,104.50222056538875,feb,6.416666666666667
qwen3-next-80b-a3b-instruct,2026-03-07 17:00:00,156.0,163.35939425730498,104.71756042134935,feb,6.458333333333333
qwen3-next-80b-a3b-instruct,2026-03-07 18:00:00,157.0,164.7403466382574,104.93015709443145,feb,6.5
qwen3-next-80b-a3b-instruct,2026-03-07 19:00:00,158.0,166.1212990192098,105.14006267038596,feb,6.541666666666667
qwen3-next-80b-a3b-instruct,2026-03-07 20:00:00,159.0,167.4742401956804,105.32971081489333,feb,6.583333333333333
qwen3-next-80b-a3b-instruct,2026-03-07 21:00:00,160.0,168.82718137215102,105.51698835759437,feb,6.625
qwen3-next-80b-a3b-instruct,2026-03-07 22:00:00,161.0,170.15276276749984,105.68494581832289,feb,6.666666666666667
qwen3-next-80b-a3b-instruct,2026-03-07 23:00:00,162.0,171.47834416284866,105.85082973015349,feb,6.708333333333333
qwen3-next-80b-a3b-instruct,2026-03-08 00:00:00,163.0,172.80392555819748,106.01467825656287,feb,6.75
qwen3-next-80b-a3b-instruct,2026-03-08 01:00:00,164.0,174.18487793914989,106.2102914263109,feb,6.791666666666667
qwen3-next-80b-a3b-instruct,2026-03-08 02:00:00,165.0,175.5658303201023,106.40353352733472,feb,6.833333333333333
qwen3-next-80b-a3b-instruct,2026-03-08 03:00:00,166.0,176.9467827010547,106.5944474102739,feb,6.875
qwen3-next-80b-a3b-instruct,2026-03-08 04:00:00,167.0,178.3277350820071,106.78307489940546,feb,6.916666666666667
qwen3-next-80b-a3b-instruct,2026-03-08 05:00:00,168.0,179.68067625847772,106.95278348718911,feb,6.958333333333333
qwen3-next-80b-a3b-instruct,2026-03-08 06:00:00,169.0,181.03361743494833,107.12048368931855,feb,7.0
qwen3-next-80b-a3b-instruct,2026-03-08 07:00:00,170.0,182.41456981590073,107.30268812700044,feb,7.041666666666667
qwen3-next-80b-a3b-instruct,2026-03-08 08:00:00,171.0,183.79552219685314,107.48276151862757,feb,7.083333333333333
qwen3-next-80b-a3b-instruct,2026-03-08 09:00:00,172.0,185.17647457780555,107.66074103360788,feb,7.125
qwen3-next-80b-a3b-instruct,2026-03-08 10:00:00,173.0,186.52941575427616,107.82047153426369,feb,7.166666666666667
qwen3-next-80b-a3b-instruct,2026-03-08 11:00:00,174.0,187.91036813522857,107.99446444553367,feb,7.208333333333333
qwen3-next-80b-a3b-instruct,2026-03-08 12:00:00,175.0,189.26330931169917,108.15046246382809,feb,7.25
qwen3-next-80b-a3b-instruct,2026-03-08 13:00:00,176.0,190.64426169265158,108.32060323446113,feb,7.291666666666667
qwen3-next-80b-a3b-instruct,2026-03-08 14:00:00,177.0,192.025214073604,108.48882151051073,feb,7.333333333333333
qwen3-next-80b-a3b-instruct,2026-03-08 15:00:00,178.0,193.4061664545564,108.65514969357102,feb,7.375
qwen3-next-80b-a3b-instruct,2026-03-08 16:00:00,179.0,194.7871188355088,108.8196194611781,feb,7.416666666666667
qwen3-next-80b-a3b-instruct,2026-03-08 17:00:00,180.0,196.16807121646121,108.98226178692289,feb,7.458333333333333
qwen3-next-80b-a3b-instruct,2026-03-08 18:00:00,181.0,197.54902359741362,109.14310695989701,feb,7.5
qwen3-next-80b-a3b-instruct,2026-03-08 19:00:00,182.0,198.90196477388423,109.28679383180453,feb,7.541666666666667
qwen3-next-80b-a3b-instruct,2026-03-08 20:00:00,183.0,200.25490595035484,109.42891035538516,feb,7.583333333333333
qwen3-next-80b-a3b-instruct,2026-03-08 21:00:00,184.0,201.60784712682545,109.56948213414425,feb,7.625
qwen3-next-80b-a3b-instruct,2026-03-08 22:00:00,185.0,203.01748568104233,109.73918144921207,feb,7.666666666666667
qwen3-next-80b-a3b-instruct,2026-03-08 23:00:00,186.0,204.39843806199474,109.89163336666383,feb,7.708333333333333
qwen3-next-80b-a3b-instruct,2026-03-09 00:00:00,187.0,205.80807661621162,110.05779498193135,feb,7.75
qwen3-next-80b-a3b-instruct,2026-03-09 01:00:00,188.0,207.2177151704285,110.22218892044069,feb,7.791666666666667
qwen3-next-80b-a3b-instruct,2026-03-09 02:00:00,189.0,208.6273537246454,110.38484324055311,feb,7.833333333333333
qwen3-next-80b-a3b-instruct,2026-03-09 03:00:00,190.0,210.03699227886227,110.54578540992752,feb,7.875
qwen3-next-80b-a3b-instruct,2026-03-09 04:00:00,191.0,211.44663083307915,110.70504232098386,feb,7.916666666666667
qwen3-next-80b-a3b-instruct,2026-03-09 05:00:00,192.0,212.85626938729604,110.86264030588336,feb,7.958333333333333
qwen3-next-80b-a3b-instruct,2026-03-09 06:00:00,193.0,214.26590794151292,111.01860515104296,feb,8.0
qwen3-next-80b-a3b-instruct,2026-03-09 07:00:00,194.0,215.6755464957298,111.17296211120093,feb,8.041666666666666
qwen3-next-80b-a3b-instruct,2026-03-09 08:00:00,195.0,217.0851850499467,111.32573592304958,feb,8.083333333333334
qwen3-next-80b-a3b-instruct,2026-03-09 09:00:00,196.0,218.49482360416357,111.47695081845079,feb,8.125
qwen3-next-80b-a3b-instruct,2026-03-09 10:00:00,197.0,219.90446215838045,111.62663053724897,feb,8.166666666666666
qwen3-next-80b-a3b-instruct,2026-03-09 11:00:00,198.0,218.90446215838045,110.55780917089922,feb,8.208333333333334
qwen3-next-80b-a3b-instruct,2026-03-09 12:00:00,199.0,217.90446215838045,109.49972972782938,feb,8.25
qwen3-next-80b-a3b-instruct,2026-03-09 13:00:00,200.0,216.90446215838045,108.45223107919023,feb,8.291666666666666
qwen3-next-80b-a3b-instruct,2026-03-09 14:00:00,201.0,215.90446215838045,107.41515530267685,feb,8.333333333333334
qwen3-next-80b-a3b-instruct,2026-03-09 15:00:00,202.0,214.90446215838045,106.38834760315865,feb,8.375
qwen3-next-80b-a3b-instruct,2026-03-09 16:00:00,203.0,213.90446215838045,105.3716562356554,feb,8.416666666666666
qwen3-next-80b-a3b-instruct,2026-03-09 17:00:00,204.0,212.90446215838045,104.36493243057865,feb,8.458333333333334
qwen3-next-80b-a3b-instruct,2026-03-09 18:00:00,205.0,211.90446215838045,103.3680303211612,feb,8.5
qwen3-next-80b-a3b-instruct,2026-03-09 19:00:00,206.0,210.90446215838045,102.38080687300022,feb,8.541666666666666
qwen3-next-80b-a3b-instruct,2026-03-09 20:00:00,207.0,209.90446215838045,101.40312181564272,feb,8.583333333333334
qwen3-next-80b-a3b-instruct,2026-03-09 21:00:00,208.0,208.90446215838045,100.43483757614445,feb,8.625
qwen3-next-80b-a3b-instruct,2026-03-09 22:00:00,209.0,207.90446215838045,99.4758192145361,feb,8.666666666666666
qwen3-next-80b-a3b-instruct,2026-03-09 23:00:00,210.0,206.90446215838045,98.52593436113355,feb,8.708333333333334
qwen3-next-80b-a3b-instruct,2026-03-10 00:00:00,211.0,205.90446215838045,97.58505315563055,feb,8.75
qwen3-next-80b-a3b-instruct,2026-03-10 01:00:00,212.0,204.90446215838045,96.65304818791532,feb,8.791666666666666
qwen3-next-80b-a3b-instruct,2026-03-10 02:00:00,213.0,203.90446215838045,95.7297944405542,feb,8.833333333333334
qwen3-next-80b-a3b-instruct,2026-03-10 03:00:00,214.0,202.90446215838045,94.81516923288807,feb,8.875
qwen3-next-80b-a3b-instruct,2026-03-10 04:00:00,215.0,201.90446215838045,93.90905216668858,feb,8.916666666666666
qwen3-next-80b-a3b-instruct,2026-03-10 05:00:00,216.0,200.90446215838045,93.01132507332429,feb,8.958333333333334
qwen3-next-80b-a3b-instruct,2026-03-10 06:00:00,217.0,199.90446215838045,92.1218719623873,feb,9.0
qwen3-next-80b-a3b-instruct,2026-03-10 07:00:00,218.0,198.90446215838045,91.24057897173415,feb,9.041666666666666
qwen3-next-80b-a3b-instruct,2026-03-10 08:00:00,219.0,197.90446215838045,90.36733431889519,feb,9.083333333333334
qwen3-next-80b-a3b-instruct,2026-03-10 09:00:00,220.0,196.90446215838045,89.5020282538093,feb,9.125
qwen3-next-80b-a3b-instruct,2026-03-10 10:00:00,221.0,195.90446215838045,88.64455301284183,feb,9.166666666666666
qwen3-next-80b-a3b-instruct,2026-03-10 11:00:00,222.0,194.90446215838045,87.79480277404524,feb,9.208333333333334
qwen3-next-80b-a3b-instruct,2026-03-10 12:00:00,223.0,193.90446215838045,86.95267361362352,feb,9.25
qwen3-next-80b-a3b-instruct,2026-03-10 13:00:00,224.0,192.90446215838045,86.1180634635627,feb,9.291666666666666
qwen3-next-80b-a3b-instruct,2026-03-10 14:00:00,225.0,191.90446215838045,85.29087207039132,feb,9.333333333333334
qwen3-next-80b-a3b-instruct,2026-03-10 15:00:00,226.0,190.90446215838045,84.4710009550356,feb,9.375
qwen3-next-80b-a3b-instruct,2026-03-10 16:00:00,227.0,189.90446215838045,83.65835337373588,feb,9.416666666666666
qwen3-next-80b-a3b-instruct,2026-03-10 17:00:00,228.0,188.90446215838045,82.85283427999143,feb,9.458333333333334
qwen3-next-80b-a3b-instruct,2026-03-10 18:00:00,229.0,187.90446215838045,82.05435028750239,feb,9.5
qwen3-next-80b-a3b-instruct,2026-03-10 19:00:00,230.0,186.90446215838045,81.26280963407847,feb,9.541666666666666
qwen3-next-80b-a3b-instruct,2026-03-10 20:00:00,231.0,185.90446215838045,80.47812214648505,feb,9.583333333333334
qwen3-next-80b-a3b-instruct,2026-03-10 21:00:00,232.0,184.90446215838045,79.70019920619848,feb,9.625
qwen3-next-80b-a3b-instruct,2026-03-10 22:00:00,233.0,183.90446215838045,78.92895371604311,feb,9.666666666666666
qwen3-next-80b-a3b-instruct,2026-03-10 23:00:00,234.0,182.90446215838045,78.16430006768395,feb,9.708333333333334
qwen3-next-80b-a3b-instruct,2026-03-11 00:00:00,235.0,181.90446215838045,77.40615410994913,feb,9.75
qwen3-next-80b-a3b-instruct,2026-03-11 01:00:00,236.0,180.90446215838045,76.65443311795782,feb,9.791666666666666
qwen3-next-80b-a3b-instruct,2026-03-11 02:00:00,237.0,179.90446215838045,75.90905576302973,feb,9.833333333333334
qwen3-next-80b-a3b-instruct,2026-03-11 03:00:00,238.0,178.90446215838045,75.16994208335313,feb,9.875
qwen3-next-80b-a3b-instruct,2026-03-11 04:00:00,239.0,177.90446215838045,74.4370134553893,feb,9.916666666666666
qwen3-next-80b-a3b-instruct,2026-03-11 05:00:00,240.0,176.90446215838045,73.71019256599186,feb,9.958333333333334
qwen3-next-80b-a3b-instruct,2026-03-11 06:00:00,241.0,175.90446215838045,72.98940338522011,feb,10.0
qwen3-next-80b-a3b-instruct,2026-03-11 07:00:00,242.0,174.90446215838045,72.27457113982663,feb,10.041666666666666
qwen3-next-80b-a3b-instruct,2026-03-11 08:00:00,243.0,173.90446215838045,71.56562228739936,feb,10.083333333333334
qwen3-next-80b-a3b-instruct,2026-03-11 09:00:00,244.0,172.90446215838045,70.86248449113953,feb,10.125
qwen3-next-80b-a3b-instruct,2026-03-11 10:00:00,245.0,171.90446215838045,70.16508659525734,feb,10.166666666666666
qwen3-next-80b-a3b-instruct,2026-03-11 11:00:00,246.0,170.90446215838045,69.47335860096766,feb,10.208333333333334
qwen3-next-80b-a3b-instruct,2026-03-11 12:00:00,247.0,169.90446215838045,68.78723164306902,feb,10.25
qwen3-next-80b-a3b-instruct,2026-03-27 06:00:00,248.0,168.90446215838045,68.10663796708889,mar,12.0
qwen3-next-80b-a3b-instruct,2026-03-27 07:00:00,249.0,167.90446215838045,67.4315109069801,mar,12.041666666666666
qwen3-next-80b-a3b-instruct,2026-03-27 08:00:00,250.0,166.90446215838045,66.76178486335218,mar,12.083333333333334
qwen3-next-80b-a3b-instruct,2026-03-27 09:00:00,251.0,165.90446215838045,66.09739528222329,mar,12.125
qwen3-next-80b-a3b-instruct,2026-03-27 10:00:00,252.0,164.90446215838045,65.43827863427796,mar,12.166666666666666
qwen3-next-80b-a3b-instruct,2026-03-27 11:00:00,253.0,163.90446215838045,64.78437239461678,mar,12.208333333333334
qwen3-next-80b-a3b-instruct,2026-03-27 12:00:00,254.0,162.90446215838045,64.13561502298442,mar,12.25
qwen3-next-80b-a3b-instruct,2026-03-27 13:00:00,255.0,161.90446215838045,63.49194594446293,mar,12.291666666666666
qwen3-next-80b-a3b-instruct,2026-03-27 14:00:00,256.0,160.90446215838045,62.85330553061736,mar,12.333333333333334
qwen3-next-80b-a3b-instruct,2026-03-27 15:00:00,257.0,159.90446215838045,62.21963508108189,mar,12.375
qwen3-next-80b-a3b-instruct,2026-03-27 16:00:00,258.0,158.90446215838045,61.59087680557383,mar,12.416666666666666
qwen3-next-80b-a3b-instruct,2026-03-27 17:00:00,259.0,157.90446215838045,60.966973806324496,mar,12.458333333333334
qwen3-next-80b-a3b-instruct,2026-03-27 18:00:00,260.0,156.90446215838045,60.347870060915554,mar,12.5
qwen3-next-80b-a3b-instruct,2026-03-27 19:00:00,261.0,155.90446215838045,59.73351040550975,mar,12.541666666666666
qwen3-next-80b-a3b-instruct,2026-03-27 20:00:00,262.0,154.90446215838045,59.12384051846582,mar,12.583333333333334
qwen3-next-80b-a3b-instruct,2026-03-27 21:00:00,263.0,153.90446215838045,58.51880690432717,mar,12.625
qwen3-next-80b-a3b-instruct,2026-03-27 22:00:00,264.0,152.90446215838045,57.918356878174414,mar,12.666666666666666
qwen3-next-80b-a3b-instruct,2026-03-27 23:00:00,265.0,151.90446215838045,57.322438550332244,mar,12.708333333333334
qwen3-next-80b-a3b-instruct,2026-03-28 00:00:00,266.0,150.90446215838045,56.731000811421225,mar,12.75
qwen3-next-80b-a3b-instruct,2026-03-28 01:00:00,267.0,149.90446215838045,56.14399331774549,mar,12.791666666666666
qwen3-next-80b-a3b-instruct,2026-03-28 02:00:00,268.0,148.90446215838045,55.56136647700763,mar,12.833333333333334
qwen3-next-80b-a3b-instruct,2026-03-28 03:00:00,269.0,147.90446215838045,54.98307143434218,mar,12.875
qwen3-next-80b-a3b-instruct,2026-03-28 04:00:00,270.0,146.90446215838045,54.40906005865943,mar,12.916666666666666
qwen3-next-80b-a3b-instruct,2026-03-28 05:00:00,271.0,145.90446215838045,53.83928492929167,mar,12.958333333333334
qwen3-next-80b-a3b-instruct,2026-03-28 06:00:00,272.0,144.90446215838045,53.273699322933986,mar,13.0
qwen3-next-80b-a3b-instruct,2026-03-28 07:00:00,273.0,143.90446215838045,52.71225720087196,mar,13.041666666666666
qwen3-next-80b-a3b-instruct,2026-03-28 08:00:00,274.0,142.90446215838045,52.15491319648922,mar,13.083333333333334
qwen3-next-80b-a3b-instruct,2026-03-28 09:00:00,275.0,141.90446215838045,51.60162260304744,mar,13.125
qwen3-next-80b-a3b-instruct,2026-03-28 10:00:00,276.0,140.90446215838045,51.05234136173205,mar,13.166666666666666
qwen3-next-80b-a3b-instruct,2026-03-28 11:00:00,277.0,139.90446215838045,50.507026049956835,mar,13.208333333333334
qwen3-next-80b-a3b-instruct,2026-03-28 12:00:00,278.0,138.90446215838045,49.96563386992103,mar,13.25
qwen3-next-80b-a3b-instruct,2026-03-28 13:00:00,279.0,137.90446215838045,49.42812263741235,mar,13.291666666666666
qwen3-next-80b-a3b-instruct,2026-03-28 14:00:00,280.0,136.90446215838045,48.89445077085016,mar,13.333333333333334
qwen3-next-80b-a3b-instruct,2026-03-28 15:00:00,281.0,135.90446215838045,48.364577280562436,mar,13.375
qwen3-next-80b-a3b-instruct,2026-03-28 16:00:00,282.0,134.90446215838045,47.83846175829094,mar,13.416666666666666
qwen3-next-80b-a3b-instruct,2026-03-28 17:00:00,283.0,133.90446215838045,47.31606436691889,mar,13.458333333333334
qwen3-next-80b-a3b-instruct,2026-03-28 18:00:00,284.0,132.90446215838045,46.79734583041565,mar,13.5
qwen3-next-80b-a3b-instruct,2026-03-28 19:00:00,285.0,131.90446215838045,46.28226742399314,mar,13.541666666666666
qwen3-next-80b-a3b-instruct,2026-03-28 20:00:00,286.0,130.90446215838045,45.77079096446869,mar,13.583333333333334
qwen3-next-80b-a3b-instruct,2026-03-28 21:00:00,287.0,129.90446215838045,45.26287880082943,mar,13.625
qwen3-next-80b-a3b-instruct,2026-03-28 22:00:00,288.0,128.90446215838045,44.758493804993215,mar,13.666666666666666
qwen3-next-80b-a3b-instruct,2026-03-28 23:00:00,289.0,127.90446215838045,44.257599362761404,mar,13.708333333333334
qwen3-next-80b-a3b-instruct,2026-03-29 00:00:00,290.0,126.90446215838045,43.76015936495878,mar,13.75
qwen3-next-80b-a3b-instruct,2026-03-29 01:00:00,291.0,125.90446215838045,43.266138198756174,mar,13.791666666666666
qwen3-next-80b-a3b-instruct,2026-03-29 02:00:00,292.0,124.90446215838045,42.77550073917139,mar,13.833333333333334
qwen3-next-80b-a3b-instruct,2026-03-29 03:00:00,293.0,123.90446215838045,42.28821234074418,mar,13.875
qwen3-next-80b-a3b-instruct,2026-03-29 04:00:00,294.0,122.90446215838045,41.804238829381106,mar,13.916666666666666
qwen3-next-80b-a3b-instruct,2026-03-29 05:00:00,295.0,121.90446215838045,41.323546494366255,mar,13.958333333333334
qwen3-next-80b-a3b-instruct,2026-03-29 06:00:00,296.0,120.90446215838045,40.84610208053394,mar,14.0
qwen3-next-80b-a3b-instruct,2026-03-29 07:00:00,297.0,119.90446215838045,40.371872780599475,mar,14.041666666666666
qwen3-next-80b-a3b-instruct,2026-03-29 08:00:00,298.0,118.90446215838045,39.90082622764445,mar,14.083333333333334
qwen3-next-80b-a3b-instruct,2026-03-29 09:00:00,299.0,117.90446215838045,39.43293048775266,mar,14.125
qwen3-next-80b-a3b-instruct,2026-03-29 10:00:00,300.0,116.90446215838045,38.96815405279349,mar,14.166666666666666
qwen3-next-80b-a3b-instruct,2026-03-29 11:00:00,301.0,115.90446215838045,38.50646583334899,mar,14.208333333333334
qwen3-next-80b-a3b-instruct,2026-03-29 12:00:00,302.0,114.90446215838045,38.047835151781605,mar,14.25
qwen3-next-80b-a3b-instruct,2026-03-29 13:00:00,303.0,113.90446215838045,37.59223173543909,mar,14.291666666666666
qwen3-next-80b-a3b-instruct,2026-03-29 14:00:00,304.0,112.90446215838045,37.13962570999357,mar,14.333333333333334
qwen3-next-80b-a3b-instruct,2026-03-29 15:00:00,305.0,111.90446215838045,36.68998759291163,mar,14.375
qwen3-next-80b-a3b-instruct,2026-03-29 16:00:00,306.0,110.90446215838045,36.24328828705244,mar,14.416666666666666
qwen3-next-80b-a3b-instruct,2026-03-29 17:00:00,307.0,109.90446215838045,35.79949907439103,mar,14.458333333333334
qwen3-next-80b-a3b-instruct,2026-03-29 18:00:00,308.0,108.90446215838045,35.35859160986378,mar,14.5
qwen3-next-80b-a3b-instruct,2026-03-29 19:00:00,309.0,107.90446215838045,34.92053791533348,mar,14.541666666666666
qwen3-next-80b-a3b-instruct,2026-03-29 20:00:00,310.0,106.90446215838045,34.48531037367111,mar,14.583333333333334
qwen3-next-80b-a3b-instruct,2026-03-29 21:00:00,311.0,105.90446215838045,34.052881722951916,mar,14.625
qwen3-next-80b-a3b-instruct,2026-03-29 22:00:00,312.0,104.90446215838045,33.62322505076297,mar,14.666666666666666
qwen3-next-80b-a3b-instruct,2026-03-29 23:00:00,313.0,103.90446215838045,33.19631378861995,mar,14.708333333333334
qwen3-next-80b-a3b-instruct,2026-03-30 00:00:00,314.0,102.90446215838045,32.772121706490594,mar,14.75
qwen3-next-80b-a3b-instruct,2026-03-30 01:00:00,315.0,101.90446215838045,32.35062290742236,mar,14.791666666666668
qwen3-next-80b-a3b-instruct,2026-03-30 02:00:00,316.0,100.90446215838045,31.93179182227229,mar,14.833333333333332
qwen3-next-80b-a3b-instruct,2026-03-30 03:00:00,317.0,99.90446215838045,31.51560320453642,mar,14.875
qwen3-next-80b-a3b-instruct,2026-03-30 04:00:00,318.0,98.90446215838045,31.102032125276875,mar,14.916666666666668
qwen3-next-80b-a3b-instruct,2026-03-30 05:00:00,319.0,97.90446215838045,30.691053968144345,mar,14.958333333333332
qwen3-next-80b-a3b-instruct,2026-03-30 06:00:00,320.0,96.90446215838045,30.282644424493892,mar,15.0
qwen3-next-80b-a3b-instruct,2026-03-30 07:00:00,321.0,95.90446215838045,29.876779488592042,mar,15.041666666666668
qwen3-next-80b-a3b-instruct,2026-03-30 08:00:00,322.0,94.90446215838045,29.473435452913183,mar,15.083333333333332
qwen3-next-80b-a3b-instruct,2026-03-30 09:00:00,323.0,93.90446215838045,29.07258890352336,mar,15.125
qwen3-next-80b-a3b-instruct,2026-03-30 10:00:00,324.0,92.90446215838045,28.674216715549523,mar,15.166666666666668
qwen3-next-80b-a3b-instruct,2026-03-30 11:00:00,325.0,91.90446215838045,28.27829604873245,mar,15.208333333333332
qwen3-next-80b-a3b-instruct,2026-03-30 12:00:00,326.0,90.90446215838045,27.884804343061486,mar,15.25
qwen3-next-80b-a3b-instruct,2026-03-30 13:00:00,327.0,89.90446215838045,27.493719314489436,mar,15.291666666666668
qwen3-next-80b-a3b-instruct,2026-03-30 14:00:00,328.0,88.90446215838045,27.105018950725746,mar,15.333333333333332
qwen3-next-80b-a3b-instruct,2026-03-30 15:00:00,329.0,87.90446215838045,26.718681507106524,mar,15.375
qwen3-next-80b-a3b-instruct,2026-03-30 16:00:00,330.0,86.90446215838045,26.334685502539536,mar,15.416666666666668
qwen3-next-80b-a3b-instruct,2026-03-30 17:00:00,331.0,85.90446215838045,25.953009715522796,mar,15.458333333333332
qwen3-next-80b-a3b-instruct,2026-03-30 18:00:00,332.0,84.90446215838045,25.573633180235078,mar,15.5
qwen3-next-80b-a3b-instruct,2026-03-30 19:00:00,333.0,83.90446215838045,25.196535182696834,mar,15.541666666666668
qwen3-next-80b-a3b-instruct,2026-03-30 20:00:00,334.0,82.90446215838045,24.821695257000137,mar,15.583333333333332
qwen3-next-80b-a3b-instruct,2026-03-30 21:00:00,335.0,81.90446215838045,24.449093181606106,mar,15.625
qwen3-next-80b-a3b-instruct,2026-03-30 22:00:00,336.0,80.90446215838045,24.07870897570847,mar,15.666666666666668
qwen3-next-80b-a3b-instruct,2026-03-30 23:00:00,337.0,79.90446215838045,23.710522895661857,mar,15.708333333333332
qwen3-next-80b-a3b-instruct,2026-03-31 00:00:00,338.0,78.90446215838045,23.344515431473507,mar,15.75
qwen3-next-80b-a3b-instruct,2026-03-31 01:00:00,339.0,77.90446215838045,22.980667303357066,mar,15.791666666666668
qwen3-next-80b-a3b-instruct,2026-03-31 02:00:00,340.0,76.90446215838045,22.61895945834719,mar,15.833333333333332
qwen3-next-80b-a3b-instruct,2026-03-31 03:00:00,341.0,75.90446215838045,22.25937306697374,mar,15.875
qwen3-next-80b-a3b-instruct,2026-03-31 04:00:00,342.0,74.90446215838045,21.901889519994285,mar,15.916666666666668
qwen3-next-80b-a3b-instruct,2026-03-31 05:00:00,343.0,73.90446215838045,21.546490425183805,mar,15.958333333333332
qwen3-next-80b-a3b-instruct,2026-03-31 06:00:00,344.0,72.90446215838045,21.193157604180364,mar,16.0
qwen3-next-80b-a3b-instruct,2026-03-31 07:00:00,345.0,71.90446215838045,20.84187308938564,mar,16.041666666666668
qwen3-next-80b-a3b-instruct,2026-03-31 08:00:00,346.0,70.90446215838045,20.492619120919205,mar,16.083333333333332
qwen3-next-80b-a3b-instruct,2026-03-31 09:00:00,347.0,69.90446215838045,20.145378143625493,mar,16.125
qwen3-next-80b-a3b-instruct,2026-03-31 10:00:00,348.0,68.90446215838045,19.800132804132314,mar,16.166666666666668
qwen3-next-80b-a3b-instruct,2026-03-31 11:00:00,349.0,67.90446215838045,19.456865947960015,mar,16.208333333333332
qwen3-next-80b-a3b-instruct,2026-03-31 12:00:00,350.0,66.90446215838045,19.11556061668013,mar,16.25
qwen3-next-80b-a3b-instruct,2026-03-31 13:00:00,351.0,65.90446215838045,18.776200045122636,mar,16.291666666666668
qwen3-next-80b-a3b-instruct,2026-03-31 14:00:00,352.0,64.90446215838045,18.438767658630812,mar,16.333333333333332
qwen3-next-80b-a3b-instruct,2026-03-31 15:00:00,353.0,63.904462158380454,18.103247070362734,mar,16.375
qwen3-next-80b-a3b-instruct,2026-03-31 16:00:00,354.0,62.904462158380454,17.769622078638548,mar,16.416666666666668
qwen3-next-80b-a3b-instruct,2026-03-31 17:00:00,355.0,61.904462158380454,17.43787666433252,mar,16.458333333333332
qwen3-next-80b-a3b-instruct,2026-03-31 18:00:00,356.0,60.904462158380454,17.107994988309116,mar,16.5
qwen3-next-80b-a3b-instruct,2026-03-31 20:00:00,357.0,59.904462158380454,16.779961388902088,mar,16.583333333333332
qwen3-next-80b-a3b-instruct,2026-03-31 21:00:00,358.0,58.904462158380454,16.45376037943588,mar,16.625
qwen3-next-80b-a3b-instruct,2026-03-31 22:00:00,359.0,57.904462158380454,16.129376645788426,mar,16.666666666666668
qwen3-next-80b-a3b-instruct,2026-03-31 23:00:00,360.0,56.904462158380454,15.80679504399457,mar,16.708333333333332
qwen3-next-80b-a3b-instruct,2026-04-01 00:00:00,361.0,55.904462158380454,15.486000597889321,mar,16.75
qwen3-next-80b-a3b-instruct,2026-04-01 01:00:00,362.0,54.904462158380454,15.16697849679018,mar,16.791666666666668
qwen3-next-80b-a3b-instruct,2026-04-01 02:00:00,363.0,53.904462158380454,14.849714093217756,mar,16.833333333333332
qwen3-next-80b-a3b-instruct,2026-04-01 03:00:00,364.0,52.904462158380454,14.534192900653972,mar,16.875
qwen3-next-80b-a3b-instruct,2026-04-01 04:00:00,365.0,51.904462158380454,14.220400591337109,mar,16.916666666666668
qwen3-next-80b-a3b-instruct,2026-04-01 05:00:00,366.0,50.904462158380454,13.90832299409302,mar,16.958333333333332
qwen3-next-80b-a3b-instruct,2026-04-01 06:00:00,367.0,49.904462158380454,13.59794609220176,mar,17.0
qwen3-next-80b-a3b-instruct,2026-04-01 07:00:00,368.0,48.904462158380454,13.289256021299037,mar,17.041666666666668
qwen3-next-80b-a3b-instruct,2026-04-01 08:00:00,369.0,47.904462158380454,12.982239067311777,mar,17.083333333333332
qwen3-next-80b-a3b-instruct,2026-04-01 09:00:00,370.0,46.904462158380454,12.67688166442715,mar,17.125
qwen3-next-80b-a3b-instruct,2026-04-01 10:00:00,371.0,45.904462158380454,12.373170393094462,mar,17.166666666666668
qwen3-next-80b-a3b-instruct,2026-04-01 11:00:00,372.0,44.904462158380454,12.071091978059261,mar,17.208333333333332
qwen3-next-80b-a3b-instruct,2026-04-01 12:00:00,373.0,43.904462158380454,11.770633286429076,mar,17.25
qwen3-next-80b-a3b-instruct,2026-04-01 13:00:00,374.0,42.904462158380454,11.471781325770175,mar,17.291666666666668
qwen3-next-80b-a3b-instruct,2026-04-01 14:00:00,375.0,41.904462158380454,11.174523242234788,mar,17.333333333333332
qwen3-next-80b-a3b-instruct,2026-04-01 15:00:00,376.0,40.904462158380454,10.878846318718207,mar,17.375
qwen3-next-80b-a3b-instruct,2026-04-01 16:00:00,377.0,39.904462158380454,10.584737973045213,mar,17.416666666666668
qwen3-next-80b-a3b-instruct,2026-04-01 17:00:00,378.0,38.904462158380454,10.292185756185306,mar,17.458333333333332
qwen3-next-80b-a3b-instruct,2026-04-01 18:00:00,379.0,37.904462158380454,10.001177350496162,mar,17.5
qwen3-next-80b-a3b-instruct,2026-04-01 19:00:00,380.0,36.904462158380454,9.711700567994857,mar,17.541666666666668
qwen3-next-80b-a3b-instruct,2026-04-01 20:00:00,381.0,35.904462158380454,9.423743348656286,mar,17.583333333333332
qwen3-next-80b-a3b-instruct,2026-04-01 21:00:00,382.0,34.904462158380454,9.13729375873834,mar,17.625
qwen3-next-80b-a3b-instruct,2026-04-01 22:00:00,383.0,33.904462158380454,8.852339989133277,mar,17.666666666666668
qwen3-next-80b-a3b-instruct,2026-04-01 23:00:00,384.0,32.904462158380454,8.568870353744911,mar,17.708333333333332
qwen3-next-80b-a3b-instruct,2026-04-02 00:00:00,385.0,31.904462158380454,8.286873287891027,mar,17.75
qwen3-next-80b-a3b-instruct,2026-04-02 01:00:00,386.0,30.904462158380454,8.006337346730689,mar,17.791666666666668
qwen3-next-80b-a3b-instruct,2026-04-02 02:00:00,387.0,29.904462158380454,7.727251203715879,mar,17.833333333333332
qwen3-next-80b-a3b-instruct,2026-04-02 03:00:00,388.0,28.904462158380454,7.449603649067127,mar,17.875
qwen3-next-80b-a3b-instruct,2026-04-02 04:00:00,389.0,27.904462158380454,7.173383588272611,mar,17.916666666666668
qwen3-next-80b-a3b-instruct,2026-04-02 05:00:00,390.0,26.904462158380454,6.898580040610374,mar,17.958333333333332
qwen3-next-80b-a3b-instruct,2026-04-02 06:00:00,391.0,25.904462158380454,6.625182137693211,mar,18.0
qwen3-next-80b-a3b-instruct,2026-04-02 07:00:00,392.0,24.904462158380454,6.35317912203583,mar,18.041666666666668
qwen3-next-80b-a3b-instruct,2026-04-02 08:00:00,393.0,23.904462158380454,6.0825603456438815,mar,18.083333333333332
qwen3-next-80b-a3b-instruct,2026-04-02 09:00:00,394.0,22.904462158380454,5.81331526862448,mar,18.125
qwen3-next-80b-a3b-instruct,2026-04-02 10:00:00,395.0,21.904462158380454,5.545433457817837,mar,18.166666666666668
qwen3-next-80b-a3b-instruct,2026-04-02 11:00:00,396.0,20.904462158380454,5.2789045854496095,mar,18.208333333333332
qwen3-next-80b-a3b-instruct,2026-04-02 12:00:00,397.0,19.904462158380454,5.01371842780364,mar,18.25
qwen3-next-80b-a3b-instruct,2026-04-02 13:00:00,398.0,18.904462158380454,4.749864863914687,mar,18.291666666666668
qwen3-next-80b-a3b-instruct,2026-04-02 14:00:00,399.0,17.904462158380454,4.487333874280815,mar,18.333333333333332
qwen3-next-80b-a3b-instruct,2026-04-02 15:00:00,400.0,16.904462158380454,4.2261155395951135,mar,18.375
qwen3-next-80b-a3b-instruct,2026-04-02 16:00:00,401.0,15.904462158380454,3.9662000394963726,mar,18.416666666666668
qwen3-next-80b-a3b-instruct,2026-04-02 17:00:00,402.0,14.904462158380454,3.7075776513384215,mar,18.458333333333332
qwen3-next-80b-a3b-instruct,2026-04-02 18:00:00,403.0,13.904462158380454,3.4502387489777804,mar,18.5
qwen3-next-80b-a3b-instruct,2026-04-02 19:00:00,404.0,12.904462158380454,3.1941738015793204,mar,18.541666666666668
qwen3-next-80b-a3b-instruct,2026-04-02 20:00:00,405.0,11.904462158380454,2.9393733724396185,mar,18.583333333333332
qwen3-next-80b-a3b-instruct,2026-04-02 21:00:00,406.0,10.904462158380454,2.685828117827698,mar,18.625
qwen3-next-80b-a3b-instruct,2026-04-02 22:00:00,407.0,9.904462158380454,2.4335287858428636,mar,18.666666666666668
qwen3-next-80b-a3b-instruct,2026-04-02 23:00:00,408.0,8.904462158380454,2.182466215289327,mar,18.708333333333332
qwen3-next-80b-a3b-instruct,2026-04-03 00:00:00,409.0,7.904462158380454,1.932631334567348,mar,18.75
qwen3-next-80b-a3b-instruct,2026-04-03 01:00:00,410.0,6.904462158380454,1.6840151605805986,mar,18.791666666666664
qwen3-next-80b-a3b-instruct,2026-04-03 02:00:00,411.0,5.904462158380454,1.436608797659478,mar,18.833333333333336
qwen3-next-80b-a3b-instruct,2026-04-03 03:00:00,412.0,4.904462158380454,1.1904034365001104,mar,18.875
qwen3-next-80b-a3b-instruct,2026-04-03 04:00:00,413.0,3.904462158380454,0.945390353118754,mar,18.916666666666664
qwen3-next-80b-a3b-instruct,2026-04-03 05:00:00,414.0,2.904462158380454,0.7015609078213658,mar,18.958333333333336
qwen3-next-80b-a3b-instruct,2026-04-03 07:00:00,415.0,1.9044621583804542,0.45890654418806126,mar,19.041666666666664
qwen3-next-80b-a3b-instruct,2026-04-03 08:00:00,416.0,0.9044621583804542,0.21741878807222456,mar,19.083333333333336
qwen3-next-80b-a3b-instruct,2026-04-03 09:00:00,417.0,-0.09553784161954582,-0.02291075338598221,mar,19.125
qwen3-next-80b-a3b-instruct,2026-04-03 10:00:00,418.0,-1.0955378416195458,-0.2620903927319488,mar,19.166666666666664
qwen3-next-80b-a3b-instruct,2026-04-03 11:00:00,419.0,-2.095537841619546,-0.5001283631550228,mar,19.208333333333336
qwen3-next-80b-a3b-instruct,2026-04-03 12:00:00,420.0,-3.095537841619546,-0.7370328194332252,mar,19.25
qwen3-next-80b-a3b-instruct,2026-04-03 13:00:00,421.0,-4.095537841619546,-0.9728118388645003,mar,19.291666666666664
qwen3-next-80b-a3b-instruct,2026-04-03 14:00:00,422.0,-5.095537841619546,-1.2074734221847265,mar,19.333333333333336
qwen3-next-80b-a3b-instruct,2026-04-03 15:00:00,423.0,-6.095537841619546,-1.4410254944727057,mar,19.375
qwen3-next-80b-a3b-instruct,2026-04-03 16:00:00,424.0,-7.095537841619546,-1.6734759060423456,mar,19.416666666666664
qwen3-next-80b-a3b-instruct,2026-04-03 17:00:00,425.0,-8.095537841619546,-1.9048324333222462,mar,19.458333333333336
qwen3-next-80b-a3b-instruct,2026-04-03 18:00:00,426.0,-9.095537841619546,-2.135102779722898,mar,19.5
qwen3-next-80b-a3b-instruct,2026-04-03 19:00:00,427.0,-10.095537841619546,-2.3642945764916967,mar,19.541666666666664
qwen3-next-80b-a3b-instruct,2026-04-03 20:00:00,428.0,-11.095537841619546,-2.5924153835559687,mar,19.583333333333336
qwen3-next-80b-a3b-instruct,2026-04-03 21:00:00,429.0,-12.095537841619546,-2.8194726903542064,mar,19.625
qwen3-next-80b-a3b-instruct,2026-04-03 22:00:00,430.0,-13.095537841619546,-3.045473916655708,mar,19.666666666666664
qwen3-next-80b-a3b-instruct,2026-04-03 23:00:00,431.0,-14.095537841619546,-3.2704264133688046,mar,19.708333333333336
qwen3-next-80b-a3b-instruct,2026-04-04 00:00:00,432.0,-15.095537841619546,-3.4943374633378577,mar,19.75
qwen3-next-80b-a3b-instruct,2026-04-04 01:00:00,433.0,-16.095537841619546,-3.7172142821292256,mar,19.791666666666664
qwen3-next-80b-a3b-instruct,2026-04-04 02:00:00,434.0,-17.095537841619546,-3.9390640188063473,mar,19.833333333333336
qwen3-next-80b-a3b-instruct,2026-04-04 03:00:00,435.0,-18.095537841619546,-4.1598937566941485,mar,19.875
qwen3-next-80b-a3b-instruct,2026-04-04 04:00:00,436.0,-19.095537841619546,-4.379710514132924,mar,19.916666666666664
qwen3-next-80b-a3b-instruct,2026-04-04 05:00:00,437.0,-20.095537841619546,-4.598521245221864,mar,19.958333333333336
qwen3-next-80b-a3b-instruct,2026-04-04 06:00:00,438.0,-21.095537841619546,-4.816332840552408,mar,20.0
qwen3-next-80b-a3b-instruct,2026-04-04 07:00:00,439.0,-22.095537841619546,-5.03315212793156,mar,20.041666666666664
qwen3-next-80b-a3b-instruct,2026-04-04 08:00:00,440.0,-23.095537841619546,-5.248985873095351,mar,20.083333333333336
qwen3-next-80b-a3b-instruct,2026-04-04 09:00:00,441.0,-24.095537841619546,-5.463840780412595,mar,20.125
qwen3-next-80b-a3b-instruct,2026-04-04 10:00:00,442.0,-25.095537841619546,-5.677723493579083,mar,20.166666666666664
qwen3-next-80b-a3b-instruct,2026-04-04 11:00:00,443.0,-26.095537841619546,-5.890640596302381,mar,20.208333333333336
qwen3-next-80b-a3b-instruct,2026-04-04 12:00:00,444.0,-27.095537841619546,-6.102598612977375,mar,20.25
qwen3-next-80b-a3b-instruct,2026-04-04 13:00:00,445.0,-28.095537841619546,-6.313604009352707,mar,20.291666666666664
qwen3-next-80b-a3b-instruct,2026-04-04 14:00:00,446.0,-29.095537841619546,-6.52366319318824,mar,20.333333333333336
qwen3-next-80b-a3b-instruct,2026-04-04 15:00:00,447.0,-30.095537841619546,-6.732782514903701,mar,20.375
qwen3-next-80b-a3b-instruct,2026-04-04 16:00:00,448.0,-31.095537841619546,-6.940968268218649,mar,20.416666666666664
qwen3-next-80b-a3b-instruct,2026-04-04 17:00:00,449.0,-32.095537841619546,-7.148226690783862,mar,20.458333333333336
qwen3-next-80b-a3b-instruct,2026-04-04 18:00:00,450.0,-33.095537841619546,-7.354563964804344,mar,20.5
qwen3-next-80b-a3b-instruct,2026-04-04 19:00:00,451.0,-34.095537841619546,-7.559986217654001,mar,20.541666666666664
qwen3-next-80b-a3b-instruct,2026-04-04 20:00:00,452.0,-35.095537841619546,-7.7644995224822,mar,20.583333333333336
qwen3-next-80b-a3b-instruct,2026-04-04 21:00:00,453.0,-36.095537841619546,-7.968109898812262,mar,20.625
qwen3-next-80b-a3b-instruct,2026-04-04 22:00:00,454.0,-37.095537841619546,-8.170823313132058,mar,20.666666666666664
qwen3-next-80b-a3b-instruct,2026-04-04 23:00:00,455.0,-38.095537841619546,-8.372645679476824,mar,20.708333333333336
qwen3-next-80b-a3b-instruct,2026-04-05 00:00:00,456.0,-39.095537841619546,-8.573582860004286,mar,20.75
qwen3-next-80b-a3b-instruct,2026-04-05 01:00:00,457.0,-40.095537841619546,-8.773640665562263,mar,20.791666666666664
qwen3-next-80b-a3b-instruct,2026-04-05 02:00:00,458.0,-41.095537841619546,-8.97282485624881,mar,20.833333333333336
qwen3-next-80b-a3b-instruct,2026-04-05 03:00:00,459.0,-42.095537841619546,-9.171141141965043,mar,20.875
qwen3-next-80b-a3b-instruct,2026-04-05 04:00:00,460.0,-43.095537841619546,-9.368595182960771,mar,20.916666666666664
qwen3-next-80b-a3b-instruct,2026-04-05 05:00:00,461.0,-44.095537841619546,-9.565192590373004,mar,20.958333333333336
qwen3-next-80b-a3b-instruct,2026-04-05 06:00:00,462.0,-45.095537841619546,-9.760938926757477,mar,21.0
qwen3-next-80b-a3b-instruct,2026-04-05 07:00:00,463.0,-46.095537841619546,-9.955839706613293,mar,21.041666666666664
qwen3-next-80b-a3b-instruct,2026-04-05 08:00:00,464.0,-47.095537841619546,-10.149900396900764,mar,21.083333333333336
qwen3-next-80b-a3b-instruct,2026-04-05 09:00:00,465.0,-48.095537841619546,-10.343126417552591,mar,21.125
qwen3-next-80b-a3b-instruct,2026-04-05 10:00:00,466.0,-49.095537841619546,-10.535523141978445,mar,21.166666666666664
qwen3-next-80b-a3b-instruct,2026-04-05 11:00:00,467.0,-50.095537841619546,-10.727095897563071,mar,21.208333333333336
qwen3-next-80b-a3b-instruct,2026-04-05 12:00:00,468.0,-51.095537841619546,-10.917849966158022,mar,21.25
qwen3-next-80b-a3b-instruct,2026-04-05 13:00:00,469.0,-52.095537841619546,-11.107790584567068,mar,21.291666666666664
qwen3-next-80b-a3b-instruct,2026-04-05 14:00:00,470.0,-53.095537841619546,-11.296922945025436,mar,21.333333333333336
qwen3-next-80b-a3b-instruct,2026-04-05 15:00:00,471.0,-54.095537841619546,-11.48525219567294,mar,21.375
qwen3-next-80b-a3b-instruct,2026-04-05 16:00:00,472.0,-55.095537841619546,-11.672783441021089,mar,21.416666666666664
qwen3-next-80b-a3b-instruct,2026-04-05 17:00:00,473.0,-56.095537841619546,-11.85952174241428,mar,21.458333333333336
qwen3-next-80b-a3b-instruct,2026-04-05 18:00:00,474.0,-57.095537841619546,-12.045472118485137,mar,21.5
qwen3-next-80b-a3b-instruct,2026-04-05 19:00:00,475.0,-58.095537841619546,-12.230639545604115,mar,21.541666666666664
qwen3-next-80b-a3b-instruct,2026-04-05 20:00:00,476.0,-59.095537841619546,-12.415028958323434,mar,21.583333333333336
qwen3-next-80b-a3b-instruct,2026-04-05 21:00:00,477.0,-60.095537841619546,-12.598645249815418,mar,21.625
qwen3-next-80b-a3b-instruct,2026-04-05 22:00:00,478.0,-61.095537841619546,-12.781493272305344,mar,21.666666666666664
qwen3-next-80b-a3b-instruct,2026-04-05 23:00:00,479.0,-62.095537841619546,-12.96357783749886,mar,21.708333333333336
qwen3-next-80b-a3b-instruct,2026-04-06 00:00:00,480.0,-63.095537841619546,-13.144903717004071,mar,21.75
qwen3-next-80b-a3b-instruct,2026-04-06 01:00:00,481.0,-64.09553784161955,-13.325475642748346,mar,21.791666666666664
qwen3-next-80b-a3b-instruct,2026-04-06 02:00:00,482.0,-65.09553784161955,-13.505298307389948,mar,21.833333333333336
qwen3-next-80b-a3b-instruct,2026-04-06 03:00:00,483.0,-66.09553784161955,-13.684376364724542,mar,21.875
qwen3-next-80b-a3b-instruct,2026-04-06 04:00:00,484.0,-67.09553784161955,-13.862714430086683,mar,21.916666666666664
qwen3-next-80b-a3b-instruct,2026-04-06 05:00:00,485.0,-68.09553784161955,-14.040317080746298,mar,21.958333333333336
qwen3-next-80b-a3b-instruct,2026-04-06 06:00:00,486.0,-69.09553784161955,-14.217188856300316,mar,22.0
qwen3-next-80b-a3b-instruct,2026-04-06 07:00:00,487.0,-70.09553784161955,-14.393334259059454,mar,22.041666666666664
qwen3-next-80b-a3b-instruct,2026-04-06 08:00:00,488.0,-71.09553784161955,-14.568757754430234,mar,22.083333333333336
qwen3-next-80b-a3b-instruct,2026-04-06 09:00:00,489.0,-72.09553784161955,-14.743463771292339,mar,22.125
qwen3-next-80b-a3b-instruct,2026-04-06 10:00:00,490.0,-73.09553784161955,-14.917456702371338,mar,22.166666666666664
qwen3-next-80b-a3b-instruct,2026-04-06 11:00:00,491.0,-74.09553784161955,-15.09074090460683,mar,22.208333333333336
qwen3-next-80b-a3b-instruct,2026-04-06 12:00:00,492.0,-75.09553784161955,-15.263320699516166,mar,22.25
qwen3-next-80b-a3b-instruct,2026-04-06 13:00:00,493.0,-76.09553784161955,-15.43520037355366,mar,22.291666666666664
qwen3-next-80b-a3b-instruct,2026-04-06 14:00:00,494.0,-77.09553784161955,-15.606384178465497,mar,22.333333333333336
qwen3-next-80b-a3b-instruct,2026-04-06 15:00:00,495.0,-78.09553784161955,-15.776876331640313,mar,22.375
qwen3-next-80b-a3b-instruct,2026-04-06 16:00:00,496.0,-79.09553784161955,-15.946681016455551,mar,22.416666666666664
qwen3-next-80b-a3b-instruct,2026-04-06 17:00:00,497.0,-80.09553784161955,-16.115802382619627,mar,22.458333333333336
qwen3-next-80b-a3b-instruct,2026-04-06 18:00:00,498.0,-81.09553784161955,-16.28424454650995,mar,22.5
qwen3-next-80b-a3b-instruct,2026-04-06 19:00:00,499.0,-82.09553784161955,-16.452011591506924,mar,22.541666666666664
qwen3-next-80b-a3b-instruct,2026-04-06 20:00:00,500.0,-83.09553784161955,-16.61910756832391,mar,22.583333333333336
qwen3-next-80b-a3b-instruct,2026-04-06 21:00:00,501.0,-84.09553784161955,-16.785536495333243,mar,22.625
qwen3-next-80b-a3b-instruct,2026-04-06 22:00:00,502.0,-85.09553784161955,-16.951302358888356,mar,22.666666666666664
qwen3-next-80b-a3b-instruct,2026-04-06 23:00:00,503.0,-86.09553784161955,-17.116409113642057,mar,22.708333333333336
qwen3-next-80b-a3b-instruct,2026-04-07 00:00:00,504.0,-87.09553784161955,-17.28086068286102,mar,22.75
qwen3-next-80b-a3b-instruct,2026-04-07 01:00:00,505.0,-88.09553784161955,-17.444660958736545,mar,22.791666666666664
qwen3-next-80b-a3b-instruct,2026-04-07 02:00:00,506.0,-89.09553784161955,-17.60781380269161,mar,22.833333333333336
qwen3-next-80b-a3b-instruct,2026-04-07 03:00:00,507.0,-90.09553784161955,-17.77032304568433,mar,22.875
qwen3-next-80b-a3b-instruct,2026-04-07 04:00:00,508.0,-91.09553784161955,-17.932192488507784,mar,22.916666666666664
qwen3-next-80b-a3b-instruct,2026-04-07 05:00:00,509.0,-92.09553784161955,-18.093425902086356,mar,22.958333333333336
qwen3-next-80b-a3b-instruct,2026-04-07 06:00:00,510.0,-93.09553784161955,-18.254027027768537,mar,23.0
qwen3-next-80b-a3b-instruct,2026-04-07 07:00:00,511.0,-94.09553784161955,-18.413999577616348,mar,23.041666666666664
qwen3-next-80b-a3b-instruct,2026-04-07 08:00:00,512.0,-95.09553784161955,-18.57334723469132,mar,23.083333333333336
qwen3-next-80b-a3b-instruct,2026-04-07 09:00:00,513.0,-96.09553784161955,-18.732073653337146,mar,23.125
qwen3-next-80b-a3b-instruct,2026-04-07 10:00:00,514.0,-97.09553784161955,-18.890182459459055,mar,23.166666666666664
qwen3-next-80b-a3b-instruct,2026-04-07 11:00:00,515.0,-98.09553784161955,-19.047677250799914,mar,23.208333333333336
qwen3-next-80b-a3b-instruct,2026-04-07 12:00:00,516.0,-99.09553784161955,-19.20456159721309,mar,23.25
qwen3-next-80b-a3b-instruct,2026-04-07 13:00:00,517.0,-100.09553784161955,-19.360839040932216,mar,23.291666666666664
