field_id,release_datetime_et,event,event_base_matched,A,C,raw_surprise
ism_manufacturing,2010-01-04 10:00:00,ISM Manufacturing PMI,ISM Manufacturing PMI,55.9,54.0,1.8999999999999986
ism_services,2010-01-06 10:00:00,ISM Non-Manufacturing PMI,ISM Non-Manufacturing PMI,50.1,50.5,-0.3999999999999986
nonfarm_payrolls,2010-01-08 08:30:00,Nonfarm Payrolls,Nonfarm Payrolls,-85000.0,0.0,-85000.0
unemployment_rate,2010-01-08 08:30:00,Unemployment Rate,Unemployment Rate,10.0,10.1,-0.09999999999999964
retail_sales,2010-01-14 08:30:00,Retail Sales (MoM),Retail Sales (MoM),-0.3,0.4,-0.7
industrial_production,2010-01-15 09:15:00,Industrial Production (MoM),Industrial Production (MoM),0.6,0.6,0.0
building_permits,2010-01-20 08:30:00,Building Permits,Building Permits,650000.0,590000.0,60000.0
housing_starts,2010-01-20 08:30:00,Housing Starts,Housing Starts,560000.0,580000.0,-20000.0
ppi,2010-01-20 08:30:00,PPI (MoM),PPI (MoM),0.2,0.1,0.1
existing_home_sales,2010-01-25 10:00:00,Existing Home Sales,Existing Home Sales,5450000.0,5950000.0,-500000.0
new_home_sales,2010-01-27 10:00:00,New Home Sales,New Home Sales,342000.0,370000.0,-28000.0
durable_goods,2010-01-28 08:30:00,Durable Goods Orders (MoM),Durable Goods Orders (MoM),0.3,2.0,-1.7
real_gdp_advance,2010-01-29 08:30:00,GDP (QoQ),GDP (QoQ),5.7,4.5,1.2000000000000002
ism_manufacturing,2010-02-01 10:00:00,ISM Manufacturing PMI,ISM Manufacturing PMI,58.4,55.2,3.1999999999999957
ism_services,2010-02-03 10:00:00,ISM Non-Manufacturing PMI,ISM Non-Manufacturing PMI,50.5,51.0,-0.5
nonfarm_payrolls,2010-02-05 08:30:00,Nonfarm Payrolls,Nonfarm Payrolls,-20000.0,15000.0,-35000.0
unemployment_rate,2010-02-05 08:30:00,Unemployment Rate,Unemployment Rate,9.7,10.0,-0.3000000000000007
retail_sales,2010-02-12 08:30:00,Retail Sales (MoM),Retail Sales (MoM),0.5,0.4,0.09999999999999998
building_permits,2010-02-17 08:30:00,Building Permits,Building Permits,620000.0,620000.0,0.0
housing_starts,2010-02-17 08:30:00,Housing Starts,Housing Starts,590000.0,580000.0,10000.0
industrial_production,2010-02-17 09:15:00,Industrial Production (MoM),Industrial Production (MoM),0.9,0.7,0.20000000000000007
ppi,2010-02-18 08:30:00,PPI (MoM),PPI (MoM),1.4,0.8,0.5999999999999999
new_home_sales,2010-02-24 10:00:00,New Home Sales,New Home Sales,309000.0,354000.0,-45000.0
durable_goods,2010-02-25 08:30:00,Durable Goods Orders (MoM),Durable Goods Orders (MoM),3.0,1.5,1.5
real_gdp_advance,2010-02-26 08:30:00,GDP (QoQ),GDP (QoQ),5.9,5.6,0.3000000000000007
existing_home_sales,2010-02-26 10:00:00,Existing Home Sales,Existing Home Sales,5050000.0,5500000.0,-450000.0
ism_manufacturing,2010-03-01 10:00:00,ISM Manufacturing PMI,ISM Manufacturing PMI,56.5,58.0,-1.5
ism_services,2010-03-03 10:00:00,ISM Non-Manufacturing PMI,ISM Non-Manufacturing PMI,53.0,51.0,2.0
nonfarm_payrolls,2010-03-05 08:30:00,Nonfarm Payrolls,Nonfarm Payrolls,-36000.0,-55000.0,19000.0
unemployment_rate,2010-03-05 08:30:00,Unemployment Rate,Unemployment Rate,9.7,9.8,-0.10000000000000142
retail_sales,2010-03-12 08:30:00,Retail Sales (MoM),Retail Sales (MoM),0.3,-0.1,0.4
industrial_production,2010-03-15 09:15:00,Industrial Production (MoM),Industrial Production (MoM),0.1,0.0,0.1
building_permits,2010-03-16 08:30:00,Building Permits,Building Permits,610000.0,600000.0,10000.0
housing_starts,2010-03-16 08:30:00,Housing Starts,Housing Starts,580000.0,570000.0,10000.0
ppi,2010-03-17 08:30:00,PPI (MoM),PPI (MoM),-0.6,-0.2,-0.39999999999999997
existing_home_sales,2010-03-23 10:00:00,Existing Home Sales,Existing Home Sales,5020000.0,5000000.0,20000.0
durable_goods,2010-03-24 08:30:00,Durable Goods Orders (MoM),Durable Goods Orders (MoM),0.5,0.7,-0.19999999999999996
new_home_sales,2010-03-24 10:00:00,New Home Sales,New Home Sales,308000.0,315000.0,-7000.0
real_gdp_advance,2010-03-26 08:30:00,GDP (QoQ),GDP (QoQ),5.6,5.9,-0.3000000000000007
ism_manufacturing,2010-04-01 10:00:00,ISM Manufacturing PMI,ISM Manufacturing PMI,59.6,57.0,2.6000000000000014
nonfarm_payrolls,2010-04-02 08:30:00,Nonfarm Payrolls,Nonfarm Payrolls,162000.0,190000.0,-28000.0
unemployment_rate,2010-04-02 08:30:00,Unemployment Rate,Unemployment Rate,9.7,9.7,0.0
ism_services,2010-04-05 10:00:00,ISM Non-Manufacturing PMI,ISM Non-Manufacturing PMI,55.4,53.5,1.8999999999999986
retail_sales,2010-04-14 08:30:00,Retail Sales (MoM),Retail Sales (MoM),1.6,1.1,0.5
industrial_production,2010-04-15 09:15:00,Industrial Production (MoM),Industrial Production (MoM),0.1,0.7,-0.6
building_permits,2010-04-16 08:30:00,Building Permits,Building Permits,690000.0,630000.0,60000.0
housing_starts,2010-04-16 08:30:00,Housing Starts,Housing Starts,630000.0,610000.0,20000.0
ppi,2010-04-22 08:30:00,PPI (MoM),PPI (MoM),0.7,0.4,0.29999999999999993
existing_home_sales,2010-04-22 10:00:00,Existing Home Sales,Existing Home Sales,5350000.0,5300000.0,50000.0
durable_goods,2010-04-23 08:30:00,Durable Goods Orders (MoM),Durable Goods Orders (MoM),-1.3,0.2,-1.5
new_home_sales,2010-04-23 10:00:00,New Home Sales,New Home Sales,411000.0,325000.0,86000.0
real_gdp_advance,2010-04-30 08:30:00,GDP (QoQ),GDP (QoQ),3.2,3.3,-0.09999999999999964
ism_manufacturing,2010-05-03 10:00:00,ISM Manufacturing PMI,ISM Manufacturing PMI,60.4,60.0,0.3999999999999986
ism_services,2010-05-05 10:00:00,ISM Non-Manufacturing PMI,ISM Non-Manufacturing PMI,55.4,56.1,-0.7000000000000028
nonfarm_payrolls,2010-05-07 08:30:00,Nonfarm Payrolls,Nonfarm Payrolls,290000.0,187000.0,103000.0
unemployment_rate,2010-05-07 08:30:00,Unemployment Rate,Unemployment Rate,9.9,9.7,0.20000000000000107
retail_sales,2010-05-14 08:30:00,Retail Sales (MoM),Retail Sales (MoM),0.4,0.3,0.10000000000000003
industrial_production,2010-05-14 09:15:00,Industrial Production (MoM),Industrial Production (MoM),0.8,0.6,0.20000000000000007
building_permits,2010-05-18 08:30:00,Building Permits,Building Permits,610000.0,680000.0,-70000.0
housing_starts,2010-05-18 08:30:00,Housing Starts,Housing Starts,670000.0,660000.0,10000.0
ppi,2010-05-18 08:30:00,PPI (MoM),PPI (MoM),-0.1,0.1,-0.2
existing_home_sales,2010-05-24 10:00:00,Existing Home Sales,Existing Home Sales,5770000.0,5650000.0,120000.0
durable_goods,2010-05-26 08:30:00,Durable Goods Orders (MoM),Durable Goods Orders (MoM),2.9,1.4,1.5
new_home_sales,2010-05-26 10:00:00,New Home Sales,New Home Sales,504000.0,425000.0,79000.0
real_gdp_advance,2010-05-27 08:30:00,GDP (QoQ),GDP (QoQ),3.0,3.3,-0.2999999999999998
ism_manufacturing,2010-06-01 10:00:00,ISM Manufacturing PMI,ISM Manufacturing PMI,59.7,58.9,0.8000000000000043
ism_services,2010-06-03 10:00:00,ISM Non-Manufacturing PMI,ISM Non-Manufacturing PMI,55.4,55.5,-0.10000000000000142
nonfarm_payrolls,2010-06-04 08:30:00,Nonfarm Payrolls,Nonfarm Payrolls,431000.0,500000.0,-69000.0
unemployment_rate,2010-06-04 08:30:00,Unemployment Rate,Unemployment Rate,9.7,9.8,-0.10000000000000142
retail_sales,2010-06-11 08:30:00,Retail Sales (MoM),Retail Sales (MoM),-1.2,0.3,-1.5
building_permits,2010-06-16 08:30:00,Building Permits,Building Permits,570000.0,630000.0,-60000.0
housing_starts,2010-06-16 08:30:00,Housing Starts,Housing Starts,590000.0,650000.0,-60000.0
ppi,2010-06-16 08:30:00,PPI (MoM),PPI (MoM),-0.3,-0.5,0.2
industrial_production,2010-06-16 09:15:00,Industrial Production (MoM),Industrial Production (MoM),1.2,0.9,0.29999999999999993
existing_home_sales,2010-06-22 10:00:00,Existing Home Sales,Existing Home Sales,5660000.0,6100000.0,-440000.0
new_home_sales,2010-06-23 10:00:00,New Home Sales,New Home Sales,300000.0,450000.0,-150000.0
durable_goods,2010-06-24 08:30:00,Durable Goods Orders (MoM),Durable Goods Orders (MoM),-1.1,-1.8,0.7
real_gdp_advance,2010-06-25 08:30:00,GDP (QoQ),GDP (QoQ),2.7,3.0,-0.2999999999999998
ism_manufacturing,2010-07-01 10:00:00,ISM Manufacturing PMI,ISM Manufacturing PMI,56.2,59.0,-2.799999999999997
nonfarm_payrolls,2010-07-02 08:30:00,Nonfarm Payrolls,Nonfarm Payrolls,-125000.0,-100000.0,-25000.0
unemployment_rate,2010-07-02 08:30:00,Unemployment Rate,Unemployment Rate,9.5,9.8,-0.3000000000000007
ism_services,2010-07-06 10:00:00,ISM Non-Manufacturing PMI,ISM Non-Manufacturing PMI,53.8,55.0,-1.2000000000000028
retail_sales,2010-07-14 08:30:00,Retail Sales (MoM),Retail Sales (MoM),-0.5,-0.2,-0.3
ppi,2010-07-15 08:30:00,PPI (MoM),PPI (MoM),-0.5,-0.1,-0.4
industrial_production,2010-07-15 09:15:00,Industrial Production (MoM),Industrial Production (MoM),0.1,0.0,0.1
building_permits,2010-07-20 08:30:00,Building Permits,Building Permits,590000.0,570000.0,20000.0
housing_starts,2010-07-20 08:30:00,Housing Starts,Housing Starts,550000.0,570000.0,-20000.0
existing_home_sales,2010-07-22 10:00:00,Existing Home Sales,Existing Home Sales,5370000.0,5040000.0,330000.0
new_home_sales,2010-07-26 10:00:00,New Home Sales,New Home Sales,330000.0,310000.0,20000.0
durable_goods,2010-07-28 08:30:00,Durable Goods Orders (MoM),Durable Goods Orders (MoM),-1.0,0.9,-1.9
real_gdp_advance,2010-07-30 08:30:00,GDP (QoQ),GDP (QoQ),2.4,2.5,-0.10000000000000009
ism_manufacturing,2010-08-02 10:00:00,ISM Manufacturing PMI,ISM Manufacturing PMI,55.5,54.2,1.2999999999999972
ism_services,2010-08-04 10:00:00,ISM Non-Manufacturing PMI,ISM Non-Manufacturing PMI,54.3,53.0,1.2999999999999972
nonfarm_payrolls,2010-08-06 08:30:00,Nonfarm Payrolls,Nonfarm Payrolls,-131000.0,-65000.0,-66000.0
unemployment_rate,2010-08-06 08:30:00,Unemployment Rate,Unemployment Rate,9.5,9.6,-0.09999999999999964
retail_sales,2010-08-13 08:30:00,Retail Sales (MoM),Retail Sales (MoM),0.4,0.5,-0.09999999999999998
building_permits,2010-08-17 08:30:00,Building Permits,Building Permits,570000.0,570000.0,0.0
housing_starts,2010-08-17 08:30:00,Housing Starts,Housing Starts,550000.0,550000.0,0.0
ppi,2010-08-17 08:30:00,PPI (MoM),PPI (MoM),0.2,0.2,0.0
industrial_production,2010-08-17 09:15:00,Industrial Production (MoM),Industrial Production (MoM),1.0,0.6,0.4
existing_home_sales,2010-08-24 10:00:00,Existing Home Sales,Existing Home Sales,3830000.0,4750000.0,-920000.0
durable_goods,2010-08-25 08:30:00,Durable Goods Orders (MoM),Durable Goods Orders (MoM),0.3,3.1,-2.8000000000000003
new_home_sales,2010-08-25 10:00:00,New Home Sales,New Home Sales,276000.0,330000.0,-54000.0
real_gdp_advance,2010-08-27 08:30:00,GDP (QoQ),GDP (QoQ),1.6,1.4,0.20000000000000018
ism_manufacturing,2010-09-01 10:00:00,ISM Manufacturing PMI,ISM Manufacturing PMI,56.3,53.0,3.299999999999997
nonfarm_payrolls,2010-09-03 08:30:00,Nonfarm Payrolls,Nonfarm Payrolls,-54000.0,-118000.0,64000.0
unemployment_rate,2010-09-03 08:30:00,Unemployment Rate,Unemployment Rate,9.6,9.6,0.0
ism_services,2010-09-03 10:00:00,ISM Non-Manufacturing PMI,ISM Non-Manufacturing PMI,51.5,53.2,-1.7000000000000028
retail_sales,2010-09-14 08:30:00,Retail Sales (MoM),Retail Sales (MoM),0.4,0.3,0.10000000000000003
industrial_production,2010-09-15 09:15:00,Industrial Production (MoM),Industrial Production (MoM),0.2,0.3,-0.09999999999999998
ppi,2010-09-16 08:30:00,PPI (MoM),PPI (MoM),0.4,0.3,0.10000000000000003
building_permits,2010-09-21 08:30:00,Building Permits,Building Permits,570000.0,560000.0,10000.0
housing_starts,2010-09-21 08:30:00,Housing Starts,Housing Starts,600000.0,550000.0,50000.0
existing_home_sales,2010-09-23 10:00:00,Existing Home Sales,Existing Home Sales,4130000.0,4040000.0,90000.0
durable_goods,2010-09-24 08:30:00,Durable Goods Orders (MoM),Durable Goods Orders (MoM),-1.3,-1.3,0.0
new_home_sales,2010-09-24 10:00:00,New Home Sales,New Home Sales,288000.0,290000.0,-2000.0
real_gdp_advance,2010-09-30 08:30:00,GDP (QoQ),GDP (QoQ),1.7,1.6,0.09999999999999987
ism_manufacturing,2010-10-01 10:00:00,ISM Manufacturing PMI,ISM Manufacturing PMI,54.4,54.5,-0.10000000000000142
ism_services,2010-10-05 10:00:00,ISM Non-Manufacturing PMI,ISM Non-Manufacturing PMI,53.2,51.8,1.4000000000000057
nonfarm_payrolls,2010-10-08 08:30:00,Nonfarm Payrolls,Nonfarm Payrolls,-95000.0,3000.0,-98000.0
unemployment_rate,2010-10-08 08:30:00,Unemployment Rate,Unemployment Rate,9.6,9.7,-0.09999999999999964
ppi,2010-10-14 08:30:00,PPI (MoM),PPI (MoM),0.4,0.2,0.2
retail_sales,2010-10-15 08:30:00,Retail Sales (MoM),Retail Sales (MoM),0.6,0.4,0.19999999999999996
industrial_production,2010-10-18 09:15:00,Industrial Production (MoM),Industrial Production (MoM),-0.2,0.2,-0.4
building_permits,2010-10-19 08:30:00,Building Permits,Building Permits,540000.0,580000.0,-40000.0
housing_starts,2010-10-19 08:30:00,Housing Starts,Housing Starts,610000.0,590000.0,20000.0
existing_home_sales,2010-10-25 10:00:00,Existing Home Sales,Existing Home Sales,4530000.0,4250000.0,280000.0
durable_goods,2010-10-27 08:30:00,Durable Goods Orders (MoM),Durable Goods Orders (MoM),3.3,1.7,1.5999999999999999
new_home_sales,2010-10-27 10:00:00,New Home Sales,New Home Sales,307000.0,300000.0,7000.0
real_gdp_advance,2010-10-29 08:30:00,GDP (QoQ),GDP (QoQ),2.0,2.0,0.0
ism_manufacturing,2010-11-01 10:00:00,ISM Manufacturing PMI,ISM Manufacturing PMI,56.9,53.6,3.299999999999997
ism_services,2010-11-03 10:00:00,ISM Non-Manufacturing PMI,ISM Non-Manufacturing PMI,54.3,53.6,0.6999999999999957
nonfarm_payrolls,2010-11-05 08:30:00,Nonfarm Payrolls,Nonfarm Payrolls,151000.0,60000.0,91000.0
unemployment_rate,2010-11-05 08:30:00,Unemployment Rate,Unemployment Rate,9.6,9.6,0.0
retail_sales,2010-11-15 08:30:00,Retail Sales (MoM),Retail Sales (MoM),1.2,0.7,0.5
ppi,2010-11-16 08:30:00,PPI (MoM),PPI (MoM),0.4,0.8,-0.4
industrial_production,2010-11-16 09:15:00,Industrial Production (MoM),Industrial Production (MoM),0.0,0.3,-0.3
building_permits,2010-11-17 08:30:00,Building Permits,Building Permits,550000.0,570000.0,-20000.0
housing_starts,2010-11-17 08:30:00,Housing Starts,Housing Starts,520000.0,600000.0,-80000.0
real_gdp_advance,2010-11-23 08:30:00,GDP (QoQ),GDP (QoQ),2.5,2.4,0.10000000000000009
existing_home_sales,2010-11-23 10:00:00,Existing Home Sales,Existing Home Sales,4430000.0,4420000.0,10000.0
durable_goods,2010-11-24 08:30:00,Durable Goods Orders (MoM),Durable Goods Orders (MoM),-3.3,-0.3,-3.0
new_home_sales,2010-11-24 10:00:00,New Home Sales,New Home Sales,283000.0,312000.0,-29000.0
ism_manufacturing,2010-12-01 10:00:00,ISM Manufacturing PMI,ISM Manufacturing PMI,56.6,56.4,0.20000000000000284
nonfarm_payrolls,2010-12-03 08:30:00,Nonfarm Payrolls,Nonfarm Payrolls,39000.0,140000.0,-101000.0
unemployment_rate,2010-12-03 08:30:00,Unemployment Rate,Unemployment Rate,9.8,9.6,0.20000000000000107
ism_services,2010-12-03 10:00:00,ISM Non-Manufacturing PMI,ISM Non-Manufacturing PMI,55.0,54.5,0.5
ppi,2010-12-14 08:30:00,PPI (MoM),PPI (MoM),0.8,0.5,0.30000000000000004
retail_sales,2010-12-14 08:30:00,Retail Sales (MoM),Retail Sales (MoM),0.8,0.5,0.30000000000000004
industrial_production,2010-12-15 09:15:00,Industrial Production (MoM),Industrial Production (MoM),0.4,0.3,0.10000000000000003
building_permits,2010-12-16 08:30:00,Building Permits,Building Permits,530000.0,570000.0,-40000.0
housing_starts,2010-12-16 08:30:00,Housing Starts,Housing Starts,560000.0,550000.0,10000.0
real_gdp_advance,2010-12-22 08:30:00,GDP (QoQ),GDP (QoQ),2.6,2.7,-0.10000000000000009
existing_home_sales,2010-12-22 10:00:00,Existing Home Sales,Existing Home Sales,4680000.0,4750000.0,-70000.0
durable_goods,2010-12-23 08:30:00,Durable Goods Orders (MoM),Durable Goods Orders (MoM),-1.3,-1.0,-0.30000000000000004
new_home_sales,2010-12-23 10:00:00,New Home Sales,New Home Sales,290000.0,303000.0,-13000.0
ism_manufacturing,2011-01-03 10:00:00,ISM Manufacturing PMI,ISM Manufacturing PMI,57.0,57.3,-0.29999999999999716
ism_services,2011-01-05 10:00:00,ISM Non-Manufacturing PMI,ISM Non-Manufacturing PMI,57.1,55.7,1.3999999999999986
nonfarm_payrolls,2011-01-07 08:30:00,Nonfarm Payrolls,Nonfarm Payrolls,103000.0,150000.0,-47000.0
unemployment_rate,2011-01-07 08:30:00,Unemployment Rate,Unemployment Rate,9.4,9.7,-0.29999999999999893
ppi,2011-01-13 08:30:00,PPI (MoM),PPI (MoM),1.1,0.7,0.40000000000000013
retail_sales,2011-01-14 08:30:00,Retail Sales (MoM),Retail Sales (MoM),0.6,0.7,-0.09999999999999998
industrial_production,2011-01-14 09:15:00,Industrial Production (MoM),Industrial Production (MoM),0.8,0.4,0.4
building_permits,2011-01-19 08:30:00,Building Permits,Building Permits,640000.0,560000.0,80000.0
housing_starts,2011-01-19 08:30:00,Housing Starts,Housing Starts,530000.0,550000.0,-20000.0
existing_home_sales,2011-01-20 10:00:00,Existing Home Sales,Existing Home Sales,5280000.0,4800000.0,480000.0
new_home_sales,2011-01-26 10:00:00,New Home Sales,New Home Sales,329000.0,300000.0,29000.0
durable_goods,2011-01-27 08:30:00,Durable Goods Orders (MoM),Durable Goods Orders (MoM),-2.5,1.5,-4.0
real_gdp_advance,2011-01-28 08:30:00,GDP (QoQ),GDP (QoQ),3.2,3.6,-0.3999999999999999
ism_manufacturing,2011-02-01 10:00:00,ISM Manufacturing PMI,ISM Manufacturing PMI,60.8,58.2,2.5999999999999943
ism_services,2011-02-03 10:00:00,ISM Non-Manufacturing PMI,ISM Non-Manufacturing PMI,59.4,57.0,2.3999999999999986
nonfarm_payrolls,2011-02-04 08:30:00,Nonfarm Payrolls,Nonfarm Payrolls,36000.0,150000.0,-114000.0
unemployment_rate,2011-02-04 08:30:00,Unemployment Rate,Unemployment Rate,9.0,9.6,-0.5999999999999996
retail_sales,2011-02-15 08:30:00,Retail Sales (MoM),Retail Sales (MoM),0.3,0.5,-0.2
building_permits,2011-02-16 08:30:00,Building Permits,Building Permits,560000.0,570000.0,-10000.0
housing_starts,2011-02-16 08:30:00,Housing Starts,Housing Starts,600000.0,550000.0,50000.0
ppi,2011-02-16 08:30:00,PPI (MoM),PPI (MoM),0.8,0.8,0.0
industrial_production,2011-02-16 09:15:00,Industrial Production (MoM),Industrial Production (MoM),-0.1,0.6,-0.7
existing_home_sales,2011-02-23 10:00:00,Existing Home Sales,Existing Home Sales,5360000.0,5230000.0,130000.0
durable_goods,2011-02-24 08:30:00,Durable Goods Orders (MoM),Durable Goods Orders (MoM),2.7,3.0,-0.2999999999999998
new_home_sales,2011-02-24 10:00:00,New Home Sales,New Home Sales,284000.0,310000.0,-26000.0
real_gdp_advance,2011-02-25 08:30:00,GDP (QoQ),GDP (QoQ),2.8,3.3,-0.5
ism_manufacturing,2011-03-01 10:00:00,ISM Manufacturing PMI,ISM Manufacturing PMI,61.4,60.9,0.5
ism_services,2011-03-03 10:00:00,ISM Non-Manufacturing PMI,ISM Non-Manufacturing PMI,59.7,59.7,0.0
nonfarm_payrolls,2011-03-04 08:30:00,Nonfarm Payrolls,Nonfarm Payrolls,192000.0,180000.0,12000.0
unemployment_rate,2011-03-04 08:30:00,Unemployment Rate,Unemployment Rate,8.9,9.1,-0.1999999999999993
retail_sales,2011-03-11 08:30:00,Retail Sales (MoM),Retail Sales (MoM),1.0,1.0,0.0
building_permits,2011-03-16 08:30:00,Building Permits,Building Permits,520000.0,570000.0,-50000.0
housing_starts,2011-03-16 08:30:00,Housing Starts,Housing Starts,480000.0,580000.0,-100000.0
ppi,2011-03-16 08:30:00,PPI (MoM),PPI (MoM),1.6,0.6,1.0
industrial_production,2011-03-17 09:15:00,Industrial Production (MoM),Industrial Production (MoM),-0.1,0.6,-0.7
existing_home_sales,2011-03-21 10:00:00,Existing Home Sales,Existing Home Sales,4880000.0,5050000.0,-170000.0
new_home_sales,2011-03-23 10:00:00,New Home Sales,New Home Sales,250000.0,288000.0,-38000.0
durable_goods,2011-03-24 08:30:00,Durable Goods Orders (MoM),Durable Goods Orders (MoM),-0.9,1.0,-1.9
real_gdp_advance,2011-03-25 08:30:00,GDP (QoQ),GDP (QoQ),3.1,2.9,0.20000000000000018
nonfarm_payrolls,2011-04-01 08:30:00,Nonfarm Payrolls,Nonfarm Payrolls,216000.0,188000.0,28000.0
unemployment_rate,2011-04-01 08:30:00,Unemployment Rate,Unemployment Rate,8.8,8.9,-0.09999999999999964
ism_manufacturing,2011-04-01 10:00:00,ISM Manufacturing PMI,ISM Manufacturing PMI,61.2,61.0,0.20000000000000284
ism_services,2011-04-05 10:00:00,ISM Non-Manufacturing PMI,ISM Non-Manufacturing PMI,57.3,60.0,-2.700000000000003
retail_sales,2011-04-13 08:30:00,Retail Sales (MoM),Retail Sales (MoM),0.4,0.5,-0.09999999999999998
ppi,2011-04-14 08:30:00,PPI (MoM),PPI (MoM),0.7,1.0,-0.30000000000000004
industrial_production,2011-04-15 09:15:00,Industrial Production (MoM),Industrial Production (MoM),0.8,0.6,0.20000000000000007
building_permits,2011-04-19 08:30:00,Building Permits,Building Permits,590000.0,540000.0,50000.0
housing_starts,2011-04-19 08:30:00,Housing Starts,Housing Starts,550000.0,520000.0,30000.0
existing_home_sales,2011-04-20 10:00:00,Existing Home Sales,Existing Home Sales,5100000.0,5000000.0,100000.0
new_home_sales,2011-04-25 10:00:00,New Home Sales,New Home Sales,300000.0,280000.0,20000.0
durable_goods,2011-04-27 08:30:00,Durable Goods Orders (MoM),Durable Goods Orders (MoM),2.5,1.9,0.6000000000000001
real_gdp_advance,2011-04-28 08:30:00,GDP (QoQ),GDP (QoQ),1.8,1.7,0.10000000000000009
ism_manufacturing,2011-05-02 10:00:00,ISM Manufacturing PMI,ISM Manufacturing PMI,60.4,59.7,0.6999999999999957
ism_services,2011-05-04 10:00:00,ISM Non-Manufacturing PMI,ISM Non-Manufacturing PMI,52.8,57.4,-4.600000000000001
nonfarm_payrolls,2011-05-06 08:30:00,Nonfarm Payrolls,Nonfarm Payrolls,244000.0,185000.0,59000.0
unemployment_rate,2011-05-06 08:30:00,Unemployment Rate,Unemployment Rate,9.0,8.8,0.1999999999999993
ppi,2011-05-12 08:30:00,PPI (MoM),PPI (MoM),0.8,0.6,0.20000000000000007
retail_sales,2011-05-12 08:30:00,Retail Sales (MoM),Retail Sales (MoM),0.5,0.6,-0.09999999999999998
building_permits,2011-05-17 08:30:00,Building Permits,Building Permits,550000.0,590000.0,-40000.0
housing_starts,2011-05-17 08:30:00,Housing Starts,Housing Starts,520000.0,570000.0,-50000.0
industrial_production,2011-05-17 09:15:00,Industrial Production (MoM),Industrial Production (MoM),0.0,0.5,-0.5
existing_home_sales,2011-05-19 10:00:00,Existing Home Sales,Existing Home Sales,5050000.0,5220000.0,-170000.0
new_home_sales,2011-05-24 10:00:00,New Home Sales,New Home Sales,323000.0,305000.0,18000.0
durable_goods,2011-05-25 08:30:00,Durable Goods Orders (MoM),Durable Goods Orders (MoM),-3.6,-2.0,-1.6
real_gdp_advance,2011-05-26 08:30:00,GDP (QoQ),GDP (QoQ),1.8,2.2,-0.40000000000000013
ism_manufacturing,2011-06-01 10:00:00,ISM Manufacturing PMI,ISM Manufacturing PMI,53.5,57.5,-4.0
nonfarm_payrolls,2011-06-03 08:30:00,Nonfarm Payrolls,Nonfarm Payrolls,54000.0,169000.0,-115000.0
unemployment_rate,2011-06-03 08:30:00,Unemployment Rate,Unemployment Rate,9.1,9.0,0.09999999999999964
ism_services,2011-06-03 10:00:00,ISM Non-Manufacturing PMI,ISM Non-Manufacturing PMI,54.6,54.0,0.6000000000000014
ppi,2011-06-14 08:30:00,PPI (MoM),PPI (MoM),0.2,0.1,0.1
retail_sales,2011-06-14 08:30:00,Retail Sales (MoM),Retail Sales (MoM),-0.2,-0.7,0.49999999999999994
industrial_production,2011-06-15 09:15:00,Industrial Production (MoM),Industrial Production (MoM),0.1,0.2,-0.1
building_permits,2011-06-16 08:30:00,Building Permits,Building Permits,610000.0,550000.0,60000.0
housing_starts,2011-06-16 08:30:00,Housing Starts,Housing Starts,560000.0,540000.0,20000.0
existing_home_sales,2011-06-21 10:00:00,Existing Home Sales,Existing Home Sales,4810000.0,4780000.0,30000.0
new_home_sales,2011-06-23 10:00:00,New Home Sales,New Home Sales,319000.0,310000.0,9000.0
durable_goods,2011-06-24 08:30:00,Durable Goods Orders (MoM),Durable Goods Orders (MoM),1.9,1.6,0.2999999999999998
real_gdp_advance,2011-06-24 08:30:00,GDP (QoQ),GDP (QoQ),1.9,1.9,0.0
ism_manufacturing,2011-07-01 10:00:00,ISM Manufacturing PMI,ISM Manufacturing PMI,55.3,51.5,3.799999999999997
ism_services,2011-07-06 10:00:00,ISM Non-Manufacturing PMI,ISM Non-Manufacturing PMI,53.3,54.0,-0.7000000000000028
nonfarm_payrolls,2011-07-08 08:30:00,Nonfarm Payrolls,Nonfarm Payrolls,18000.0,89000.0,-71000.0
unemployment_rate,2011-07-08 08:30:00,Unemployment Rate,Unemployment Rate,9.2,9.1,0.09999999999999964
ppi,2011-07-14 08:30:00,PPI (MoM),PPI (MoM),-0.4,-0.2,-0.2
retail_sales,2011-07-14 08:30:00,Retail Sales (MoM),Retail Sales (MoM),0.1,0.0,0.1
industrial_production,2011-07-15 09:15:00,Industrial Production (MoM),Industrial Production (MoM),0.2,0.3,-0.09999999999999998
building_permits,2011-07-19 08:30:00,Building Permits,Building Permits,624000.0,600000.0,24000.0
housing_starts,2011-07-19 08:30:00,Housing Starts,Housing Starts,630000.0,570000.0,60000.0
existing_home_sales,2011-07-20 10:00:00,Existing Home Sales,Existing Home Sales,4770000.0,4920000.0,-150000.0
new_home_sales,2011-07-26 10:00:00,New Home Sales,New Home Sales,312000.0,320000.0,-8000.0
durable_goods,2011-07-27 08:30:00,Durable Goods Orders (MoM),Durable Goods Orders (MoM),-2.1,0.4,-2.5
real_gdp_advance,2011-07-29 08:30:00,GDP (QoQ),GDP (QoQ),1.3,1.7,-0.3999999999999999
ism_manufacturing,2011-08-01 10:00:00,ISM Manufacturing PMI,ISM Manufacturing PMI,50.9,54.8,-3.8999999999999986
ism_services,2011-08-03 10:00:00,ISM Non-Manufacturing PMI,ISM Non-Manufacturing PMI,52.7,53.8,-1.0999999999999943
nonfarm_payrolls,2011-08-05 08:30:00,Nonfarm Payrolls,Nonfarm Payrolls,117000.0,95000.0,22000.0
unemployment_rate,2011-08-05 08:30:00,Unemployment Rate,Unemployment Rate,9.1,9.2,-0.09999999999999964
retail_sales,2011-08-12 08:30:00,Retail Sales (MoM),Retail Sales (MoM),0.5,0.5,0.0
building_permits,2011-08-16 08:30:00,Building Permits,Building Permits,597000.0,610000.0,-13000.0
housing_starts,2011-08-16 08:30:00,Housing Starts,Housing Starts,600000.0,600000.0,0.0
industrial_production,2011-08-16 09:15:00,Industrial Production (MoM),Industrial Production (MoM),0.9,0.5,0.4
ppi,2011-08-17 08:30:00,PPI (MoM),PPI (MoM),0.2,0.1,0.1
existing_home_sales,2011-08-18 10:00:00,Existing Home Sales,Existing Home Sales,4670000.0,4900000.0,-230000.0
new_home_sales,2011-08-23 10:00:00,New Home Sales,New Home Sales,298000.0,310000.0,-12000.0
durable_goods,2011-08-24 08:30:00,Durable Goods Orders (MoM),Durable Goods Orders (MoM),4.0,2.0,2.0
real_gdp_advance,2011-08-26 08:30:00,GDP (QoQ),GDP (QoQ),1.0,1.1,-0.10000000000000009
ism_manufacturing,2011-09-01 10:00:00,ISM Manufacturing PMI,ISM Manufacturing PMI,50.6,48.5,2.1000000000000014
nonfarm_payrolls,2011-09-02 08:30:00,Nonfarm Payrolls,Nonfarm Payrolls,0.0,74000.0,-74000.0
unemployment_rate,2011-09-02 08:30:00,Unemployment Rate,Unemployment Rate,9.1,9.1,0.0
ism_services,2011-09-06 10:00:00,ISM Non-Manufacturing PMI,ISM Non-Manufacturing PMI,53.3,51.0,2.299999999999997
ppi,2011-09-14 08:30:00,PPI (MoM),PPI (MoM),0.0,0.0,0.0
retail_sales,2011-09-14 08:30:00,Retail Sales (MoM),Retail Sales (MoM),0.0,0.2,-0.2
industrial_production,2011-09-15 09:15:00,Industrial Production (MoM),Industrial Production (MoM),0.2,0.1,0.1
building_permits,2011-09-20 08:30:00,Building Permits,Building Permits,620000.0,590000.0,30000.0
housing_starts,2011-09-20 08:30:00,Housing Starts,Housing Starts,570000.0,590000.0,-20000.0
existing_home_sales,2011-09-21 10:00:00,Existing Home Sales,Existing Home Sales,5030000.0,4750000.0,280000.0
new_home_sales,2011-09-26 10:00:00,New Home Sales,New Home Sales,295000.0,293000.0,2000.0
durable_goods,2011-09-28 08:30:00,Durable Goods Orders (MoM),Durable Goods Orders (MoM),-0.1,-1.0,0.9
real_gdp_advance,2011-09-29 08:30:00,GDP (QoQ),GDP (QoQ),1.3,1.2,0.10000000000000009
ism_manufacturing,2011-10-03 10:00:00,ISM Manufacturing PMI,ISM Manufacturing PMI,51.6,50.5,1.1000000000000014
ism_services,2011-10-05 10:00:00,ISM Non-Manufacturing PMI,ISM Non-Manufacturing PMI,53.0,53.0,0.0
nonfarm_payrolls,2011-10-07 08:30:00,Nonfarm Payrolls,Nonfarm Payrolls,103000.0,53000.0,50000.0
unemployment_rate,2011-10-07 08:30:00,Unemployment Rate,Unemployment Rate,9.1,9.1,0.0
retail_sales,2011-10-14 08:30:00,Retail Sales (MoM),Retail Sales (MoM),1.1,0.5,0.6000000000000001
industrial_production,2011-10-17 09:15:00,Industrial Production (MoM),Industrial Production (MoM),0.2,0.2,0.0
ppi,2011-10-18 08:30:00,PPI (MoM),PPI (MoM),0.8,0.2,0.6000000000000001
building_permits,2011-10-19 08:30:00,Building Permits,Building Permits,594000.0,610000.0,-16000.0
housing_starts,2011-10-19 08:30:00,Housing Starts,Housing Starts,658000.0,590000.0,68000.0
existing_home_sales,2011-10-20 10:00:00,Existing Home Sales,Existing Home Sales,4910000.0,4900000.0,10000.0
durable_goods,2011-10-26 08:30:00,Durable Goods Orders (MoM),Durable Goods Orders (MoM),-0.8,-0.7,-0.10000000000000009
new_home_sales,2011-10-26 10:00:00,New Home Sales,New Home Sales,313000.0,300000.0,13000.0
real_gdp_advance,2011-10-27 08:30:00,GDP (QoQ),GDP (QoQ),2.5,2.4,0.10000000000000009
ism_manufacturing,2011-11-01 10:00:00,ISM Manufacturing PMI,ISM Manufacturing PMI,50.8,52.1,-1.3000000000000043
ism_services,2011-11-03 10:00:00,ISM Non-Manufacturing PMI,ISM Non-Manufacturing PMI,52.9,53.7,-0.8000000000000043
nonfarm_payrolls,2011-11-04 08:30:00,Nonfarm Payrolls,Nonfarm Payrolls,80000.0,95000.0,-15000.0
unemployment_rate,2011-11-04 08:30:00,Unemployment Rate,Unemployment Rate,9.0,9.1,-0.09999999999999964
ppi,2011-11-15 08:30:00,PPI (MoM),PPI (MoM),-0.3,-0.2,-0.09999999999999998
retail_sales,2011-11-15 08:30:00,Retail Sales (MoM),Retail Sales (MoM),0.5,0.4,0.09999999999999998
industrial_production,2011-11-16 09:15:00,Industrial Production (MoM),Industrial Production (MoM),0.7,0.4,0.29999999999999993
building_permits,2011-11-17 08:30:00,Building Permits,Building Permits,653000.0,600000.0,53000.0
housing_starts,2011-11-17 08:30:00,Housing Starts,Housing Starts,628000.0,610000.0,18000.0
existing_home_sales,2011-11-21 10:00:00,Existing Home Sales,Existing Home Sales,4970000.0,4800000.0,170000.0
real_gdp_advance,2011-11-22 08:30:00,GDP (QoQ),GDP (QoQ),2.0,2.5,-0.5
durable_goods,2011-11-23 08:30:00,Durable Goods Orders (MoM),Durable Goods Orders (MoM),-0.7,-1.2,0.5
new_home_sales,2011-11-28 10:00:00,New Home Sales,New Home Sales,307000.0,312000.0,-5000.0
ism_manufacturing,2011-12-01 10:00:00,ISM Manufacturing PMI,ISM Manufacturing PMI,52.7,51.5,1.2000000000000028
nonfarm_payrolls,2011-12-02 08:30:00,Nonfarm Payrolls,Nonfarm Payrolls,120000.0,120000.0,0.0
unemployment_rate,2011-12-02 08:30:00,Unemployment Rate,Unemployment Rate,8.6,9.0,-0.40000000000000036
ism_services,2011-12-05 10:00:00,ISM Non-Manufacturing PMI,ISM Non-Manufacturing PMI,52.0,53.4,-1.3999999999999986
retail_sales,2011-12-13 08:30:00,Retail Sales (MoM),Retail Sales (MoM),0.2,0.6,-0.39999999999999997
ppi,2011-12-15 08:30:00,PPI (MoM),PPI (MoM),0.3,0.3,0.0
industrial_production,2011-12-15 09:15:00,Industrial Production (MoM),Industrial Production (MoM),-0.2,0.3,-0.5
building_permits,2011-12-20 08:30:00,Building Permits,Building Permits,681000.0,630000.0,51000.0
housing_starts,2011-12-20 08:30:00,Housing Starts,Housing Starts,685000.0,640000.0,45000.0
existing_home_sales,2011-12-21 10:00:00,Existing Home Sales,Existing Home Sales,4420000.0,5030000.0,-610000.0
real_gdp_advance,2011-12-22 08:30:00,GDP (QoQ),GDP (QoQ),1.8,2.0,-0.19999999999999996
durable_goods,2011-12-23 08:30:00,Durable Goods Orders (MoM),Durable Goods Orders (MoM),3.8,2.2,1.5999999999999996
new_home_sales,2011-12-23 10:00:00,New Home Sales,New Home Sales,315000.0,313000.0,2000.0
ism_manufacturing,2012-01-03 10:00:00,ISM Manufacturing PMI,ISM Manufacturing PMI,53.9,53.2,0.6999999999999957
ism_services,2012-01-05 10:00:00,ISM Non-Manufacturing PMI,ISM Non-Manufacturing PMI,52.6,53.0,-0.3999999999999986
nonfarm_payrolls,2012-01-06 08:30:00,Nonfarm Payrolls,Nonfarm Payrolls,200000.0,150000.0,50000.0
unemployment_rate,2012-01-06 08:30:00,Unemployment Rate,Unemployment Rate,8.5,8.7,-0.1999999999999993
retail_sales,2012-01-12 08:30:00,Retail Sales (MoM),Retail Sales (MoM),0.1,0.3,-0.19999999999999998
ppi,2012-01-18 08:30:00,PPI (MoM),PPI (MoM),-0.1,0.1,-0.2
industrial_production,2012-01-18 09:15:00,Industrial Production (MoM),Industrial Production (MoM),0.4,0.5,-0.09999999999999998
building_permits,2012-01-19 08:30:00,Building Permits,Building Permits,679000.0,680000.0,-1000.0
housing_starts,2012-01-19 08:30:00,Housing Starts,Housing Starts,657000.0,690000.0,-33000.0
existing_home_sales,2012-01-20 10:00:00,Existing Home Sales,Existing Home Sales,4610000.0,4650000.0,-40000.0
durable_goods,2012-01-26 08:30:00,Durable Goods Orders (MoM),Durable Goods Orders (MoM),3.0,2.0,1.0
new_home_sales,2012-01-26 10:00:00,New Home Sales,New Home Sales,307000.0,320000.0,-13000.0
real_gdp_advance,2012-01-27 08:30:00,GDP (QoQ),GDP (QoQ),2.8,3.0,-0.20000000000000018
ism_manufacturing,2012-02-01 10:00:00,ISM Manufacturing PMI,ISM Manufacturing PMI,54.1,54.5,-0.3999999999999986
nonfarm_payrolls,2012-02-03 08:30:00,Nonfarm Payrolls,Nonfarm Payrolls,243000.0,150000.0,93000.0
unemployment_rate,2012-02-03 08:30:00,Unemployment Rate,Unemployment Rate,8.3,8.5,-0.1999999999999993
ism_services,2012-02-03 10:00:00,ISM Non-Manufacturing PMI,ISM Non-Manufacturing PMI,56.8,53.2,3.5999999999999943
retail_sales,2012-02-14 08:30:00,Retail Sales (MoM),Retail Sales (MoM),0.4,0.8,-0.4
industrial_production,2012-02-15 09:15:00,Industrial Production (MoM),Industrial Production (MoM),0.0,0.7,-0.7
building_permits,2012-02-16 08:30:00,Building Permits,Building Permits,676000.0,680000.0,-4000.0
housing_starts,2012-02-16 08:30:00,Housing Starts,Housing Starts,699000.0,680000.0,19000.0
ppi,2012-02-16 08:30:00,PPI (MoM),PPI (MoM),0.1,0.3,-0.19999999999999998
existing_home_sales,2012-02-22 10:00:00,Existing Home Sales,Existing Home Sales,4570000.0,4670000.0,-100000.0
new_home_sales,2012-02-24 10:00:00,New Home Sales,New Home Sales,321000.0,315000.0,6000.0
durable_goods,2012-02-28 08:30:00,Durable Goods Orders (MoM),Durable Goods Orders (MoM),-4.0,-0.8,-3.2
real_gdp_advance,2012-02-29 08:30:00,GDP (QoQ),GDP (QoQ),3.0,2.8,0.20000000000000018
ism_manufacturing,2012-03-01 10:00:00,ISM Manufacturing PMI,ISM Manufacturing PMI,52.4,54.6,-2.200000000000003
ism_services,2012-03-05 10:00:00,ISM Non-Manufacturing PMI,ISM Non-Manufacturing PMI,57.3,56.1,1.1999999999999957
nonfarm_payrolls,2012-03-09 08:30:00,Nonfarm Payrolls,Nonfarm Payrolls,227000.0,210000.0,17000.0
unemployment_rate,2012-03-09 08:30:00,Unemployment Rate,Unemployment Rate,8.3,8.3,0.0
retail_sales,2012-03-13 08:30:00,Retail Sales (MoM),Retail Sales (MoM),1.1,1.1,0.0
ppi,2012-03-15 08:30:00,PPI (MoM),PPI (MoM),0.4,0.5,-0.09999999999999998
industrial_production,2012-03-16 09:15:00,Industrial Production (MoM),Industrial Production (MoM),0.0,0.4,-0.4
building_permits,2012-03-20 08:30:00,Building Permits,Building Permits,717000.0,690000.0,27000.0
housing_starts,2012-03-20 08:30:00,Housing Starts,Housing Starts,698000.0,700000.0,-2000.0
existing_home_sales,2012-03-21 10:00:00,Existing Home Sales,Existing Home Sales,4590000.0,4610000.0,-20000.0
new_home_sales,2012-03-23 10:00:00,New Home Sales,New Home Sales,313000.0,325000.0,-12000.0
durable_goods,2012-03-28 08:30:00,Durable Goods Orders (MoM),Durable Goods Orders (MoM),2.2,3.0,-0.7999999999999998
real_gdp_advance,2012-03-29 08:30:00,GDP (QoQ),GDP (QoQ),3.0,3.0,0.0
ism_manufacturing,2012-04-02 10:00:00,ISM Manufacturing PMI,ISM Manufacturing PMI,53.4,53.0,0.3999999999999986
ism_services,2012-04-04 10:00:00,ISM Non-Manufacturing PMI,ISM Non-Manufacturing PMI,56.0,57.0,-1.0
nonfarm_payrolls,2012-04-06 08:30:00,Nonfarm Payrolls,Nonfarm Payrolls,120000.0,203000.0,-83000.0
unemployment_rate,2012-04-06 08:30:00,Unemployment Rate,Unemployment Rate,8.2,8.3,-0.10000000000000142
ppi,2012-04-12 08:30:00,PPI (MoM),PPI (MoM),0.0,0.3,-0.3
retail_sales,2012-04-16 08:30:00,Retail Sales (MoM),Retail Sales (MoM),0.8,0.3,0.5
building_permits,2012-04-17 08:30:00,Building Permits,Building Permits,747000.0,710000.0,37000.0
housing_starts,2012-04-17 08:30:00,Housing Starts,Housing Starts,654000.0,705000.0,-51000.0
industrial_production,2012-04-17 09:15:00,Industrial Production (MoM),Industrial Production (MoM),0.0,0.3,-0.3
existing_home_sales,2012-04-19 10:00:00,Existing Home Sales,Existing Home Sales,4480000.0,4620000.0,-140000.0
new_home_sales,2012-04-24 10:00:00,New Home Sales,New Home Sales,328000.0,320000.0,8000.0
durable_goods,2012-04-25 08:30:00,Durable Goods Orders (MoM),Durable Goods Orders (MoM),-4.2,-1.7,-2.5
real_gdp_advance,2012-04-27 08:30:00,GDP (QoQ),GDP (QoQ),2.2,2.5,-0.2999999999999998
ism_manufacturing,2012-05-01 10:00:00,ISM Manufacturing PMI,ISM Manufacturing PMI,54.8,53.0,1.7999999999999972
ism_services,2012-05-03 10:00:00,ISM Non-Manufacturing PMI,ISM Non-Manufacturing PMI,53.5,55.5,-2.0
nonfarm_payrolls,2012-05-04 08:30:00,Nonfarm Payrolls,Nonfarm Payrolls,115000.0,170000.0,-55000.0
unemployment_rate,2012-05-04 08:30:00,Unemployment Rate,Unemployment Rate,8.1,8.2,-0.09999999999999964
ppi,2012-05-11 08:30:00,PPI (MoM),PPI (MoM),-0.2,0.0,-0.2
cpi,2012-05-15 08:30:00,CPI (YoY),CPI (YoY),2.3,2.3,0.0
retail_sales,2012-05-15 08:30:00,Retail Sales (MoM),Retail Sales (MoM),0.1,0.2,-0.1
building_permits,2012-05-16 08:30:00,Building Permits,Building Permits,715000.0,730000.0,-15000.0
housing_starts,2012-05-16 08:30:00,Housing Starts,Housing Starts,717000.0,680000.0,37000.0
industrial_production,2012-05-16 09:15:00,Industrial Production (MoM),Industrial Production (MoM),1.1,0.6,0.5000000000000001
existing_home_sales,2012-05-22 10:00:00,Existing Home Sales,Existing Home Sales,4620000.0,4600000.0,20000.0
new_home_sales,2012-05-23 10:00:00,New Home Sales,New Home Sales,343000.0,335000.0,8000.0
durable_goods,2012-05-24 08:30:00,Durable Goods Orders (MoM),Durable Goods Orders (MoM),0.2,0.5,-0.3
real_gdp_advance,2012-05-31 08:30:00,GDP (QoQ),GDP (QoQ),1.9,1.9,0.0
nonfarm_payrolls,2012-06-01 08:30:00,Nonfarm Payrolls,Nonfarm Payrolls,69000.0,150000.0,-81000.0
unemployment_rate,2012-06-01 08:30:00,Unemployment Rate,Unemployment Rate,8.2,8.1,0.09999999999999964
ism_manufacturing,2012-06-01 10:00:00,ISM Manufacturing PMI,ISM Manufacturing PMI,53.5,53.9,-0.3999999999999986
ism_services,2012-06-05 10:00:00,ISM Non-Manufacturing PMI,ISM Non-Manufacturing PMI,53.7,53.5,0.20000000000000284
ppi,2012-06-13 08:30:00,PPI (MoM),PPI (MoM),-1.0,-0.6,-0.4
retail_sales,2012-06-13 08:30:00,Retail Sales (MoM),Retail Sales (MoM),-0.2,-0.2,0.0
cpi,2012-06-14 08:30:00,CPI (YoY),CPI (YoY),1.7,1.8,-0.10000000000000009
industrial_production,2012-06-15 09:15:00,Industrial Production (MoM),Industrial Production (MoM),-0.1,0.1,-0.2
building_permits,2012-06-19 08:30:00,Building Permits,Building Permits,780000.0,728000.0,52000.0
housing_starts,2012-06-19 08:30:00,Housing Starts,Housing Starts,708000.0,720000.0,-12000.0
existing_home_sales,2012-06-21 10:00:00,Existing Home Sales,Existing Home Sales,4550000.0,4570000.0,-20000.0
new_home_sales,2012-06-25 10:00:00,New Home Sales,New Home Sales,369000.0,346000.0,23000.0
durable_goods,2012-06-27 08:30:00,Durable Goods Orders (MoM),Durable Goods Orders (MoM),1.1,0.4,0.7000000000000001
real_gdp_advance,2012-06-28 08:30:00,GDP (QoQ),GDP (QoQ),1.9,1.9,0.0
ism_manufacturing,2012-07-02 10:00:00,ISM Manufacturing PMI,ISM Manufacturing PMI,49.7,52.0,-2.299999999999997
ism_services,2012-07-05 10:00:00,ISM Non-Manufacturing PMI,ISM Non-Manufacturing PMI,52.1,53.0,-0.8999999999999986
nonfarm_payrolls,2012-07-06 08:30:00,Nonfarm Payrolls,Nonfarm Payrolls,80000.0,90000.0,-10000.0
unemployment_rate,2012-07-06 08:30:00,Unemployment Rate,Unemployment Rate,8.2,8.2,0.0
ppi,2012-07-13 08:30:00,PPI (MoM),PPI (MoM),0.1,-0.5,0.6
retail_sales,2012-07-16 08:30:00,Retail Sales (MoM),Retail Sales (MoM),-0.5,0.2,-0.7
cpi,2012-07-17 08:30:00,CPI (YoY),CPI (YoY),1.7,1.6,0.09999999999999987
industrial_production,2012-07-17 09:15:00,Industrial Production (MoM),Industrial Production (MoM),0.4,0.3,0.10000000000000003
building_permits,2012-07-18 08:30:00,Building Permits,Building Permits,755000.0,765000.0,-10000.0
housing_starts,2012-07-18 08:30:00,Housing Starts,Housing Starts,760000.0,745000.0,15000.0
existing_home_sales,2012-07-19 10:00:00,Existing Home Sales,Existing Home Sales,4370000.0,4630000.0,-260000.0
new_home_sales,2012-07-25 10:00:00,New Home Sales,New Home Sales,350000.0,372000.0,-22000.0
durable_goods,2012-07-26 08:30:00,Durable Goods Orders (MoM),Durable Goods Orders (MoM),1.6,0.4,1.2000000000000002
real_gdp_advance,2012-07-27 08:30:00,GDP (QoQ),GDP (QoQ),1.5,1.5,0.0
ism_manufacturing,2012-08-01 10:00:00,ISM Manufacturing PMI,ISM Manufacturing PMI,49.8,50.2,-0.4000000000000057
nonfarm_payrolls,2012-08-03 08:30:00,Nonfarm Payrolls,Nonfarm Payrolls,163000.0,100000.0,63000.0
unemployment_rate,2012-08-03 08:30:00,Unemployment Rate,Unemployment Rate,8.3,8.2,0.10000000000000142
ism_services,2012-08-03 10:00:00,ISM Non-Manufacturing PMI,ISM Non-Manufacturing PMI,52.6,52.0,0.6000000000000014
ppi,2012-08-14 08:30:00,PPI (MoM),PPI (MoM),0.3,0.2,0.09999999999999998
retail_sales,2012-08-14 08:30:00,Retail Sales (MoM),Retail Sales (MoM),0.8,0.3,0.5
cpi,2012-08-15 08:30:00,CPI (YoY),CPI (YoY),1.4,1.6,-0.20000000000000018
industrial_production,2012-08-15 09:15:00,Industrial Production (MoM),Industrial Production (MoM),0.6,0.5,0.09999999999999998
building_permits,2012-08-16 08:30:00,Building Permits,Building Permits,812000.0,770000.0,42000.0
housing_starts,2012-08-16 08:30:00,Housing Starts,Housing Starts,746000.0,757000.0,-11000.0
existing_home_sales,2012-08-22 09:20:00,Existing Home Sales,Existing Home Sales,4470000.0,4520000.0,-50000.0
new_home_sales,2012-08-23 10:00:00,New Home Sales,New Home Sales,372000.0,365000.0,7000.0
durable_goods,2012-08-24 08:30:00,Durable Goods Orders (MoM),Durable Goods Orders (MoM),4.2,2.4,1.8000000000000003
real_gdp_advance,2012-08-29 08:30:00,GDP (QoQ),GDP (QoQ),1.7,1.7,0.0
ism_manufacturing,2012-09-04 10:00:00,ISM Manufacturing PMI,ISM Manufacturing PMI,49.6,50.0,-0.3999999999999986
ism_services,2012-09-06 10:00:00,ISM Non-Manufacturing PMI,ISM Non-Manufacturing PMI,53.7,52.5,1.2000000000000028
nonfarm_payrolls,2012-09-07 08:30:00,Nonfarm Payrolls,Nonfarm Payrolls,96000.0,125000.0,-29000.0
unemployment_rate,2012-09-07 08:30:00,Unemployment Rate,Unemployment Rate,8.1,8.3,-0.20000000000000107
ppi,2012-09-13 08:30:00,PPI (MoM),PPI (MoM),1.7,1.1,0.5999999999999999
cpi,2012-09-14 08:30:00,CPI (YoY),CPI (YoY),1.7,1.7,0.0
retail_sales,2012-09-14 08:30:00,Retail Sales (MoM),Retail Sales (MoM),0.9,0.7,0.20000000000000007
industrial_production,2012-09-14 09:15:00,Industrial Production (MoM),Industrial Production (MoM),-1.2,0.2,-1.4
building_permits,2012-09-19 08:30:00,Building Permits,Building Permits,803000.0,796000.0,7000.0
housing_starts,2012-09-19 08:30:00,Housing Starts,Housing Starts,750000.0,765000.0,-15000.0
existing_home_sales,2012-09-19 10:00:00,Existing Home Sales,Existing Home Sales,4820000.0,4550000.0,270000.0
new_home_sales,2012-09-26 10:00:00,New Home Sales,New Home Sales,373000.0,380000.0,-7000.0
durable_goods,2012-09-27 08:30:00,Durable Goods Orders (MoM),Durable Goods Orders (MoM),-13.2,-5.0,-8.2
real_gdp_advance,2012-09-27 08:30:00,GDP (QoQ),GDP (QoQ),1.3,1.7,-0.3999999999999999
ism_manufacturing,2012-10-01 10:00:00,ISM Manufacturing PMI,ISM Manufacturing PMI,51.5,49.7,1.7999999999999972
ism_services,2012-10-03 10:00:00,ISM Non-Manufacturing PMI,ISM Non-Manufacturing PMI,55.1,53.2,1.8999999999999986
nonfarm_payrolls,2012-10-05 08:30:00,Nonfarm Payrolls,Nonfarm Payrolls,114000.0,113000.0,1000.0
unemployment_rate,2012-10-05 08:30:00,Unemployment Rate,Unemployment Rate,7.8,8.2,-0.39999999999999947
ppi,2012-10-12 08:30:00,PPI (MoM),PPI (MoM),1.1,0.7,0.40000000000000013
retail_sales,2012-10-15 08:30:00,Retail Sales (MoM),Retail Sales (MoM),1.1,0.8,0.30000000000000004
cpi,2012-10-16 08:30:00,CPI (YoY),CPI (YoY),2.0,1.9,0.10000000000000009
industrial_production,2012-10-16 09:15:00,Industrial Production (MoM),Industrial Production (MoM),0.4,0.2,0.2
building_permits,2012-10-17 08:30:00,Building Permits,Building Permits,894000.0,810000.0,84000.0
housing_starts,2012-10-17 08:30:00,Housing Starts,Housing Starts,872000.0,770000.0,102000.0
existing_home_sales,2012-10-19 10:00:00,Existing Home Sales,Existing Home Sales,4750000.0,4750000.0,0.0
new_home_sales,2012-10-24 10:00:00,New Home Sales,New Home Sales,389000.0,385000.0,4000.0
durable_goods,2012-10-25 08:30:00,Durable Goods Orders (MoM),Durable Goods Orders (MoM),9.9,7.1,2.8000000000000007
real_gdp_advance,2012-10-26 08:30:00,GDP (QoQ),GDP (QoQ),2.0,1.9,0.10000000000000009
ism_manufacturing,2012-11-01 10:00:00,ISM Manufacturing PMI,ISM Manufacturing PMI,51.7,51.2,0.5
nonfarm_payrolls,2012-11-02 08:30:00,Nonfarm Payrolls,Nonfarm Payrolls,171000.0,125000.0,46000.0
unemployment_rate,2012-11-02 08:30:00,Unemployment Rate,Unemployment Rate,7.9,7.9,0.0
ism_services,2012-11-05 10:00:00,ISM Non-Manufacturing PMI,ISM Non-Manufacturing PMI,54.2,54.5,-0.29999999999999716
ppi,2012-11-14 08:30:00,PPI (MoM),PPI (MoM),-0.2,0.2,-0.4
retail_sales,2012-11-14 08:30:00,Retail Sales (MoM),Retail Sales (MoM),-0.3,-0.2,-0.09999999999999998
cpi,2012-11-15 08:30:00,CPI (YoY),CPI (YoY),2.2,2.1,0.10000000000000009
industrial_production,2012-11-16 09:15:00,Industrial Production (MoM),Industrial Production (MoM),-0.4,0.2,-0.6000000000000001
existing_home_sales,2012-11-19 10:00:00,Existing Home Sales,Existing Home Sales,4790000.0,4750000.0,40000.0
building_permits,2012-11-20 08:30:00,Building Permits,Building Permits,866000.0,865000.0,1000.0
housing_starts,2012-11-20 08:30:00,Housing Starts,Housing Starts,894000.0,840000.0,54000.0
durable_goods,2012-11-27 08:30:00,Durable Goods Orders (MoM),Durable Goods Orders (MoM),0.0,-0.6,0.6
new_home_sales,2012-11-28 10:00:00,New Home Sales,New Home Sales,368000.0,390000.0,-22000.0
real_gdp_advance,2012-11-29 08:30:00,GDP (QoQ),GDP (QoQ),2.7,2.8,-0.09999999999999964
ism_manufacturing,2012-12-03 10:00:00,ISM Manufacturing PMI,ISM Manufacturing PMI,49.5,51.3,-1.7999999999999972
ism_services,2012-12-05 10:00:00,ISM Non-Manufacturing PMI,ISM Non-Manufacturing PMI,54.7,53.5,1.2000000000000028
nonfarm_payrolls,2012-12-07 08:30:00,Nonfarm Payrolls,Nonfarm Payrolls,146000.0,93000.0,53000.0
unemployment_rate,2012-12-07 08:30:00,Unemployment Rate,Unemployment Rate,7.7,7.9,-0.20000000000000018
ppi,2012-12-13 08:30:00,PPI (MoM),PPI (MoM),-0.8,-0.5,-0.30000000000000004
retail_sales,2012-12-13 08:30:00,Retail Sales (MoM),Retail Sales (MoM),0.3,0.5,-0.2
cpi,2012-12-14 08:30:00,CPI (YoY),CPI (YoY),1.8,1.9,-0.09999999999999987
industrial_production,2012-12-14 09:15:00,Industrial Production (MoM),Industrial Production (MoM),1.1,0.3,0.8
building_permits,2012-12-19 08:30:00,Building Permits,Building Permits,899000.0,875000.0,24000.0
housing_starts,2012-12-19 08:30:00,Housing Starts,Housing Starts,861000.0,873000.0,-12000.0
real_gdp_advance,2012-12-20 08:30:00,GDP (QoQ),GDP (QoQ),3.1,2.8,0.30000000000000027
existing_home_sales,2012-12-20 10:00:00,Existing Home Sales,Existing Home Sales,5040000.0,4870000.0,170000.0
durable_goods,2012-12-21 08:30:00,Durable Goods Orders (MoM),Durable Goods Orders (MoM),0.7,0.2,0.49999999999999994
new_home_sales,2012-12-27 10:00:00,New Home Sales,New Home Sales,377000.0,378000.0,-1000.0
ism_manufacturing,2013-01-02 10:00:00,ISM Manufacturing PMI,ISM Manufacturing PMI,50.7,50.3,0.4000000000000057
nonfarm_payrolls,2013-01-04 08:30:00,Nonfarm Payrolls,Nonfarm Payrolls,155000.0,150000.0,5000.0
unemployment_rate,2013-01-04 08:30:00,Unemployment Rate,Unemployment Rate,7.8,7.7,0.09999999999999964
ism_services,2013-01-04 10:00:00,ISM Non-Manufacturing PMI,ISM Non-Manufacturing PMI,56.1,54.2,1.8999999999999986
ppi,2013-01-15 08:30:00,PPI (MoM),PPI (MoM),-0.2,-0.1,-0.1
retail_sales,2013-01-15 08:30:00,Retail Sales (MoM),Retail Sales (MoM),0.5,0.2,0.3
cpi,2013-01-16 08:30:00,CPI (YoY),CPI (YoY),1.7,1.8,-0.10000000000000009
industrial_production,2013-01-16 09:15:00,Industrial Production (MoM),Industrial Production (MoM),0.3,0.3,0.0
building_permits,2013-01-17 08:30:00,Building Permits,Building Permits,903000.0,903000.0,0.0
housing_starts,2013-01-17 08:30:00,Housing Starts,Housing Starts,954000.0,890000.0,64000.0
existing_home_sales,2013-01-22 10:00:00,Existing Home Sales,Existing Home Sales,4940000.0,5100000.0,-160000.0
new_home_sales,2013-01-25 10:00:00,New Home Sales,New Home Sales,369000.0,385000.0,-16000.0
durable_goods,2013-01-28 08:30:00,Durable Goods Orders (MoM),Durable Goods Orders (MoM),4.6,1.8,2.8
real_gdp_advance,2013-01-30 08:30:00,GDP (QoQ),GDP (QoQ),-0.1,1.1,-1.2000000000000002
nonfarm_payrolls,2013-02-01 08:30:00,Nonfarm Payrolls,Nonfarm Payrolls,157000.0,160000.0,-3000.0
unemployment_rate,2013-02-01 08:30:00,Unemployment Rate,Unemployment Rate,7.9,7.8,0.10000000000000053
ism_manufacturing,2013-02-01 10:00:00,ISM Manufacturing PMI,ISM Manufacturing PMI,53.1,50.6,2.5
ism_services,2013-02-05 10:00:00,ISM Non-Manufacturing PMI,ISM Non-Manufacturing PMI,55.2,55.2,0.0
retail_sales,2013-02-13 08:30:00,Retail Sales (MoM),Retail Sales (MoM),0.1,0.1,0.0
industrial_production,2013-02-15 09:15:00,Industrial Production (MoM),Industrial Production (MoM),-0.1,0.2,-0.30000000000000004
building_permits,2013-02-20 08:30:00,Building Permits,Building Permits,925000.0,915000.0,10000.0
housing_starts,2013-02-20 08:30:00,Housing Starts,Housing Starts,890000.0,925000.0,-35000.0
ppi,2013-02-20 08:30:00,PPI (MoM),PPI (MoM),0.2,0.4,-0.2
cpi,2013-02-21 08:30:00,CPI (YoY),CPI (YoY),1.6,1.6,0.0
existing_home_sales,2013-02-21 10:00:00,Existing Home Sales,Existing Home Sales,4920000.0,4900000.0,20000.0
new_home_sales,2013-02-26 10:00:00,New Home Sales,New Home Sales,437000.0,381000.0,56000.0
durable_goods,2013-02-27 08:30:00,Durable Goods Orders (MoM),Durable Goods Orders (MoM),-5.2,-4.4,-0.7999999999999998
real_gdp_advance,2013-02-28 08:30:00,GDP (QoQ),GDP (QoQ),0.1,0.5,-0.4
ism_manufacturing,2013-03-01 10:00:00,ISM Manufacturing PMI,ISM Manufacturing PMI,54.2,52.5,1.7000000000000028
ism_services,2013-03-05 10:00:00,ISM Non-Manufacturing PMI,ISM Non-Manufacturing PMI,56.0,55.0,1.0
nonfarm_payrolls,2013-03-08 08:30:00,Nonfarm Payrolls,Nonfarm Payrolls,236000.0,160000.0,76000.0
unemployment_rate,2013-03-08 08:30:00,Unemployment Rate,Unemployment Rate,7.7,7.9,-0.20000000000000018
retail_sales,2013-03-13 08:30:00,Retail Sales (MoM),Retail Sales (MoM),1.1,0.5,0.6000000000000001
ppi,2013-03-14 08:30:00,PPI (MoM),PPI (MoM),0.7,0.7,0.0
cpi,2013-03-15 08:30:00,CPI (YoY),CPI (YoY),2.0,1.9,0.10000000000000009
industrial_production,2013-03-15 09:15:00,Industrial Production (MoM),Industrial Production (MoM),0.7,0.4,0.29999999999999993
building_permits,2013-03-19 08:30:00,Building Permits,Building Permits,946000.0,925000.0,21000.0
housing_starts,2013-03-19 08:30:00,Housing Starts,Housing Starts,917000.0,915000.0,2000.0
existing_home_sales,2013-03-21 10:00:00,Existing Home Sales,Existing Home Sales,4980000.0,5000000.0,-20000.0
durable_goods,2013-03-26 08:30:00,Durable Goods Orders (MoM),Durable Goods Orders (MoM),5.7,3.8,1.9000000000000004
new_home_sales,2013-03-26 10:00:00,New Home Sales,New Home Sales,411000.0,422000.0,-11000.0
real_gdp_advance,2013-03-28 08:30:00,GDP (QoQ),GDP (QoQ),0.4,0.5,-0.09999999999999998
ism_manufacturing,2013-04-01 10:00:00,ISM Manufacturing PMI,ISM Manufacturing PMI,51.3,54.2,-2.9000000000000057
ism_services,2013-04-03 10:00:00,ISM Non-Manufacturing PMI,ISM Non-Manufacturing PMI,54.4,55.8,-1.3999999999999986
nonfarm_payrolls,2013-04-05 08:30:00,Nonfarm Payrolls,Nonfarm Payrolls,88000.0,200000.0,-112000.0
unemployment_rate,2013-04-05 08:30:00,Unemployment Rate,Unemployment Rate,7.6,7.7,-0.10000000000000053
ppi,2013-04-12 08:30:00,PPI (MoM),PPI (MoM),-0.6,-0.2,-0.39999999999999997
retail_sales,2013-04-12 08:30:00,Retail Sales (MoM),Retail Sales (MoM),-0.4,0.1,-0.5
building_permits,2013-04-16 08:30:00,Building Permits,Building Permits,902000.0,940000.0,-38000.0
cpi,2013-04-16 08:30:00,CPI (YoY),CPI (YoY),1.5,1.6,-0.10000000000000009
housing_starts,2013-04-16 08:30:00,Housing Starts,Housing Starts,1036000.0,930000.0,106000.0
industrial_production,2013-04-16 09:15:00,Industrial Production (MoM),Industrial Production (MoM),0.4,0.2,0.2
existing_home_sales,2013-04-22 10:00:00,Existing Home Sales,Existing Home Sales,4920000.0,5010000.0,-90000.0
new_home_sales,2013-04-23 10:00:00,New Home Sales,New Home Sales,417000.0,420000.0,-3000.0
durable_goods,2013-04-24 08:30:00,Durable Goods Orders (MoM),Durable Goods Orders (MoM),-5.7,-2.8,-2.9000000000000004
real_gdp_advance,2013-04-26 08:30:00,GDP (QoQ),GDP (QoQ),2.5,3.0,-0.5
ism_manufacturing,2013-05-01 10:00:00,ISM Manufacturing PMI,ISM Manufacturing PMI,50.7,50.9,-0.19999999999999574
nonfarm_payrolls,2013-05-03 08:30:00,Nonfarm Payrolls,Nonfarm Payrolls,165000.0,145000.0,20000.0
unemployment_rate,2013-05-03 08:30:00,Unemployment Rate,Unemployment Rate,7.5,7.6,-0.09999999999999964
ism_services,2013-05-03 10:00:00,ISM Non-Manufacturing PMI,ISM Non-Manufacturing PMI,53.1,54.0,-0.8999999999999986
retail_sales,2013-05-13 08:30:00,Retail Sales (MoM),Retail Sales (MoM),0.1,-0.3,0.4
ppi,2013-05-15 08:30:00,PPI (MoM),PPI (MoM),-0.7,-0.6,-0.09999999999999998
industrial_production,2013-05-15 09:15:00,Industrial Production (MoM),Industrial Production (MoM),-0.5,-0.2,-0.3
building_permits,2013-05-16 08:30:00,Building Permits,Building Permits,1017000.0,945000.0,72000.0
cpi,2013-05-16 08:30:00,CPI (YoY),CPI (YoY),1.1,1.3,-0.19999999999999996
housing_starts,2013-05-16 08:30:00,Housing Starts,Housing Starts,853000.0,973000.0,-120000.0
existing_home_sales,2013-05-22 10:00:00,Existing Home Sales,Existing Home Sales,4970000.0,4990000.0,-20000.0
new_home_sales,2013-05-23 10:00:00,New Home Sales,New Home Sales,454000.0,425000.0,29000.0
durable_goods,2013-05-24 08:30:00,Durable Goods Orders (MoM),Durable Goods Orders (MoM),3.3,1.5,1.7999999999999998
real_gdp_advance,2013-05-30 08:30:00,GDP (QoQ),GDP (QoQ),2.4,2.5,-0.10000000000000009
ism_manufacturing,2013-06-03 10:00:00,ISM Manufacturing PMI,ISM Manufacturing PMI,49.0,50.7,-1.7000000000000028
ism_services,2013-06-05 10:00:00,ISM Non-Manufacturing PMI,ISM Non-Manufacturing PMI,53.7,53.5,0.20000000000000284
nonfarm_payrolls,2013-06-07 08:30:00,Nonfarm Payrolls,Nonfarm Payrolls,175000.0,170000.0,5000.0
unemployment_rate,2013-06-07 08:30:00,Unemployment Rate,Unemployment Rate,7.6,7.5,0.09999999999999964
retail_sales,2013-06-13 08:30:00,Retail Sales (MoM),Retail Sales (MoM),0.6,0.4,0.19999999999999996
ppi,2013-06-14 08:30:00,PPI (MoM),PPI (MoM),0.5,0.1,0.4
industrial_production,2013-06-14 09:15:00,Industrial Production (MoM),Industrial Production (MoM),0.0,0.2,-0.2
building_permits,2013-06-18 08:30:00,Building Permits,Building Permits,974000.0,975000.0,-1000.0
cpi,2013-06-18 08:30:00,CPI (YoY),CPI (YoY),1.4,1.4,0.0
housing_starts,2013-06-18 08:30:00,Housing Starts,Housing Starts,914000.0,950000.0,-36000.0
existing_home_sales,2013-06-20 10:00:00,Existing Home Sales,Existing Home Sales,5180000.0,5000000.0,180000.0
durable_goods,2013-06-25 08:30:00,Durable Goods Orders (MoM),Durable Goods Orders (MoM),3.6,3.0,0.6000000000000001
new_home_sales,2013-06-25 10:00:00,New Home Sales,New Home Sales,476000.0,462000.0,14000.0
real_gdp_advance,2013-06-26 08:30:00,GDP (QoQ),GDP (QoQ),1.8,2.4,-0.5999999999999999
ism_manufacturing,2013-07-01 10:00:00,ISM Manufacturing PMI,ISM Manufacturing PMI,50.9,50.5,0.3999999999999986
ism_services,2013-07-03 10:00:00,ISM Non-Manufacturing PMI,ISM Non-Manufacturing PMI,52.2,54.0,-1.7999999999999972
nonfarm_payrolls,2013-07-05 08:30:00,Nonfarm Payrolls,Nonfarm Payrolls,195000.0,165000.0,30000.0
unemployment_rate,2013-07-05 08:30:00,Unemployment Rate,Unemployment Rate,7.6,7.5,0.09999999999999964
ppi,2013-07-12 08:30:00,PPI (MoM),PPI (MoM),0.8,0.5,0.30000000000000004
retail_sales,2013-07-15 08:30:00,Retail Sales (MoM),Retail Sales (MoM),0.4,0.8,-0.4
cpi,2013-07-16 08:30:00,CPI (YoY),CPI (YoY),1.8,1.7,0.10000000000000009
industrial_production,2013-07-16 09:15:00,Industrial Production (MoM),Industrial Production (MoM),0.3,0.2,0.09999999999999998
building_permits,2013-07-17 08:30:00,Building Permits,Building Permits,911000.0,1000000.0,-89000.0
housing_starts,2013-07-17 08:30:00,Housing Starts,Housing Starts,836000.0,959000.0,-123000.0
existing_home_sales,2013-07-22 10:00:00,Existing Home Sales,Existing Home Sales,5080000.0,5250000.0,-170000.0
new_home_sales,2013-07-24 10:00:00,New Home Sales,New Home Sales,497000.0,482000.0,15000.0
durable_goods,2013-07-25 08:30:00,Durable Goods Orders (MoM),Durable Goods Orders (MoM),4.2,1.3,2.9000000000000004
real_gdp_advance,2013-07-31 08:30:00,GDP (QoQ),GDP (QoQ),1.7,1.0,0.7
ism_manufacturing,2013-08-01 10:00:00,ISM Manufacturing PMI,ISM Manufacturing PMI,55.4,52.0,3.3999999999999986
nonfarm_payrolls,2013-08-02 08:30:00,Nonfarm Payrolls,Nonfarm Payrolls,162000.0,184000.0,-22000.0
unemployment_rate,2013-08-02 08:30:00,Unemployment Rate,Unemployment Rate,7.4,7.5,-0.09999999999999964
ism_services,2013-08-05 10:00:00,ISM Non-Manufacturing PMI,ISM Non-Manufacturing PMI,56.0,53.0,3.0
retail_sales,2013-08-13 08:30:00,Retail Sales (MoM),Retail Sales (MoM),0.2,0.3,-0.09999999999999998
ppi,2013-08-14 08:30:00,PPI (MoM),PPI (MoM),0.0,0.3,-0.3
cpi,2013-08-15 08:30:00,CPI (YoY),CPI (YoY),2.0,2.0,0.0
industrial_production,2013-08-15 09:15:00,Industrial Production (MoM),Industrial Production (MoM),0.0,0.3,-0.3
building_permits,2013-08-16 08:30:00,Building Permits,Building Permits,943000.0,945000.0,-2000.0
housing_starts,2013-08-16 08:30:00,Housing Starts,Housing Starts,896000.0,900000.0,-4000.0
existing_home_sales,2013-08-21 10:00:00,Existing Home Sales,Existing Home Sales,5390000.0,5150000.0,240000.0
new_home_sales,2013-08-23 10:00:00,New Home Sales,New Home Sales,394000.0,490000.0,-96000.0
durable_goods,2013-08-26 08:30:00,Durable Goods Orders (MoM),Durable Goods Orders (MoM),-7.3,-4.0,-3.3
real_gdp_advance,2013-08-29 08:30:00,GDP (QoQ),GDP (QoQ),2.5,2.2,0.2999999999999998
ism_manufacturing,2013-09-03 10:00:00,ISM Manufacturing PMI,ISM Manufacturing PMI,55.7,54.0,1.7000000000000028
ism_services,2013-09-05 10:00:00,ISM Non-Manufacturing PMI,ISM Non-Manufacturing PMI,58.6,55.0,3.6000000000000014
nonfarm_payrolls,2013-09-06 08:30:00,Nonfarm Payrolls,Nonfarm Payrolls,169000.0,180000.0,-11000.0
unemployment_rate,2013-09-06 08:30:00,Unemployment Rate,Unemployment Rate,7.3,7.4,-0.10000000000000053
ppi,2013-09-13 08:30:00,PPI (MoM),PPI (MoM),0.3,0.2,0.09999999999999998
retail_sales,2013-09-13 08:30:00,Retail Sales (MoM),Retail Sales (MoM),0.2,0.4,-0.2
industrial_production,2013-09-16 09:15:00,Industrial Production (MoM),Industrial Production (MoM),0.4,0.4,0.0
cpi,2013-09-17 08:30:00,CPI (YoY),CPI (YoY),1.5,1.6,-0.10000000000000009
building_permits,2013-09-18 08:30:00,Building Permits,Building Permits,918000.0,950000.0,-32000.0
housing_starts,2013-09-18 08:30:00,Housing Starts,Housing Starts,891000.0,917000.0,-26000.0
existing_home_sales,2013-09-19 10:00:00,Existing Home Sales,Existing Home Sales,5480000.0,5250000.0,230000.0
durable_goods,2013-09-25 08:30:00,Durable Goods Orders (MoM),Durable Goods Orders (MoM),0.1,0.2,-0.1
new_home_sales,2013-09-25 10:00:00,New Home Sales,New Home Sales,421000.0,420000.0,1000.0
real_gdp_advance,2013-09-26 08:30:00,GDP (QoQ),GDP (QoQ),2.5,2.6,-0.10000000000000009
ism_manufacturing,2013-10-01 10:00:00,ISM Manufacturing PMI,ISM Manufacturing PMI,56.2,55.0,1.2000000000000028
ism_services,2013-10-03 10:00:00,ISM Non-Manufacturing PMI,ISM Non-Manufacturing PMI,54.4,57.4,-3.0
existing_home_sales,2013-10-21 10:00:00,Existing Home Sales,Existing Home Sales,5290000.0,5300000.0,-10000.0
nonfarm_payrolls,2013-10-22 08:30:00,Nonfarm Payrolls,Nonfarm Payrolls,148000.0,180000.0,-32000.0
unemployment_rate,2013-10-22 08:30:00,Unemployment Rate,Unemployment Rate,7.2,7.3,-0.09999999999999964
durable_goods,2013-10-25 08:30:00,Durable Goods Orders (MoM),Durable Goods Orders (MoM),3.7,2.0,1.7000000000000002
industrial_production,2013-10-28 09:15:00,Industrial Production (MoM),Industrial Production (MoM),0.6,0.4,0.19999999999999996
ppi,2013-10-29 08:30:00,PPI (MoM),PPI (MoM),-0.1,0.2,-0.30000000000000004
retail_sales,2013-10-29 08:30:00,Retail Sales (MoM),Retail Sales (MoM),-0.1,0.1,-0.2
cpi,2013-10-30 08:30:00,CPI (YoY),CPI (YoY),1.2,1.2,0.0
ism_manufacturing,2013-11-01 10:00:00,ISM Manufacturing PMI,ISM Manufacturing PMI,56.4,55.0,1.3999999999999986
ism_services,2013-11-05 10:00:00,ISM Non-Manufacturing PMI,ISM Non-Manufacturing PMI,55.4,54.0,1.3999999999999986
real_gdp_advance,2013-11-07 08:30:00,GDP (QoQ),GDP (QoQ),2.8,2.0,0.7999999999999998
nonfarm_payrolls,2013-11-08 08:30:00,Nonfarm Payrolls,Nonfarm Payrolls,204000.0,125000.0,79000.0
unemployment_rate,2013-11-08 08:30:00,Unemployment Rate,Unemployment Rate,7.3,7.3,0.0
industrial_production,2013-11-15 09:15:00,Industrial Production (MoM),Industrial Production (MoM),-0.1,0.2,-0.30000000000000004
cpi,2013-11-20 08:30:00,CPI (YoY),CPI (YoY),1.0,1.0,0.0
retail_sales,2013-11-20 08:30:00,Retail Sales (MoM),Retail Sales (MoM),0.4,0.1,0.30000000000000004
existing_home_sales,2013-11-20 10:00:00,Existing Home Sales,Existing Home Sales,5120000.0,5130000.0,-10000.0
ppi,2013-11-21 08:30:00,PPI (MoM),PPI (MoM),-0.2,-0.2,0.0
building_permits,2013-11-26 08:30:00,Building Permits,Building Permits,970000.0,930000.0,40000.0
durable_goods,2013-11-27 08:30:00,Durable Goods Orders (MoM),Durable Goods Orders (MoM),-2.0,-1.9,-0.10000000000000009
ism_manufacturing,2013-12-02 10:00:00,ISM Manufacturing PMI,ISM Manufacturing PMI,57.3,55.0,2.299999999999997
ism_services,2013-12-04 10:00:00,ISM Non-Manufacturing PMI,ISM Non-Manufacturing PMI,53.9,55.0,-1.1000000000000014
new_home_sales,2013-12-04 10:00:00,New Home Sales,New Home Sales,444000.0,428000.0,16000.0
real_gdp_advance,2013-12-05 08:30:00,GDP (QoQ),GDP (QoQ),3.6,3.0,0.6000000000000001
nonfarm_payrolls,2013-12-06 08:30:00,Nonfarm Payrolls,Nonfarm Payrolls,203000.0,180000.0,23000.0
unemployment_rate,2013-12-06 08:30:00,Unemployment Rate,Unemployment Rate,7.0,7.2,-0.20000000000000018
retail_sales,2013-12-12 08:30:00,Retail Sales (MoM),Retail Sales (MoM),0.7,0.6,0.09999999999999998
ppi,2013-12-13 08:30:00,PPI (MoM),PPI (MoM),-0.1,-0.1,0.0
industrial_production,2013-12-16 09:15:00,Industrial Production (MoM),Industrial Production (MoM),1.1,0.5,0.6000000000000001
cpi,2013-12-17 08:30:00,CPI (YoY),CPI (YoY),1.2,1.3,-0.10000000000000009
building_permits,2013-12-18 08:30:00,Building Permits,Building Permits,1007000.0,990000.0,17000.0
housing_starts,2013-12-18 08:30:00,Housing Starts,Housing Starts,1091000.0,950000.0,141000.0
existing_home_sales,2013-12-19 10:00:00,Existing Home Sales,Existing Home Sales,4900000.0,5030000.0,-130000.0
durable_goods,2013-12-24 08:30:00,Durable Goods Orders (MoM),Durable Goods Orders (MoM),3.5,2.0,1.5
ism_manufacturing,2014-01-02 10:00:00,ISM Manufacturing PMI,ISM Manufacturing PMI,57.0,57.0,0.0
ism_services,2014-01-06 10:00:00,ISM Non-Manufacturing PMI,ISM Non-Manufacturing PMI,53.0,54.5,-1.5
nonfarm_payrolls,2014-01-10 08:30:00,Nonfarm Payrolls,Nonfarm Payrolls,74000.0,196000.0,-122000.0
unemployment_rate,2014-01-10 08:30:00,Unemployment Rate,Unemployment Rate,6.7,7.0,-0.2999999999999998
retail_sales,2014-01-14 08:30:00,Retail Sales (MoM),Retail Sales (MoM),0.2,0.1,0.1
ppi,2014-01-15 08:30:00,PPI (MoM),PPI (MoM),0.4,0.4,0.0
cpi,2014-01-16 08:30:00,CPI (YoY),CPI (YoY),1.5,1.5,0.0
building_permits,2014-01-17 08:30:00,Building Permits,Building Permits,986000.0,1015000.0,-29000.0
housing_starts,2014-01-17 08:30:00,Housing Starts,Housing Starts,999000.0,990000.0,9000.0
industrial_production,2014-01-17 09:15:00,Industrial Production (MoM),Industrial Production (MoM),0.3,0.3,0.0
existing_home_sales,2014-01-23 10:00:00,Existing Home Sales,Existing Home Sales,4870000.0,4940000.0,-70000.0
new_home_sales,2014-01-27 10:00:00,New Home Sales,New Home Sales,414000.0,457000.0,-43000.0
durable_goods,2014-01-28 08:30:00,Durable Goods Orders (MoM),Durable Goods Orders (MoM),-4.3,1.8,-6.1
real_gdp_advance,2014-01-30 08:30:00,GDP (QoQ),GDP (QoQ),3.2,3.2,0.0
ism_manufacturing,2014-02-03 10:00:00,ISM Manufacturing PMI,ISM Manufacturing PMI,51.3,56.4,-5.100000000000001
ism_services,2014-02-05 10:00:00,ISM Non-Manufacturing PMI,ISM Non-Manufacturing PMI,54.0,53.7,0.29999999999999716
nonfarm_payrolls,2014-02-07 08:30:00,Nonfarm Payrolls,Nonfarm Payrolls,113000.0,185000.0,-72000.0
unemployment_rate,2014-02-07 08:30:00,Unemployment Rate,Unemployment Rate,6.6,6.7,-0.10000000000000053
retail_sales,2014-02-13 08:30:00,Retail Sales (MoM),Retail Sales (MoM),-0.4,0.3,-0.7
industrial_production,2014-02-14 09:15:00,Industrial Production (MoM),Industrial Production (MoM),-0.3,0.3,-0.6
building_permits,2014-02-19 08:30:00,Building Permits,Building Permits,937000.0,980000.0,-43000.0
housing_starts,2014-02-19 08:30:00,Housing Starts,Housing Starts,880000.0,950000.0,-70000.0
ppi,2014-02-19 08:30:00,PPI (MoM),PPI (MoM),0.2,0.1,0.1
cpi,2014-02-20 08:30:00,CPI (YoY),CPI (YoY),1.6,1.6,0.0
existing_home_sales,2014-02-21 10:00:00,Existing Home Sales,Existing Home Sales,4620000.0,4680000.0,-60000.0
new_home_sales,2014-02-26 10:00:00,New Home Sales,New Home Sales,468000.0,400000.0,68000.0
durable_goods,2014-02-27 08:30:00,Durable Goods Orders (MoM),Durable Goods Orders (MoM),-1.0,-1.5,0.5
real_gdp_advance,2014-02-28 08:30:00,GDP (QoQ),GDP (QoQ),2.4,2.5,-0.10000000000000009
ism_manufacturing,2014-03-03 10:00:00,ISM Manufacturing PMI,ISM Manufacturing PMI,53.2,52.0,1.2000000000000028
ism_services,2014-03-05 10:00:00,ISM Non-Manufacturing PMI,ISM Non-Manufacturing PMI,51.6,53.5,-1.8999999999999986
nonfarm_payrolls,2014-03-07 08:30:00,Nonfarm Payrolls,Nonfarm Payrolls,175000.0,149000.0,26000.0
unemployment_rate,2014-03-07 08:30:00,Unemployment Rate,Unemployment Rate,6.7,6.6,0.10000000000000053
retail_sales,2014-03-13 08:30:00,Retail Sales (MoM),Retail Sales (MoM),0.3,0.2,0.09999999999999998
ppi,2014-03-14 08:30:00,PPI (MoM),PPI (MoM),-0.1,0.2,-0.30000000000000004
industrial_production,2014-03-17 09:15:00,Industrial Production (MoM),Industrial Production (MoM),0.6,0.1,0.5
building_permits,2014-03-18 08:30:00,Building Permits,Building Permits,1018000.0,960000.0,58000.0
cpi,2014-03-18 08:30:00,CPI (YoY),CPI (YoY),1.1,1.2,-0.09999999999999987
housing_starts,2014-03-18 08:30:00,Housing Starts,Housing Starts,907000.0,910000.0,-3000.0
existing_home_sales,2014-03-20 10:00:00,Existing Home Sales,Existing Home Sales,4600000.0,4600000.0,0.0
new_home_sales,2014-03-25 10:00:00,New Home Sales,New Home Sales,440000.0,445000.0,-5000.0
durable_goods,2014-03-26 08:30:00,Durable Goods Orders (MoM),Durable Goods Orders (MoM),2.2,1.0,1.2000000000000002
real_gdp_advance,2014-03-27 08:30:00,GDP (QoQ),GDP (QoQ),2.6,2.7,-0.10000000000000009
ism_manufacturing,2014-04-01 10:00:00,ISM Manufacturing PMI,ISM Manufacturing PMI,53.7,54.0,-0.29999999999999716
ism_services,2014-04-03 10:00:00,ISM Non-Manufacturing PMI,ISM Non-Manufacturing PMI,53.1,53.5,-0.3999999999999986
nonfarm_payrolls,2014-04-04 08:30:00,Nonfarm Payrolls,Nonfarm Payrolls,192000.0,200000.0,-8000.0
unemployment_rate,2014-04-04 08:30:00,Unemployment Rate,Unemployment Rate,6.7,6.6,0.10000000000000053
ppi,2014-04-11 08:30:00,PPI (MoM),PPI (MoM),0.5,0.1,0.4
retail_sales,2014-04-14 08:30:00,Retail Sales (MoM),Retail Sales (MoM),1.1,0.8,0.30000000000000004
cpi,2014-04-15 08:30:00,CPI (YoY),CPI (YoY),1.5,1.4,0.10000000000000009
building_permits,2014-04-16 08:30:00,Building Permits,Building Permits,990000.0,1008000.0,-18000.0
housing_starts,2014-04-16 08:30:00,Housing Starts,Housing Starts,946000.0,973000.0,-27000.0
industrial_production,2014-04-16 09:15:00,Industrial Production (MoM),Industrial Production (MoM),0.7,0.5,0.19999999999999996
existing_home_sales,2014-04-22 10:00:00,Existing Home Sales,Existing Home Sales,4590000.0,4550000.0,40000.0
new_home_sales,2014-04-23 10:00:00,New Home Sales,New Home Sales,384000.0,450000.0,-66000.0
durable_goods,2014-04-24 08:30:00,Durable Goods Orders (MoM),Durable Goods Orders (MoM),2.6,2.0,0.6000000000000001
real_gdp_advance,2014-04-30 08:30:00,GDP (QoQ),GDP (QoQ),0.1,1.2,-1.0999999999999999
ism_manufacturing,2014-05-01 10:00:00,ISM Manufacturing PMI,ISM Manufacturing PMI,54.9,54.3,0.6000000000000014
nonfarm_payrolls,2014-05-02 08:30:00,Nonfarm Payrolls,Nonfarm Payrolls,288000.0,210000.0,78000.0
unemployment_rate,2014-05-02 08:30:00,Unemployment Rate,Unemployment Rate,6.3,6.6,-0.2999999999999998
ism_services,2014-05-05 10:00:00,ISM Non-Manufacturing PMI,ISM Non-Manufacturing PMI,55.2,54.1,1.1000000000000014
retail_sales,2014-05-13 08:30:00,Retail Sales (MoM),Retail Sales (MoM),0.1,0.4,-0.30000000000000004
ppi,2014-05-14 08:30:00,PPI (MoM),PPI (MoM),0.6,0.2,0.39999999999999997
cpi,2014-05-15 08:30:00,CPI (YoY),CPI (YoY),2.0,2.0,0.0
industrial_production,2014-05-15 09:15:00,Industrial Production (MoM),Industrial Production (MoM),-0.6,0.1,-0.7
building_permits,2014-05-16 08:30:00,Building Permits,Building Permits,1080000.0,1010000.0,70000.0
housing_starts,2014-05-16 08:30:00,Housing Starts,Housing Starts,1072000.0,980000.0,92000.0
existing_home_sales,2014-05-22 10:00:00,Existing Home Sales,Existing Home Sales,4650000.0,4680000.0,-30000.0
new_home_sales,2014-05-23 10:00:00,New Home Sales,New Home Sales,433000.0,425000.0,8000.0
durable_goods,2014-05-27 08:30:00,Durable Goods Orders (MoM),Durable Goods Orders (MoM),0.8,-0.5,1.3
real_gdp_advance,2014-05-29 08:30:00,GDP (QoQ),GDP (QoQ),-1.0,-0.5,-0.5
ism_manufacturing,2014-06-02 10:00:00,ISM Manufacturing PMI,ISM Manufacturing PMI,55.4,55.5,-0.10000000000000142
ism_services,2014-06-04 10:00:00,ISM Non-Manufacturing PMI,ISM Non-Manufacturing PMI,56.3,55.5,0.7999999999999972
nonfarm_payrolls,2014-06-06 08:30:00,Nonfarm Payrolls,Nonfarm Payrolls,217000.0,218000.0,-1000.0
unemployment_rate,2014-06-06 08:30:00,Unemployment Rate,Unemployment Rate,6.3,6.4,-0.10000000000000053
retail_sales,2014-06-12 08:30:00,Retail Sales (MoM),Retail Sales (MoM),0.3,0.6,-0.3
ppi,2014-06-13 08:30:00,PPI (MoM),PPI (MoM),-0.2,0.1,-0.30000000000000004
industrial_production,2014-06-16 09:15:00,Industrial Production (MoM),Industrial Production (MoM),0.6,0.5,0.09999999999999998
building_permits,2014-06-17 08:30:00,Building Permits,Building Permits,991000.0,1050000.0,-59000.0
cpi,2014-06-17 08:30:00,CPI (YoY),CPI (YoY),2.1,2.0,0.10000000000000009
housing_starts,2014-06-17 08:30:00,Housing Starts,Housing Starts,1001000.0,1034000.0,-33000.0
existing_home_sales,2014-06-23 10:00:00,Existing Home Sales,Existing Home Sales,4890000.0,4730000.0,160000.0
new_home_sales,2014-06-24 10:00:00,New Home Sales,New Home Sales,504000.0,440000.0,64000.0
durable_goods,2014-06-25 08:30:00,Durable Goods Orders (MoM),Durable Goods Orders (MoM),-1.0,0.2,-1.2
real_gdp_advance,2014-06-25 08:30:00,GDP (QoQ),GDP (QoQ),-2.9,-1.7,-1.2
ism_manufacturing,2014-07-01 10:00:00,ISM Manufacturing PMI,ISM Manufacturing PMI,55.3,55.8,-0.5
nonfarm_payrolls,2014-07-03 08:30:00,Nonfarm Payrolls,Nonfarm Payrolls,288000.0,212000.0,76000.0
unemployment_rate,2014-07-03 08:30:00,Unemployment Rate,Unemployment Rate,6.1,6.3,-0.20000000000000018
ism_services,2014-07-03 10:00:00,ISM Non-Manufacturing PMI,ISM Non-Manufacturing PMI,56.0,56.3,-0.29999999999999716
retail_sales,2014-07-15 08:30:00,Retail Sales (MoM),Retail Sales (MoM),0.2,0.6,-0.39999999999999997
ppi,2014-07-16 08:30:00,PPI (MoM),PPI (MoM),0.4,0.2,0.2
industrial_production,2014-07-16 09:15:00,Industrial Production (MoM),Industrial Production (MoM),0.2,0.4,-0.2
building_permits,2014-07-17 08:30:00,Building Permits,Building Permits,963000.0,1040000.0,-77000.0
housing_starts,2014-07-17 08:30:00,Housing Starts,Housing Starts,893000.0,1018000.0,-125000.0
cpi,2014-07-22 08:30:00,CPI (YoY),CPI (YoY),2.1,2.1,0.0
existing_home_sales,2014-07-22 10:00:00,Existing Home Sales,Existing Home Sales,5040000.0,4970000.0,70000.0
new_home_sales,2014-07-24 10:00:00,New Home Sales,New Home Sales,406000.0,479000.0,-73000.0
durable_goods,2014-07-25 08:30:00,Durable Goods Orders (MoM),Durable Goods Orders (MoM),0.7,0.5,0.19999999999999996
real_gdp_advance,2014-07-30 08:30:00,GDP (QoQ)  (Q2),GDP (QoQ),4.0,3.0,1.0
nonfarm_payrolls,2014-08-01 08:30:00,Nonfarm Payrolls,Nonfarm Payrolls,209000.0,233000.0,-24000.0
unemployment_rate,2014-08-01 08:30:00,Unemployment Rate,Unemployment Rate,6.2,6.1,0.10000000000000053
ism_manufacturing,2014-08-01 10:00:00,ISM Manufacturing PMI,ISM Manufacturing PMI,57.1,56.0,1.1000000000000014
ism_services,2014-08-05 10:00:00,ISM Non-Manufacturing PMI,ISM Non-Manufacturing PMI,58.7,56.3,2.4000000000000057
retail_sales,2014-08-13 08:30:00,Retail Sales (MoM),Retail Sales (MoM),0.0,0.2,-0.2
ppi,2014-08-15 08:30:00,PPI (MoM),PPI (MoM),0.1,0.1,0.0
industrial_production,2014-08-15 09:15:00,Industrial Production (MoM),Industrial Production (MoM),0.4,0.3,0.10000000000000003
building_permits,2014-08-19 08:30:00,Building Permits,Building Permits,1052000.0,1000000.0,52000.0
cpi,2014-08-19 08:30:00,CPI (YoY),CPI (YoY),2.0,2.0,0.0
housing_starts,2014-08-19 08:30:00,Housing Starts,Housing Starts,1093000.0,969000.0,124000.0
existing_home_sales,2014-08-21 10:00:00,Existing Home Sales,Existing Home Sales,5150000.0,5020000.0,130000.0
new_home_sales,2014-08-25 10:00:00,New Home Sales,New Home Sales,412000.0,430000.0,-18000.0
durable_goods,2014-08-26 08:30:00,Durable Goods Orders (MoM),Durable Goods Orders (MoM),22.6,7.5,15.100000000000001
ism_manufacturing,2014-09-02 10:00:00,ISM Manufacturing PMI,ISM Manufacturing PMI,59.0,56.8,2.200000000000003
ism_services,2014-09-04 10:00:00,ISM Non-Manufacturing PMI,ISM Non-Manufacturing PMI,59.6,57.5,2.1000000000000014
nonfarm_payrolls,2014-09-05 08:30:00,Nonfarm Payrolls,Nonfarm Payrolls,142000.0,225000.0,-83000.0
unemployment_rate,2014-09-05 08:30:00,Unemployment Rate,Unemployment Rate,6.1,6.1,0.0
retail_sales,2014-09-12 08:30:00,Retail Sales (MoM)  (Aug),Retail Sales (MoM),0.6,0.6,0.0
industrial_production,2014-09-15 09:15:00,Industrial Production (MoM)  (Aug),Industrial Production (MoM),-0.1,0.3,-0.4
ppi,2014-09-16 08:30:00,PPI (MoM)  (Aug),PPI (MoM),0.0,0.1,-0.1
cpi,2014-09-17 08:30:00,CPI (YoY)  (Aug),CPI (YoY),1.7,1.9,-0.19999999999999996
building_permits,2014-09-18 08:30:00,Building Permits  (Aug),Building Permits,998000.0,1045000.0,-47000.0
housing_starts,2014-09-18 08:30:00,Housing Starts  (Aug),Housing Starts,956000.0,1040000.0,-84000.0
existing_home_sales,2014-09-22 10:00:00,Existing Home Sales  (Aug),Existing Home Sales,5050000.0,5200000.0,-150000.0
new_home_sales,2014-09-24 10:00:00,New Home Sales  (Aug),New Home Sales,504000.0,430000.0,74000.0
durable_goods,2014-09-25 08:30:00,Durable Goods Orders (MoM)  (Aug),Durable Goods Orders (MoM),-18.2,-18.0,-0.1999999999999993
ism_manufacturing,2014-10-01 10:00:00,ISM Manufacturing PMI  (Sep),ISM Manufacturing PMI,56.6,58.5,-1.8999999999999986
nonfarm_payrolls,2014-10-03 08:30:00,Nonfarm Payrolls  (Sep),Nonfarm Payrolls,248000.0,215000.0,33000.0
unemployment_rate,2014-10-03 08:30:00,Unemployment Rate  (Sep),Unemployment Rate,5.9,6.1,-0.1999999999999993
ism_services,2014-10-03 10:00:00,ISM Non-Manufacturing PMI  (Sep),ISM Non-Manufacturing PMI,58.6,58.5,0.10000000000000142
ppi,2014-10-15 08:30:00,PPI (MoM)  (Sep),PPI (MoM),-0.1,0.1,-0.2
retail_sales,2014-10-15 08:30:00,Retail Sales (MoM)  (Sep),Retail Sales (MoM),-0.3,-0.1,-0.19999999999999998
industrial_production,2014-10-16 09:15:00,Industrial Production (MoM)  (Sep),Industrial Production (MoM),1.0,0.4,0.6
building_permits,2014-10-17 08:30:00,Building Permits  (Sep),Building Permits,1018000.0,1029000.0,-11000.0
housing_starts,2014-10-17 08:30:00,Housing Starts  (Sep),Housing Starts,1017000.0,1004000.0,13000.0
existing_home_sales,2014-10-21 10:00:00,Existing Home Sales  (Sep),Existing Home Sales,5170000.0,5100000.0,70000.0
cpi,2014-10-22 08:30:00,CPI (YoY)  (Sep),CPI (YoY),1.7,1.6,0.09999999999999987
new_home_sales,2014-10-24 10:00:00,New Home Sales  (Sep),New Home Sales,467000.0,470000.0,-3000.0
durable_goods,2014-10-28 08:30:00,Durable Goods Orders (MoM)  (Sep),Durable Goods Orders (MoM),-1.3,0.5,-1.8
real_gdp_advance,2014-10-30 08:30:00,GDP (QoQ)  (Q3),GDP (QoQ),3.5,3.0,0.5
ism_manufacturing,2014-11-03 10:00:00,ISM Manufacturing PMI  (Oct),ISM Manufacturing PMI,59.0,56.2,2.799999999999997
ism_services,2014-11-05 10:00:00,ISM Non-Manufacturing PMI  (Oct),ISM Non-Manufacturing PMI,57.1,58.0,-0.8999999999999986
nonfarm_payrolls,2014-11-07 08:30:00,Nonfarm Payrolls  (Oct),Nonfarm Payrolls,214000.0,231000.0,-17000.0
unemployment_rate,2014-11-07 08:30:00,Unemployment Rate  (Oct),Unemployment Rate,5.8,5.9,-0.10000000000000053
retail_sales,2014-11-14 08:30:00,Retail Sales (MoM)  (Oct),Retail Sales (MoM),0.3,0.2,0.09999999999999998
industrial_production,2014-11-17 09:15:00,Industrial Production (MoM)  (Oct),Industrial Production (MoM),-0.1,0.2,-0.30000000000000004
ppi,2014-11-18 08:30:00,PPI (MoM)  (Oct),PPI (MoM),0.2,-0.1,0.30000000000000004
building_permits,2014-11-19 08:30:00,Building Permits  (Oct),Building Permits,1080000.0,1040000.0,40000.0
housing_starts,2014-11-19 08:30:00,Housing Starts  (Oct),Housing Starts,1009000.0,1025000.0,-16000.0
cpi,2014-11-20 08:30:00,CPI (YoY)  (Oct),CPI (YoY),1.7,1.6,0.09999999999999987
existing_home_sales,2014-11-20 10:00:00,Existing Home Sales  (Oct),Existing Home Sales,5260000.0,5150000.0,110000.0
durable_goods,2014-11-26 08:30:00,Durable Goods Orders (MoM)  (Oct),Durable Goods Orders (MoM),0.4,-0.4,0.8
new_home_sales,2014-11-26 10:00:00,New Home Sales  (Oct),New Home Sales,458000.0,471000.0,-13000.0
ism_manufacturing,2014-12-01 10:00:00,ISM Manufacturing PMI  (Nov),ISM Manufacturing PMI,58.7,57.9,0.8000000000000043
ism_services,2014-12-03 10:00:00,ISM Non-Manufacturing PMI  (Nov),ISM Non-Manufacturing PMI,59.3,57.5,1.7999999999999972
nonfarm_payrolls,2014-12-05 08:30:00,Nonfarm Payrolls  (Nov),Nonfarm Payrolls,321000.0,225000.0,96000.0
unemployment_rate,2014-12-05 08:30:00,Unemployment Rate  (Nov),Unemployment Rate,5.8,5.8,0.0
retail_sales,2014-12-11 08:30:00,Retail Sales (MoM)  (Nov),Retail Sales (MoM),0.7,0.4,0.29999999999999993
ppi,2014-12-12 08:30:00,PPI (MoM)  (Nov),PPI (MoM),-0.2,-0.1,-0.1
industrial_production,2014-12-15 09:15:00,Industrial Production (MoM)  (Nov),Industrial Production (MoM),1.3,0.7,0.6000000000000001
building_permits,2014-12-16 08:30:00,Building Permits  (Nov),Building Permits,1035000.0,1060000.0,-25000.0
housing_starts,2014-12-16 08:30:00,Housing Starts  (Nov),Housing Starts,1028000.0,1030000.0,-2000.0
cpi,2014-12-17 08:30:00,CPI (YoY)  (Nov),CPI (YoY),1.3,1.4,-0.09999999999999987
existing_home_sales,2014-12-22 10:00:00,Existing Home Sales  (Nov),Existing Home Sales,4930000.0,5190000.0,-260000.0
durable_goods,2014-12-23 08:30:00,Durable Goods Orders (MoM)  (Nov),Durable Goods Orders (MoM),-0.7,3.0,-3.7
new_home_sales,2014-12-23 10:00:00,New Home Sales  (Nov),New Home Sales,438000.0,460000.0,-22000.0
ism_manufacturing,2015-01-02 10:00:00,ISM Manufacturing PMI  (Dec),ISM Manufacturing PMI,55.5,57.6,-2.1000000000000014
ism_services,2015-01-06 10:00:00,ISM Non-Manufacturing PMI  (Dec),ISM Non-Manufacturing PMI,56.2,58.0,-1.7999999999999972
nonfarm_payrolls,2015-01-09 08:30:00,Nonfarm Payrolls  (Dec),Nonfarm Payrolls,252000.0,240000.0,12000.0
unemployment_rate,2015-01-09 08:30:00,Unemployment Rate  (Dec),Unemployment Rate,5.6,5.7,-0.10000000000000053
retail_sales,2015-01-14 08:30:00,Retail Sales (MoM)  (Dec),Retail Sales (MoM),-0.9,-0.1,-0.8
ppi,2015-01-15 08:30:00,PPI (MoM)  (Dec),PPI (MoM),-0.3,-0.4,0.10000000000000003
cpi,2015-01-16 08:30:00,CPI (YoY)  (Dec),CPI (YoY),0.8,0.7,0.10000000000000009
industrial_production,2015-01-16 09:15:00,Industrial Production (MoM)  (Dec),Industrial Production (MoM),-0.1,0.1,-0.2
building_permits,2015-01-21 08:30:00,Building Permits  (Dec),Building Permits,1032000.0,1055000.0,-23000.0
housing_starts,2015-01-21 08:30:00,Housing Starts  (Dec),Housing Starts,1089000.0,1040000.0,49000.0
existing_home_sales,2015-01-23 10:00:00,Existing Home Sales  (Dec),Existing Home Sales,5040000.0,5060000.0,-20000.0
durable_goods,2015-01-27 08:30:00,Durable Goods Orders (MoM)  (Dec),Durable Goods Orders (MoM),-3.4,0.5,-3.9
new_home_sales,2015-01-27 10:00:00,New Home Sales  (Dec),New Home Sales,481000.0,450000.0,31000.0
real_gdp_advance,2015-01-30 08:30:00,GDP (QoQ)  (Q4),GDP (QoQ),2.6,3.0,-0.3999999999999999
ism_manufacturing,2015-02-02 10:00:00,ISM Manufacturing PMI  (Jan),ISM Manufacturing PMI,53.5,54.5,-1.0
ism_services,2015-02-04 10:00:00,ISM Non-Manufacturing PMI  (Jan),ISM Non-Manufacturing PMI,56.7,56.3,0.4000000000000057
nonfarm_payrolls,2015-02-06 08:30:00,Nonfarm Payrolls  (Jan),Nonfarm Payrolls,257000.0,234000.0,23000.0
unemployment_rate,2015-02-06 08:30:00,Unemployment Rate  (Jan),Unemployment Rate,5.7,5.6,0.10000000000000053
retail_sales,2015-02-12 08:30:00,Retail Sales (MoM)  (Jan),Retail Sales (MoM),-0.8,-0.5,-0.30000000000000004
building_permits,2015-02-18 08:30:00,Building Permits  (Jan),Building Permits,1053000.0,1069000.0,-16000.0
housing_starts,2015-02-18 08:30:00,Housing Starts  (Jan),Housing Starts,1065000.0,1070000.0,-5000.0
ppi,2015-02-18 08:30:00,PPI (MoM)  (Jan),PPI (MoM),-0.8,-0.4,-0.4
industrial_production,2015-02-18 09:15:00,Industrial Production (MoM)  (Jan),Industrial Production (MoM),0.2,0.3,-0.09999999999999998
existing_home_sales,2015-02-23 10:00:00,Existing Home Sales  (Jan),Existing Home Sales,4820000.0,4970000.0,-150000.0
new_home_sales,2015-02-25 10:00:00,New Home Sales  (Jan),New Home Sales,481000.0,475000.0,6000.0
cpi,2015-02-26 08:30:00,CPI (YoY)  (Jan),CPI (YoY),-0.1,-0.1,0.0
durable_goods,2015-02-26 08:30:00,Durable Goods Orders (MoM)  (Jan),Durable Goods Orders (MoM),2.8,1.7,1.0999999999999999
ism_manufacturing,2015-03-02 10:00:00,ISM Manufacturing PMI  (Feb),ISM Manufacturing PMI,52.9,53.0,-0.10000000000000142
ism_services,2015-03-04 10:00:00,ISM Non-Manufacturing PMI  (Feb),ISM Non-Manufacturing PMI,56.9,56.5,0.3999999999999986
nonfarm_payrolls,2015-03-06 08:30:00,Nonfarm Payrolls  (Feb),Nonfarm Payrolls,295000.0,240000.0,55000.0
unemployment_rate,2015-03-06 08:30:00,Unemployment Rate  (Feb),Unemployment Rate,5.5,5.6,-0.09999999999999964
retail_sales,2015-03-12 08:30:00,Retail Sales (MoM)  (Feb),Retail Sales (MoM),-0.6,0.3,-0.8999999999999999
ppi,2015-03-13 08:30:00,PPI (MoM)  (Feb),PPI (MoM),-0.5,0.3,-0.8
industrial_production,2015-03-16 09:15:00,Industrial Production (MoM)  (Feb),Industrial Production (MoM),0.1,0.2,-0.1
building_permits,2015-03-17 08:30:00,Building Permits  (Feb),Building Permits,1092000.0,1065000.0,27000.0
housing_starts,2015-03-17 08:30:00,Housing Starts  (Feb),Housing Starts,897000.0,1049000.0,-152000.0
existing_home_sales,2015-03-23 10:00:00,Existing Home Sales  (Feb),Existing Home Sales,4880000.0,4900000.0,-20000.0
cpi,2015-03-24 08:30:00,CPI (YoY)  (Feb),CPI (YoY),0.0,-0.1,0.1
new_home_sales,2015-03-24 10:00:00,New Home Sales  (Feb),New Home Sales,539000.0,465000.0,74000.0
durable_goods,2015-03-25 08:30:00,Durable Goods Orders (MoM)  (Feb),Durable Goods Orders (MoM),-1.4,0.4,-1.7999999999999998
real_pce,2015-03-30 08:30:00,Real Personal Consumption (MoM)  (Feb),Real Personal Consumption (MoM),-0.1,0.2,-0.30000000000000004
ism_manufacturing,2015-04-01 10:00:00,ISM Manufacturing PMI  (Mar),ISM Manufacturing PMI,51.5,52.5,-1.0
nonfarm_payrolls,2015-04-03 08:30:00,Nonfarm Payrolls  (Mar),Nonfarm Payrolls,126000.0,245000.0,-119000.0
unemployment_rate,2015-04-03 08:30:00,Unemployment Rate  (Mar),Unemployment Rate,5.5,5.5,0.0
ism_services,2015-04-06 10:00:00,ISM Non-Manufacturing PMI  (Mar),ISM Non-Manufacturing PMI,56.5,56.5,0.0
ppi,2015-04-14 08:30:00,PPI (MoM)  (Mar),PPI (MoM),0.2,0.2,0.0
retail_sales,2015-04-14 08:30:00,Retail Sales (MoM)  (Mar),Retail Sales (MoM),0.9,1.0,-0.09999999999999998
industrial_production,2015-04-15 09:15:00,Industrial Production (MoM)  (Mar),Industrial Production (MoM),-0.6,-0.3,-0.3
building_permits,2015-04-16 08:30:00,Building Permits  (Mar),Building Permits,1039000.0,1080000.0,-41000.0
housing_starts,2015-04-16 08:30:00,Housing Starts  (Mar),Housing Starts,926000.0,1040000.0,-114000.0
cpi,2015-04-17 08:30:00,CPI (YoY)  (Mar),CPI (YoY),-0.1,0.1,-0.2
existing_home_sales,2015-04-22 10:00:00,Existing Home Sales  (Mar),Existing Home Sales,5190000.0,5030000.0,160000.0
new_home_sales,2015-04-23 10:00:00,New Home Sales  (Mar),New Home Sales,481000.0,513000.0,-32000.0
durable_goods,2015-04-24 08:30:00,Durable Goods Orders (MoM)  (Mar),Durable Goods Orders (MoM),4.0,0.6,3.4
real_gdp_advance,2015-04-29 08:30:00,GDP (QoQ)  (Q1),GDP (QoQ),0.2,1.0,-0.8
real_pce,2015-04-30 08:30:00,Real Personal Consumption (MoM)  (Mar),Real Personal Consumption (MoM),0.3,0.3,0.0
ism_manufacturing,2015-05-01 10:00:00,ISM Manufacturing PMI  (Apr),ISM Manufacturing PMI,51.5,52.0,-0.5
ism_services,2015-05-05 10:00:00,ISM Non-Manufacturing PMI  (Apr),ISM Non-Manufacturing PMI,57.8,56.2,1.5999999999999943
nonfarm_payrolls,2015-05-08 08:30:00,Nonfarm Payrolls  (Apr),Nonfarm Payrolls,223000.0,224000.0,-1000.0
unemployment_rate,2015-05-08 08:30:00,Unemployment Rate  (Apr),Unemployment Rate,5.4,5.4,0.0
retail_sales,2015-05-13 08:30:00,Retail Sales (MoM)  (Apr),Retail Sales (MoM),0.0,0.2,-0.2
ppi,2015-05-14 08:30:00,PPI (MoM)  (Apr),PPI (MoM),-0.4,0.2,-0.6000000000000001
industrial_production,2015-05-15 09:15:00,Industrial Production (MoM)  (Apr),Industrial Production (MoM),-0.3,0.1,-0.4
building_permits,2015-05-19 08:30:00,Building Permits  (Apr),Building Permits,1143000.0,1060000.0,83000.0
housing_starts,2015-05-19 08:30:00,Housing Starts  (Apr),Housing Starts,1135000.0,1019000.0,116000.0
existing_home_sales,2015-05-21 10:00:00,Existing Home Sales  (Apr),Existing Home Sales,5040000.0,5240000.0,-200000.0
cpi,2015-05-22 08:30:00,CPI (YoY)  (Apr),CPI (YoY),-0.2,-0.1,-0.1
durable_goods,2015-05-26 08:30:00,Durable Goods Orders (MoM)  (Apr),Durable Goods Orders (MoM),-0.5,-0.4,-0.09999999999999998
new_home_sales,2015-05-26 10:00:00,New Home Sales  (Apr),New Home Sales,517000.0,510000.0,7000.0
real_pce,2015-06-01 08:30:00,Real Personal Consumption (MoM)  (Apr),Real Personal Consumption (MoM),0.0,0.1,-0.1
ism_manufacturing,2015-06-01 10:00:00,ISM Manufacturing PMI  (May),ISM Manufacturing PMI,52.8,52.0,0.7999999999999972
ism_services,2015-06-03 10:00:00,ISM Non-Manufacturing PMI  (May),ISM Non-Manufacturing PMI,55.7,57.0,-1.2999999999999972
nonfarm_payrolls,2015-06-05 08:30:00,Nonfarm Payrolls  (May),Nonfarm Payrolls,280000.0,225000.0,55000.0
unemployment_rate,2015-06-05 08:30:00,Unemployment Rate  (May),Unemployment Rate,5.5,5.4,0.09999999999999964
retail_sales,2015-06-11 08:30:00,Retail Sales (MoM)  (May),Retail Sales (MoM),1.2,1.1,0.09999999999999987
ppi,2015-06-12 08:30:00,PPI (MoM)  (May),PPI (MoM),0.5,0.4,0.09999999999999998
industrial_production,2015-06-15 09:15:00,Industrial Production (MoM)  (May),Industrial Production (MoM),-0.2,0.3,-0.5
building_permits,2015-06-16 08:30:00,Building Permits  (May),Building Permits,1275000.0,1100000.0,175000.0
housing_starts,2015-06-16 08:30:00,Housing Starts  (May),Housing Starts,1036000.0,1100000.0,-64000.0
cpi,2015-06-18 08:30:00,CPI (YoY)  (May),CPI (YoY),0.0,0.0,0.0
existing_home_sales,2015-06-22 10:00:00,Existing Home Sales  (May),Existing Home Sales,5350000.0,5260000.0,90000.0
durable_goods,2015-06-23 08:30:00,Durable Goods Orders (MoM)  (May),Durable Goods Orders (MoM),-1.8,-0.6,-1.2000000000000002
new_home_sales,2015-06-23 10:00:00,New Home Sales  (May),New Home Sales,546000.0,525000.0,21000.0
real_pce,2015-06-25 08:30:00,Real Personal Consumption (MoM)  (May),Real Personal Consumption (MoM),0.6,0.5,0.09999999999999998
ism_manufacturing,2015-07-01 10:00:00,ISM Manufacturing PMI  (Jun),ISM Manufacturing PMI,53.5,53.1,0.3999999999999986
nonfarm_payrolls,2015-07-02 08:30:00,Nonfarm Payrolls  (Jun),Nonfarm Payrolls,223000.0,230000.0,-7000.0
unemployment_rate,2015-07-02 08:30:00,Unemployment Rate  (Jun),Unemployment Rate,5.3,5.4,-0.10000000000000053
ism_services,2015-07-06 10:00:00,ISM Non-Manufacturing PMI  (Jun),ISM Non-Manufacturing PMI,56.0,56.2,-0.20000000000000284
retail_sales,2015-07-14 08:30:00,Retail Sales (MoM)  (Jun),Retail Sales (MoM),-0.3,0.2,-0.5
ppi,2015-07-15 08:30:00,PPI (MoM)  (Jun),PPI (MoM),0.4,0.2,0.2
industrial_production,2015-07-15 09:15:00,Industrial Production (MoM)  (Jun),Industrial Production (MoM),0.3,0.2,0.09999999999999998
building_permits,2015-07-17 08:30:00,Building Permits  (Jun),Building Permits,1343000.0,1150000.0,193000.0
cpi,2015-07-17 08:30:00,CPI (YoY)  (Jun),CPI (YoY),0.1,0.1,0.0
housing_starts,2015-07-17 08:30:00,Housing Starts  (Jun),Housing Starts,1174000.0,1110000.0,64000.0
existing_home_sales,2015-07-22 10:00:00,Existing Home Sales  (Jun),Existing Home Sales,5490000.0,5400000.0,90000.0
new_home_sales,2015-07-24 10:00:00,New Home Sales  (Jun),New Home Sales,482000.0,546000.0,-64000.0
durable_goods,2015-07-27 08:30:00,Durable Goods Orders (MoM)  (Jun),Durable Goods Orders (MoM),3.4,3.0,0.3999999999999999
real_gdp_advance,2015-07-30 08:30:00,GDP (QoQ)  (Q2),GDP (QoQ),2.3,2.6,-0.30000000000000027
real_pce,2015-08-03 08:30:00,Real Personal Consumption (MoM)  (Jun),Real Personal Consumption (MoM),0.0,0.0,0.0
ism_manufacturing,2015-08-03 09:25:00,ISM Manufacturing PMI  (Jul),ISM Manufacturing PMI,52.7,53.5,-0.7999999999999972
ism_services,2015-08-05 10:00:00,ISM Non-Manufacturing PMI  (Jul),ISM Non-Manufacturing PMI,60.3,56.2,4.099999999999994
nonfarm_payrolls,2015-08-07 08:30:00,Nonfarm Payrolls  (Jul),Nonfarm Payrolls,215000.0,223000.0,-8000.0
unemployment_rate,2015-08-07 08:30:00,Unemployment Rate  (Jul),Unemployment Rate,5.3,5.3,0.0
retail_sales,2015-08-13 08:30:00,Retail Sales (MoM)  (Jul),Retail Sales (MoM),0.6,0.5,0.09999999999999998
ppi,2015-08-14 08:30:00,PPI (MoM)  (Jul),PPI (MoM),0.2,0.1,0.1
industrial_production,2015-08-14 09:15:00,Industrial Production (MoM)  (Jul),Industrial Production (MoM),0.6,0.3,0.3
building_permits,2015-08-18 08:30:00,Building Permits  (Jul),Building Permits,1119000.0,1232000.0,-113000.0
housing_starts,2015-08-18 08:30:00,Housing Starts  (Jul),Housing Starts,1206000.0,1190000.0,16000.0
cpi,2015-08-19 08:30:00,CPI (YoY)  (Jul),CPI (YoY),0.2,0.2,0.0
existing_home_sales,2015-08-20 10:00:00,Existing Home Sales  (Jul),Existing Home Sales,5590000.0,5440000.0,150000.0
new_home_sales,2015-08-25 10:00:00,New Home Sales  (Jul),New Home Sales,507000.0,510000.0,-3000.0
durable_goods,2015-08-26 08:30:00,Durable Goods Orders (MoM)  (Jul),Durable Goods Orders (MoM),2.0,-0.4,2.4
real_pce,2015-08-28 08:30:00,Real Personal Consumption (MoM)  (Jul),Real Personal Consumption (MoM),0.2,0.3,-0.09999999999999998
ism_manufacturing,2015-09-01 10:00:00,ISM Manufacturing PMI  (Aug),ISM Manufacturing PMI,51.1,52.6,-1.5
ism_services,2015-09-03 10:00:00,ISM Non-Manufacturing PMI  (Aug),ISM Non-Manufacturing PMI,59.0,58.1,0.8999999999999986
nonfarm_payrolls,2015-09-04 08:30:00,Nonfarm Payrolls  (Aug),Nonfarm Payrolls,173000.0,220000.0,-47000.0
unemployment_rate,2015-09-04 08:30:00,Unemployment Rate  (Aug),Unemployment Rate,5.1,5.2,-0.10000000000000053
ppi,2015-09-11 08:30:00,PPI (MoM)  (Aug),PPI (MoM),0.0,-0.1,0.1
retail_sales,2015-09-15 08:30:00,Retail Sales (MoM)  (Aug),Retail Sales (MoM),0.2,0.3,-0.09999999999999998
industrial_production,2015-09-15 09:15:00,Industrial Production (MoM)  (Aug),Industrial Production (MoM),-0.4,-0.2,-0.2
cpi,2015-09-16 08:30:00,CPI (YoY)  (Aug),CPI (YoY),0.2,0.2,0.0
building_permits,2015-09-17 08:30:00,Building Permits  (Aug),Building Permits,1170000.0,1160000.0,10000.0
housing_starts,2015-09-17 08:30:00,Housing Starts  (Aug),Housing Starts,1126000.0,1170000.0,-44000.0
existing_home_sales,2015-09-21 10:00:00,Existing Home Sales  (Aug),Existing Home Sales,5310000.0,5510000.0,-200000.0
durable_goods,2015-09-24 08:30:00,Durable Goods Orders (MoM)  (Aug),Durable Goods Orders (MoM),-2.0,-2.0,0.0
new_home_sales,2015-09-24 10:00:00,New Home Sales  (Aug),New Home Sales,552000.0,515000.0,37000.0
real_pce,2015-09-28 08:30:00,Real Personal Consumption (MoM)  (Aug),Real Personal Consumption (MoM),0.4,0.3,0.10000000000000003
ism_manufacturing,2015-10-01 10:00:00,ISM Manufacturing PMI  (Sep),ISM Manufacturing PMI,50.2,50.6,-0.3999999999999986
nonfarm_payrolls,2015-10-02 08:30:00,Nonfarm Payrolls  (Sep),Nonfarm Payrolls,142000.0,203000.0,-61000.0
unemployment_rate,2015-10-02 08:30:00,Unemployment Rate  (Sep),Unemployment Rate,5.1,5.1,0.0
ism_services,2015-10-05 10:00:00,ISM Non-Manufacturing PMI  (Sep),ISM Non-Manufacturing PMI,56.9,57.5,-0.6000000000000014
ppi,2015-10-14 08:30:00,PPI (MoM)  (Sep),PPI (MoM),-0.5,-0.2,-0.3
retail_sales,2015-10-14 08:30:00,Retail Sales (MoM)  (Sep),Retail Sales (MoM),0.1,0.2,-0.1
cpi,2015-10-15 08:30:00,CPI (YoY)  (Sep),CPI (YoY),0.0,-0.1,0.1
industrial_production,2015-10-16 09:15:00,Industrial Production (MoM)  (Sep),Industrial Production (MoM),-0.2,-0.2,0.0
building_permits,2015-10-20 08:30:00,Building Permits  (Sep),Building Permits,1103000.0,1164000.0,-61000.0
housing_starts,2015-10-20 08:30:00,Housing Starts  (Sep),Housing Starts,1206000.0,1140000.0,66000.0
existing_home_sales,2015-10-22 10:00:00,Existing Home Sales  (Sep),Existing Home Sales,5550000.0,5380000.0,170000.0
new_home_sales,2015-10-26 10:00:00,New Home Sales  (Sep),New Home Sales,468000.0,550000.0,-82000.0
durable_goods,2015-10-27 08:30:00,Durable Goods Orders (MoM)  (Sep),Durable Goods Orders (MoM),-1.2,-1.2,0.0
real_gdp_advance,2015-10-29 08:30:00,GDP (QoQ)  (Q3),GDP (QoQ),1.5,1.6,-0.10000000000000009
real_pce,2015-10-30 08:30:00,Real Personal Consumption (MoM)  (Sep),Real Personal Consumption (MoM),0.2,0.2,0.0
ism_manufacturing,2015-11-02 10:00:00,ISM Manufacturing PMI  (Oct),ISM Manufacturing PMI,50.1,50.0,0.10000000000000142
ism_services,2015-11-04 10:00:00,ISM Non-Manufacturing PMI  (Oct),ISM Non-Manufacturing PMI,59.1,56.5,2.6000000000000014
nonfarm_payrolls,2015-11-06 08:30:00,Nonfarm Payrolls  (Oct),Nonfarm Payrolls,271000.0,180000.0,91000.0
unemployment_rate,2015-11-06 08:30:00,Unemployment Rate  (Oct),Unemployment Rate,5.0,5.1,-0.09999999999999964
ppi,2015-11-13 08:30:00,PPI (MoM)  (Oct),PPI (MoM),-0.4,0.2,-0.6000000000000001
retail_sales,2015-11-13 08:30:00,Retail Sales (MoM)  (Oct),Retail Sales (MoM),0.1,0.3,-0.19999999999999998
cpi,2015-11-17 08:30:00,CPI (YoY)  (Oct),CPI (YoY),0.2,0.1,0.1
industrial_production,2015-11-17 09:15:00,Industrial Production (MoM)  (Oct),Industrial Production (MoM),-0.2,0.1,-0.30000000000000004
building_permits,2015-11-18 08:30:00,Building Permits  (Oct),Building Permits,1150000.0,1150000.0,0.0
housing_starts,2015-11-18 08:30:00,Housing Starts  (Oct),Housing Starts,1060000.0,1160000.0,-100000.0
existing_home_sales,2015-11-23 10:00:00,Existing Home Sales  (Oct),Existing Home Sales,5360000.0,5400000.0,-40000.0
durable_goods,2015-11-25 08:30:00,Durable Goods Orders (MoM)  (Oct),Durable Goods Orders (MoM),3.0,1.5,1.5
real_pce,2015-11-25 08:30:00,Real Personal Consumption (MoM)  (Oct),Real Personal Consumption (MoM),0.1,0.2,-0.1
new_home_sales,2015-11-25 10:00:00,New Home Sales  (Oct),New Home Sales,495000.0,500000.0,-5000.0
ism_manufacturing,2015-12-01 10:00:00,ISM Manufacturing PMI  (Nov),ISM Manufacturing PMI,48.6,50.5,-1.8999999999999986
ism_services,2015-12-03 10:00:00,ISM Non-Manufacturing PMI  (Nov),ISM Non-Manufacturing PMI,55.9,58.0,-2.1000000000000014
nonfarm_payrolls,2015-12-04 08:30:00,Nonfarm Payrolls  (Nov),Nonfarm Payrolls,211000.0,200000.0,11000.0
unemployment_rate,2015-12-04 08:30:00,Unemployment Rate  (Nov),Unemployment Rate,5.0,5.0,0.0
ppi,2015-12-11 08:30:00,PPI (MoM)  (Nov),PPI (MoM),0.3,-0.1,0.4
retail_sales,2015-12-11 08:30:00,Retail Sales (MoM)  (Nov),Retail Sales (MoM),0.2,0.3,-0.09999999999999998
cpi,2015-12-15 08:30:00,CPI (YoY)  (Nov),CPI (YoY),0.5,0.4,0.09999999999999998
building_permits,2015-12-16 08:30:00,Building Permits  (Nov),Building Permits,1289000.0,1150000.0,139000.0
housing_starts,2015-12-16 08:30:00,Housing Starts  (Nov),Housing Starts,1173000.0,1135000.0,38000.0
industrial_production,2015-12-16 09:15:00,Industrial Production (MoM)  (Nov),Industrial Production (MoM),-0.6,-0.1,-0.5
existing_home_sales,2015-12-22 10:00:00,Existing Home Sales  (Nov),Existing Home Sales,4760000.0,5350000.0,-590000.0
durable_goods,2015-12-23 08:30:00,Durable Goods Orders (MoM)  (Nov),Durable Goods Orders (MoM),0.0,-0.6,0.6
real_pce,2015-12-23 08:30:00,Real Personal Consumption (MoM)  (Nov),Real Personal Consumption (MoM),0.3,0.3,0.0
new_home_sales,2015-12-23 10:00:00,New Home Sales  (Nov),New Home Sales,490000.0,505000.0,-15000.0
ism_manufacturing,2016-01-04 10:00:00,ISM Manufacturing PMI  (Dec),ISM Manufacturing PMI,48.2,49.0,-0.7999999999999972
ism_services,2016-01-06 10:00:00,ISM Non-Manufacturing PMI  (Dec),ISM Non-Manufacturing PMI,55.3,56.0,-0.7000000000000028
nonfarm_payrolls,2016-01-08 08:30:00,Nonfarm Payrolls  (Dec),Nonfarm Payrolls,292000.0,200000.0,92000.0
unemployment_rate,2016-01-08 08:30:00,Unemployment Rate  (Dec),Unemployment Rate,5.0,5.0,0.0
ppi,2016-01-15 08:30:00,PPI (MoM)  (Dec),PPI (MoM),-0.2,-0.2,0.0
retail_sales,2016-01-15 08:30:00,Retail Sales (MoM)  (Dec),Retail Sales (MoM),-0.1,0.1,-0.2
industrial_production,2016-01-15 09:15:00,Industrial Production (MoM)  (Dec),Industrial Production (MoM),-0.4,-0.2,-0.2
building_permits,2016-01-20 08:30:00,Building Permits  (Dec),Building Permits,1232000.0,1200000.0,32000.0
cpi,2016-01-20 08:30:00,CPI (YoY)  (Dec),CPI (YoY),0.7,0.8,-0.10000000000000009
housing_starts,2016-01-20 08:30:00,Housing Starts  (Dec),Housing Starts,1149000.0,1200000.0,-51000.0
existing_home_sales,2016-01-22 10:00:00,Existing Home Sales  (Dec),Existing Home Sales,5460000.0,5200000.0,260000.0
new_home_sales,2016-01-27 10:00:00,New Home Sales  (Dec),New Home Sales,544000.0,500000.0,44000.0
durable_goods,2016-01-28 08:30:00,Durable Goods Orders (MoM)  (Dec),Durable Goods Orders (MoM),-5.1,-0.6,-4.5
real_gdp_advance,2016-01-29 08:30:00,GDP (QoQ)  (Q4),GDP (QoQ),0.7,0.8,-0.10000000000000009
real_pce,2016-02-01 08:30:00,Real Personal Consumption (MoM)  (Dec),Real Personal Consumption (MoM),0.1,0.2,-0.1
ism_manufacturing,2016-02-01 10:00:00,ISM Manufacturing PMI  (Jan),ISM Manufacturing PMI,48.2,48.1,0.10000000000000142
ism_services,2016-02-03 10:00:00,ISM Non-Manufacturing PMI  (Jan),ISM Non-Manufacturing PMI,53.5,55.1,-1.6000000000000014
nonfarm_payrolls,2016-02-05 08:30:00,Nonfarm Payrolls  (Jan),Nonfarm Payrolls,151000.0,190000.0,-39000.0
unemployment_rate,2016-02-05 08:30:00,Unemployment Rate  (Jan),Unemployment Rate,4.9,5.0,-0.09999999999999964
retail_sales,2016-02-12 08:30:00,Retail Sales (MoM)  (Jan),Retail Sales (MoM),0.2,0.1,0.1
building_permits,2016-02-17 08:30:00,Building Permits  (Jan),Building Permits,1202000.0,1200000.0,2000.0
housing_starts,2016-02-17 08:30:00,Housing Starts  (Jan),Housing Starts,1099000.0,1170000.0,-71000.0
ppi,2016-02-17 08:30:00,PPI (MoM)  (Jan),PPI (MoM),0.1,-0.2,0.30000000000000004
industrial_production,2016-02-17 09:15:00,Industrial Production (MoM)  (Jan),Industrial Production (MoM),0.9,0.4,0.5
cpi,2016-02-19 08:30:00,CPI (YoY)  (Jan),CPI (YoY),1.4,1.3,0.09999999999999987
existing_home_sales,2016-02-23 10:00:00,Existing Home Sales  (Jan),Existing Home Sales,5470000.0,5320000.0,150000.0
new_home_sales,2016-02-24 10:00:00,New Home Sales  (Jan),New Home Sales,494000.0,520000.0,-26000.0
durable_goods,2016-02-25 08:30:00,Durable Goods Orders (MoM)  (Jan),Durable Goods Orders (MoM),4.9,2.5,2.4000000000000004
real_pce,2016-02-26 10:00:00,Real Personal Consumption (MoM)  (Jan),Real Personal Consumption (MoM),0.4,0.3,0.10000000000000003
ism_manufacturing,2016-03-01 10:00:00,ISM Manufacturing PMI  (Feb),ISM Manufacturing PMI,49.5,48.5,1.0
ism_services,2016-03-03 10:00:00,ISM Non-Manufacturing PMI  (Feb),ISM Non-Manufacturing PMI,53.4,53.2,0.19999999999999574
nonfarm_payrolls,2016-03-04 08:30:00,Nonfarm Payrolls  (Feb),Nonfarm Payrolls,242000.0,190000.0,52000.0
unemployment_rate,2016-03-04 08:30:00,Unemployment Rate  (Feb),Unemployment Rate,4.9,4.9,0.0
ppi,2016-03-15 08:30:00,PPI (MoM)  (Feb),PPI (MoM),-0.2,-0.2,0.0
retail_sales,2016-03-15 08:30:00,Retail Sales (MoM)  (Feb),Retail Sales (MoM),-0.1,-0.2,0.1
building_permits,2016-03-16 08:30:00,Building Permits  (Feb),Building Permits,1167000.0,1200000.0,-33000.0
cpi,2016-03-16 08:30:00,CPI (YoY)  (Feb),CPI (YoY),1.0,0.9,0.09999999999999998
housing_starts,2016-03-16 08:30:00,Housing Starts  (Feb),Housing Starts,1178000.0,1150000.0,28000.0
industrial_production,2016-03-16 09:15:00,Industrial Production (MoM)  (Feb),Industrial Production (MoM),-0.5,-0.3,-0.2
existing_home_sales,2016-03-21 10:00:00,Existing Home Sales  (Feb),Existing Home Sales,5080000.0,5340000.0,-260000.0
new_home_sales,2016-03-23 10:00:00,New Home Sales  (Feb),New Home Sales,512000.0,510000.0,2000.0
durable_goods,2016-03-24 08:30:00,Durable Goods Orders (MoM)  (Feb),Durable Goods Orders (MoM),-2.8,-2.9,0.10000000000000009
real_pce,2016-03-28 08:30:00,Real Personal Consumption (MoM)  (Feb),Real Personal Consumption (MoM),0.2,0.1,0.1
nonfarm_payrolls,2016-04-01 08:30:00,Nonfarm Payrolls  (Mar),Nonfarm Payrolls,215000.0,205000.0,10000.0
unemployment_rate,2016-04-01 08:30:00,Unemployment Rate  (Mar),Unemployment Rate,5.0,4.9,0.09999999999999964
ism_manufacturing,2016-04-01 10:00:00,ISM Manufacturing PMI  (Mar),ISM Manufacturing PMI,51.8,50.7,1.0999999999999943
ism_services,2016-04-05 10:00:00,ISM Non-Manufacturing PMI  (Mar),ISM Non-Manufacturing PMI,54.5,54.0,0.5
ppi,2016-04-13 08:30:00,PPI (MoM)  (Mar),PPI (MoM),-0.1,0.2,-0.30000000000000004
retail_sales,2016-04-13 08:30:00,Retail Sales (MoM)  (Mar),Retail Sales (MoM),-0.3,0.1,-0.4
cpi,2016-04-14 08:30:00,CPI (YoY)  (Mar),CPI (YoY),0.9,1.1,-0.20000000000000007
industrial_production,2016-04-15 09:15:00,Industrial Production (MoM)  (Mar),Industrial Production (MoM),-0.6,-0.1,-0.5
building_permits,2016-04-19 08:30:00,Building Permits  (Mar),Building Permits,1086000.0,1200000.0,-114000.0
housing_starts,2016-04-19 08:30:00,Housing Starts  (Mar),Housing Starts,1089000.0,1170000.0,-81000.0
existing_home_sales,2016-04-20 10:00:00,Existing Home Sales  (Mar),Existing Home Sales,5330000.0,5300000.0,30000.0
new_home_sales,2016-04-25 10:00:00,New Home Sales  (Mar),New Home Sales,511000.0,520000.0,-9000.0
durable_goods,2016-04-26 08:30:00,Durable Goods Orders (MoM)  (Mar),Durable Goods Orders (MoM),0.8,1.8,-1.0
real_gdp_advance,2016-04-28 08:30:00,GDP (QoQ)  (Q1),GDP (QoQ),0.5,0.7,-0.19999999999999996
real_pce,2016-04-29 08:30:00,Real Personal Consumption (MoM)  (Mar),Real Personal Consumption (MoM),0.0,0.1,-0.1
ism_manufacturing,2016-05-02 10:00:00,ISM Manufacturing PMI  (Apr),ISM Manufacturing PMI,50.8,51.4,-0.6000000000000014
ism_services,2016-05-04 10:00:00,ISM Non-Manufacturing PMI  (Apr),ISM Non-Manufacturing PMI,55.7,54.7,1.0
nonfarm_payrolls,2016-05-06 08:30:00,Nonfarm Payrolls  (Apr),Nonfarm Payrolls,160000.0,202000.0,-42000.0
unemployment_rate,2016-05-06 08:30:00,Unemployment Rate  (Apr),Unemployment Rate,5.0,5.0,0.0
ppi,2016-05-13 08:30:00,PPI (MoM)  (Apr),PPI (MoM),0.2,0.3,-0.09999999999999998
retail_sales,2016-05-13 08:30:00,Retail Sales (MoM)  (Apr),Retail Sales (MoM),1.3,0.8,0.5
building_permits,2016-05-17 08:30:00,Building Permits  (Apr),Building Permits,1116000.0,1130000.0,-14000.0
cpi,2016-05-17 08:30:00,CPI (YoY)  (Apr),CPI (YoY),1.1,1.1,0.0
housing_starts,2016-05-17 08:30:00,Housing Starts  (Apr),Housing Starts,1172000.0,1127000.0,45000.0
industrial_production,2016-05-17 09:15:00,Industrial Production (MoM)  (Apr),Industrial Production (MoM),0.7,0.3,0.39999999999999997
existing_home_sales,2016-05-20 10:00:00,Existing Home Sales  (Apr),Existing Home Sales,5450000.0,5400000.0,50000.0
new_home_sales,2016-05-24 10:00:00,New Home Sales  (Apr),New Home Sales,619000.0,523000.0,96000.0
durable_goods,2016-05-26 08:30:00,Durable Goods Orders (MoM)  (Apr),Durable Goods Orders (MoM),3.4,0.5,2.9
real_pce,2016-05-31 08:30:00,Real Personal Consumption (MoM)  (Apr),Real Personal Consumption (MoM),0.6,0.5,0.09999999999999998
ism_manufacturing,2016-06-01 10:00:00,ISM Manufacturing PMI  (May),ISM Manufacturing PMI,51.3,50.4,0.8999999999999986
nonfarm_payrolls,2016-06-03 08:30:00,Nonfarm Payrolls  (May),Nonfarm Payrolls,38000.0,164000.0,-126000.0
unemployment_rate,2016-06-03 08:30:00,Unemployment Rate  (May),Unemployment Rate,4.7,4.9,-0.20000000000000018
ism_services,2016-06-03 10:00:00,ISM Non-Manufacturing PMI  (May),ISM Non-Manufacturing PMI,52.9,55.5,-2.6000000000000014
retail_sales,2016-06-14 08:30:00,Retail Sales (MoM)  (May),Retail Sales (MoM),0.5,0.3,0.2
ppi,2016-06-15 08:30:00,PPI (MoM)  (May),PPI (MoM),0.4,0.3,0.10000000000000003
industrial_production,2016-06-15 09:15:00,Industrial Production (MoM)  (May),Industrial Production (MoM),-0.4,-0.2,-0.2
cpi,2016-06-16 08:30:00,CPI (YoY)  (May),CPI (YoY),1.0,1.1,-0.10000000000000009
building_permits,2016-06-17 08:30:00,Building Permits  (May),Building Permits,1138000.0,1150000.0,-12000.0
housing_starts,2016-06-17 08:30:00,Housing Starts  (May),Housing Starts,1164000.0,1150000.0,14000.0
existing_home_sales,2016-06-22 10:00:00,Existing Home Sales  (May),Existing Home Sales,5530000.0,5540000.0,-10000.0
new_home_sales,2016-06-23 10:00:00,New Home Sales  (May),New Home Sales,551000.0,560000.0,-9000.0
durable_goods,2016-06-24 08:30:00,Durable Goods Orders (MoM)  (May),Durable Goods Orders (MoM),-2.2,-0.5,-1.7000000000000002
real_pce,2016-06-29 08:30:00,Real Personal Consumption (MoM)  (May),Real Personal Consumption (MoM),0.3,0.2,0.09999999999999998
ism_manufacturing,2016-07-01 10:00:00,ISM Manufacturing PMI  (Jun),ISM Manufacturing PMI,53.2,51.4,1.8000000000000043
ism_services,2016-07-06 10:00:00,ISM Non-Manufacturing PMI  (Jun),ISM Non-Manufacturing PMI,56.5,53.3,3.200000000000003
nonfarm_payrolls,2016-07-08 08:30:00,Nonfarm Payrolls  (Jun),Nonfarm Payrolls,287000.0,175000.0,112000.0
unemployment_rate,2016-07-08 08:30:00,Unemployment Rate  (Jun),Unemployment Rate,4.9,4.8,0.10000000000000053
ppi,2016-07-14 08:30:00,PPI (MoM)  (Jun),PPI (MoM),0.5,0.3,0.2
cpi,2016-07-15 08:30:00,CPI (YoY)  (Jun),CPI (YoY),1.0,1.1,-0.10000000000000009
retail_sales,2016-07-15 08:30:00,Retail Sales (MoM)  (Jun),Retail Sales (MoM),0.6,0.1,0.5
industrial_production,2016-07-15 09:15:00,Industrial Production (MoM)  (Jun),Industrial Production (MoM),0.6,0.2,0.39999999999999997
building_permits,2016-07-19 08:30:00,Building Permits  (Jun),Building Permits,1153000.0,1150000.0,3000.0
housing_starts,2016-07-19 08:30:00,Housing Starts  (Jun),Housing Starts,1189000.0,1170000.0,19000.0
existing_home_sales,2016-07-21 10:00:00,Existing Home Sales  (Jun),Existing Home Sales,5570000.0,5480000.0,90000.0
new_home_sales,2016-07-26 10:00:00,New Home Sales  (Jun),New Home Sales,592000.0,560000.0,32000.0
durable_goods,2016-07-27 08:30:00,Durable Goods Orders (MoM)  (Jun),Durable Goods Orders (MoM),-4.0,-1.1,-2.9
real_gdp_advance,2016-07-29 08:30:00,GDP (QoQ)  (Q2),GDP (QoQ),1.2,2.6,-1.4000000000000001
ism_manufacturing,2016-08-01 10:00:00,ISM Manufacturing PMI  (Jul),ISM Manufacturing PMI,52.6,53.0,-0.3999999999999986
real_pce,2016-08-02 08:30:00,Real Personal Consumption (MoM)  (Jun),Real Personal Consumption (MoM),0.3,0.2,0.09999999999999998
ism_services,2016-08-03 10:00:00,ISM Non-Manufacturing PMI  (Jul),ISM Non-Manufacturing PMI,55.5,56.0,-0.5
nonfarm_payrolls,2016-08-05 08:30:00,Nonfarm Payrolls  (Jul),Nonfarm Payrolls,255000.0,180000.0,75000.0
unemployment_rate,2016-08-05 08:30:00,Unemployment Rate  (Jul),Unemployment Rate,4.9,4.8,0.10000000000000053
ppi,2016-08-12 08:30:00,PPI (MoM)  (Jul),PPI (MoM),-0.4,0.1,-0.5
retail_sales,2016-08-12 08:30:00,Retail Sales (MoM)  (Jul),Retail Sales (MoM),0.0,0.4,-0.4
building_permits,2016-08-16 08:30:00,Building Permits  (Jul),Building Permits,1152000.0,1160000.0,-8000.0
cpi,2016-08-16 08:30:00,CPI (YoY)  (Jul),CPI (YoY),0.8,0.9,-0.09999999999999998
housing_starts,2016-08-16 08:30:00,Housing Starts  (Jul),Housing Starts,1211000.0,1180000.0,31000.0
industrial_production,2016-08-16 09:15:00,Industrial Production (MoM)  (Jul),Industrial Production (MoM),0.7,0.3,0.39999999999999997
new_home_sales,2016-08-23 10:00:00,New Home Sales  (Jul),New Home Sales,654000.0,580000.0,74000.0
existing_home_sales,2016-08-24 10:00:00,Existing Home Sales  (Jul),Existing Home Sales,5390000.0,5510000.0,-120000.0
durable_goods,2016-08-25 08:30:00,Durable Goods Orders (MoM)  (Jul),Durable Goods Orders (MoM),4.4,3.3,1.1000000000000005
real_pce,2016-08-29 08:30:00,Real Personal Consumption (MoM)  (Jul),Real Personal Consumption (MoM),0.3,0.2,0.09999999999999998
ism_manufacturing,2016-09-01 10:00:00,ISM Manufacturing PMI  (Aug),ISM Manufacturing PMI,49.4,52.0,-2.6000000000000014
nonfarm_payrolls,2016-09-02 08:30:00,Nonfarm Payrolls  (Aug),Nonfarm Payrolls,151000.0,180000.0,-29000.0
unemployment_rate,2016-09-02 08:30:00,Unemployment Rate  (Aug),Unemployment Rate,4.9,4.8,0.10000000000000053
ism_services,2016-09-06 10:00:00,ISM Non-Manufacturing PMI  (Aug),ISM Non-Manufacturing PMI,51.4,55.0,-3.6000000000000014
ppi,2016-09-15 08:30:00,PPI (MoM)  (Aug),PPI (MoM),0.0,0.1,-0.1
retail_sales,2016-09-15 08:30:00,Retail Sales (MoM)  (Aug),Retail Sales (MoM),-0.3,-0.1,-0.19999999999999998
industrial_production,2016-09-15 09:15:00,Industrial Production (MoM)  (Aug),Industrial Production (MoM),-0.4,-0.3,-0.10000000000000003
cpi,2016-09-16 08:30:00,CPI (YoY)  (Aug),CPI (YoY),1.1,1.0,0.10000000000000009
building_permits,2016-09-20 08:30:00,Building Permits  (Aug),Building Permits,1139000.0,1170000.0,-31000.0
housing_starts,2016-09-20 08:30:00,Housing Starts  (Aug),Housing Starts,1142000.0,1190000.0,-48000.0
existing_home_sales,2016-09-22 10:00:00,Existing Home Sales  (Aug),Existing Home Sales,5330000.0,5450000.0,-120000.0
new_home_sales,2016-09-26 10:00:00,New Home Sales  (Aug),New Home Sales,609000.0,600000.0,9000.0
durable_goods,2016-09-28 08:30:00,Durable Goods Orders (MoM)  (Aug),Durable Goods Orders (MoM),0.0,-1.4,1.4
real_pce,2016-09-30 08:30:00,Real Personal Consumption (MoM)  (Aug),Real Personal Consumption (MoM),-0.1,0.0,-0.1
ism_manufacturing,2016-10-03 10:00:00,ISM Manufacturing PMI  (Sep),ISM Manufacturing PMI,51.5,50.3,1.2000000000000028
ism_services,2016-10-05 10:00:00,ISM Non-Manufacturing PMI  (Sep),ISM Non-Manufacturing PMI,57.1,53.0,4.100000000000001
nonfarm_payrolls,2016-10-07 08:30:00,Nonfarm Payrolls  (Sep),Nonfarm Payrolls,156000.0,175000.0,-19000.0
unemployment_rate,2016-10-07 08:30:00,Unemployment Rate  (Sep),Unemployment Rate,5.0,4.9,0.09999999999999964
ppi,2016-10-14 08:30:00,PPI (MoM)  (Sep),PPI (MoM),0.3,0.2,0.09999999999999998
retail_sales,2016-10-14 08:30:00,Retail Sales (MoM)  (Sep),Retail Sales (MoM),0.6,0.6,0.0
industrial_production,2016-10-17 09:15:00,Industrial Production (MoM)  (Sep),Industrial Production (MoM),0.1,0.2,-0.1
cpi,2016-10-18 08:30:00,CPI (YoY)  (Sep),CPI (YoY),1.5,1.5,0.0
building_permits,2016-10-19 08:30:00,Building Permits  (Sep),Building Permits,1225000.0,1165000.0,60000.0
housing_starts,2016-10-19 08:30:00,Housing Starts  (Sep),Housing Starts,1047000.0,1175000.0,-128000.0
existing_home_sales,2016-10-20 10:00:00,Existing Home Sales  (Sep),Existing Home Sales,5470000.0,5350000.0,120000.0
new_home_sales,2016-10-26 10:00:00,New Home Sales  (Sep),New Home Sales,593000.0,600000.0,-7000.0
durable_goods,2016-10-27 08:30:00,Durable Goods Orders (MoM)  (Sep),Durable Goods Orders (MoM),-0.1,0.1,-0.2
real_gdp_advance,2016-10-28 08:30:00,GDP (QoQ)  (Q3),GDP (QoQ),2.9,2.5,0.3999999999999999
real_pce,2016-10-31 08:30:00,Real Personal Consumption (MoM)  (Sep),Real Personal Consumption (MoM),0.3,0.2,0.09999999999999998
ism_manufacturing,2016-11-01 10:00:00,ISM Manufacturing PMI  (Oct),ISM Manufacturing PMI,51.9,51.7,0.19999999999999574
ism_services,2016-11-03 10:00:00,ISM Non-Manufacturing PMI  (Oct),ISM Non-Manufacturing PMI,54.8,56.0,-1.2000000000000028
nonfarm_payrolls,2016-11-04 08:30:00,Nonfarm Payrolls  (Oct),Nonfarm Payrolls,161000.0,175000.0,-14000.0
unemployment_rate,2016-11-04 08:30:00,Unemployment Rate  (Oct),Unemployment Rate,4.9,4.9,0.0
retail_sales,2016-11-15 08:30:00,Retail Sales (MoM)  (Oct),Retail Sales (MoM),0.8,0.6,0.20000000000000007
ppi,2016-11-16 08:30:00,PPI (MoM)  (Oct),PPI (MoM),0.0,0.3,-0.3
industrial_production,2016-11-16 09:15:00,Industrial Production (MoM)  (Oct),Industrial Production (MoM),0.0,0.2,-0.2
building_permits,2016-11-17 08:30:00,Building Permits  (Oct),Building Permits,1229000.0,1198000.0,31000.0
cpi,2016-11-17 08:30:00,CPI (YoY)  (Oct),CPI (YoY),1.6,1.6,0.0
housing_starts,2016-11-17 08:30:00,Housing Starts  (Oct),Housing Starts,1323000.0,1156000.0,167000.0
existing_home_sales,2016-11-22 10:00:00,Existing Home Sales  (Oct),Existing Home Sales,5600000.0,5430000.0,170000.0
durable_goods,2016-11-23 08:30:00,Durable Goods Orders (MoM)  (Oct),Durable Goods Orders (MoM),4.8,1.5,3.3
new_home_sales,2016-11-23 10:00:00,New Home Sales  (Oct),New Home Sales,563000.0,593000.0,-30000.0
real_pce,2016-11-30 08:30:00,Real Personal Consumption (MoM)  (Oct),Real Personal Consumption (MoM),0.1,0.2,-0.1
ism_manufacturing,2016-12-01 10:00:00,ISM Manufacturing PMI  (Nov),ISM Manufacturing PMI,53.2,52.2,1.0
nonfarm_payrolls,2016-12-02 08:30:00,Nonfarm Payrolls  (Nov),Nonfarm Payrolls,178000.0,175000.0,3000.0
unemployment_rate,2016-12-02 08:30:00,Unemployment Rate  (Nov),Unemployment Rate,4.6,4.9,-0.3000000000000007
ism_services,2016-12-05 10:00:00,ISM Non-Manufacturing PMI  (Nov),ISM Non-Manufacturing PMI,57.2,55.4,1.8000000000000043
ppi,2016-12-14 08:30:00,PPI (MoM)  (Nov),PPI (MoM),0.4,0.1,0.30000000000000004
retail_sales,2016-12-14 08:30:00,Retail Sales (MoM)  (Nov),Retail Sales (MoM),0.1,0.3,-0.19999999999999998
industrial_production,2016-12-14 09:15:00,Industrial Production (MoM)  (Nov),Industrial Production (MoM),-0.4,-0.2,-0.2
cpi,2016-12-15 08:30:00,CPI (YoY)  (Nov),CPI (YoY),1.7,1.7,0.0
building_permits,2016-12-16 08:30:00,Building Permits  (Nov),Building Permits,1201000.0,1240000.0,-39000.0
housing_starts,2016-12-16 08:30:00,Housing Starts  (Nov),Housing Starts,1090000.0,1230000.0,-140000.0
existing_home_sales,2016-12-21 10:00:00,Existing Home Sales  (Nov),Existing Home Sales,5610000.0,5500000.0,110000.0
durable_goods,2016-12-22 08:30:00,Durable Goods Orders (MoM)  (Nov),Durable Goods Orders (MoM),-4.6,-4.7,0.10000000000000053
real_pce,2016-12-22 10:00:00,Real Personal Consumption (MoM)  (Nov),Real Personal Consumption (MoM),0.1,0.1,0.0
new_home_sales,2016-12-23 10:00:00,New Home Sales  (Nov),New Home Sales,592000.0,575000.0,17000.0
ism_manufacturing,2017-01-03 10:00:00,ISM Manufacturing PMI  (Dec),ISM Manufacturing PMI,54.7,53.6,1.1000000000000014
ism_services,2017-01-05 10:00:00,ISM Non-Manufacturing PMI  (Dec),ISM Non-Manufacturing PMI,57.2,56.6,0.6000000000000014
nonfarm_payrolls,2017-01-06 08:30:00,Nonfarm Payrolls  (Dec),Nonfarm Payrolls,156000.0,178000.0,-22000.0
unemployment_rate,2017-01-06 08:30:00,Unemployment Rate  (Dec),Unemployment Rate,4.7,4.7,0.0
ppi,2017-01-13 08:30:00,PPI (MoM)  (Dec),PPI (MoM),0.3,0.3,0.0
retail_sales,2017-01-13 08:30:00,Retail Sales (MoM)  (Dec),Retail Sales (MoM),0.6,0.7,-0.09999999999999998
cpi,2017-01-18 08:30:00,CPI (YoY)  (Dec),CPI (YoY),2.1,2.1,0.0
industrial_production,2017-01-18 09:15:00,Industrial Production (MoM)  (Dec),Industrial Production (MoM),0.8,0.6,0.20000000000000007
building_permits,2017-01-19 08:30:00,Building Permits  (Dec),Building Permits,1210000.0,1225000.0,-15000.0
housing_starts,2017-01-19 08:30:00,Housing Starts  (Dec),Housing Starts,1226000.0,1200000.0,26000.0
existing_home_sales,2017-01-24 10:00:00,Existing Home Sales  (Dec),Existing Home Sales,5490000.0,5520000.0,-30000.0
new_home_sales,2017-01-26 10:00:00,New Home Sales  (Dec),New Home Sales,536000.0,588000.0,-52000.0
durable_goods,2017-01-27 08:30:00,Durable Goods Orders (MoM)  (Dec),Durable Goods Orders (MoM),-0.4,2.6,-3.0
real_gdp_advance,2017-01-27 08:30:00,GDP (QoQ)  (Q4),GDP (QoQ),1.9,2.2,-0.30000000000000027
real_pce,2017-01-30 08:30:00,Real Personal Consumption (MoM)  (Dec),Real Personal Consumption (MoM),0.3,0.2,0.09999999999999998
ism_manufacturing,2017-02-01 10:00:00,ISM Manufacturing PMI  (Jan),ISM Manufacturing PMI,56.0,55.0,1.0
nonfarm_payrolls,2017-02-03 08:30:00,Nonfarm Payrolls  (Jan),Nonfarm Payrolls,227000.0,175000.0,52000.0
unemployment_rate,2017-02-03 08:30:00,Unemployment Rate  (Jan),Unemployment Rate,4.8,4.7,0.09999999999999964
ism_services,2017-02-03 10:00:00,ISM Non-Manufacturing PMI  (Jan),ISM Non-Manufacturing PMI,56.5,57.0,-0.5
ppi,2017-02-14 08:30:00,PPI (MoM)  (Jan),PPI (MoM),0.6,0.3,0.3
cpi,2017-02-15 08:30:00,CPI (YoY)  (Jan),CPI (YoY),2.5,2.4,0.10000000000000009
retail_sales,2017-02-15 08:30:00,Retail Sales (MoM)  (Jan),Retail Sales (MoM),0.4,0.1,0.30000000000000004
industrial_production,2017-02-15 09:15:00,Industrial Production (MoM)  (Jan),Industrial Production (MoM),-0.3,0.1,-0.4
building_permits,2017-02-16 08:30:00,Building Permits  (Jan),Building Permits,1285000.0,1230000.0,55000.0
housing_starts,2017-02-16 08:30:00,Housing Starts  (Jan),Housing Starts,1246000.0,1222000.0,24000.0
existing_home_sales,2017-02-22 10:00:00,Existing Home Sales  (Jan),Existing Home Sales,5690000.0,5540000.0,150000.0
new_home_sales,2017-02-24 10:00:00,New Home Sales  (Jan),New Home Sales,555000.0,570000.0,-15000.0
durable_goods,2017-02-27 08:30:00,Durable Goods Orders (MoM)  (Jan),Durable Goods Orders (MoM),1.8,1.7,0.10000000000000009
real_pce,2017-03-01 08:30:00,Real Personal Consumption (MoM)  (Jan),Real Personal Consumption (MoM),-0.3,-0.1,-0.19999999999999998
ism_manufacturing,2017-03-01 10:00:00,ISM Manufacturing PMI  (Feb),ISM Manufacturing PMI,57.7,56.0,1.7000000000000028
ism_services,2017-03-03 10:00:00,ISM Non-Manufacturing PMI  (Feb),ISM Non-Manufacturing PMI,57.6,56.5,1.1000000000000014
nonfarm_payrolls,2017-03-10 08:30:00,Nonfarm Payrolls  (Feb),Nonfarm Payrolls,235000.0,200000.0,35000.0
unemployment_rate,2017-03-10 08:30:00,Unemployment Rate  (Feb),Unemployment Rate,4.7,4.7,0.0
ppi,2017-03-14 08:30:00,PPI (MoM)  (Feb),PPI (MoM),0.3,0.1,0.19999999999999998
cpi,2017-03-15 08:30:00,CPI (YoY)  (Feb),CPI (YoY),2.7,2.7,0.0
retail_sales,2017-03-15 08:30:00,Retail Sales (MoM)  (Feb),Retail Sales (MoM),0.1,0.1,0.0
building_permits,2017-03-16 08:30:00,Building Permits  (Feb),Building Permits,1213000.0,1260000.0,-47000.0
housing_starts,2017-03-16 08:30:00,Housing Starts  (Feb),Housing Starts,1288000.0,1260000.0,28000.0
industrial_production,2017-03-17 09:15:00,Industrial Production (MoM)  (Feb),Industrial Production (MoM),0.0,0.2,-0.2
existing_home_sales,2017-03-22 10:00:00,Existing Home Sales  (Feb),Existing Home Sales,5480000.0,5570000.0,-90000.0
new_home_sales,2017-03-23 10:00:00,New Home Sales  (Feb),New Home Sales,592000.0,565000.0,27000.0
durable_goods,2017-03-24 08:30:00,Durable Goods Orders (MoM)  (Feb),Durable Goods Orders (MoM),1.7,1.2,0.5
real_pce,2017-03-31 08:30:00,Real Personal Consumption (MoM)  (Feb),Real Personal Consumption (MoM),-0.1,0.1,-0.2
ism_manufacturing,2017-04-03 10:00:00,ISM Manufacturing PMI  (Mar),ISM Manufacturing PMI,57.2,57.0,0.20000000000000284
ism_services,2017-04-05 10:00:00,ISM Non-Manufacturing PMI  (Mar),ISM Non-Manufacturing PMI,55.2,57.0,-1.7999999999999972
nonfarm_payrolls,2017-04-07 08:30:00,Nonfarm Payrolls  (Mar),Nonfarm Payrolls,98000.0,180000.0,-82000.0
unemployment_rate,2017-04-07 08:30:00,Unemployment Rate  (Mar),Unemployment Rate,4.5,4.7,-0.20000000000000018
ppi,2017-04-13 08:30:00,PPI (MoM)  (Mar),PPI (MoM),-0.1,0.0,-0.1
cpi,2017-04-14 08:30:00,CPI (YoY)  (Mar),CPI (YoY),2.4,2.6,-0.20000000000000018
retail_sales,2017-04-14 08:30:00,Retail Sales (MoM)  (Mar),Retail Sales (MoM),-0.2,-0.1,-0.1
building_permits,2017-04-18 08:30:00,Building Permits  (Mar),Building Permits,1260000.0,1250000.0,10000.0
housing_starts,2017-04-18 08:30:00,Housing Starts  (Mar),Housing Starts,1215000.0,1250000.0,-35000.0
industrial_production,2017-04-18 09:15:00,Industrial Production (MoM)  (Mar),Industrial Production (MoM),0.5,0.5,0.0
existing_home_sales,2017-04-21 10:00:00,Existing Home Sales  (Mar),Existing Home Sales,5710000.0,5600000.0,110000.0
new_home_sales,2017-04-25 10:00:00,New Home Sales  (Mar),New Home Sales,621000.0,583000.0,38000.0
durable_goods,2017-04-27 08:30:00,Durable Goods Orders (MoM)  (Mar),Durable Goods Orders (MoM),0.7,1.2,-0.5
real_gdp_advance,2017-04-28 08:30:00,GDP (QoQ)  (Q1),GDP (QoQ),0.7,1.2,-0.5
real_pce,2017-05-01 08:30:00,Real Personal Consumption (MoM)  (Mar),Real Personal Consumption (MoM),0.3,0.3,0.0
ism_manufacturing,2017-05-01 10:00:00,ISM Manufacturing PMI  (Apr),ISM Manufacturing PMI,54.8,56.5,-1.7000000000000028
ism_services,2017-05-03 10:00:00,ISM Non-Manufacturing PMI  (Apr),ISM Non-Manufacturing PMI,57.5,55.8,1.7000000000000028
nonfarm_payrolls,2017-05-05 08:30:00,Nonfarm Payrolls  (Apr),Nonfarm Payrolls,211000.0,185000.0,26000.0
unemployment_rate,2017-05-05 08:30:00,Unemployment Rate  (Apr),Unemployment Rate,4.4,4.6,-0.1999999999999993
ppi,2017-05-11 08:30:00,PPI (MoM)  (Apr),PPI (MoM),0.5,0.2,0.3
cpi,2017-05-12 08:30:00,CPI (YoY)  (Apr),CPI (YoY),2.2,2.3,-0.09999999999999964
retail_sales,2017-05-12 08:30:00,Retail Sales (MoM)  (Apr),Retail Sales (MoM),0.4,0.6,-0.19999999999999996
building_permits,2017-05-16 08:30:00,Building Permits  (Apr),Building Permits,1229000.0,1270000.0,-41000.0
housing_starts,2017-05-16 08:30:00,Housing Starts  (Apr),Housing Starts,1172000.0,1260000.0,-88000.0
industrial_production,2017-05-16 09:15:00,Industrial Production (MoM)  (Apr),Industrial Production (MoM),1.0,0.4,0.6
new_home_sales,2017-05-23 10:00:00,New Home Sales  (Apr),New Home Sales,569000.0,610000.0,-41000.0
existing_home_sales,2017-05-24 10:00:00,Existing Home Sales  (Apr),Existing Home Sales,5570000.0,5650000.0,-80000.0
durable_goods,2017-05-26 08:30:00,Durable Goods Orders (MoM)  (Apr),Durable Goods Orders (MoM),-0.7,-1.2,0.5
real_pce,2017-05-30 08:30:00,Real Personal Consumption (MoM)  (Apr),Real Personal Consumption (MoM),0.2,0.2,0.0
ism_manufacturing,2017-06-01 10:00:00,ISM Manufacturing PMI  (May),ISM Manufacturing PMI,54.9,54.5,0.3999999999999986
nonfarm_payrolls,2017-06-02 08:30:00,Nonfarm Payrolls  (May),Nonfarm Payrolls,138000.0,185000.0,-47000.0
unemployment_rate,2017-06-02 08:30:00,Unemployment Rate  (May),Unemployment Rate,4.3,4.4,-0.10000000000000053
ism_services,2017-06-05 10:00:00,ISM Non-Manufacturing PMI  (May),ISM Non-Manufacturing PMI,56.9,57.0,-0.10000000000000142
ppi,2017-06-13 08:30:00,PPI (MoM)  (May),PPI (MoM),0.0,0.1,-0.1
cpi,2017-06-14 08:30:00,CPI (YoY)  (May),CPI (YoY),1.9,2.0,-0.10000000000000009
retail_sales,2017-06-14 08:30:00,Retail Sales (MoM)  (May),Retail Sales (MoM),-0.3,0.1,-0.4
industrial_production,2017-06-15 09:15:00,Industrial Production (MoM)  (May),Industrial Production (MoM),0.0,0.2,-0.2
building_permits,2017-06-16 08:30:00,Building Permits  (May),Building Permits,1168000.0,1250000.0,-82000.0
housing_starts,2017-06-16 08:30:00,Housing Starts  (May),Housing Starts,1092000.0,1215000.0,-123000.0
existing_home_sales,2017-06-21 10:00:00,Existing Home Sales  (May),Existing Home Sales,5620000.0,5550000.0,70000.0
new_home_sales,2017-06-23 10:00:00,New Home Sales  (May),New Home Sales,610000.0,597000.0,13000.0
durable_goods,2017-06-26 08:30:00,Durable Goods Orders (MoM)  (May),Durable Goods Orders (MoM),-1.1,-0.6,-0.5000000000000001
real_pce,2017-06-30 08:30:00,Real Personal Consumption (MoM)  (May),Real Personal Consumption (MoM),0.1,0.2,-0.1
ism_manufacturing,2017-07-03 10:00:00,ISM Manufacturing PMI  (Jun),ISM Manufacturing PMI,57.8,55.2,2.5999999999999943
ism_services,2017-07-06 10:00:00,ISM Non-Manufacturing PMI  (Jun),ISM Non-Manufacturing PMI,57.4,56.5,0.8999999999999986
nonfarm_payrolls,2017-07-07 08:30:00,Nonfarm Payrolls  (Jun),Nonfarm Payrolls,222000.0,179000.0,43000.0
unemployment_rate,2017-07-07 08:30:00,Unemployment Rate  (Jun),Unemployment Rate,4.4,4.3,0.10000000000000053
ppi,2017-07-13 08:30:00,PPI (MoM)  (Jun),PPI (MoM),0.1,-0.1,0.2
cpi,2017-07-14 08:30:00,CPI (YoY)  (Jun),CPI (YoY),1.6,1.7,-0.09999999999999987
retail_sales,2017-07-14 08:30:00,Retail Sales (MoM)  (Jun),Retail Sales (MoM),-0.2,0.1,-0.30000000000000004
industrial_production,2017-07-14 09:15:00,Industrial Production (MoM)  (Jun),Industrial Production (MoM),0.4,0.3,0.10000000000000003
building_permits,2017-07-19 08:30:00,Building Permits  (Jun),Building Permits,1254000.0,1200000.0,54000.0
housing_starts,2017-07-19 08:30:00,Housing Starts  (Jun),Housing Starts,1215000.0,1155000.0,60000.0
existing_home_sales,2017-07-24 10:00:00,Existing Home Sales  (Jun),Existing Home Sales,5520000.0,5580000.0,-60000.0
new_home_sales,2017-07-26 10:00:00,New Home Sales  (Jun),New Home Sales,610000.0,615000.0,-5000.0
durable_goods,2017-07-27 08:30:00,Durable Goods Orders (MoM)  (Jun),Durable Goods Orders (MoM),6.5,3.0,3.5
real_gdp_advance,2017-07-28 08:30:00,GDP (QoQ)  (Q2),GDP (QoQ),2.6,2.6,0.0
real_pce,2017-08-01 08:30:00,Real Personal Consumption (MoM)  (Jun),Real Personal Consumption (MoM),0.0,0.1,-0.1
ism_manufacturing,2017-08-01 10:00:00,ISM Manufacturing PMI  (Jul),ISM Manufacturing PMI,56.3,56.5,-0.20000000000000284
ism_services,2017-08-03 10:00:00,ISM Non-Manufacturing PMI  (Jul),ISM Non-Manufacturing PMI,53.9,57.0,-3.1000000000000014
nonfarm_payrolls,2017-08-04 08:30:00,Nonfarm Payrolls  (Jul),Nonfarm Payrolls,209000.0,183000.0,26000.0
unemployment_rate,2017-08-04 08:30:00,Unemployment Rate  (Jul),Unemployment Rate,4.3,4.3,0.0
ppi,2017-08-10 08:30:00,PPI (MoM)  (Jul),PPI (MoM),-0.1,0.1,-0.2
cpi,2017-08-11 08:30:00,CPI (YoY)  (Jul),CPI (YoY),1.7,1.8,-0.10000000000000009
retail_sales,2017-08-15 08:30:00,Retail Sales (MoM)  (Jul),Retail Sales (MoM),0.6,0.4,0.19999999999999996
building_permits,2017-08-16 08:30:00,Building Permits  (Jul),Building Permits,1223000.0,1250000.0,-27000.0
housing_starts,2017-08-16 08:30:00,Housing Starts  (Jul),Housing Starts,1155000.0,1220000.0,-65000.0
industrial_production,2017-08-17 08:45:00,Industrial Production (MoM)  (Jul),Industrial Production (MoM),0.2,0.3,-0.09999999999999998
new_home_sales,2017-08-23 10:00:00,New Home Sales  (Jul),New Home Sales,571000.0,612000.0,-41000.0
existing_home_sales,2017-08-24 10:00:00,Existing Home Sales  (Jul),Existing Home Sales,5440000.0,5570000.0,-130000.0
durable_goods,2017-08-25 08:30:00,Durable Goods Orders (MoM)  (Jul),Durable Goods Orders (MoM),-6.8,-6.0,-0.7999999999999998
real_pce,2017-08-31 08:30:00,Real Personal Consumption (MoM)  (Jul),Real Personal Consumption (MoM),0.2,0.3,-0.09999999999999998
nonfarm_payrolls,2017-09-01 08:30:00,Nonfarm Payrolls  (Aug),Nonfarm Payrolls,156000.0,180000.0,-24000.0
unemployment_rate,2017-09-01 08:30:00,Unemployment Rate  (Aug),Unemployment Rate,4.4,4.3,0.10000000000000053
ism_manufacturing,2017-09-01 10:00:00,ISM Manufacturing PMI  (Aug),ISM Manufacturing PMI,58.8,56.5,2.299999999999997
ism_services,2017-09-06 10:00:00,ISM Non-Manufacturing PMI  (Aug),ISM Non-Manufacturing PMI,55.3,55.4,-0.10000000000000142
ppi,2017-09-13 08:30:00,PPI (MoM)  (Aug),PPI (MoM),0.2,0.3,-0.09999999999999998
cpi,2017-09-14 08:30:00,CPI (YoY)  (Aug),CPI (YoY),1.9,1.8,0.09999999999999987
retail_sales,2017-09-15 08:30:00,Retail Sales (MoM)  (Aug),Retail Sales (MoM),-0.2,0.1,-0.30000000000000004
industrial_production,2017-09-15 09:15:00,Industrial Production (MoM)  (Aug),Industrial Production (MoM),-0.9,0.1,-1.0
building_permits,2017-09-19 08:30:00,Building Permits  (Aug),Building Permits,1300000.0,1220000.0,80000.0
housing_starts,2017-09-19 08:30:00,Housing Starts  (Aug),Housing Starts,1180000.0,1175000.0,5000.0
existing_home_sales,2017-09-20 10:00:00,Existing Home Sales  (Aug),Existing Home Sales,5350000.0,5460000.0,-110000.0
new_home_sales,2017-09-26 10:00:00,New Home Sales  (Aug),New Home Sales,560000.0,588000.0,-28000.0
durable_goods,2017-09-27 08:30:00,Durable Goods Orders (MoM)  (Aug),Durable Goods Orders (MoM),1.7,1.0,0.7
real_pce,2017-09-29 08:30:00,Real Personal Consumption (MoM)  (Aug),Real Personal Consumption (MoM),-0.1,-0.1,0.0
ism_manufacturing,2017-10-02 10:00:00,ISM Manufacturing PMI  (Sep),ISM Manufacturing PMI,60.8,58.0,2.799999999999997
ism_services,2017-10-04 10:00:00,ISM Non-Manufacturing PMI  (Sep),ISM Non-Manufacturing PMI,59.8,55.5,4.299999999999997
nonfarm_payrolls,2017-10-06 08:30:00,Nonfarm Payrolls  (Sep),Nonfarm Payrolls,-33000.0,90000.0,-123000.0
unemployment_rate,2017-10-06 08:30:00,Unemployment Rate  (Sep),Unemployment Rate,4.2,4.4,-0.20000000000000018
ppi,2017-10-12 08:30:00,PPI (MoM)  (Sep),PPI (MoM),0.4,0.4,0.0
cpi,2017-10-13 08:30:00,CPI (YoY)  (Sep),CPI (YoY),2.2,2.3,-0.09999999999999964
retail_sales,2017-10-13 08:30:00,Retail Sales (MoM)  (Sep),Retail Sales (MoM),1.6,1.7,-0.09999999999999987
industrial_production,2017-10-17 09:15:00,Industrial Production (MoM)  (Sep),Industrial Production (MoM),0.3,0.3,0.0
building_permits,2017-10-18 08:30:00,Building Permits  (Sep),Building Permits,1215000.0,1245000.0,-30000.0
housing_starts,2017-10-18 08:30:00,Housing Starts  (Sep),Housing Starts,1127000.0,1180000.0,-53000.0
existing_home_sales,2017-10-20 10:00:00,Existing Home Sales  (Sep),Existing Home Sales,5390000.0,5300000.0,90000.0
durable_goods,2017-10-25 08:30:00,Durable Goods Orders (MoM)  (Sep),Durable Goods Orders (MoM),2.2,1.0,1.2000000000000002
new_home_sales,2017-10-25 10:00:00,New Home Sales  (Sep),New Home Sales,667000.0,555000.0,112000.0
real_gdp_advance,2017-10-27 08:30:00,GDP (QoQ)  (Q3),GDP (QoQ),3.0,2.5,0.5
real_pce,2017-10-30 08:30:00,Real Personal Consumption (MoM)  (Sep),Real Personal Consumption (MoM),0.6,0.5,0.09999999999999998
ism_manufacturing,2017-11-01 10:00:00,ISM Manufacturing PMI  (Oct),ISM Manufacturing PMI,58.7,59.5,-0.7999999999999972
nonfarm_payrolls,2017-11-03 08:30:00,Nonfarm Payrolls  (Oct),Nonfarm Payrolls,261000.0,310000.0,-49000.0
unemployment_rate,2017-11-03 08:30:00,Unemployment Rate  (Oct),Unemployment Rate,4.1,4.2,-0.10000000000000053
ism_services,2017-11-03 10:00:00,ISM Non-Manufacturing PMI  (Oct),ISM Non-Manufacturing PMI,60.1,58.5,1.6000000000000014
ppi,2017-11-14 08:30:00,PPI (MoM)  (Oct),PPI (MoM),0.4,0.1,0.30000000000000004
cpi,2017-11-15 08:30:00,CPI (YoY)  (Oct),CPI (YoY),2.0,2.0,0.0
retail_sales,2017-11-15 08:30:00,Retail Sales (MoM)  (Oct),Retail Sales (MoM),0.2,0.1,0.1
industrial_production,2017-11-16 09:15:00,Industrial Production (MoM)  (Oct),Industrial Production (MoM),0.9,0.5,0.4
building_permits,2017-11-17 08:30:00,Building Permits  (Oct),Building Permits,1297000.0,1247000.0,50000.0
housing_starts,2017-11-17 08:30:00,Housing Starts  (Oct),Housing Starts,1290000.0,1185000.0,105000.0
existing_home_sales,2017-11-21 10:00:00,Existing Home Sales  (Oct),Existing Home Sales,5480000.0,5420000.0,60000.0
durable_goods,2017-11-22 08:30:00,Durable Goods Orders (MoM)  (Oct),Durable Goods Orders (MoM),-1.2,0.3,-1.5
new_home_sales,2017-11-27 10:00:00,New Home Sales  (Oct),New Home Sales,685000.0,625000.0,60000.0
real_pce,2017-11-30 08:30:00,Real Personal Consumption (MoM)  (Oct),Real Personal Consumption (MoM),0.1,0.2,-0.1
ism_manufacturing,2017-12-01 10:00:00,ISM Manufacturing PMI  (Nov),ISM Manufacturing PMI,58.2,58.4,-0.19999999999999574
ism_services,2017-12-05 10:00:00,ISM Non-Manufacturing PMI  (Nov),ISM Non-Manufacturing PMI,57.4,59.0,-1.6000000000000014
nonfarm_payrolls,2017-12-08 08:30:00,Nonfarm Payrolls  (Nov),Nonfarm Payrolls,228000.0,200000.0,28000.0
unemployment_rate,2017-12-08 08:30:00,Unemployment Rate  (Nov),Unemployment Rate,4.1,4.1,0.0
ppi,2017-12-12 08:30:00,PPI (MoM)  (Nov),PPI (MoM),0.4,0.4,0.0
cpi,2017-12-13 08:30:00,CPI (YoY)  (Nov),CPI (YoY),2.2,2.2,0.0
retail_sales,2017-12-14 08:30:00,Retail Sales (MoM)  (Nov),Retail Sales (MoM),0.8,0.3,0.5
industrial_production,2017-12-15 09:15:00,Industrial Production (MoM)  (Nov),Industrial Production (MoM),0.2,0.3,-0.09999999999999998
building_permits,2017-12-19 08:30:00,Building Permits  (Nov),Building Permits,1298000.0,1273000.0,25000.0
housing_starts,2017-12-19 08:30:00,Housing Starts  (Nov),Housing Starts,1297000.0,1250000.0,47000.0
existing_home_sales,2017-12-20 10:00:00,Existing Home Sales  (Nov),Existing Home Sales,5810000.0,5540000.0,270000.0
durable_goods,2017-12-22 08:30:00,Durable Goods Orders (MoM)  (Nov),Durable Goods Orders (MoM),1.3,2.0,-0.7
real_pce,2017-12-22 08:30:00,Real Personal Consumption (MoM)  (Nov),Real Personal Consumption (MoM),0.4,0.2,0.2
new_home_sales,2017-12-22 10:00:00,New Home Sales  (Nov),New Home Sales,733000.0,654000.0,79000.0
ism_manufacturing,2018-01-03 10:00:00,ISM Manufacturing PMI  (Dec),ISM Manufacturing PMI,59.7,58.1,1.6000000000000014
nonfarm_payrolls,2018-01-05 08:30:00,Nonfarm Payrolls  (Dec),Nonfarm Payrolls,148000.0,190000.0,-42000.0
unemployment_rate,2018-01-05 08:30:00,Unemployment Rate  (Dec),Unemployment Rate,4.1,4.1,0.0
ism_services,2018-01-05 10:00:00,ISM Non-Manufacturing PMI  (Dec),ISM Non-Manufacturing PMI,55.9,57.8,-1.8999999999999986
ppi,2018-01-11 08:30:00,PPI (MoM)  (Dec),PPI (MoM),-0.1,0.2,-0.30000000000000004
cpi,2018-01-12 08:30:00,CPI (YoY)  (Dec),CPI (YoY),2.1,2.1,0.0
retail_sales,2018-01-12 08:30:00,Retail Sales (MoM)  (Dec),Retail Sales (MoM),0.4,0.4,0.0
industrial_production,2018-01-17 09:15:00,Industrial Production (MoM)  (Dec),Industrial Production (MoM),0.9,0.4,0.5
building_permits,2018-01-18 08:30:00,Building Permits  (Dec),Building Permits,1302000.0,1290000.0,12000.0
housing_starts,2018-01-18 08:30:00,Housing Starts  (Dec),Housing Starts,1192000.0,1275000.0,-83000.0
existing_home_sales,2018-01-24 10:00:00,Existing Home Sales  (Dec),Existing Home Sales,5570000.0,5720000.0,-150000.0
new_home_sales,2018-01-25 10:00:00,New Home Sales  (Dec),New Home Sales,625000.0,676000.0,-51000.0
durable_goods,2018-01-26 08:30:00,Durable Goods Orders (MoM)  (Dec),Durable Goods Orders (MoM),2.9,0.8,2.0999999999999996
real_gdp_advance,2018-01-26 08:30:00,GDP (QoQ)  (Q4),GDP (QoQ),2.6,3.0,-0.3999999999999999
real_pce,2018-01-29 08:30:00,Real Personal Consumption (MoM)  (Dec),Real Personal Consumption (MoM),0.3,0.4,-0.10000000000000003
ism_manufacturing,2018-02-01 10:00:00,ISM Manufacturing PMI  (Jan),ISM Manufacturing PMI,59.1,58.8,0.30000000000000426
nonfarm_payrolls,2018-02-02 08:30:00,Nonfarm Payrolls  (Jan),Nonfarm Payrolls,200000.0,184000.0,16000.0
unemployment_rate,2018-02-02 08:30:00,Unemployment Rate  (Jan),Unemployment Rate,4.1,4.1,0.0
ism_services,2018-02-05 10:00:00,ISM Non-Manufacturing PMI  (Jan),ISM Non-Manufacturing PMI,59.9,56.5,3.3999999999999986
cpi,2018-02-14 08:30:00,CPI (YoY)  (Jan),CPI (YoY),2.1,1.9,0.20000000000000018
retail_sales,2018-02-14 08:30:00,Retail Sales (MoM)  (Jan),Retail Sales (MoM),-0.3,0.2,-0.5
ppi,2018-02-15 08:30:00,PPI (MoM)  (Jan),PPI (MoM),0.4,0.4,0.0
industrial_production,2018-02-15 09:15:00,Industrial Production (MoM)  (Jan),Industrial Production (MoM),-0.1,0.2,-0.30000000000000004
building_permits,2018-02-16 08:30:00,Building Permits  (Jan),Building Permits,1396000.0,1290000.0,106000.0
housing_starts,2018-02-16 08:30:00,Housing Starts  (Jan),Housing Starts,1326000.0,1234000.0,92000.0
existing_home_sales,2018-02-21 10:00:00,Existing Home Sales  (Jan),Existing Home Sales,5380000.0,5610000.0,-230000.0
new_home_sales,2018-02-26 10:00:00,New Home Sales  (Jan),New Home Sales,593000.0,655000.0,-62000.0
durable_goods,2018-02-27 08:30:00,Durable Goods Orders (MoM)  (Jan),Durable Goods Orders (MoM),-3.7,-2.4,-1.3000000000000003
real_pce,2018-03-01 08:30:00,Real Personal Consumption (MoM)  (Jan),Real Personal Consumption (MoM),-0.1,-0.1,0.0
ism_manufacturing,2018-03-01 10:00:00,ISM Manufacturing PMI  (Feb),ISM Manufacturing PMI,60.8,58.7,2.0999999999999943
ism_services,2018-03-05 10:00:00,ISM Non-Manufacturing PMI  (Feb),ISM Non-Manufacturing PMI,59.5,58.9,0.6000000000000014
nonfarm_payrolls,2018-03-09 08:30:00,Nonfarm Payrolls  (Feb),Nonfarm Payrolls,313000.0,200000.0,113000.0
unemployment_rate,2018-03-09 08:30:00,Unemployment Rate  (Feb),Unemployment Rate,4.1,4.0,0.09999999999999964
cpi,2018-03-13 08:30:00,CPI (YoY)  (Feb),CPI (YoY),2.2,2.2,0.0
ppi,2018-03-14 08:30:00,PPI (MoM)  (Feb),PPI (MoM),0.2,0.1,0.1
retail_sales,2018-03-14 08:30:00,Retail Sales (MoM)  (Feb),Retail Sales (MoM),-0.1,0.3,-0.4
building_permits,2018-03-16 08:30:00,Building Permits  (Feb),Building Permits,1298000.0,1320000.0,-22000.0
housing_starts,2018-03-16 08:30:00,Housing Starts  (Feb),Housing Starts,1236000.0,1290000.0,-54000.0
industrial_production,2018-03-16 09:15:00,Industrial Production (MoM)  (Feb),Industrial Production (MoM),1.1,0.3,0.8
existing_home_sales,2018-03-21 10:00:00,Existing Home Sales  (Feb),Existing Home Sales,5540000.0,5410000.0,130000.0
durable_goods,2018-03-23 08:30:00,Durable Goods Orders (MoM)  (Feb),Durable Goods Orders (MoM),3.1,1.5,1.6
new_home_sales,2018-03-23 10:00:00,New Home Sales  (Feb),New Home Sales,618000.0,623000.0,-5000.0
pce_price_index,2018-03-29 08:30:00,PCE Deflator (MoM),PCE Deflator (MoM),0.2,0.2,0.0
real_pce,2018-03-29 08:30:00,Real Personal Consumption (MoM)  (Feb),Real Personal Consumption (MoM),0.0,0.1,-0.1
ism_manufacturing,2018-04-02 10:00:00,ISM Manufacturing PMI  (Mar),ISM Manufacturing PMI,59.3,60.1,-0.8000000000000043
ism_services,2018-04-04 10:00:00,ISM Non-Manufacturing PMI  (Mar),ISM Non-Manufacturing PMI,58.8,59.0,-0.20000000000000284
nonfarm_payrolls,2018-04-06 08:30:00,Nonfarm Payrolls  (Mar),Nonfarm Payrolls,103000.0,193000.0,-90000.0
unemployment_rate,2018-04-06 08:30:00,Unemployment Rate  (Mar),Unemployment Rate,4.1,4.0,0.09999999999999964
ppi,2018-04-10 08:30:00,PPI (MoM)  (Mar),PPI (MoM),0.3,0.1,0.19999999999999998
cpi,2018-04-11 08:30:00,CPI (YoY)  (Mar),CPI (YoY),2.4,2.4,0.0
retail_sales,2018-04-16 08:30:00,Retail Sales (MoM)  (Mar),Retail Sales (MoM),0.6,0.4,0.19999999999999996
building_permits,2018-04-17 08:30:00,Building Permits  (Mar),Building Permits,1354000.0,1330000.0,24000.0
housing_starts,2018-04-17 08:30:00,Housing Starts  (Mar),Housing Starts,1319000.0,1270000.0,49000.0
industrial_production,2018-04-17 09:15:00,Industrial Production (MoM)  (Mar),Industrial Production (MoM),0.5,0.3,0.2
existing_home_sales,2018-04-23 10:00:00,Existing Home Sales  (Mar),Existing Home Sales,5600000.0,5550000.0,50000.0
new_home_sales,2018-04-24 10:00:00,New Home Sales  (Mar),New Home Sales,694000.0,625000.0,69000.0
durable_goods,2018-04-26 08:30:00,Durable Goods Orders (MoM)  (Mar),Durable Goods Orders (MoM),2.6,1.6,1.0
real_gdp_advance,2018-04-27 08:30:00,GDP (QoQ)  (Q1),GDP (QoQ),2.3,2.0,0.2999999999999998
pce_price_index,2018-04-30 08:30:00,PCE Deflator (MoM),PCE Deflator (MoM),0.0,0.0,0.0
real_pce,2018-04-30 08:30:00,Real Personal Consumption (MoM)  (Mar),Real Personal Consumption (MoM),0.4,0.5,-0.09999999999999998
ism_manufacturing,2018-05-01 10:00:00,ISM Manufacturing PMI  (Apr),ISM Manufacturing PMI,57.3,58.6,-1.3000000000000043
ism_services,2018-05-03 10:00:00,ISM Non-Manufacturing PMI  (Apr),ISM Non-Manufacturing PMI,56.8,58.1,-1.3000000000000043
nonfarm_payrolls,2018-05-04 08:30:00,Nonfarm Payrolls  (Apr),Nonfarm Payrolls,164000.0,189000.0,-25000.0
unemployment_rate,2018-05-04 08:30:00,Unemployment Rate  (Apr),Unemployment Rate,3.9,4.0,-0.10000000000000009
ppi,2018-05-09 08:30:00,PPI (MoM)  (Apr),PPI (MoM),0.1,0.2,-0.1
cpi,2018-05-10 08:30:00,CPI (YoY)  (Apr),CPI (YoY),2.5,2.5,0.0
retail_sales,2018-05-15 08:30:00,Retail Sales (MoM)  (Apr),Retail Sales (MoM),0.3,0.4,-0.10000000000000003
building_permits,2018-05-16 08:30:00,Building Permits  (Apr),Building Permits,1352000.0,1347000.0,5000.0
housing_starts,2018-05-16 08:30:00,Housing Starts  (Apr),Housing Starts,1287000.0,1310000.0,-23000.0
industrial_production,2018-05-16 09:15:00,Industrial Production (MoM)  (Apr),Industrial Production (MoM),0.7,0.5,0.19999999999999996
new_home_sales,2018-05-23 10:00:00,New Home Sales  (Apr),New Home Sales,662000.0,680000.0,-18000.0
existing_home_sales,2018-05-24 10:00:00,Existing Home Sales  (Apr),Existing Home Sales,5460000.0,5560000.0,-100000.0
durable_goods,2018-05-25 08:30:00,Durable Goods Orders (MoM)  (Apr),Durable Goods Orders (MoM),-1.7,-1.4,-0.30000000000000004
real_pce,2018-05-31 08:30:00,Real Personal Consumption (MoM)  (Apr),Real Personal Consumption (MoM),0.4,0.2,0.2
nonfarm_payrolls,2018-06-01 08:30:00,Nonfarm Payrolls  (May),Nonfarm Payrolls,223000.0,189000.0,34000.0
unemployment_rate,2018-06-01 08:30:00,Unemployment Rate  (May),Unemployment Rate,3.8,3.9,-0.10000000000000009
ism_manufacturing,2018-06-01 10:00:00,ISM Manufacturing PMI  (May),ISM Manufacturing PMI,58.7,58.2,0.5
ism_services,2018-06-05 10:00:00,ISM Non-Manufacturing PMI  (May),ISM Non-Manufacturing PMI,58.6,57.9,0.7000000000000028
cpi,2018-06-12 08:30:00,CPI (YoY)  (May),CPI (YoY),2.8,2.7,0.09999999999999964
ppi,2018-06-13 08:30:00,PPI (MoM)  (May),PPI (MoM),0.5,0.3,0.2
retail_sales,2018-06-14 08:30:00,Retail Sales (MoM)  (May),Retail Sales (MoM),0.8,0.4,0.4
industrial_production,2018-06-15 09:15:00,Industrial Production (MoM)  (May),Industrial Production (MoM),-0.1,0.2,-0.30000000000000004
building_permits,2018-06-19 08:30:00,Building Permits  (May),Building Permits,1301000.0,1350000.0,-49000.0
housing_starts,2018-06-19 08:30:00,Housing Starts  (May),Housing Starts,1350000.0,1310000.0,40000.0
existing_home_sales,2018-06-20 10:00:00,Existing Home Sales  (May),Existing Home Sales,5430000.0,5520000.0,-90000.0
new_home_sales,2018-06-25 10:00:00,New Home Sales  (May),New Home Sales,689000.0,667000.0,22000.0
durable_goods,2018-06-27 08:30:00,Durable Goods Orders (MoM)  (May),Durable Goods Orders (MoM),-0.6,-0.9,0.30000000000000004
real_pce,2018-06-29 08:30:00,Real Personal Consumption (MoM)  (May),Real Personal Consumption (MoM),0.0,0.2,-0.2
ism_manufacturing,2018-07-02 10:00:00,ISM Manufacturing PMI  (Jun),ISM Manufacturing PMI,60.2,58.4,1.8000000000000043
ism_services,2018-07-05 10:00:00,ISM Non-Manufacturing PMI  (Jun),ISM Non-Manufacturing PMI,59.1,58.3,0.8000000000000043
nonfarm_payrolls,2018-07-06 08:30:00,Nonfarm Payrolls  (Jun),Nonfarm Payrolls,213000.0,200000.0,13000.0
unemployment_rate,2018-07-06 08:30:00,Unemployment Rate  (Jun),Unemployment Rate,4.0,3.8,0.20000000000000018
ppi,2018-07-11 08:30:00,PPI (MoM)  (Jun),PPI (MoM),0.3,0.2,0.09999999999999998
cpi,2018-07-12 08:30:00,CPI (YoY)  (Jun),CPI (YoY),2.9,2.9,0.0
retail_sales,2018-07-16 08:30:00,Retail Sales (MoM)  (Jun),Retail Sales (MoM),0.5,0.5,0.0
industrial_production,2018-07-17 09:15:00,Industrial Production (MoM)  (Jun),Industrial Production (MoM),0.6,0.5,0.09999999999999998
building_permits,2018-07-18 08:30:00,Building Permits  (Jun),Building Permits,1273000.0,1330000.0,-57000.0
housing_starts,2018-07-18 08:30:00,Housing Starts  (Jun),Housing Starts,1173000.0,1320000.0,-147000.0
existing_home_sales,2018-07-23 10:00:00,Existing Home Sales  (Jun),Existing Home Sales,5380000.0,5460000.0,-80000.0
new_home_sales,2018-07-25 10:00:00,New Home Sales  (Jun),New Home Sales,631000.0,669000.0,-38000.0
durable_goods,2018-07-26 08:30:00,Durable Goods Orders (MoM)  (Jun),Durable Goods Orders (MoM),1.0,3.0,-2.0
real_gdp_advance,2018-07-27 08:30:00,GDP (QoQ)  (Q2),GDP (QoQ),4.1,4.1,0.0
pce_price_index,2018-07-31 08:30:00,PCE Deflator (MoM),PCE Deflator (MoM),0.1,0.1,0.0
real_pce,2018-07-31 08:30:00,Real Personal Consumption (MoM)  (Jun),Real Personal Consumption (MoM),0.3,0.4,-0.10000000000000003
ism_manufacturing,2018-08-01 10:00:00,ISM Manufacturing PMI  (Jul),ISM Manufacturing PMI,58.1,59.4,-1.2999999999999972
nonfarm_payrolls,2018-08-03 08:30:00,Nonfarm Payrolls  (Jul),Nonfarm Payrolls,157000.0,193000.0,-36000.0
unemployment_rate,2018-08-03 08:30:00,Unemployment Rate  (Jul),Unemployment Rate,3.9,3.9,0.0
ism_services,2018-08-03 10:00:00,ISM Non-Manufacturing PMI  (Jul),ISM Non-Manufacturing PMI,55.7,58.6,-2.8999999999999986
ppi,2018-08-09 08:30:00,PPI (MoM)  (Jul),PPI (MoM),0.0,0.2,-0.2
cpi,2018-08-10 08:30:00,CPI (YoY)  (Jul),CPI (YoY),2.9,3.0,-0.10000000000000009
retail_sales,2018-08-15 08:30:00,Retail Sales (MoM)  (Jul),Retail Sales (MoM),0.5,0.2,0.3
industrial_production,2018-08-15 09:15:00,Industrial Production (MoM)  (Jul),Industrial Production (MoM),0.1,0.3,-0.19999999999999998
building_permits,2018-08-16 08:30:00,Building Permits  (Jul),Building Permits,1311000.0,1310000.0,1000.0
housing_starts,2018-08-16 08:30:00,Housing Starts  (Jul),Housing Starts,1168000.0,1270000.0,-102000.0
existing_home_sales,2018-08-22 10:00:00,Existing Home Sales  (Jul),Existing Home Sales,5340000.0,5440000.0,-100000.0
new_home_sales,2018-08-23 10:00:00,New Home Sales  (Jul),New Home Sales,627000.0,643000.0,-16000.0
durable_goods,2018-08-24 08:30:00,Durable Goods Orders (MoM)  (Jul),Durable Goods Orders (MoM),-1.7,-0.5,-1.2
real_pce,2018-08-30 08:30:00,Real Personal Consumption (MoM)  (Jul),Real Personal Consumption (MoM),0.2,0.2,0.0
ism_manufacturing,2018-09-04 10:00:00,ISM Manufacturing PMI  (Aug),ISM Manufacturing PMI,61.3,57.6,3.6999999999999957
ism_services,2018-09-06 10:00:00,ISM Non-Manufacturing PMI  (Aug),ISM Non-Manufacturing PMI,58.5,57.0,1.5
nonfarm_payrolls,2018-09-07 08:30:00,Nonfarm Payrolls  (Aug),Nonfarm Payrolls,201000.0,191000.0,10000.0
unemployment_rate,2018-09-07 08:30:00,Unemployment Rate  (Aug),Unemployment Rate,3.9,3.8,0.10000000000000009
ppi,2018-09-12 08:30:00,PPI (MoM)  (Aug),PPI (MoM),-0.1,0.2,-0.30000000000000004
cpi,2018-09-13 08:30:00,CPI (YoY)  (Aug),CPI (YoY),2.7,2.8,-0.09999999999999964
retail_sales,2018-09-14 08:30:00,Retail Sales (MoM)  (Aug),Retail Sales (MoM),0.1,0.4,-0.30000000000000004
industrial_production,2018-09-14 09:15:00,Industrial Production (MoM)  (Aug),Industrial Production (MoM),0.4,0.3,0.10000000000000003
building_permits,2018-09-19 08:30:00,Building Permits  (Aug),Building Permits,1229000.0,1310000.0,-81000.0
housing_starts,2018-09-19 08:30:00,Housing Starts  (Aug),Housing Starts,1282000.0,1235000.0,47000.0
existing_home_sales,2018-09-20 10:00:00,Existing Home Sales  (Aug),Existing Home Sales,5340000.0,5350000.0,-10000.0
new_home_sales,2018-09-26 10:00:00,New Home Sales  (Aug),New Home Sales,629000.0,630000.0,-1000.0
durable_goods,2018-09-27 08:30:00,Durable Goods Orders (MoM)  (Aug),Durable Goods Orders (MoM),4.5,1.9,2.6
pce_price_index,2018-09-28 08:30:00,PCE Deflator (MoM),PCE Deflator (MoM),0.1,0.2,-0.1
real_pce,2018-09-28 08:30:00,Real Personal Consumption (MoM)  (Aug),Real Personal Consumption (MoM),0.2,0.2,0.0
ism_manufacturing,2018-10-01 10:00:00,ISM Manufacturing PMI  (Sep),ISM Manufacturing PMI,59.8,60.1,-0.30000000000000426
ism_services,2018-10-03 10:00:00,ISM Non-Manufacturing PMI  (Sep),ISM Non-Manufacturing PMI,61.6,58.1,3.5
nonfarm_payrolls,2018-10-05 08:30:00,Nonfarm Payrolls  (Sep),Nonfarm Payrolls,134000.0,185000.0,-51000.0
unemployment_rate,2018-10-05 08:30:00,Unemployment Rate  (Sep),Unemployment Rate,3.7,3.8,-0.09999999999999964
ppi,2018-10-10 08:30:00,PPI (MoM)  (Sep),PPI (MoM),0.2,0.2,0.0
cpi,2018-10-11 08:30:00,CPI (YoY)  (Sep),CPI (YoY),2.3,2.4,-0.10000000000000009
retail_sales,2018-10-15 08:30:00,Retail Sales (MoM)  (Sep),Retail Sales (MoM),0.1,0.7,-0.6
industrial_production,2018-10-16 09:15:00,Industrial Production (MoM)  (Sep),Industrial Production (MoM),0.3,0.2,0.09999999999999998
building_permits,2018-10-17 08:30:00,Building Permits  (Sep),Building Permits,1241000.0,1278000.0,-37000.0
housing_starts,2018-10-17 08:30:00,Housing Starts  (Sep),Housing Starts,1201000.0,1220000.0,-19000.0
existing_home_sales,2018-10-19 10:00:00,Existing Home Sales  (Sep),Existing Home Sales,5150000.0,5300000.0,-150000.0
new_home_sales,2018-10-24 10:00:00,New Home Sales  (Sep),New Home Sales,553000.0,627000.0,-74000.0
durable_goods,2018-10-25 08:30:00,Durable Goods Orders (MoM)  (Sep),Durable Goods Orders (MoM),0.8,-1.3,2.1
real_gdp_advance,2018-10-26 08:30:00,GDP (QoQ)  (Q3),GDP (QoQ),3.5,3.3,0.20000000000000018
pce_price_index,2018-10-29 08:30:00,PCE Deflator (MoM),PCE Deflator (MoM),0.1,0.1,0.0
real_pce,2018-10-29 08:30:00,Real Personal Consumption (MoM)  (Sep),Real Personal Consumption (MoM),0.3,0.3,0.0
ism_manufacturing,2018-11-01 10:00:00,ISM Manufacturing PMI  (Oct),ISM Manufacturing PMI,57.7,59.0,-1.2999999999999972
nonfarm_payrolls,2018-11-02 08:30:00,Nonfarm Payrolls  (Oct),Nonfarm Payrolls,250000.0,193000.0,57000.0
unemployment_rate,2018-11-02 08:30:00,Unemployment Rate  (Oct),Unemployment Rate,3.7,3.7,0.0
ism_services,2018-11-05 10:00:00,ISM Non-Manufacturing PMI  (Oct),ISM Non-Manufacturing PMI,60.3,59.3,1.0
ppi,2018-11-09 08:30:00,PPI (MoM)  (Oct),PPI (MoM),0.6,0.2,0.39999999999999997
cpi,2018-11-14 08:30:00,CPI (YoY)  (Oct),CPI (YoY),2.5,2.5,0.0
retail_sales,2018-11-15 08:30:00,Retail Sales (MoM)  (Oct),Retail Sales (MoM),0.8,0.6,0.20000000000000007
industrial_production,2018-11-16 09:15:00,Industrial Production (MoM)  (Oct),Industrial Production (MoM),0.1,0.2,-0.1
building_permits,2018-11-20 08:30:00,Building Permits  (Oct),Building Permits,1263000.0,1260000.0,3000.0
housing_starts,2018-11-20 08:30:00,Housing Starts  (Oct),Housing Starts,1228000.0,1225000.0,3000.0
durable_goods,2018-11-21 08:30:00,Durable Goods Orders (MoM)  (Oct),Durable Goods Orders (MoM),-4.4,-2.2,-2.2
existing_home_sales,2018-11-21 10:00:00,Existing Home Sales  (Oct),Existing Home Sales,5220000.0,5200000.0,20000.0
new_home_sales,2018-11-28 10:00:00,New Home Sales  (Oct),New Home Sales,544000.0,583000.0,-39000.0
pce_price_index,2018-11-29 08:30:00,PCE Deflator (MoM),PCE Deflator (MoM),0.2,0.2,0.0
real_pce,2018-11-29 08:30:00,Real Personal Consumption (MoM)  (Oct),Real Personal Consumption (MoM),0.4,0.2,0.2
ism_manufacturing,2018-12-03 10:00:00,ISM Manufacturing PMI  (Nov),ISM Manufacturing PMI,59.3,57.6,1.6999999999999957
ism_services,2018-12-06 10:00:00,ISM Non-Manufacturing PMI  (Nov),ISM Non-Manufacturing PMI,60.7,59.2,1.5
nonfarm_payrolls,2018-12-07 08:30:00,Nonfarm Payrolls  (Nov),Nonfarm Payrolls,155000.0,200000.0,-45000.0
unemployment_rate,2018-12-07 08:30:00,Unemployment Rate  (Nov),Unemployment Rate,3.7,3.7,0.0
ppi,2018-12-11 08:30:00,PPI (MoM)  (Nov),PPI (MoM),0.1,0.1,0.0
cpi,2018-12-12 08:30:00,CPI (YoY)  (Nov),CPI (YoY),2.2,2.2,0.0
retail_sales,2018-12-14 08:30:00,Retail Sales (MoM)  (Nov),Retail Sales (MoM),0.2,0.1,0.1
industrial_production,2018-12-14 09:15:00,Industrial Production (MoM)  (Nov),Industrial Production (MoM),0.6,0.3,0.3
building_permits,2018-12-18 08:30:00,Building Permits  (Nov),Building Permits,1328000.0,1259000.0,69000.0
housing_starts,2018-12-18 08:30:00,Housing Starts  (Nov),Housing Starts,1256000.0,1225000.0,31000.0
existing_home_sales,2018-12-19 10:00:00,Existing Home Sales  (Nov),Existing Home Sales,5320000.0,5200000.0,120000.0
durable_goods,2018-12-21 08:30:00,Durable Goods Orders (MoM)  (Nov),Durable Goods Orders (MoM),0.8,1.6,-0.8
real_pce,2018-12-21 10:00:00,Real Personal Consumption (MoM)  (Nov),Real Personal Consumption (MoM),0.3,0.3,0.0
ism_manufacturing,2019-01-03 10:00:00,ISM Manufacturing PMI  (Dec),ISM Manufacturing PMI,54.1,57.7,-3.6000000000000014
nonfarm_payrolls,2019-01-04 08:30:00,Nonfarm Payrolls  (Dec),Nonfarm Payrolls,312000.0,178000.0,134000.0
unemployment_rate,2019-01-04 08:30:00,Unemployment Rate  (Dec),Unemployment Rate,3.9,3.7,0.19999999999999973
ism_services,2019-01-07 10:00:00,ISM Non-Manufacturing PMI  (Dec),ISM Non-Manufacturing PMI,57.6,59.6,-2.0
cpi,2019-01-11 08:30:00,CPI (YoY)  (Dec),CPI (YoY),1.9,1.9,0.0
ppi,2019-01-15 08:30:00,PPI (MoM)  (Dec),PPI (MoM),-0.2,-0.1,-0.1
industrial_production,2019-01-18 09:15:00,Industrial Production (MoM)  (Dec),Industrial Production (MoM),0.3,0.2,0.09999999999999998
existing_home_sales,2019-01-22 10:00:00,Existing Home Sales  (Dec),Existing Home Sales,4990000.0,5250000.0,-260000.0
new_home_sales,2019-01-31 10:00:00,New Home Sales  (Nov),New Home Sales,657000.0,560000.0,97000.0
nonfarm_payrolls,2019-02-01 08:30:00,Nonfarm Payrolls  (Jan),Nonfarm Payrolls,304000.0,165000.0,139000.0
unemployment_rate,2019-02-01 08:30:00,Unemployment Rate  (Jan),Unemployment Rate,4.0,3.9,0.10000000000000009
ism_manufacturing,2019-02-01 10:00:00,ISM Manufacturing PMI  (Jan),ISM Manufacturing PMI,56.6,54.2,2.3999999999999986
ism_services,2019-02-05 10:00:00,ISM Non-Manufacturing PMI  (Jan),ISM Non-Manufacturing PMI,56.7,57.2,-0.5
cpi,2019-02-13 08:30:00,CPI (YoY)  (Jan),CPI (YoY),1.6,1.5,0.10000000000000009
ppi,2019-02-14 08:30:00,PPI (MoM)  (Jan),PPI (MoM),-0.1,0.1,-0.2
retail_sales,2019-02-14 08:30:00,Retail Sales (MoM)  (Dec),Retail Sales (MoM),-1.2,0.1,-1.3
industrial_production,2019-02-15 09:15:00,Industrial Production (MoM)  (Jan),Industrial Production (MoM),-0.6,0.1,-0.7
durable_goods,2019-02-21 08:30:00,Durable Goods Orders (MoM)  (Dec),Durable Goods Orders (MoM),1.2,0.8,0.3999999999999999
existing_home_sales,2019-02-21 10:00:00,Existing Home Sales  (Jan),Existing Home Sales,4940000.0,5010000.0,-70000.0
building_permits,2019-02-26 08:30:00,Building Permits  (Dec),Building Permits,1326000.0,1290000.0,36000.0
housing_starts,2019-02-26 08:30:00,Housing Starts  (Dec),Housing Starts,1078000.0,1250000.0,-172000.0
real_gdp_advance,2019-02-28 08:30:00,GDP (QoQ)  (Q4),GDP (QoQ),2.6,2.6,0.0
pce_price_index,2019-03-01 08:30:00,PCE Deflator (MoM),PCE Deflator (MoM),0.1,0.0,0.1
real_pce,2019-03-01 08:30:00,Real Personal Consumption (MoM)  (Dec),Real Personal Consumption (MoM),-0.6,-0.3,-0.3
ism_manufacturing,2019-03-01 10:00:00,ISM Manufacturing PMI  (Feb),ISM Manufacturing PMI,54.2,55.5,-1.2999999999999972
ism_services,2019-03-05 10:00:00,ISM Non-Manufacturing PMI  (Feb),ISM Non-Manufacturing PMI,59.7,57.3,2.4000000000000057
new_home_sales,2019-03-05 10:00:00,New Home Sales  (Dec),New Home Sales,621000.0,600000.0,21000.0
building_permits,2019-03-08 08:30:00,Building Permits  (Jan),Building Permits,1345000.0,1289000.0,56000.0
housing_starts,2019-03-08 08:30:00,Housing Starts  (Jan),Housing Starts,1230000.0,1197000.0,33000.0
nonfarm_payrolls,2019-03-08 08:30:00,Nonfarm Payrolls  (Feb),Nonfarm Payrolls,20000.0,181000.0,-161000.0
unemployment_rate,2019-03-08 08:30:00,Unemployment Rate  (Feb),Unemployment Rate,3.8,3.9,-0.10000000000000009
retail_sales,2019-03-11 08:30:00,Retail Sales (MoM)  (Jan),Retail Sales (MoM),0.2,0.0,0.2
cpi,2019-03-12 08:30:00,CPI (YoY)  (Feb),CPI (YoY),1.5,1.6,-0.10000000000000009
durable_goods,2019-03-13 08:30:00,Durable Goods Orders (MoM)  (Jan),Durable Goods Orders (MoM),0.4,-0.5,0.9
ppi,2019-03-13 08:30:00,PPI (MoM)  (Feb),PPI (MoM),0.1,0.2,-0.1
new_home_sales,2019-03-14 10:00:00,New Home Sales  (Jan),New Home Sales,607000.0,622000.0,-15000.0
industrial_production,2019-03-15 09:15:00,Industrial Production (MoM)  (Feb),Industrial Production (MoM),0.1,0.4,-0.30000000000000004
existing_home_sales,2019-03-22 10:00:00,Existing Home Sales  (Feb),Existing Home Sales,5510000.0,5100000.0,410000.0
building_permits,2019-03-26 08:30:00,Building Permits  (Feb),Building Permits,1296000.0,1320000.0,-24000.0
housing_starts,2019-03-26 08:30:00,Housing Starts  (Feb),Housing Starts,1162000.0,1213000.0,-51000.0
real_pce,2019-03-29 08:30:00,Real Personal Consumption (MoM)  (Jan),Real Personal Consumption (MoM),0.1,0.3,-0.19999999999999998
new_home_sales,2019-03-29 10:00:00,New Home Sales  (Feb),New Home Sales,667000.0,620000.0,47000.0
retail_sales,2019-04-01 08:30:00,Retail Sales (MoM)  (Feb),Retail Sales (MoM),-0.2,0.3,-0.5
ism_manufacturing,2019-04-01 10:00:00,ISM Manufacturing PMI  (Mar),ISM Manufacturing PMI,55.3,54.5,0.7999999999999972
durable_goods,2019-04-02 08:30:00,Durable Goods Orders (MoM)  (Feb),Durable Goods Orders (MoM),-1.6,-1.1,-0.5
ism_services,2019-04-03 10:00:00,ISM Non-Manufacturing PMI  (Mar),ISM Non-Manufacturing PMI,56.1,58.1,-2.0
nonfarm_payrolls,2019-04-05 08:30:00,Nonfarm Payrolls  (Mar),Nonfarm Payrolls,196000.0,175000.0,21000.0
unemployment_rate,2019-04-05 08:30:00,Unemployment Rate  (Mar),Unemployment Rate,3.8,3.8,0.0
cpi,2019-04-10 08:30:00,CPI (YoY)  (Mar),CPI (YoY),1.9,1.8,0.09999999999999987
ppi,2019-04-11 08:30:00,PPI (MoM)  (Mar),PPI (MoM),0.6,0.3,0.3
industrial_production,2019-04-16 09:15:00,Industrial Production (MoM)  (Mar),Industrial Production (MoM),-0.1,0.2,-0.30000000000000004
retail_sales,2019-04-18 08:30:00,Retail Sales (MoM)  (Mar),Retail Sales (MoM),1.6,0.9,0.7000000000000001
building_permits,2019-04-19 08:30:00,Building Permits  (Mar),Building Permits,1269000.0,1300000.0,-31000.0
housing_starts,2019-04-19 08:30:00,Housing Starts  (Mar),Housing Starts,1139000.0,1230000.0,-91000.0
existing_home_sales,2019-04-22 10:00:00,Existing Home Sales  (Mar),Existing Home Sales,5210000.0,5300000.0,-90000.0
new_home_sales,2019-04-23 10:00:00,New Home Sales  (Mar),New Home Sales,692000.0,647000.0,45000.0
durable_goods,2019-04-25 08:30:00,Durable Goods Orders (MoM)  (Mar),Durable Goods Orders (MoM),2.7,0.7,2.0
real_gdp_advance,2019-04-26 08:30:00,GDP (QoQ)  (Q1),GDP (QoQ),3.2,2.0,1.2000000000000002
real_pce,2019-04-29 08:30:00,Real Personal Consumption (MoM)  (Mar),Real Personal Consumption (MoM),0.7,0.5,0.19999999999999996
ism_manufacturing,2019-05-01 10:00:00,ISM Manufacturing PMI  (Apr),ISM Manufacturing PMI,52.8,55.0,-2.200000000000003
nonfarm_payrolls,2019-05-03 08:30:00,Nonfarm Payrolls  (Apr),Nonfarm Payrolls,263000.0,181000.0,82000.0
unemployment_rate,2019-05-03 08:30:00,Unemployment Rate  (Apr),Unemployment Rate,3.6,3.8,-0.19999999999999973
ism_services,2019-05-03 10:00:00,ISM Non-Manufacturing PMI  (Apr),ISM Non-Manufacturing PMI,55.5,57.2,-1.7000000000000028
ppi,2019-05-09 08:30:00,PPI (MoM)  (Apr),PPI (MoM),0.2,0.2,0.0
cpi,2019-05-10 08:30:00,CPI (YoY)  (Apr),CPI (YoY),2.0,2.1,-0.10000000000000009
retail_sales,2019-05-15 08:30:00,Retail Sales (MoM)  (Apr),Retail Sales (MoM),-0.2,0.2,-0.4
industrial_production,2019-05-15 09:15:00,Industrial Production (MoM)  (Apr),Industrial Production (MoM),-0.5,0.0,-0.5
building_permits,2019-05-16 08:30:00,Building Permits  (Apr),Building Permits,1296000.0,1290000.0,6000.0
housing_starts,2019-05-16 08:30:00,Housing Starts  (Apr),Housing Starts,1235000.0,1205000.0,30000.0
existing_home_sales,2019-05-21 10:00:00,Existing Home Sales  (Apr),Existing Home Sales,5190000.0,5350000.0,-160000.0
new_home_sales,2019-05-23 10:00:00,New Home Sales  (Apr),New Home Sales,673000.0,675000.0,-2000.0
durable_goods,2019-05-24 08:30:00,Durable Goods Orders (MoM)  (Apr),Durable Goods Orders (MoM),-2.1,-2.0,-0.10000000000000009
real_pce,2019-05-31 08:30:00,Real Personal Consumption (MoM)  (Apr),Real Personal Consumption (MoM),0.0,0.0,0.0
ism_manufacturing,2019-06-03 10:00:00,ISM Manufacturing PMI  (May),ISM Manufacturing PMI,52.1,53.0,-0.8999999999999986
ism_services,2019-06-05 10:00:00,ISM Non-Manufacturing PMI  (May),ISM Non-Manufacturing PMI,56.9,55.5,1.3999999999999986
nonfarm_payrolls,2019-06-07 08:30:00,Nonfarm Payrolls  (May),Nonfarm Payrolls,75000.0,185000.0,-110000.0
unemployment_rate,2019-06-07 08:30:00,Unemployment Rate  (May),Unemployment Rate,3.6,3.6,0.0
ppi,2019-06-11 08:30:00,PPI (MoM)  (May),PPI (MoM),0.1,0.1,0.0
cpi,2019-06-12 08:30:00,CPI (YoY)  (May),CPI (YoY),1.8,1.9,-0.09999999999999987
retail_sales,2019-06-14 08:30:00,Retail Sales (MoM)  (May),Retail Sales (MoM),0.5,0.7,-0.19999999999999996
industrial_production,2019-06-14 09:15:00,Industrial Production (MoM)  (May),Industrial Production (MoM),0.4,0.2,0.2
building_permits,2019-06-18 08:30:00,Building Permits  (May),Building Permits,1294000.0,1296000.0,-2000.0
housing_starts,2019-06-18 08:30:00,Housing Starts  (May),Housing Starts,1269000.0,1239000.0,30000.0
existing_home_sales,2019-06-21 10:00:00,Existing Home Sales  (May),Existing Home Sales,5340000.0,5290000.0,50000.0
new_home_sales,2019-06-25 10:00:00,New Home Sales  (May),New Home Sales,626000.0,680000.0,-54000.0
durable_goods,2019-06-26 08:30:00,Durable Goods Orders (MoM)  (May),Durable Goods Orders (MoM),-1.3,0.0,-1.3
pce_price_index,2019-06-28 08:30:00,PCE Deflator (MoM),PCE Deflator (MoM),0.2,0.2,0.0
real_pce,2019-06-28 08:30:00,Real Personal Consumption (MoM)  (May),Real Personal Consumption (MoM),0.2,0.4,-0.2
ism_manufacturing,2019-07-01 10:00:00,ISM Manufacturing PMI  (Jun),ISM Manufacturing PMI,51.7,51.0,0.7000000000000028
ism_services,2019-07-03 10:00:00,ISM Non-Manufacturing PMI  (Jun),ISM Non-Manufacturing PMI,55.1,56.1,-1.0
nonfarm_payrolls,2019-07-05 08:30:00,Nonfarm Payrolls  (Jun),Nonfarm Payrolls,224000.0,160000.0,64000.0
unemployment_rate,2019-07-05 08:30:00,Unemployment Rate  (Jun),Unemployment Rate,3.7,3.6,0.10000000000000009
cpi,2019-07-11 08:30:00,CPI (YoY)  (Jun),CPI (YoY),1.6,1.6,0.0
ppi,2019-07-12 08:30:00,PPI (MoM)  (Jun),PPI (MoM),0.1,0.1,0.0
retail_sales,2019-07-16 08:30:00,Retail Sales (MoM)  (Jun),Retail Sales (MoM),0.4,0.1,0.30000000000000004
industrial_production,2019-07-16 09:15:00,Industrial Production (MoM)  (Jun),Industrial Production (MoM),0.0,0.1,-0.1
building_permits,2019-07-17 08:30:00,Building Permits  (Jun),Building Permits,1220000.0,1300000.0,-80000.0
housing_starts,2019-07-17 08:30:00,Housing Starts  (Jun),Housing Starts,1253000.0,1261000.0,-8000.0
existing_home_sales,2019-07-23 10:00:00,Existing Home Sales  (Jun),Existing Home Sales,5270000.0,5350000.0,-80000.0
new_home_sales,2019-07-24 10:00:00,New Home Sales  (Jun),New Home Sales,646000.0,660000.0,-14000.0
durable_goods,2019-07-25 08:30:00,Durable Goods Orders (MoM)  (Jun),Durable Goods Orders (MoM),2.0,0.8,1.2
real_gdp_advance,2019-07-26 08:30:00,GDP (QoQ)  (Q2),GDP (QoQ),2.1,1.8,0.30000000000000004
pce_price_index,2019-07-30 08:30:00,PCE Deflator (MoM),PCE Deflator (MoM),0.1,0.1,0.0
real_pce,2019-07-30 08:30:00,Real Personal Consumption (MoM)  (Jun),Real Personal Consumption (MoM),0.2,0.2,0.0
ism_manufacturing,2019-08-01 10:00:00,ISM Manufacturing PMI  (Jul),ISM Manufacturing PMI,51.2,52.0,-0.7999999999999972
nonfarm_payrolls,2019-08-02 08:30:00,Nonfarm Payrolls  (Jul),Nonfarm Payrolls,164000.0,164000.0,0.0
unemployment_rate,2019-08-02 08:30:00,Unemployment Rate  (Jul),Unemployment Rate,3.7,3.7,0.0
ism_services,2019-08-05 10:00:00,ISM Non-Manufacturing PMI  (Jul),ISM Non-Manufacturing PMI,53.7,55.5,-1.7999999999999972
ppi,2019-08-09 08:30:00,PPI (MoM)  (Jul),PPI (MoM),0.2,0.2,0.0
cpi,2019-08-13 08:30:00,CPI (YoY)  (Jul),CPI (YoY),1.8,1.7,0.10000000000000009
retail_sales,2019-08-15 08:30:00,Retail Sales (MoM)  (Jul),Retail Sales (MoM),0.7,0.3,0.39999999999999997
industrial_production,2019-08-15 09:15:00,Industrial Production (MoM)  (Jul),Industrial Production (MoM),-0.2,0.1,-0.30000000000000004
building_permits,2019-08-16 08:30:00,Building Permits  (Jul),Building Permits,1336000.0,1270000.0,66000.0
housing_starts,2019-08-16 08:30:00,Housing Starts  (Jul),Housing Starts,1191000.0,1257000.0,-66000.0
existing_home_sales,2019-08-21 10:00:00,Existing Home Sales  (Jul),Existing Home Sales,5420000.0,5390000.0,30000.0
new_home_sales,2019-08-23 10:00:00,New Home Sales  (Jul),New Home Sales,635000.0,649000.0,-14000.0
durable_goods,2019-08-26 08:30:00,Durable Goods Orders (MoM)  (Jul),Durable Goods Orders (MoM),2.1,1.1,1.0
real_pce,2019-08-30 08:30:00,Real Personal Consumption (MoM)  (Jul),Real Personal Consumption (MoM),0.4,0.3,0.10000000000000003
ism_manufacturing,2019-09-03 10:00:00,ISM Manufacturing PMI  (Aug),ISM Manufacturing PMI,49.1,51.1,-2.0
ism_services,2019-09-05 10:00:00,ISM Non-Manufacturing PMI  (Aug),ISM Non-Manufacturing PMI,56.4,54.0,2.3999999999999986
nonfarm_payrolls,2019-09-06 08:30:00,Nonfarm Payrolls  (Aug),Nonfarm Payrolls,130000.0,160000.0,-30000.0
unemployment_rate,2019-09-06 08:30:00,Unemployment Rate  (Aug),Unemployment Rate,3.7,3.7,0.0
ppi,2019-09-11 08:30:00,PPI (MoM)  (Aug),PPI (MoM),0.1,0.1,0.0
cpi,2019-09-12 08:30:00,CPI (YoY)  (Aug),CPI (YoY),1.7,1.8,-0.10000000000000009
retail_sales,2019-09-13 08:30:00,Retail Sales (MoM)  (Aug),Retail Sales (MoM),0.4,0.2,0.2
industrial_production,2019-09-17 09:15:00,Industrial Production (MoM)  (Aug),Industrial Production (MoM),0.6,0.2,0.39999999999999997
building_permits,2019-09-18 08:30:00,Building Permits  (Aug),Building Permits,1419000.0,1310000.0,109000.0
housing_starts,2019-09-18 08:30:00,Housing Starts  (Aug),Housing Starts,1364000.0,1250000.0,114000.0
existing_home_sales,2019-09-19 10:00:00,Existing Home Sales  (Aug),Existing Home Sales,5490000.0,5370000.0,120000.0
new_home_sales,2019-09-25 10:00:00,New Home Sales  (Aug),New Home Sales,713000.0,660000.0,53000.0
durable_goods,2019-09-27 08:30:00,Durable Goods Orders (MoM)  (Aug),Durable Goods Orders (MoM),0.2,-1.1,1.3
pce_price_index,2019-09-27 08:30:00,PCE price index (MoM)  (Aug),PCE price index (MoM),0.0,0.1,-0.1
real_pce,2019-09-27 08:30:00,Real Personal Consumption (MoM)  (Aug),Real Personal Consumption (MoM),0.1,0.2,-0.1
ism_manufacturing,2019-10-01 10:00:00,ISM Manufacturing PMI  (Sep),ISM Manufacturing PMI,47.8,50.4,-2.6000000000000014
ism_services,2019-10-03 10:00:00,ISM Non-Manufacturing PMI  (Sep),ISM Non-Manufacturing PMI,52.6,55.0,-2.3999999999999986
nonfarm_payrolls,2019-10-04 08:30:00,Nonfarm Payrolls  (Sep),Nonfarm Payrolls,136000.0,140000.0,-4000.0
unemployment_rate,2019-10-04 08:30:00,Unemployment Rate  (Sep),Unemployment Rate,3.5,3.7,-0.20000000000000018
ppi,2019-10-08 08:30:00,PPI (MoM)  (Sep),PPI (MoM),-0.3,0.1,-0.4
cpi,2019-10-10 08:30:00,CPI (YoY)  (Sep),CPI (YoY),1.7,1.8,-0.10000000000000009
retail_sales,2019-10-16 08:30:00,Retail Sales (MoM)  (Sep),Retail Sales (MoM),-0.3,0.3,-0.6
building_permits,2019-10-17 08:30:00,Building Permits  (Sep),Building Permits,1387000.0,1340000.0,47000.0
housing_starts,2019-10-17 08:30:00,Housing Starts  (Sep),Housing Starts,1256000.0,1320000.0,-64000.0
industrial_production,2019-10-17 09:15:00,Industrial Production (MoM)  (Sep),Industrial Production (MoM),-0.4,-0.1,-0.30000000000000004
existing_home_sales,2019-10-22 10:00:00,Existing Home Sales  (Sep),Existing Home Sales,5380000.0,5450000.0,-70000.0
durable_goods,2019-10-24 08:30:00,Durable Goods Orders (MoM)  (Sep),Durable Goods Orders (MoM),-1.1,-0.5,-0.6000000000000001
new_home_sales,2019-10-24 10:00:00,New Home Sales  (Sep),New Home Sales,701000.0,710000.0,-9000.0
real_gdp_advance,2019-10-30 08:30:00,GDP (QoQ)  (Q3),GDP (QoQ),1.9,1.6,0.2999999999999998
pce_price_index,2019-10-31 08:30:00,PCE price index (MoM)  (Sep),PCE price index (MoM),0.0,0.0,0.0
real_pce,2019-10-31 08:30:00,Real Personal Consumption (MoM)  (Sep),Real Personal Consumption (MoM),0.2,0.2,0.0
nonfarm_payrolls,2019-11-01 08:30:00,Nonfarm Payrolls  (Oct),Nonfarm Payrolls,128000.0,89000.0,39000.0
unemployment_rate,2019-11-01 08:30:00,Unemployment Rate  (Oct),Unemployment Rate,3.6,3.6,0.0
ism_manufacturing,2019-11-01 10:00:00,ISM Manufacturing PMI  (Oct),ISM Manufacturing PMI,48.3,48.9,-0.6000000000000014
ism_services,2019-11-05 10:00:00,ISM Non-Manufacturing PMI  (Oct),ISM Non-Manufacturing PMI,54.7,53.5,1.2000000000000028
cpi,2019-11-13 08:30:00,CPI (YoY)  (Oct),CPI (YoY),1.8,1.7,0.10000000000000009
ppi,2019-11-14 08:30:00,PPI (MoM)  (Oct),PPI (MoM),0.4,0.3,0.10000000000000003
retail_sales,2019-11-15 08:30:00,Retail Sales (MoM)  (Oct),Retail Sales (MoM),0.3,0.2,0.09999999999999998
industrial_production,2019-11-15 09:15:00,Industrial Production (MoM)  (Oct),Industrial Production (MoM),-0.8,-0.4,-0.4
building_permits,2019-11-19 08:30:00,Building Permits  (Oct),Building Permits,1461000.0,1385000.0,76000.0
housing_starts,2019-11-19 08:30:00,Housing Starts  (Oct),Housing Starts,1314000.0,1320000.0,-6000.0
existing_home_sales,2019-11-21 10:00:00,Existing Home Sales  (Oct),Existing Home Sales,5460000.0,5470000.0,-10000.0
new_home_sales,2019-11-26 10:00:00,New Home Sales  (Oct),New Home Sales,733000.0,709000.0,24000.0
durable_goods,2019-11-27 08:30:00,Durable Goods Orders (MoM)  (Oct),Durable Goods Orders (MoM),0.6,-0.5,1.1
pce_price_index,2019-11-27 10:00:00,PCE price index (MoM)  (Oct),PCE price index (MoM),0.2,0.3,-0.09999999999999998
real_pce,2019-11-27 10:00:00,Real Personal Consumption (MoM)  (Oct),Real Personal Consumption (MoM),0.1,0.0,0.1
ism_manufacturing,2019-12-02 10:00:00,ISM Manufacturing PMI  (Nov),ISM Manufacturing PMI,48.1,49.2,-1.1000000000000014
ism_services,2019-12-04 10:00:00,ISM Non-Manufacturing PMI  (Nov),ISM Non-Manufacturing PMI,53.9,54.5,-0.6000000000000014
nonfarm_payrolls,2019-12-06 08:30:00,Nonfarm Payrolls  (Nov),Nonfarm Payrolls,266000.0,186000.0,80000.0
unemployment_rate,2019-12-06 08:30:00,Unemployment Rate  (Nov),Unemployment Rate,3.5,3.6,-0.10000000000000009
cpi,2019-12-11 08:30:00,CPI (YoY)  (Nov),CPI (YoY),2.1,2.0,0.10000000000000009
ppi,2019-12-12 08:30:00,PPI (MoM)  (Nov),PPI (MoM),0.0,0.2,-0.2
retail_sales,2019-12-13 08:30:00,Retail Sales (MoM)  (Nov),Retail Sales (MoM),0.2,0.5,-0.3
building_permits,2019-12-17 08:30:00,Building Permits  (Nov),Building Permits,1482000.0,1410000.0,72000.0
housing_starts,2019-12-17 08:30:00,Housing Starts  (Nov),Housing Starts,1365000.0,1345000.0,20000.0
industrial_production,2019-12-17 09:15:00,Industrial Production (MoM)  (Nov),Industrial Production (MoM),1.1,0.8,0.30000000000000004
existing_home_sales,2019-12-19 10:00:00,Existing Home Sales  (Nov),Existing Home Sales,5350000.0,5440000.0,-90000.0
pce_price_index,2019-12-20 10:00:00,PCE price index (MoM)  (Nov),PCE price index (MoM),0.2,0.2,0.0
real_pce,2019-12-20 10:00:00,Real Personal Consumption (MoM)  (Nov),Real Personal Consumption (MoM),0.3,0.2,0.09999999999999998
durable_goods,2019-12-23 08:30:00,Durable Goods Orders (MoM)  (Nov),Durable Goods Orders (MoM),-2.0,1.5,-3.5
new_home_sales,2019-12-23 10:00:00,New Home Sales  (Nov),New Home Sales,719000.0,734000.0,-15000.0
ism_manufacturing,2020-01-03 10:00:00,ISM Manufacturing PMI  (Dec),ISM Manufacturing PMI,47.2,49.0,-1.7999999999999972
ism_services,2020-01-07 10:00:00,ISM Non-Manufacturing PMI  (Dec),ISM Non-Manufacturing PMI,55.0,54.5,0.5
nonfarm_payrolls,2020-01-10 08:30:00,Nonfarm Payrolls  (Dec),Nonfarm Payrolls,145000.0,164000.0,-19000.0
unemployment_rate,2020-01-10 08:30:00,Unemployment Rate  (Dec),Unemployment Rate,3.5,3.5,0.0
cpi,2020-01-14 08:30:00,CPI (YoY)  (Dec),CPI (YoY),2.3,2.3,0.0
ppi,2020-01-15 08:30:00,PPI (MoM)  (Dec),PPI (MoM),0.1,0.2,-0.1
retail_sales,2020-01-16 08:30:00,Retail Sales (MoM)  (Dec),Retail Sales (MoM),0.3,0.3,0.0
building_permits,2020-01-17 08:30:00,Building Permits  (Dec),Building Permits,1416000.0,1468000.0,-52000.0
housing_starts,2020-01-17 08:30:00,Housing Starts  (Dec),Housing Starts,1608000.0,1375000.0,233000.0
industrial_production,2020-01-17 09:15:00,Industrial Production (MoM)  (Dec),Industrial Production (MoM),-0.3,-0.2,-0.09999999999999998
existing_home_sales,2020-01-22 10:00:00,Existing Home Sales  (Dec),Existing Home Sales,5540000.0,5430000.0,110000.0
new_home_sales,2020-01-27 10:00:00,New Home Sales  (Dec),New Home Sales,694000.0,730000.0,-36000.0
durable_goods,2020-01-28 08:30:00,Durable Goods Orders (MoM)  (Dec),Durable Goods Orders (MoM),2.4,0.4,2.0
real_gdp_advance,2020-01-30 08:30:00,GDP (QoQ)  (Q4),GDP (QoQ),2.1,2.1,0.0
pce_price_index,2020-01-31 08:30:00,PCE price index (MoM)  (Dec),PCE price index (MoM),0.3,0.2,0.09999999999999998
real_pce,2020-01-31 08:30:00,Real Personal Consumption (MoM)  (Dec),Real Personal Consumption (MoM),0.1,0.1,0.0
ism_manufacturing,2020-02-03 10:00:00,ISM Manufacturing PMI  (Jan),ISM Manufacturing PMI,50.9,48.5,2.3999999999999986
ism_services,2020-02-05 10:00:00,ISM Non-Manufacturing PMI  (Jan),ISM Non-Manufacturing PMI,55.5,55.0,0.5
nonfarm_payrolls,2020-02-07 08:30:00,Nonfarm Payrolls  (Jan),Nonfarm Payrolls,225000.0,160000.0,65000.0
unemployment_rate,2020-02-07 08:30:00,Unemployment Rate  (Jan),Unemployment Rate,3.6,3.5,0.10000000000000009
cpi,2020-02-13 08:30:00,CPI (YoY)  (Jan),CPI (YoY),2.5,2.4,0.10000000000000009
retail_sales,2020-02-14 08:30:00,Retail Sales (MoM)  (Jan),Retail Sales (MoM),0.3,0.3,0.0
industrial_production,2020-02-14 09:15:00,Industrial Production (MoM)  (Jan),Industrial Production (MoM),-0.3,-0.2,-0.09999999999999998
building_permits,2020-02-19 08:30:00,Building Permits  (Jan),Building Permits,1551000.0,1450000.0,101000.0
housing_starts,2020-02-19 08:30:00,Housing Starts  (Jan),Housing Starts,1567000.0,1425000.0,142000.0
ppi,2020-02-19 08:30:00,PPI (MoM)  (Jan),PPI (MoM),0.5,0.1,0.4
existing_home_sales,2020-02-21 10:00:00,Existing Home Sales  (Jan),Existing Home Sales,5460000.0,5430000.0,30000.0
new_home_sales,2020-02-26 10:00:00,New Home Sales  (Jan),New Home Sales,764000.0,710000.0,54000.0
durable_goods,2020-02-27 08:30:00,Durable Goods Orders (MoM)  (Jan),Durable Goods Orders (MoM),-0.2,-1.5,1.3
pce_price_index,2020-02-28 08:30:00,PCE price index (MoM)  (Jan),PCE price index (MoM),0.1,0.2,-0.1
real_pce,2020-02-28 08:30:00,Real Personal Consumption (MoM)  (Jan),Real Personal Consumption (MoM),0.1,0.2,-0.1
ism_manufacturing,2020-03-02 10:00:00,ISM Manufacturing PMI  (Feb),ISM Manufacturing PMI,50.1,50.5,-0.3999999999999986
ism_services,2020-03-04 10:00:00,ISM Non-Manufacturing PMI  (Feb),ISM Non-Manufacturing PMI,57.3,54.9,2.3999999999999986
nonfarm_payrolls,2020-03-06 07:30:00,Nonfarm Payrolls  (Feb),Nonfarm Payrolls,273000.0,175000.0,98000.0
unemployment_rate,2020-03-06 08:30:00,Unemployment Rate  (Feb),Unemployment Rate,3.5,3.6,-0.10000000000000009
cpi,2020-03-11 08:30:00,CPI (YoY)  (Feb),CPI (YoY),2.3,2.2,0.09999999999999964
ppi,2020-03-12 08:30:00,PPI (MoM)  (Feb),PPI (MoM),-0.6,-0.1,-0.5
retail_sales,2020-03-17 08:30:00,Retail Sales (MoM)  (Feb),Retail Sales (MoM),-0.5,0.2,-0.7
industrial_production,2020-03-17 09:15:00,Industrial Production (MoM)  (Feb),Industrial Production (MoM),0.6,0.4,0.19999999999999996
building_permits,2020-03-18 08:30:00,Building Permits  (Feb),Building Permits,1464000.0,1500000.0,-36000.0
housing_starts,2020-03-18 08:30:00,Housing Starts  (Feb),Housing Starts,1599000.0,1500000.0,99000.0
existing_home_sales,2020-03-20 10:00:00,Existing Home Sales  (Feb),Existing Home Sales,5770000.0,5500000.0,270000.0
new_home_sales,2020-03-24 10:00:00,New Home Sales  (Feb),New Home Sales,765000.0,750000.0,15000.0
durable_goods,2020-03-25 08:30:00,Durable Goods Orders (MoM)  (Feb),Durable Goods Orders (MoM),1.2,-0.8,2.0
pce_price_index,2020-03-27 08:30:00,PCE price index (MoM)  (Feb),PCE price index (MoM),0.1,0.1,0.0
real_pce,2020-03-27 08:30:00,Real Personal Consumption (MoM)  (Feb),Real Personal Consumption (MoM),0.1,0.2,-0.1
ism_manufacturing,2020-04-01 10:00:00,ISM Manufacturing PMI  (Mar),ISM Manufacturing PMI,49.1,45.0,4.100000000000001
nonfarm_payrolls,2020-04-03 08:30:00,Nonfarm Payrolls  (Mar),Nonfarm Payrolls,-701000.0,-100000.0,-601000.0
unemployment_rate,2020-04-03 08:30:00,Unemployment Rate  (Mar),Unemployment Rate,4.4,3.8,0.6000000000000005
ism_services,2020-04-03 10:00:00,ISM Non-Manufacturing PMI  (Mar),ISM Non-Manufacturing PMI,52.5,44.0,8.5
ppi,2020-04-09 08:30:00,PPI (MoM)  (Mar),PPI (MoM),-0.2,-0.4,0.2
cpi,2020-04-10 08:30:00,CPI (YoY)  (Mar),CPI (YoY),1.5,1.6,-0.10000000000000009
retail_sales,2020-04-15 08:30:00,Retail Sales (MoM)  (Mar),Retail Sales (MoM),-8.7,-8.0,-0.6999999999999993
industrial_production,2020-04-15 09:15:00,Industrial Production (MoM)  (Mar),Industrial Production (MoM),-5.4,-4.0,-1.4000000000000004
building_permits,2020-04-16 08:30:00,Building Permits  (Mar),Building Permits,1353000.0,1300000.0,53000.0
housing_starts,2020-04-16 08:30:00,Housing Starts  (Mar),Housing Starts,1216000.0,1300000.0,-84000.0
existing_home_sales,2020-04-21 10:00:00,Existing Home Sales  (Mar),Existing Home Sales,5270000.0,5300000.0,-30000.0
new_home_sales,2020-04-23 10:00:00,New Home Sales  (Mar),New Home Sales,627000.0,645000.0,-18000.0
durable_goods,2020-04-24 08:30:00,Durable Goods Orders (MoM)  (Mar),Durable Goods Orders (MoM),-14.4,-11.9,-2.5
real_gdp_advance,2020-04-29 08:30:00,GDP (QoQ)  (Q1),GDP (QoQ),-4.8,-4.0,-0.7999999999999998
pce_price_index,2020-04-30 08:30:00,PCE price index (MoM)  (Mar),PCE price index (MoM),-0.3,-0.3,0.0
real_pce,2020-04-30 08:30:00,Real Personal Consumption (MoM)  (Mar),Real Personal Consumption (MoM),-7.3,-6.2,-1.0999999999999996
ism_manufacturing,2020-05-01 10:00:00,ISM Manufacturing PMI  (Apr),ISM Manufacturing PMI,41.5,36.9,4.600000000000001
ism_services,2020-05-05 10:00:00,ISM Non-Manufacturing PMI  (Apr),ISM Non-Manufacturing PMI,41.8,36.8,5.0
nonfarm_payrolls,2020-05-08 08:30:00,Nonfarm Payrolls  (Apr),Nonfarm Payrolls,-20537000.0,-22000000.0,1463000.0
unemployment_rate,2020-05-08 08:30:00,Unemployment Rate  (Apr),Unemployment Rate,14.7,16.0,-1.3000000000000007
cpi,2020-05-12 08:30:00,CPI (YoY)  (Apr),CPI (YoY),0.3,0.4,-0.10000000000000003
ppi,2020-05-13 08:30:00,PPI (MoM)  (Apr),PPI (MoM),-1.3,-0.5,-0.8
retail_sales,2020-05-15 08:30:00,Retail Sales (MoM)  (Apr),Retail Sales (MoM),-16.4,-12.0,-4.399999999999999
industrial_production,2020-05-15 09:15:00,Industrial Production (MoM)  (Apr),Industrial Production (MoM),-11.2,-11.5,0.3000000000000007
building_permits,2020-05-19 08:30:00,Building Permits  (Apr),Building Permits,1074000.0,1000000.0,74000.0
housing_starts,2020-05-19 08:30:00,Housing Starts  (Apr),Housing Starts,891000.0,927000.0,-36000.0
existing_home_sales,2020-05-21 10:00:00,Existing Home Sales  (Apr),Existing Home Sales,4330000.0,4300000.0,30000.0
new_home_sales,2020-05-26 10:00:00,New Home Sales  (Apr),New Home Sales,623000.0,490000.0,133000.0
durable_goods,2020-05-28 08:30:00,Durable Goods Orders (MoM)  (Apr),Durable Goods Orders (MoM),-17.2,-19.0,1.8000000000000007
pce_price_index,2020-05-29 08:30:00,PCE price index (MoM)  (Apr),PCE price index (MoM),-0.5,-0.6,0.09999999999999998
real_pce,2020-05-29 08:30:00,Real Personal Consumption (MoM)  (Apr),Real Personal Consumption (MoM),-13.2,-12.9,-0.29999999999999893
ism_manufacturing,2020-06-01 10:00:00,ISM Manufacturing PMI  (May),ISM Manufacturing PMI,43.1,43.0,0.10000000000000142
ism_services,2020-06-03 10:00:00,ISM Non-Manufacturing PMI  (May),ISM Non-Manufacturing PMI,45.4,44.0,1.3999999999999986
nonfarm_payrolls,2020-06-05 08:30:00,Nonfarm Payrolls  (May),Nonfarm Payrolls,2509000.0,-8000000.0,10509000.0
unemployment_rate,2020-06-05 08:30:00,Unemployment Rate  (May),Unemployment Rate,13.3,19.7,-6.399999999999999
cpi,2020-06-10 08:30:00,CPI (YoY)  (May),CPI (YoY),0.1,0.2,-0.1
ppi,2020-06-11 08:30:00,PPI (MoM)  (May),PPI (MoM),0.4,0.1,0.30000000000000004
retail_sales,2020-06-16 08:30:00,Retail Sales (MoM)  (May),Retail Sales (MoM),17.7,8.0,9.7
industrial_production,2020-06-16 09:15:00,Industrial Production (MoM)  (May),Industrial Production (MoM),1.4,2.9,-1.5
building_permits,2020-06-17 08:30:00,Building Permits  (May),Building Permits,1220000.0,1228000.0,-8000.0
housing_starts,2020-06-17 08:30:00,Housing Starts  (May),Housing Starts,974000.0,1095000.0,-121000.0
existing_home_sales,2020-06-22 10:00:00,Existing Home Sales  (May),Existing Home Sales,3910000.0,4120000.0,-210000.0
new_home_sales,2020-06-23 10:00:00,New Home Sales  (May),New Home Sales,676000.0,640000.0,36000.0
durable_goods,2020-06-25 08:30:00,Durable Goods Orders (MoM)  (May),Durable Goods Orders (MoM),15.8,10.9,4.9
pce_price_index,2020-06-26 08:30:00,PCE price index (MoM)  (May),PCE price index (MoM),0.1,0.0,0.1
real_pce,2020-06-26 08:30:00,Real Personal Consumption (MoM)  (May),Real Personal Consumption (MoM),8.1,8.7,-0.5999999999999996
ism_manufacturing,2020-07-01 10:00:00,ISM Manufacturing PMI  (Jun),ISM Manufacturing PMI,52.6,49.5,3.1000000000000014
nonfarm_payrolls,2020-07-02 08:30:00,Nonfarm Payrolls  (Jun),Nonfarm Payrolls,4800000.0,3000000.0,1800000.0
unemployment_rate,2020-07-02 08:30:00,Unemployment Rate  (Jun),Unemployment Rate,11.1,12.3,-1.200000000000001
ism_services,2020-07-06 10:00:00,ISM Non-Manufacturing PMI  (Jun),ISM Non-Manufacturing PMI,57.1,50.1,7.0
ppi,2020-07-10 08:30:00,PPI (MoM)  (Jun),PPI (MoM),-0.2,0.4,-0.6000000000000001
cpi,2020-07-14 08:30:00,CPI (YoY)  (Jun),CPI (YoY),0.6,0.6,0.0
industrial_production,2020-07-15 09:15:00,Industrial Production (MoM)  (Jun),Industrial Production (MoM),5.4,4.3,1.1000000000000005
retail_sales,2020-07-16 08:30:00,Retail Sales (MoM)  (Jun),Retail Sales (MoM),7.5,5.0,2.5
building_permits,2020-07-17 08:30:00,Building Permits  (Jun),Building Permits,1241000.0,1290000.0,-49000.0
housing_starts,2020-07-17 08:30:00,Housing Starts  (Jun),Housing Starts,1186000.0,1169000.0,17000.0
existing_home_sales,2020-07-22 10:00:00,Existing Home Sales  (Jun),Existing Home Sales,4720000.0,4780000.0,-60000.0
new_home_sales,2020-07-24 10:00:00,New Home Sales  (Jun),New Home Sales,776000.0,700000.0,76000.0
durable_goods,2020-07-27 08:30:00,Durable Goods Orders (MoM)  (Jun),Durable Goods Orders (MoM),7.3,7.2,0.09999999999999964
real_gdp_advance,2020-07-30 08:30:00,GDP (QoQ)  (Q2),GDP (QoQ),-32.9,-34.1,1.2000000000000028
pce_price_index,2020-07-31 08:30:00,PCE price index (MoM)  (Jun),PCE price index (MoM),0.4,0.4,0.0
real_pce,2020-07-31 08:30:00,Real Personal Consumption (MoM)  (Jun),Real Personal Consumption (MoM),5.2,5.0,0.20000000000000018
ism_manufacturing,2020-08-03 10:00:00,ISM Manufacturing PMI  (Jul),ISM Manufacturing PMI,54.2,53.6,0.6000000000000014
ism_services,2020-08-05 10:00:00,ISM Non-Manufacturing PMI  (Jul),ISM Non-Manufacturing PMI,58.1,55.0,3.1000000000000014
nonfarm_payrolls,2020-08-07 08:30:00,Nonfarm Payrolls  (Jul),Nonfarm Payrolls,1763000.0,1600000.0,163000.0
unemployment_rate,2020-08-07 08:30:00,Unemployment Rate  (Jul),Unemployment Rate,10.2,10.5,-0.3000000000000007
ppi,2020-08-11 08:30:00,PPI (MoM)  (Jul),PPI (MoM),0.6,0.3,0.3
cpi,2020-08-12 08:30:00,CPI (YoY)  (Jul),CPI (YoY),1.0,0.8,0.19999999999999996
retail_sales,2020-08-14 08:30:00,Retail Sales (MoM)  (Jul),Retail Sales (MoM),1.2,1.9,-0.7
industrial_production,2020-08-14 09:15:00,Industrial Production (MoM)  (Jul),Industrial Production (MoM),3.0,3.0,0.0
building_permits,2020-08-18 08:30:00,Building Permits  (Jul),Building Permits,1495000.0,1320000.0,175000.0
housing_starts,2020-08-18 08:30:00,Housing Starts  (Jul),Housing Starts,1496000.0,1240000.0,256000.0
existing_home_sales,2020-08-21 10:00:00,Existing Home Sales  (Jul),Existing Home Sales,5860000.0,5380000.0,480000.0
new_home_sales,2020-08-25 10:00:00,New Home Sales  (Jul),New Home Sales,901000.0,785000.0,116000.0
durable_goods,2020-08-26 08:30:00,Durable Goods Orders (MoM)  (Jul),Durable Goods Orders (MoM),11.2,4.3,6.8999999999999995
pce_price_index,2020-08-28 08:30:00,PCE price index (MoM)  (Jul),PCE price index (MoM),0.3,0.4,-0.10000000000000003
real_pce,2020-08-28 08:30:00,Real Personal Consumption (MoM)  (Jul),Real Personal Consumption (MoM),1.6,1.3,0.30000000000000004
ism_manufacturing,2020-09-01 10:00:00,ISM Manufacturing PMI  (Aug),ISM Manufacturing PMI,56.0,54.5,1.5
ism_services,2020-09-03 10:00:00,ISM Non-Manufacturing PMI  (Aug),ISM Non-Manufacturing PMI,56.9,57.0,-0.10000000000000142
nonfarm_payrolls,2020-09-04 08:30:00,Nonfarm Payrolls  (Aug),Nonfarm Payrolls,1371000.0,1400000.0,-29000.0
unemployment_rate,2020-09-04 08:30:00,Unemployment Rate  (Aug),Unemployment Rate,8.4,9.8,-1.4000000000000004
ppi,2020-09-10 08:30:00,PPI (MoM)  (Aug),PPI (MoM),0.3,0.2,0.09999999999999998
cpi,2020-09-11 08:30:00,CPI (YoY)  (Aug),CPI (YoY),1.3,1.2,0.10000000000000009
industrial_production,2020-09-15 09:15:00,Industrial Production (MoM)  (Aug),Industrial Production (MoM),0.4,1.0,-0.6
retail_sales,2020-09-16 08:30:00,Retail Sales (MoM)  (Aug),Retail Sales (MoM),0.6,1.0,-0.4
building_permits,2020-09-17 08:30:00,Building Permits  (Aug),Building Permits,1470000.0,1520000.0,-50000.0
housing_starts,2020-09-17 08:30:00,Housing Starts  (Aug),Housing Starts,1416000.0,1478000.0,-62000.0
existing_home_sales,2020-09-22 10:00:00,Existing Home Sales  (Aug),Existing Home Sales,6000000.0,6000000.0,0.0
new_home_sales,2020-09-24 10:00:00,New Home Sales  (Aug),New Home Sales,1011000.0,895000.0,116000.0
durable_goods,2020-09-25 08:30:00,Durable Goods Orders (MoM)  (Aug),Durable Goods Orders (MoM),0.4,1.5,-1.1
pce_price_index,2020-10-01 08:30:00,PCE price index (MoM)  (Aug),PCE price index (MoM),0.3,0.3,0.0
real_pce,2020-10-01 08:30:00,Real Personal Consumption (MoM)  (Aug),Real Personal Consumption (MoM),0.7,0.5,0.19999999999999996
ism_manufacturing,2020-10-01 10:00:00,ISM Manufacturing PMI  (Sep),ISM Manufacturing PMI,55.4,56.4,-1.0
nonfarm_payrolls,2020-10-02 08:30:00,Nonfarm Payrolls  (Sep),Nonfarm Payrolls,661000.0,850000.0,-189000.0
unemployment_rate,2020-10-02 08:30:00,Unemployment Rate  (Sep),Unemployment Rate,7.9,8.2,-0.29999999999999893
ism_services,2020-10-05 10:00:00,ISM Non-Manufacturing PMI  (Sep),ISM Non-Manufacturing PMI,57.8,56.3,1.5
cpi,2020-10-13 08:30:00,CPI (YoY)  (Sep),CPI (YoY),1.4,1.4,0.0
ppi,2020-10-14 08:30:00,PPI (MoM)  (Sep),PPI (MoM),0.4,0.2,0.2
retail_sales,2020-10-16 08:30:00,Retail Sales (MoM)  (Sep),Retail Sales (MoM),1.9,0.7,1.2
industrial_production,2020-10-16 09:15:00,Industrial Production (MoM)  (Sep),Industrial Production (MoM),-0.6,0.5,-1.1
building_permits,2020-10-20 08:30:00,Building Permits  (Sep),Building Permits,1553000.0,1520000.0,33000.0
housing_starts,2020-10-20 08:30:00,Housing Starts  (Sep),Housing Starts,1415000.0,1457000.0,-42000.0
existing_home_sales,2020-10-22 10:00:00,Existing Home Sales  (Sep),Existing Home Sales,6540000.0,6300000.0,240000.0
new_home_sales,2020-10-26 10:00:00,New Home Sales  (Sep),New Home Sales,959000.0,1025000.0,-66000.0
durable_goods,2020-10-27 08:30:00,Durable Goods Orders (MoM)  (Sep),Durable Goods Orders (MoM),1.9,0.5,1.4
real_gdp_advance,2020-10-29 08:30:00,GDP (QoQ)  (Q3),GDP (QoQ),33.1,31.0,2.1000000000000014
pce_price_index,2020-10-30 08:30:00,PCE price index (MoM)  (Sep),PCE price index (MoM),0.2,0.2,0.0
real_pce,2020-10-30 08:30:00,Real Personal Consumption (MoM)  (Sep),Real Personal Consumption (MoM),1.2,0.8,0.3999999999999999
ism_manufacturing,2020-11-02 10:00:00,ISM Manufacturing PMI  (Oct),ISM Manufacturing PMI,59.3,55.8,3.5
ism_services,2020-11-04 10:00:00,ISM Non-Manufacturing PMI  (Oct),ISM Non-Manufacturing PMI,56.6,57.5,-0.8999999999999986
nonfarm_payrolls,2020-11-06 08:30:00,Nonfarm Payrolls  (Oct),Nonfarm Payrolls,638000.0,600000.0,38000.0
unemployment_rate,2020-11-06 08:30:00,Unemployment Rate  (Oct),Unemployment Rate,6.9,7.7,-0.7999999999999998
cpi,2020-11-12 08:30:00,CPI (YoY)  (Oct),CPI (YoY),1.2,1.3,-0.10000000000000009
ppi,2020-11-13 08:30:00,PPI (MoM)  (Oct),PPI (MoM),0.3,0.2,0.09999999999999998
retail_sales,2020-11-17 08:30:00,Retail Sales (MoM)  (Oct),Retail Sales (MoM),0.3,0.5,-0.2
industrial_production,2020-11-17 09:15:00,Industrial Production (MoM)  (Oct),Industrial Production (MoM),1.1,1.0,0.10000000000000009
building_permits,2020-11-18 08:30:00,Building Permits  (Oct),Building Permits,1545000.0,1560000.0,-15000.0
housing_starts,2020-11-18 08:30:00,Housing Starts  (Oct),Housing Starts,1530000.0,1460000.0,70000.0
existing_home_sales,2020-11-19 10:00:00,Existing Home Sales  (Oct),Existing Home Sales,6850000.0,6450000.0,400000.0
new_home_sales,2020-11-25 10:00:00,New Home Sales  (Oct),New Home Sales,999000.0,970000.0,29000.0
pce_price_index,2020-11-25 10:00:00,PCE price index (MoM)  (Oct),PCE price index (MoM),0.0,0.0,0.0
real_pce,2020-11-25 10:00:00,Real Personal Consumption (MoM)  (Oct),Real Personal Consumption (MoM),0.5,0.3,0.2
ism_manufacturing,2020-12-01 10:00:00,ISM Manufacturing PMI  (Nov),ISM Manufacturing PMI,57.5,58.0,-0.5
ism_services,2020-12-03 10:00:00,ISM Non-Manufacturing PMI  (Nov),ISM Non-Manufacturing PMI,55.9,56.0,-0.10000000000000142
nonfarm_payrolls,2020-12-04 08:30:00,Nonfarm Payrolls  (Nov),Nonfarm Payrolls,245000.0,469000.0,-224000.0
unemployment_rate,2020-12-04 08:30:00,Unemployment Rate  (Nov),Unemployment Rate,6.7,6.8,-0.09999999999999964
cpi,2020-12-10 08:30:00,CPI (YoY)  (Nov),CPI (YoY),1.2,1.1,0.09999999999999987
ppi,2020-12-11 08:30:00,PPI (MoM)  (Nov),PPI (MoM),0.1,0.2,-0.1
industrial_production,2020-12-15 09:15:00,Industrial Production (MoM)  (Nov),Industrial Production (MoM),0.4,0.3,0.10000000000000003
retail_sales,2020-12-16 08:30:00,Retail Sales (MoM)  (Nov),Retail Sales (MoM),-1.1,-0.3,-0.8
building_permits,2020-12-17 08:30:00,Building Permits  (Nov),Building Permits,1639000.0,1550000.0,89000.0
housing_starts,2020-12-17 08:30:00,Housing Starts  (Nov),Housing Starts,1547000.0,1530000.0,17000.0
existing_home_sales,2020-12-22 10:00:00,Existing Home Sales  (Nov),Existing Home Sales,6690000.0,6700000.0,-10000.0
durable_goods,2020-12-23 08:30:00,Durable Goods Orders (MoM)  (Nov),Durable Goods Orders (MoM),0.9,0.6,0.30000000000000004
pce_price_index,2020-12-23 08:30:00,PCE price index (MoM)  (Nov),PCE price index (MoM),0.0,0.1,-0.1
real_pce,2020-12-23 08:30:00,Real Personal Consumption (MoM)  (Nov),Real Personal Consumption (MoM),-0.4,-0.3,-0.10000000000000003
new_home_sales,2020-12-23 10:00:00,New Home Sales  (Nov),New Home Sales,841000.0,995000.0,-154000.0
ism_manufacturing,2021-01-05 10:00:00,ISM Manufacturing PMI  (Dec),ISM Manufacturing PMI,60.7,56.6,4.100000000000001
ism_services,2021-01-07 10:00:00,ISM Non-Manufacturing PMI  (Dec),ISM Non-Manufacturing PMI,57.2,54.6,2.6000000000000014
nonfarm_payrolls,2021-01-08 08:30:00,Nonfarm Payrolls  (Dec),Nonfarm Payrolls,-140000.0,71000.0,-211000.0
unemployment_rate,2021-01-08 08:30:00,Unemployment Rate  (Dec),Unemployment Rate,6.7,6.8,-0.09999999999999964
cpi,2021-01-13 08:30:00,CPI (YoY)  (Dec),CPI (YoY),1.4,1.3,0.09999999999999987
ppi,2021-01-15 08:30:00,PPI (MoM)  (Dec),PPI (MoM),0.3,0.4,-0.10000000000000003
retail_sales,2021-01-15 08:30:00,Retail Sales (MoM)  (Dec),Retail Sales (MoM),-0.7,-0.2,-0.49999999999999994
industrial_production,2021-01-15 09:15:00,Industrial Production (MoM)  (Dec),Industrial Production (MoM),1.6,0.5,1.1
building_permits,2021-01-21 08:30:00,Building Permits  (Dec),Building Permits,1709000.0,1604000.0,105000.0
housing_starts,2021-01-21 08:30:00,Housing Starts  (Dec),Housing Starts,1669000.0,1560000.0,109000.0
existing_home_sales,2021-01-22 10:00:00,Existing Home Sales  (Dec),Existing Home Sales,6760000.0,6550000.0,210000.0
durable_goods,2021-01-27 08:30:00,Durable Goods Orders (MoM)  (Dec),Durable Goods Orders (MoM),0.2,0.9,-0.7
real_gdp_advance,2021-01-28 08:30:00,GDP (QoQ)  (Q4),GDP (QoQ),4.0,4.0,0.0
new_home_sales,2021-01-28 10:00:00,New Home Sales  (Dec),New Home Sales,842000.0,865000.0,-23000.0
pce_price_index,2021-01-29 08:30:00,PCE price index (MoM)  (Dec),PCE price index (MoM),0.4,0.3,0.10000000000000003
real_pce,2021-01-29 08:30:00,Real Personal Consumption (MoM)  (Dec),Real Personal Consumption (MoM),-0.6,-0.6,0.0
ism_manufacturing,2021-02-01 10:00:00,ISM Manufacturing PMI  (Jan),ISM Manufacturing PMI,58.7,60.0,-1.2999999999999972
ism_services,2021-02-03 10:00:00,ISM Non-Manufacturing PMI  (Jan),ISM Non-Manufacturing PMI,58.7,56.8,1.9000000000000057
nonfarm_payrolls,2021-02-05 08:30:00,Nonfarm Payrolls  (Jan),Nonfarm Payrolls,49000.0,50000.0,-1000.0
unemployment_rate,2021-02-05 08:30:00,Unemployment Rate  (Jan),Unemployment Rate,6.3,6.7,-0.40000000000000036
cpi,2021-02-10 08:30:00,CPI (YoY)  (Jan),CPI (YoY),1.4,1.5,-0.10000000000000009
ppi,2021-02-17 08:30:00,PPI (MoM)  (Jan),PPI (MoM),1.3,0.4,0.9
retail_sales,2021-02-17 08:30:00,Retail Sales (MoM)  (Jan),Retail Sales (MoM),5.3,1.1,4.199999999999999
industrial_production,2021-02-17 09:15:00,Industrial Production (MoM)  (Jan),Industrial Production (MoM),0.9,0.5,0.4
building_permits,2021-02-18 08:30:00,Building Permits  (Jan),Building Permits,1881000.0,1678000.0,203000.0
housing_starts,2021-02-18 08:30:00,Housing Starts  (Jan),Housing Starts,1580000.0,1658000.0,-78000.0
existing_home_sales,2021-02-19 10:00:00,Existing Home Sales  (Jan),Existing Home Sales,6690000.0,6610000.0,80000.0
new_home_sales,2021-02-24 10:00:00,New Home Sales  (Jan),New Home Sales,923000.0,855000.0,68000.0
durable_goods,2021-02-25 08:30:00,Durable Goods Orders (MoM)  (Jan),Durable Goods Orders (MoM),3.4,1.1,2.3
pce_price_index,2021-02-26 08:30:00,PCE price index (MoM)  (Jan),PCE price index (MoM),0.3,0.3,0.0
real_pce,2021-02-26 08:30:00,Real Personal Consumption (MoM)  (Jan),Real Personal Consumption (MoM),2.0,2.2,-0.20000000000000018
ism_manufacturing,2021-03-01 10:00:00,ISM Manufacturing PMI  (Feb),ISM Manufacturing PMI,60.8,58.8,2.0
ism_services,2021-03-03 10:00:00,ISM Non-Manufacturing PMI  (Feb),ISM Non-Manufacturing PMI,55.3,58.7,-3.4000000000000057
nonfarm_payrolls,2021-03-05 08:30:00,Nonfarm Payrolls  (Feb),Nonfarm Payrolls,379000.0,182000.0,197000.0
unemployment_rate,2021-03-05 08:30:00,Unemployment Rate  (Feb),Unemployment Rate,6.2,6.3,-0.09999999999999964
cpi,2021-03-10 08:30:00,CPI (YoY)  (Feb),CPI (YoY),1.7,1.7,0.0
ppi,2021-03-12 08:30:00,PPI (MoM)  (Feb),PPI (MoM),0.5,0.5,0.0
retail_sales,2021-03-16 08:30:00,Retail Sales (MoM)  (Feb),Retail Sales (MoM),-3.0,-0.5,-2.5
industrial_production,2021-03-16 09:15:00,Industrial Production (MoM)  (Feb),Industrial Production (MoM),-2.2,0.3,-2.5
building_permits,2021-03-17 08:30:00,Building Permits  (Feb),Building Permits,1682000.0,1750000.0,-68000.0
housing_starts,2021-03-17 08:30:00,Housing Starts  (Feb),Housing Starts,1421000.0,1560000.0,-139000.0
existing_home_sales,2021-03-22 10:00:00,Existing Home Sales  (Feb),Existing Home Sales,6220000.0,6500000.0,-280000.0
new_home_sales,2021-03-23 10:00:00,New Home Sales  (Feb),New Home Sales,775000.0,875000.0,-100000.0
durable_goods,2021-03-24 08:30:00,Durable Goods Orders (MoM)  (Feb),Durable Goods Orders (MoM),-1.1,0.8,-1.9000000000000001
pce_price_index,2021-03-26 09:30:00,PCE price index (MoM)  (Feb),PCE price index (MoM),0.2,0.3,-0.09999999999999998
real_pce,2021-03-26 09:30:00,Real Personal Consumption (MoM)  (Feb),Real Personal Consumption (MoM),-1.2,-1.0,-0.19999999999999996
ism_manufacturing,2021-04-01 10:00:00,ISM Manufacturing PMI  (Mar),ISM Manufacturing PMI,64.7,61.3,3.4000000000000057
nonfarm_payrolls,2021-04-02 08:30:00,Nonfarm Payrolls  (Mar),Nonfarm Payrolls,916000.0,647000.0,269000.0
unemployment_rate,2021-04-02 08:30:00,Unemployment Rate  (Mar),Unemployment Rate,6.0,6.0,0.0
ism_services,2021-04-05 10:00:00,ISM Non-Manufacturing PMI  (Mar),ISM Non-Manufacturing PMI,63.7,59.0,4.700000000000003
ppi,2021-04-09 08:30:00,PPI (MoM)  (Mar),PPI (MoM),1.0,0.5,0.5
cpi,2021-04-13 08:30:00,CPI (YoY)  (Mar),CPI (YoY),2.6,2.5,0.10000000000000009
retail_sales,2021-04-15 08:30:00,Retail Sales (MoM)  (Mar),Retail Sales (MoM),9.8,5.9,3.9000000000000004
industrial_production,2021-04-15 09:15:00,Industrial Production (MoM)  (Mar),Industrial Production (MoM),1.4,2.8,-1.4
building_permits,2021-04-16 08:30:00,Building Permits  (Mar),Building Permits,1766000.0,1750000.0,16000.0
housing_starts,2021-04-16 08:30:00,Housing Starts  (Mar),Housing Starts,1739000.0,1613000.0,126000.0
existing_home_sales,2021-04-22 10:00:00,Existing Home Sales  (Mar),Existing Home Sales,6010000.0,6190000.0,-180000.0
new_home_sales,2021-04-23 10:00:00,New Home Sales  (Mar),New Home Sales,1021000.0,886000.0,135000.0
durable_goods,2021-04-26 08:30:00,Durable Goods Orders (MoM)  (Mar),Durable Goods Orders (MoM),0.5,2.5,-2.0
real_gdp_advance,2021-04-29 08:30:00,GDP (QoQ)  (Q1),GDP (QoQ),6.4,6.1,0.3000000000000007
pce_price_index,2021-04-30 08:30:00,PCE price index (MoM)  (Mar),PCE price index (MoM),0.5,0.5,0.0
real_pce,2021-04-30 08:30:00,Real Personal Consumption (MoM)  (Mar),Real Personal Consumption (MoM),3.6,3.7,-0.10000000000000009
ism_manufacturing,2021-05-03 10:00:00,ISM Manufacturing PMI  (Apr),ISM Manufacturing PMI,60.7,65.0,-4.299999999999997
ism_services,2021-05-05 10:00:00,ISM Non-Manufacturing PMI  (Apr),ISM Non-Manufacturing PMI,62.7,64.3,-1.5999999999999943
nonfarm_payrolls,2021-05-07 08:30:00,Nonfarm Payrolls  (Apr),Nonfarm Payrolls,266000.0,978000.0,-712000.0
unemployment_rate,2021-05-07 08:30:00,Unemployment Rate  (Apr),Unemployment Rate,6.1,5.8,0.2999999999999998
cpi,2021-05-12 08:30:00,CPI (YoY)  (Apr),CPI (YoY),4.2,3.6,0.6000000000000001
ppi,2021-05-13 08:30:00,PPI (MoM)  (Apr),PPI (MoM),0.6,0.3,0.3
retail_sales,2021-05-14 08:30:00,Retail Sales (MoM)  (Apr),Retail Sales (MoM),0.0,1.0,-1.0
industrial_production,2021-05-14 09:15:00,Industrial Production (MoM)  (Apr),Industrial Production (MoM),0.7,1.0,-0.30000000000000004
building_permits,2021-05-18 08:30:00,Building Permits  (Apr),Building Permits,1760000.0,1770000.0,-10000.0
housing_starts,2021-05-18 08:30:00,Housing Starts  (Apr),Housing Starts,1569000.0,1710000.0,-141000.0
existing_home_sales,2021-05-21 10:00:00,Existing Home Sales  (Apr),Existing Home Sales,5850000.0,6090000.0,-240000.0
new_home_sales,2021-05-25 10:00:00,New Home Sales  (Apr),New Home Sales,863000.0,970000.0,-107000.0
durable_goods,2021-05-27 08:30:00,Durable Goods Orders (MoM)  (Apr),Durable Goods Orders (MoM),-1.3,0.7,-2.0
pce_price_index,2021-05-28 08:30:00,PCE price index (MoM)  (Apr),PCE price index (MoM),0.6,0.6,0.0
real_pce,2021-05-28 08:30:00,Real Personal Consumption (MoM)  (Apr),Real Personal Consumption (MoM),-0.1,0.2,-0.30000000000000004
ism_manufacturing,2021-06-01 10:00:00,ISM Manufacturing PMI  (May),ISM Manufacturing PMI,61.2,60.9,0.30000000000000426
ism_services,2021-06-03 10:00:00,ISM Non-Manufacturing PMI  (May),ISM Non-Manufacturing PMI,64.0,63.0,1.0
nonfarm_payrolls,2021-06-04 08:30:00,Nonfarm Payrolls  (May),Nonfarm Payrolls,559000.0,650000.0,-91000.0
unemployment_rate,2021-06-04 08:30:00,Unemployment Rate  (May),Unemployment Rate,5.8,5.9,-0.10000000000000053
cpi,2021-06-10 08:30:00,CPI (YoY)  (May),CPI (YoY),5.0,4.7,0.2999999999999998
ppi,2021-06-15 08:30:00,PPI (MoM)  (May),PPI (MoM),0.8,0.6,0.20000000000000007
retail_sales,2021-06-15 08:30:00,Retail Sales (MoM)  (May),Retail Sales (MoM),-1.3,-0.8,-0.5
industrial_production,2021-06-15 09:15:00,Industrial Production (MoM)  (May),Industrial Production (MoM),0.8,0.6,0.20000000000000007
building_permits,2021-06-16 08:30:00,Building Permits  (May),Building Permits,1681000.0,1730000.0,-49000.0
housing_starts,2021-06-16 08:30:00,Housing Starts  (May),Housing Starts,1572000.0,1630000.0,-58000.0
existing_home_sales,2021-06-22 10:00:00,Existing Home Sales  (May),Existing Home Sales,5800000.0,5720000.0,80000.0
new_home_sales,2021-06-23 10:00:00,New Home Sales  (May),New Home Sales,769000.0,870000.0,-101000.0
durable_goods,2021-06-24 08:30:00,Durable Goods Orders (MoM)  (May),Durable Goods Orders (MoM),2.3,2.8,-0.5
pce_price_index,2021-06-25 08:30:00,PCE price index (MoM)  (May),PCE price index (MoM),0.4,0.5,-0.09999999999999998
real_pce,2021-06-25 08:30:00,Real Personal Consumption (MoM)  (May),Real Personal Consumption (MoM),-0.4,-0.1,-0.30000000000000004
ism_manufacturing,2021-07-01 10:00:00,ISM Manufacturing PMI  (Jun),ISM Manufacturing PMI,60.6,61.0,-0.3999999999999986
nonfarm_payrolls,2021-07-02 08:30:00,Nonfarm Payrolls  (Jun),Nonfarm Payrolls,850000.0,700000.0,150000.0
unemployment_rate,2021-07-02 08:30:00,Unemployment Rate  (Jun),Unemployment Rate,5.9,5.7,0.20000000000000018
ism_services,2021-07-06 10:00:00,ISM Non-Manufacturing PMI  (Jun),ISM Non-Manufacturing PMI,60.1,63.5,-3.3999999999999986
cpi,2021-07-13 08:30:00,CPI (YoY)  (Jun),CPI (YoY),5.4,4.9,0.5
ppi,2021-07-14 08:30:00,PPI (MoM)  (Jun),PPI (MoM),1.0,0.6,0.4
industrial_production,2021-07-15 09:15:00,Industrial Production (MoM)  (Jun),Industrial Production (MoM),0.4,0.6,-0.19999999999999996
retail_sales,2021-07-16 08:30:00,Retail Sales (MoM)  (Jun),Retail Sales (MoM),0.6,-0.4,1.0
building_permits,2021-07-20 08:30:00,Building Permits  (Jun),Building Permits,1598000.0,1700000.0,-102000.0
housing_starts,2021-07-20 08:30:00,Housing Starts  (Jun),Housing Starts,1643000.0,1590000.0,53000.0
existing_home_sales,2021-07-22 10:00:00,Existing Home Sales  (Jun),Existing Home Sales,5860000.0,5900000.0,-40000.0
new_home_sales,2021-07-26 10:00:00,New Home Sales  (Jun),New Home Sales,676000.0,800000.0,-124000.0
durable_goods,2021-07-27 08:30:00,Durable Goods Orders (MoM)  (Jun),Durable Goods Orders (MoM),0.8,2.1,-1.3
real_gdp_advance,2021-07-29 08:30:00,GDP (QoQ)  (Q2),GDP (QoQ),6.5,8.5,-2.0
pce_price_index,2021-07-30 08:30:00,PCE price index (MoM)  (Jun),PCE price index (MoM),0.5,0.6,-0.09999999999999998
real_pce,2021-07-30 08:30:00,Real Personal Consumption (MoM)  (Jun),Real Personal Consumption (MoM),0.5,0.3,0.2
ism_manufacturing,2021-08-02 10:00:00,ISM Manufacturing PMI  (Jul),ISM Manufacturing PMI,59.5,60.9,-1.3999999999999986
ism_services,2021-08-04 10:00:00,ISM Non-Manufacturing PMI  (Jul),ISM Non-Manufacturing PMI,64.1,60.5,3.5999999999999943
nonfarm_payrolls,2021-08-06 08:30:00,Nonfarm Payrolls  (Jul),Nonfarm Payrolls,943000.0,870000.0,73000.0
unemployment_rate,2021-08-06 08:30:00,Unemployment Rate  (Jul),Unemployment Rate,5.4,5.7,-0.2999999999999998
cpi,2021-08-11 08:30:00,CPI (YoY)  (Jul),CPI (YoY),5.4,5.3,0.10000000000000053
ppi,2021-08-12 08:30:00,PPI (MoM)  (Jul),PPI (MoM),1.0,0.6,0.4
retail_sales,2021-08-17 08:30:00,Retail Sales (MoM)  (Jul),Retail Sales (MoM),-1.1,-0.3,-0.8
industrial_production,2021-08-17 09:15:00,Industrial Production (MoM)  (Jul),Industrial Production (MoM),0.9,0.5,0.4
building_permits,2021-08-18 08:30:00,Building Permits  (Jul),Building Permits,1635000.0,1610000.0,25000.0
housing_starts,2021-08-18 08:30:00,Housing Starts  (Jul),Housing Starts,1534000.0,1600000.0,-66000.0
existing_home_sales,2021-08-23 10:00:00,Existing Home Sales  (Jul),Existing Home Sales,5990000.0,5830000.0,160000.0
new_home_sales,2021-08-24 10:00:00,New Home Sales  (Jul),New Home Sales,708000.0,700000.0,8000.0
durable_goods,2021-08-25 08:30:00,Durable Goods Orders (MoM)  (Jul),Durable Goods Orders (MoM),-0.1,-0.3,0.19999999999999998
pce_price_index,2021-08-27 08:30:00,PCE price index (MoM)  (Jul),PCE price index (MoM),0.4,0.4,0.0
real_pce,2021-08-27 08:30:00,Real Personal Consumption (MoM)  (Jul),Real Personal Consumption (MoM),-0.1,-0.1,0.0
ism_manufacturing,2021-09-01 10:00:00,ISM Manufacturing PMI  (Aug),ISM Manufacturing PMI,59.9,58.6,1.2999999999999972
nonfarm_payrolls,2021-09-03 08:30:00,Nonfarm Payrolls  (Aug),Nonfarm Payrolls,235000.0,750000.0,-515000.0
unemployment_rate,2021-09-03 08:30:00,Unemployment Rate  (Aug),Unemployment Rate,5.2,5.2,0.0
ism_services,2021-09-03 10:00:00,ISM Non-Manufacturing PMI  (Aug),ISM Non-Manufacturing PMI,61.7,61.5,0.20000000000000284
ppi,2021-09-10 08:30:00,PPI (MoM)  (Aug),PPI (MoM),0.7,0.6,0.09999999999999998
cpi,2021-09-14 08:30:00,CPI (YoY)  (Aug),CPI (YoY),5.3,5.3,0.0
industrial_production,2021-09-15 09:15:00,Industrial Production (MoM)  (Aug),Industrial Production (MoM),0.4,0.4,0.0
retail_sales,2021-09-16 08:30:00,Retail Sales (MoM)  (Aug),Retail Sales (MoM),0.7,-0.8,1.5
building_permits,2021-09-21 08:30:00,Building Permits  (Aug),Building Permits,1728000.0,1600000.0,128000.0
housing_starts,2021-09-21 08:30:00,Housing Starts  (Aug),Housing Starts,1615000.0,1555000.0,60000.0
existing_home_sales,2021-09-22 10:00:00,Existing Home Sales  (Aug),Existing Home Sales,5880000.0,5890000.0,-10000.0
new_home_sales,2021-09-24 10:00:00,New Home Sales  (Aug),New Home Sales,740000.0,714000.0,26000.0
durable_goods,2021-09-27 08:30:00,Durable Goods Orders (MoM)  (Aug),Durable Goods Orders (MoM),1.8,0.7,1.1
pce_price_index,2021-10-01 08:30:00,PCE price index (MoM)  (Aug),PCE price index (MoM),0.4,0.3,0.10000000000000003
real_pce,2021-10-01 08:30:00,Real Personal Consumption (MoM)  (Aug),Real Personal Consumption (MoM),0.4,0.4,0.0
ism_manufacturing,2021-10-01 10:00:00,ISM Manufacturing PMI  (Sep),ISM Manufacturing PMI,61.1,59.6,1.5
ism_services,2021-10-05 10:00:00,ISM Non-Manufacturing PMI  (Sep),ISM Non-Manufacturing PMI,61.9,60.0,1.8999999999999986
nonfarm_payrolls,2021-10-08 08:30:00,Nonfarm Payrolls  (Sep),Nonfarm Payrolls,194000.0,500000.0,-306000.0
unemployment_rate,2021-10-08 08:30:00,Unemployment Rate  (Sep),Unemployment Rate,4.8,5.1,-0.2999999999999998
cpi,2021-10-13 08:30:00,CPI (YoY)  (Sep),CPI (YoY),5.4,5.3,0.10000000000000053
ppi,2021-10-14 08:30:00,PPI (MoM)  (Sep),PPI (MoM),0.5,0.6,-0.09999999999999998
retail_sales,2021-10-15 08:30:00,Retail Sales (MoM)  (Sep),Retail Sales (MoM),0.7,-0.2,0.8999999999999999
industrial_production,2021-10-18 09:15:00,Industrial Production (MoM)  (Sep),Industrial Production (MoM),-1.3,0.2,-1.5
building_permits,2021-10-19 08:30:00,Building Permits  (Sep),Building Permits,1589000.0,1680000.0,-91000.0
housing_starts,2021-10-19 08:30:00,Housing Starts  (Sep),Housing Starts,1555000.0,1620000.0,-65000.0
existing_home_sales,2021-10-21 10:00:00,Existing Home Sales  (Sep),Existing Home Sales,6290000.0,6090000.0,200000.0
new_home_sales,2021-10-26 10:00:00,New Home Sales  (Sep),New Home Sales,800000.0,760000.0,40000.0
durable_goods,2021-10-27 08:30:00,Durable Goods Orders (MoM)  (Sep),Durable Goods Orders (MoM),-0.4,-1.1,0.7000000000000001
real_gdp_advance,2021-10-28 08:30:00,GDP (QoQ)  (Q3),GDP (QoQ),2.0,2.7,-0.7000000000000002
pce_price_index,2021-10-29 08:30:00,PCE price index (MoM)  (Sep),PCE price index (MoM),0.3,0.3,0.0
real_pce,2021-10-29 08:30:00,Real Personal Consumption (MoM)  (Sep),Real Personal Consumption (MoM),0.3,0.3,0.0
ism_manufacturing,2021-11-01 10:00:00,ISM Manufacturing PMI  (Oct),ISM Manufacturing PMI,60.8,60.5,0.29999999999999716
ism_services,2021-11-03 10:00:00,ISM Non-Manufacturing PMI  (Oct),ISM Non-Manufacturing PMI,66.7,62.0,4.700000000000003
nonfarm_payrolls,2021-11-05 08:30:00,Nonfarm Payrolls  (Oct),Nonfarm Payrolls,531000.0,450000.0,81000.0
unemployment_rate,2021-11-05 08:30:00,Unemployment Rate  (Oct),Unemployment Rate,4.6,4.7,-0.10000000000000053
ppi,2021-11-09 08:30:00,PPI (MoM)  (Oct),PPI (MoM),0.6,0.6,0.0
cpi,2021-11-10 08:30:00,CPI (YoY)  (Oct),CPI (YoY),6.2,5.8,0.40000000000000036
retail_sales,2021-11-16 08:30:00,Retail Sales (MoM)  (Oct),Retail Sales (MoM),1.7,1.2,0.5
industrial_production,2021-11-16 09:15:00,Industrial Production (MoM)  (Oct),Industrial Production (MoM),1.6,0.7,0.9000000000000001
building_permits,2021-11-17 08:30:00,Building Permits  (Oct),Building Permits,1650000.0,1638000.0,12000.0
housing_starts,2021-11-17 08:30:00,Housing Starts  (Oct),Housing Starts,1520000.0,1576000.0,-56000.0
existing_home_sales,2021-11-22 10:00:00,Existing Home Sales  (Oct),Existing Home Sales,6340000.0,6200000.0,140000.0
durable_goods,2021-11-24 08:30:00,Durable Goods Orders (MoM)  (Oct),Durable Goods Orders (MoM),-0.5,0.2,-0.7
new_home_sales,2021-11-24 10:00:00,New Home Sales  (Oct),New Home Sales,745000.0,800000.0,-55000.0
pce_price_index,2021-11-24 10:00:00,PCE price index (MoM)  (Oct),PCE price index (MoM),0.6,0.7,-0.09999999999999998
real_pce,2021-11-24 10:00:00,Real Personal Consumption (MoM)  (Oct),Real Personal Consumption (MoM),0.7,0.5,0.19999999999999996
ism_manufacturing,2021-12-01 10:00:00,ISM Manufacturing PMI  (Nov),ISM Manufacturing PMI,61.1,61.0,0.10000000000000142
nonfarm_payrolls,2021-12-03 08:30:00,Nonfarm Payrolls  (Nov),Nonfarm Payrolls,210000.0,550000.0,-340000.0
unemployment_rate,2021-12-03 08:30:00,Unemployment Rate  (Nov),Unemployment Rate,4.2,4.5,-0.2999999999999998
ism_services,2021-12-03 10:00:00,ISM Non-Manufacturing PMI  (Nov),ISM Non-Manufacturing PMI,69.1,65.0,4.099999999999994
cpi,2021-12-10 08:30:00,CPI (YoY)  (Nov),CPI (YoY),6.8,6.8,0.0
ppi,2021-12-14 08:30:00,PPI (MoM)  (Nov),PPI (MoM),0.8,0.5,0.30000000000000004
retail_sales,2021-12-15 08:30:00,Retail Sales (MoM)  (Nov),Retail Sales (MoM),0.3,0.8,-0.5
building_permits,2021-12-16 08:30:00,Building Permits  (Nov),Building Permits,1712000.0,1663000.0,49000.0
housing_starts,2021-12-16 08:30:00,Housing Starts  (Nov),Housing Starts,1679000.0,1568000.0,111000.0
industrial_production,2021-12-16 09:15:00,Industrial Production (MoM)  (Nov),Industrial Production (MoM),0.5,0.7,-0.19999999999999996
existing_home_sales,2021-12-22 10:00:00,Existing Home Sales  (Nov),Existing Home Sales,6460000.0,6520000.0,-60000.0
durable_goods,2021-12-23 08:30:00,Durable Goods Orders (MoM)  (Nov),Durable Goods Orders (MoM),2.5,1.6,0.8999999999999999
pce_price_index,2021-12-23 08:30:00,PCE price index (MoM)  (Nov),PCE price index (MoM),0.6,0.6,0.0
real_pce,2021-12-23 08:30:00,Real Personal Consumption (MoM)  (Nov),Real Personal Consumption (MoM),0.0,0.2,-0.2
new_home_sales,2021-12-23 10:00:00,New Home Sales  (Nov),New Home Sales,744000.0,770000.0,-26000.0
ism_manufacturing,2022-01-04 10:00:00,ISM Manufacturing PMI  (Dec),ISM Manufacturing PMI,58.7,60.0,-1.2999999999999972
ism_services,2022-01-06 10:00:00,ISM Non-Manufacturing PMI  (Dec),ISM Non-Manufacturing PMI,62.0,66.9,-4.900000000000006
nonfarm_payrolls,2022-01-07 08:30:00,Nonfarm Payrolls  (Dec),Nonfarm Payrolls,199000.0,400000.0,-201000.0
unemployment_rate,2022-01-07 08:30:00,Unemployment Rate  (Dec),Unemployment Rate,3.9,4.1,-0.19999999999999973
cpi,2022-01-12 08:30:00,CPI (YoY)  (Dec),CPI (YoY),7.0,7.0,0.0
ppi,2022-01-13 08:30:00,PPI (MoM)  (Dec),PPI (MoM),0.2,0.4,-0.2
retail_sales,2022-01-14 08:30:00,Retail Sales (MoM)  (Dec),Retail Sales (MoM),-1.9,-0.1,-1.7999999999999998
industrial_production,2022-01-14 09:15:00,Industrial Production (MoM)  (Dec),Industrial Production (MoM),-0.1,0.3,-0.4
building_permits,2022-01-19 08:30:00,Building Permits  (Dec),Building Permits,1873000.0,1701000.0,172000.0
housing_starts,2022-01-19 08:30:00,Housing Starts  (Dec),Housing Starts,1702000.0,1650000.0,52000.0
existing_home_sales,2022-01-20 10:00:00,Existing Home Sales  (Dec),Existing Home Sales,6180000.0,6440000.0,-260000.0
new_home_sales,2022-01-26 10:00:00,New Home Sales  (Dec),New Home Sales,811000.0,760000.0,51000.0
durable_goods,2022-01-27 08:30:00,Durable Goods Orders (MoM)  (Dec),Durable Goods Orders (MoM),-0.9,-0.5,-0.4
real_gdp_advance,2022-01-27 08:30:00,GDP (QoQ)  (Q4),GDP (QoQ),6.9,5.5,1.4000000000000004
pce_price_index,2022-01-28 08:30:00,PCE price index (MoM)  (Dec),PCE price index (MoM),0.4,0.4,0.0
real_pce,2022-01-28 08:30:00,Real Personal Consumption (MoM)  (Dec),Real Personal Consumption (MoM),-1.0,-1.1,0.10000000000000009
ism_manufacturing,2022-02-01 10:00:00,ISM Manufacturing PMI  (Jan),ISM Manufacturing PMI,57.6,57.5,0.10000000000000142
ism_services,2022-02-03 10:00:00,ISM Non-Manufacturing PMI  (Jan),ISM Non-Manufacturing PMI,59.9,59.5,0.3999999999999986
nonfarm_payrolls,2022-02-04 08:30:00,Nonfarm Payrolls  (Jan),Nonfarm Payrolls,467000.0,150000.0,317000.0
unemployment_rate,2022-02-04 08:30:00,Unemployment Rate  (Jan),Unemployment Rate,4.0,3.9,0.10000000000000009
cpi,2022-02-10 08:30:00,CPI (YoY)  (Jan),CPI (YoY),7.5,7.3,0.20000000000000018
ppi,2022-02-15 08:30:00,PPI (MoM)  (Jan),PPI (MoM),1.0,0.5,0.5
retail_sales,2022-02-16 08:30:00,Retail Sales (MoM)  (Jan),Retail Sales (MoM),3.8,2.0,1.7999999999999998
industrial_production,2022-02-16 09:15:00,Industrial Production (MoM)  (Jan),Industrial Production (MoM),1.4,0.4,0.9999999999999999
building_permits,2022-02-17 08:30:00,Building Permits  (Jan),Building Permits,1899000.0,1760000.0,139000.0
housing_starts,2022-02-17 08:30:00,Housing Starts  (Jan),Housing Starts,1638000.0,1700000.0,-62000.0
existing_home_sales,2022-02-18 10:00:00,Existing Home Sales  (Jan),Existing Home Sales,6500000.0,6100000.0,400000.0
new_home_sales,2022-02-24 10:00:00,New Home Sales  (Jan),New Home Sales,801000.0,806000.0,-5000.0
durable_goods,2022-02-25 08:30:00,Durable Goods Orders (MoM)  (Jan),Durable Goods Orders (MoM),1.6,0.8,0.8
pce_price_index,2022-02-25 08:30:00,PCE price index (MoM)  (Jan),PCE price index (MoM),0.6,0.6,0.0
real_pce,2022-02-25 08:30:00,Real Personal Consumption (MoM)  (Jan),Real Personal Consumption (MoM),1.5,1.2,0.30000000000000004
ism_manufacturing,2022-03-01 10:00:00,ISM Manufacturing PMI  (Feb),ISM Manufacturing PMI,58.6,58.0,0.6000000000000014
ism_services,2022-03-03 10:00:00,ISM Non-Manufacturing PMI  (Feb),ISM Non-Manufacturing PMI,56.5,61.0,-4.5
nonfarm_payrolls,2022-03-04 08:30:00,Nonfarm Payrolls  (Feb),Nonfarm Payrolls,678000.0,400000.0,278000.0
unemployment_rate,2022-03-04 08:30:00,Unemployment Rate  (Feb),Unemployment Rate,3.8,3.9,-0.10000000000000009
cpi,2022-03-10 08:30:00,CPI (YoY)  (Feb),CPI (YoY),7.9,7.9,0.0
ppi,2022-03-15 08:30:00,PPI (MoM)  (Feb),PPI (MoM),0.8,0.9,-0.09999999999999998
retail_sales,2022-03-16 08:30:00,Retail Sales (MoM)  (Feb),Retail Sales (MoM),0.3,0.4,-0.10000000000000003
building_permits,2022-03-17 08:30:00,Building Permits  (Feb),Building Permits,1859000.0,1850000.0,9000.0
housing_starts,2022-03-17 08:30:00,Housing Starts  (Feb),Housing Starts,1769000.0,1690000.0,79000.0
industrial_production,2022-03-17 09:15:00,Industrial Production (MoM)  (Feb),Industrial Production (MoM),0.5,0.5,0.0
existing_home_sales,2022-03-18 10:00:00,Existing Home Sales  (Feb),Existing Home Sales,6020000.0,6100000.0,-80000.0
new_home_sales,2022-03-23 10:00:00,New Home Sales  (Feb),New Home Sales,772000.0,810000.0,-38000.0
durable_goods,2022-03-24 08:30:00,Durable Goods Orders (MoM)  (Feb),Durable Goods Orders (MoM),-2.2,-0.5,-1.7000000000000002
pce_price_index,2022-03-31 08:30:00,PCE price index (MoM)  (Feb),PCE price index (MoM),0.6,0.6,0.0
real_pce,2022-03-31 08:30:00,Real Personal Consumption (MoM)  (Feb),Real Personal Consumption (MoM),-0.4,-0.2,-0.2
nonfarm_payrolls,2022-04-01 08:30:00,Nonfarm Payrolls  (Mar),Nonfarm Payrolls,431000.0,490000.0,-59000.0
unemployment_rate,2022-04-01 08:30:00,Unemployment Rate  (Mar),Unemployment Rate,3.6,3.7,-0.10000000000000009
ism_manufacturing,2022-04-01 10:00:00,ISM Manufacturing PMI  (Mar),ISM Manufacturing PMI,57.1,59.0,-1.8999999999999986
ism_services,2022-04-05 10:00:00,ISM Non-Manufacturing PMI  (Mar),ISM Non-Manufacturing PMI,58.3,58.4,-0.10000000000000142
cpi,2022-04-12 08:30:00,CPI (YoY)  (Mar),CPI (YoY),8.5,8.4,0.09999999999999964
ppi,2022-04-13 08:30:00,PPI (MoM)  (Mar),PPI (MoM),1.4,1.1,0.2999999999999998
retail_sales,2022-04-14 08:30:00,Retail Sales (MoM)  (Mar),Retail Sales (MoM),0.5,0.6,-0.09999999999999998
industrial_production,2022-04-15 09:15:00,Industrial Production (MoM)  (Mar),Industrial Production (MoM),0.9,0.4,0.5
building_permits,2022-04-19 08:30:00,Building Permits  (Mar),Building Permits,1873000.0,1825000.0,48000.0
housing_starts,2022-04-19 08:30:00,Housing Starts  (Mar),Housing Starts,1793000.0,1745000.0,48000.0
existing_home_sales,2022-04-20 10:00:00,Existing Home Sales  (Mar),Existing Home Sales,5770000.0,5800000.0,-30000.0
durable_goods,2022-04-26 08:30:00,Durable Goods Orders (MoM)  (Mar),Durable Goods Orders (MoM),0.8,1.0,-0.19999999999999996
new_home_sales,2022-04-26 10:00:00,New Home Sales  (Mar),New Home Sales,763000.0,765000.0,-2000.0
real_gdp_advance,2022-04-28 08:30:00,GDP (QoQ)  (Q1),GDP (QoQ),-1.4,1.1,-2.5
pce_price_index,2022-04-29 08:30:00,PCE price index (MoM)  (Mar),PCE price index (MoM),0.9,0.9,0.0
real_pce,2022-04-29 08:30:00,Real Personal Consumption (MoM)  (Mar),Real Personal Consumption (MoM),0.2,-0.1,0.30000000000000004
ism_manufacturing,2022-05-02 10:00:00,ISM Manufacturing PMI  (Apr),ISM Manufacturing PMI,55.4,57.6,-2.200000000000003
ism_services,2022-05-04 10:00:00,ISM Non-Manufacturing PMI  (Apr),ISM Non-Manufacturing PMI,57.1,58.5,-1.3999999999999986
nonfarm_payrolls,2022-05-06 08:30:00,Nonfarm Payrolls  (Apr),Nonfarm Payrolls,428000.0,391000.0,37000.0
unemployment_rate,2022-05-06 08:30:00,Unemployment Rate  (Apr),Unemployment Rate,3.6,3.5,0.10000000000000009
cpi,2022-05-11 08:30:00,CPI (YoY)  (Apr),CPI (YoY),8.3,8.1,0.20000000000000107
ppi,2022-05-12 08:30:00,PPI (MoM)  (Apr),PPI (MoM),0.5,0.5,0.0
retail_sales,2022-05-17 08:30:00,Retail Sales (MoM)  (Apr),Retail Sales (MoM),0.9,0.9,0.0
industrial_production,2022-05-17 09:15:00,Industrial Production (MoM)  (Apr),Industrial Production (MoM),1.1,0.5,0.6000000000000001
building_permits,2022-05-18 08:30:00,Building Permits  (Apr),Building Permits,1819000.0,1812000.0,7000.0
housing_starts,2022-05-18 08:30:00,Housing Starts  (Apr),Housing Starts,1724000.0,1765000.0,-41000.0
existing_home_sales,2022-05-19 10:00:00,Existing Home Sales  (Apr),Existing Home Sales,5610000.0,5650000.0,-40000.0
new_home_sales,2022-05-24 10:00:00,New Home Sales  (Apr),New Home Sales,591000.0,750000.0,-159000.0
durable_goods,2022-05-25 08:30:00,Durable Goods Orders (MoM)  (Apr),Durable Goods Orders (MoM),0.4,0.6,-0.19999999999999996
pce_price_index,2022-05-27 08:30:00,PCE price index (MoM)  (Apr),PCE price index (MoM),0.2,0.2,0.0
real_pce,2022-05-27 08:30:00,Real Personal Consumption (MoM)  (Apr),Real Personal Consumption (MoM),0.7,0.7,0.0
ism_manufacturing,2022-06-01 10:00:00,ISM Manufacturing PMI  (May),ISM Manufacturing PMI,56.1,54.5,1.6000000000000014
nonfarm_payrolls,2022-06-03 08:30:00,Nonfarm Payrolls  (May),Nonfarm Payrolls,390000.0,325000.0,65000.0
unemployment_rate,2022-06-03 08:30:00,Unemployment Rate  (May),Unemployment Rate,3.6,3.5,0.10000000000000009
ism_services,2022-06-03 10:00:00,ISM Non-Manufacturing PMI  (May),ISM Non-Manufacturing PMI,55.9,56.4,-0.5
cpi,2022-06-10 08:30:00,CPI (YoY)  (May),CPI (YoY),8.6,8.3,0.29999999999999893
ppi,2022-06-14 08:30:00,PPI (MoM)  (May),PPI (MoM),0.8,0.8,0.0
retail_sales,2022-06-15 08:30:00,Retail Sales (MoM)  (May),Retail Sales (MoM),-0.3,0.2,-0.5
building_permits,2022-06-16 08:30:00,Building Permits  (May),Building Permits,1695000.0,1785000.0,-90000.0
housing_starts,2022-06-16 08:30:00,Housing Starts  (May),Housing Starts,1549000.0,1701000.0,-152000.0
industrial_production,2022-06-17 09:15:00,Industrial Production (MoM)  (May),Industrial Production (MoM),0.2,0.4,-0.2
existing_home_sales,2022-06-21 10:00:00,Existing Home Sales  (May),Existing Home Sales,5410000.0,5390000.0,20000.0
new_home_sales,2022-06-24 10:00:00,New Home Sales  (May),New Home Sales,696000.0,588000.0,108000.0
durable_goods,2022-06-27 08:30:00,Durable Goods Orders (MoM)  (May),Durable Goods Orders (MoM),0.7,0.1,0.6
pce_price_index,2022-06-30 08:30:00,PCE price index (MoM)  (May),PCE price index (MoM),0.6,0.7,-0.09999999999999998
real_pce,2022-06-30 08:30:00,Real Personal Consumption (MoM)  (May),Real Personal Consumption (MoM),-0.4,-0.3,-0.10000000000000003
ism_manufacturing,2022-07-01 10:00:00,ISM Manufacturing PMI  (Jun),ISM Manufacturing PMI,53.0,54.9,-1.8999999999999986
ism_services,2022-07-06 10:00:00,ISM Non-Manufacturing PMI  (Jun),ISM Non-Manufacturing PMI,55.3,54.3,1.0
nonfarm_payrolls,2022-07-08 08:30:00,Nonfarm Payrolls  (Jun),Nonfarm Payrolls,372000.0,268000.0,104000.0
unemployment_rate,2022-07-08 08:30:00,Unemployment Rate  (Jun),Unemployment Rate,3.6,3.6,0.0
cpi,2022-07-13 08:30:00,CPI (YoY)  (Jun),CPI (YoY),9.1,8.8,0.29999999999999893
ppi,2022-07-14 08:30:00,PPI (MoM)  (Jun),PPI (MoM),1.1,0.8,0.30000000000000004
retail_sales,2022-07-15 08:30:00,Retail Sales (MoM)  (Jun),Retail Sales (MoM),1.0,0.8,0.19999999999999996
industrial_production,2022-07-15 09:15:00,Industrial Production (MoM)  (Jun),Industrial Production (MoM),-0.2,0.1,-0.30000000000000004
building_permits,2022-07-19 08:30:00,Building Permits  (Jun),Building Permits,1685000.0,1650000.0,35000.0
housing_starts,2022-07-19 08:30:00,Housing Starts  (Jun),Housing Starts,1559000.0,1580000.0,-21000.0
existing_home_sales,2022-07-20 10:00:00,Existing Home Sales  (Jun),Existing Home Sales,5120000.0,5380000.0,-260000.0
new_home_sales,2022-07-26 10:00:00,New Home Sales  (Jun),New Home Sales,590000.0,660000.0,-70000.0
durable_goods,2022-07-27 08:30:00,Durable Goods Orders (MoM)  (Jun),Durable Goods Orders (MoM),1.9,-0.5,2.4
real_gdp_advance,2022-07-28 08:30:00,GDP (QoQ)  (Q2),GDP (QoQ),-0.9,0.5,-1.4
pce_price_index,2022-07-29 08:30:00,PCE price index (MoM)  (Jun),PCE price index (MoM),1.0,0.9,0.09999999999999998
real_pce,2022-07-29 08:30:00,Real Personal Consumption (MoM)  (Jun),Real Personal Consumption (MoM),0.1,0.0,0.1
ism_manufacturing,2022-08-01 10:00:00,ISM Manufacturing PMI  (Jul),ISM Manufacturing PMI,52.8,52.0,0.7999999999999972
ism_services,2022-08-03 10:00:00,ISM Non-Manufacturing PMI  (Jul),ISM Non-Manufacturing PMI,56.7,53.5,3.200000000000003
nonfarm_payrolls,2022-08-05 08:30:00,Nonfarm Payrolls  (Jul),Nonfarm Payrolls,528000.0,250000.0,278000.0
unemployment_rate,2022-08-05 08:30:00,Unemployment Rate  (Jul),Unemployment Rate,3.5,3.6,-0.10000000000000009
cpi,2022-08-10 08:30:00,CPI (YoY)  (Jul),CPI (YoY),8.5,8.7,-0.1999999999999993
ppi,2022-08-11 08:30:00,PPI (MoM)  (Jul),PPI (MoM),-0.5,0.2,-0.7
building_permits,2022-08-16 08:30:00,Building Permits  (Jul),Building Permits,1674000.0,1650000.0,24000.0
housing_starts,2022-08-16 08:30:00,Housing Starts  (Jul),Housing Starts,1446000.0,1540000.0,-94000.0
industrial_production,2022-08-16 09:15:00,Industrial Production (MoM)  (Jul),Industrial Production (MoM),0.6,0.3,0.3
retail_sales,2022-08-17 08:30:00,Retail Sales (MoM)  (Jul),Retail Sales (MoM),0.0,0.1,-0.1
existing_home_sales,2022-08-18 10:00:00,Existing Home Sales  (Jul),Existing Home Sales,4810000.0,4890000.0,-80000.0
new_home_sales,2022-08-23 10:00:00,New Home Sales  (Jul),New Home Sales,511000.0,575000.0,-64000.0
durable_goods,2022-08-24 08:30:00,Durable Goods Orders (MoM)  (Jul),Durable Goods Orders (MoM),0.0,0.6,-0.6
pce_price_index,2022-08-26 08:30:00,PCE price index (MoM)  (Jul),PCE price index (MoM),-0.1,0.0,-0.1
real_pce,2022-08-26 08:30:00,Real Personal Consumption (MoM)  (Jul),Real Personal Consumption (MoM),0.2,0.4,-0.2
ism_manufacturing,2022-09-01 10:00:00,ISM Manufacturing PMI  (Aug),ISM Manufacturing PMI,52.8,52.0,0.7999999999999972
nonfarm_payrolls,2022-09-02 08:30:00,Nonfarm Payrolls  (Aug),Nonfarm Payrolls,315000.0,300000.0,15000.0
unemployment_rate,2022-09-02 08:30:00,Unemployment Rate  (Aug),Unemployment Rate,3.7,3.5,0.20000000000000018
ism_services,2022-09-06 10:00:00,ISM Non-Manufacturing PMI  (Aug),ISM Non-Manufacturing PMI,56.9,55.1,1.7999999999999972
cpi,2022-09-13 08:30:00,CPI (YoY)  (Aug),CPI (YoY),8.3,8.1,0.20000000000000107
ppi,2022-09-14 08:30:00,PPI (MoM)  (Aug),PPI (MoM),-0.1,-0.1,0.0
retail_sales,2022-09-15 08:30:00,Retail Sales (MoM)  (Aug),Retail Sales (MoM),0.3,0.2,0.09999999999999998
industrial_production,2022-09-15 09:15:00,Industrial Production (MoM)  (Aug),Industrial Production (MoM),-0.2,0.1,-0.30000000000000004
building_permits,2022-09-20 08:30:00,Building Permits  (Aug),Building Permits,1517000.0,1610000.0,-93000.0
housing_starts,2022-09-20 08:30:00,Housing Starts  (Aug),Housing Starts,1575000.0,1445000.0,130000.0
existing_home_sales,2022-09-21 10:00:00,Existing Home Sales  (Aug),Existing Home Sales,4800000.0,4700000.0,100000.0
durable_goods,2022-09-27 08:30:00,Durable Goods Orders (MoM)  (Aug),Durable Goods Orders (MoM),-0.2,-0.4,0.2
new_home_sales,2022-09-27 10:00:00,New Home Sales  (Aug),New Home Sales,685000.0,500000.0,185000.0
pce_price_index,2022-09-30 08:30:00,PCE price index (MoM)  (Aug),PCE price index (MoM),0.3,0.1,0.19999999999999998
real_pce,2022-09-30 08:30:00,Real Personal Consumption (MoM)  (Aug),Real Personal Consumption (MoM),0.1,0.1,0.0
ism_manufacturing,2022-10-03 10:00:00,ISM Manufacturing PMI  (Sep),ISM Manufacturing PMI,50.9,52.2,-1.3000000000000043
ism_services,2022-10-05 10:00:00,ISM Non-Manufacturing PMI  (Sep),ISM Non-Manufacturing PMI,56.7,56.0,0.7000000000000028
nonfarm_payrolls,2022-10-07 08:30:00,Nonfarm Payrolls  (Sep),Nonfarm Payrolls,263000.0,250000.0,13000.0
unemployment_rate,2022-10-07 08:30:00,Unemployment Rate  (Sep),Unemployment Rate,3.5,3.7,-0.20000000000000018
ppi,2022-10-12 08:30:00,PPI (MoM)  (Sep),PPI (MoM),0.4,0.2,0.2
cpi,2022-10-13 08:30:00,CPI (YoY)  (Sep),CPI (YoY),8.2,8.1,0.09999999999999964
retail_sales,2022-10-14 08:30:00,Retail Sales (MoM)  (Sep),Retail Sales (MoM),0.0,0.2,-0.2
industrial_production,2022-10-18 09:15:00,Industrial Production (MoM)  (Sep),Industrial Production (MoM),0.4,0.1,0.30000000000000004
building_permits,2022-10-19 08:30:00,Building Permits  (Sep),Building Permits,1564000.0,1530000.0,34000.0
housing_starts,2022-10-19 08:30:00,Housing Starts  (Sep),Housing Starts,1439000.0,1475000.0,-36000.0
existing_home_sales,2022-10-20 10:00:00,Existing Home Sales  (Sep),Existing Home Sales,4710000.0,4700000.0,10000.0
new_home_sales,2022-10-26 10:00:00,New Home Sales  (Sep),New Home Sales,603000.0,585000.0,18000.0
durable_goods,2022-10-27 08:30:00,Durable Goods Orders (MoM)  (Sep),Durable Goods Orders (MoM),0.4,0.6,-0.19999999999999996
real_gdp_advance,2022-10-27 08:30:00,GDP (QoQ)  (Q3),GDP (QoQ),2.6,2.4,0.20000000000000018
pce_price_index,2022-10-28 08:30:00,PCE price index (MoM)  (Sep),PCE price index (MoM),0.3,0.3,0.0
real_pce,2022-10-28 08:30:00,Real Personal Consumption (MoM)  (Sep),Real Personal Consumption (MoM),0.3,0.2,0.09999999999999998
ism_manufacturing,2022-11-01 10:00:00,ISM Manufacturing PMI  (Oct),ISM Manufacturing PMI,50.2,50.0,0.20000000000000284
ism_services,2022-11-03 10:00:00,ISM Non-Manufacturing PMI  (Oct),ISM Non-Manufacturing PMI,54.4,55.5,-1.1000000000000014
nonfarm_payrolls,2022-11-04 08:30:00,Nonfarm Payrolls  (Oct),Nonfarm Payrolls,261000.0,200000.0,61000.0
unemployment_rate,2022-11-04 08:30:00,Unemployment Rate  (Oct),Unemployment Rate,3.7,3.6,0.10000000000000009
cpi,2022-11-10 08:30:00,CPI (YoY)  (Oct),CPI (YoY),7.7,8.0,-0.2999999999999998
ppi,2022-11-15 08:30:00,PPI (MoM)  (Oct),PPI (MoM),0.2,0.4,-0.2
retail_sales,2022-11-16 08:30:00,Retail Sales (MoM)  (Oct),Retail Sales (MoM),1.3,1.0,0.30000000000000004
industrial_production,2022-11-16 09:15:00,Industrial Production (MoM)  (Oct),Industrial Production (MoM),-0.1,0.2,-0.30000000000000004
building_permits,2022-11-17 08:30:00,Building Permits  (Oct),Building Permits,1526000.0,1512000.0,14000.0
housing_starts,2022-11-17 08:30:00,Housing Starts  (Oct),Housing Starts,1425000.0,1410000.0,15000.0
existing_home_sales,2022-11-18 10:00:00,Existing Home Sales  (Oct),Existing Home Sales,4430000.0,4380000.0,50000.0
durable_goods,2022-11-23 08:30:00,Durable Goods Orders (MoM)  (Oct),Durable Goods Orders (MoM),1.0,0.4,0.6
new_home_sales,2022-11-23 10:00:00,New Home Sales  (Oct),New Home Sales,632000.0,570000.0,62000.0
pce_price_index,2022-12-01 08:30:00,PCE price index (MoM)  (Oct),PCE price index (MoM),0.3,0.4,-0.10000000000000003
real_pce,2022-12-01 08:30:00,Real Personal Consumption (MoM)  (Oct),Real Personal Consumption (MoM),0.5,0.4,0.09999999999999998
ism_manufacturing,2022-12-01 10:00:00,ISM Manufacturing PMI  (Nov),ISM Manufacturing PMI,49.0,49.8,-0.7999999999999972
unemployment_rate,2022-12-02 07:30:00,Unemployment Rate  (Nov),Unemployment Rate,3.7,3.7,0.0
nonfarm_payrolls,2022-12-02 08:30:00,Nonfarm Payrolls  (Nov),Nonfarm Payrolls,263000.0,200000.0,63000.0
ism_services,2022-12-05 10:00:00,ISM Non-Manufacturing PMI  (Nov),ISM Non-Manufacturing PMI,56.5,53.3,3.200000000000003
ppi,2022-12-09 08:30:00,PPI (MoM)  (Nov),PPI (MoM),0.3,0.2,0.09999999999999998
cpi,2022-12-13 08:30:00,CPI (YoY)  (Nov),CPI (YoY),7.1,7.3,-0.20000000000000018
retail_sales,2022-12-15 08:30:00,Retail Sales (MoM)  (Nov),Retail Sales (MoM),-0.6,-0.1,-0.5
industrial_production,2022-12-15 09:15:00,Industrial Production (MoM)  (Nov),Industrial Production (MoM),-0.2,0.1,-0.30000000000000004
building_permits,2022-12-20 08:30:00,Building Permits  (Nov),Building Permits,1342000.0,1485000.0,-143000.0
housing_starts,2022-12-20 08:30:00,Housing Starts  (Nov),Housing Starts,1427000.0,1400000.0,27000.0
existing_home_sales,2022-12-21 10:00:00,Existing Home Sales  (Nov),Existing Home Sales,4090000.0,4200000.0,-110000.0
durable_goods,2022-12-23 08:30:00,Durable Goods Orders (MoM)  (Nov),Durable Goods Orders (MoM),-2.1,-0.6,-1.5
pce_price_index,2022-12-23 08:30:00,PCE price index (MoM)  (Nov),PCE price index (MoM),0.1,0.1,0.0
real_pce,2022-12-23 08:30:00,Real Personal Consumption (MoM)  (Nov),Real Personal Consumption (MoM),0.0,0.1,-0.1
new_home_sales,2022-12-23 10:00:00,New Home Sales  (Nov),New Home Sales,640000.0,600000.0,40000.0
ism_manufacturing,2023-01-04 10:00:00,ISM Manufacturing PMI  (Dec),ISM Manufacturing PMI,48.4,48.5,-0.10000000000000142
nonfarm_payrolls,2023-01-06 08:30:00,Nonfarm Payrolls  (Dec),Nonfarm Payrolls,223000.0,200000.0,23000.0
unemployment_rate,2023-01-06 08:30:00,Unemployment Rate  (Dec),Unemployment Rate,3.5,3.7,-0.20000000000000018
ism_services,2023-01-06 10:00:00,ISM Non-Manufacturing PMI  (Dec),ISM Non-Manufacturing PMI,49.6,55.0,-5.399999999999999
cpi,2023-01-12 08:30:00,CPI (YoY)  (Dec),CPI (YoY),6.5,6.5,0.0
ppi,2023-01-18 08:30:00,PPI (MoM)  (Dec),PPI (MoM),-0.5,-0.1,-0.4
retail_sales,2023-01-18 08:30:00,Retail Sales (MoM)  (Dec),Retail Sales (MoM),-1.1,-0.8,-0.30000000000000004
industrial_production,2023-01-18 09:15:00,Industrial Production (MoM)  (Dec),Industrial Production (MoM),-0.7,-0.1,-0.6
building_permits,2023-01-19 08:30:00,Building Permits  (Dec),Building Permits,1330000.0,1370000.0,-40000.0
housing_starts,2023-01-19 08:30:00,Housing Starts  (Dec),Housing Starts,1382000.0,1359000.0,23000.0
existing_home_sales,2023-01-20 10:00:00,Existing Home Sales  (Dec),Existing Home Sales,4020000.0,3960000.0,60000.0
durable_goods,2023-01-26 08:30:00,Durable Goods Orders (MoM)  (Dec),Durable Goods Orders (MoM),5.6,2.5,3.0999999999999996
real_gdp_advance,2023-01-26 08:30:00,GDP (QoQ)  (Q4),GDP (QoQ),2.9,2.6,0.2999999999999998
new_home_sales,2023-01-26 10:00:00,New Home Sales  (Dec),New Home Sales,616000.0,617000.0,-1000.0
pce_price_index,2023-01-27 08:30:00,PCE price index (MoM)  (Dec),PCE price index (MoM),0.1,0.0,0.1
real_pce,2023-01-27 08:30:00,Real Personal Consumption (MoM)  (Dec),Real Personal Consumption (MoM),-0.3,-0.1,-0.19999999999999998
ism_manufacturing,2023-02-01 10:00:00,ISM Manufacturing PMI  (Jan),ISM Manufacturing PMI,47.4,48.0,-0.6000000000000014
nonfarm_payrolls,2023-02-03 08:30:00,Nonfarm Payrolls  (Jan),Nonfarm Payrolls,517000.0,185000.0,332000.0
unemployment_rate,2023-02-03 08:30:00,Unemployment Rate  (Jan),Unemployment Rate,3.4,3.6,-0.20000000000000018
ism_services,2023-02-03 10:00:00,ISM Non-Manufacturing PMI  (Jan),ISM Non-Manufacturing PMI,55.2,50.4,4.800000000000004
cpi,2023-02-14 08:30:00,CPI (YoY)  (Jan),CPI (YoY),6.4,6.2,0.20000000000000018
retail_sales,2023-02-15 08:30:00,Retail Sales (MoM)  (Jan),Retail Sales (MoM),3.0,1.8,1.2
industrial_production,2023-02-15 09:15:00,Industrial Production (MoM)  (Jan),Industrial Production (MoM),0.0,0.5,-0.5
building_permits,2023-02-16 08:30:00,Building Permits  (Jan),Building Permits,1339000.0,1350000.0,-11000.0
housing_starts,2023-02-16 08:30:00,Housing Starts  (Jan),Housing Starts,1309000.0,1360000.0,-51000.0
ppi,2023-02-16 08:30:00,PPI (MoM)  (Jan),PPI (MoM),0.7,0.4,0.29999999999999993
existing_home_sales,2023-02-21 10:00:00,Existing Home Sales  (Jan),Existing Home Sales,4000000.0,4100000.0,-100000.0
pce_price_index,2023-02-24 08:30:00,PCE price index (MoM)  (Jan),PCE price index (MoM),0.6,0.5,0.09999999999999998
real_pce,2023-02-24 08:30:00,Real Personal Consumption (MoM)  (Jan),Real Personal Consumption (MoM),1.1,1.1,0.0
new_home_sales,2023-02-24 10:00:00,New Home Sales  (Jan),New Home Sales,670000.0,620000.0,50000.0
durable_goods,2023-02-27 08:30:00,Durable Goods Orders (MoM)  (Jan),Durable Goods Orders (MoM),-4.5,-4.0,-0.5
ism_manufacturing,2023-03-01 10:00:00,ISM Manufacturing PMI  (Feb),ISM Manufacturing PMI,47.7,48.0,-0.29999999999999716
ism_services,2023-03-03 10:00:00,ISM Non-Manufacturing PMI  (Feb),ISM Non-Manufacturing PMI,55.1,54.5,0.6000000000000014
nonfarm_payrolls,2023-03-10 08:30:00,Nonfarm Payrolls  (Feb),Nonfarm Payrolls,311000.0,205000.0,106000.0
unemployment_rate,2023-03-10 08:30:00,Unemployment Rate  (Feb),Unemployment Rate,3.6,3.4,0.20000000000000018
cpi,2023-03-14 08:30:00,CPI (YoY)  (Feb),CPI (YoY),6.0,6.0,0.0
ppi,2023-03-15 08:30:00,PPI (MoM)  (Feb),PPI (MoM),-0.1,0.3,-0.4
retail_sales,2023-03-15 08:30:00,Retail Sales (MoM)  (Feb),Retail Sales (MoM),-0.4,-0.3,-0.10000000000000003
building_permits,2023-03-16 08:30:00,Building Permits  (Feb),Building Permits,1524000.0,1340000.0,184000.0
housing_starts,2023-03-16 08:30:00,Housing Starts  (Feb),Housing Starts,1450000.0,1310000.0,140000.0
industrial_production,2023-03-17 09:15:00,Industrial Production (MoM)  (Feb),Industrial Production (MoM),0.0,0.2,-0.2
existing_home_sales,2023-03-21 10:00:00,Existing Home Sales,Existing Home Sales,4580000.0,4190000.000000001,389999.99999999907
new_home_sales,2023-03-23 10:00:00,New Home Sales  (Feb),New Home Sales,640000.0,650000.0,-10000.0
durable_goods,2023-03-24 08:30:00,Durable Goods Orders (MoM)  (Feb),Durable Goods Orders (MoM),-1.0,0.6,-1.6
pce_price_index,2023-03-31 08:30:00,PCE price index (MoM)  (Feb),PCE price index (MoM),0.3,0.3,0.0
real_pce,2023-03-31 08:30:00,Real Personal Consumption (MoM)  (Feb),Real Personal Consumption (MoM),-0.1,-0.1,0.0
ism_manufacturing,2023-04-03 10:00:00,ISM Manufacturing PMI  (Mar),ISM Manufacturing PMI,46.3,47.5,-1.2000000000000028
ism_services,2023-04-05 10:00:00,ISM Non-Manufacturing PMI  (Mar),ISM Non-Manufacturing PMI,51.2,54.5,-3.299999999999997
nonfarm_payrolls,2023-04-07 08:30:00,Nonfarm Payrolls  (Mar),Nonfarm Payrolls,236000.0,239000.0,-3000.0
unemployment_rate,2023-04-07 08:30:00,Unemployment Rate  (Mar),Unemployment Rate,3.5,3.6,-0.10000000000000009
cpi,2023-04-12 08:30:00,CPI (YoY)  (Mar),CPI (YoY),5.0,5.2,-0.20000000000000018
ppi,2023-04-13 08:30:00,PPI (MoM)  (Mar),PPI (MoM),-0.5,0.1,-0.6
retail_sales,2023-04-14 08:30:00,Retail Sales (MoM)  (Mar),Retail Sales (MoM),-1.0,-0.4,-0.6
industrial_production,2023-04-14 09:15:00,Industrial Production (MoM)  (Mar),Industrial Production (MoM),0.4,0.2,0.2
building_permits,2023-04-18 08:30:00,Building Permits  (Mar),Building Permits,1413000.0,1450000.0,-37000.0
housing_starts,2023-04-18 08:30:00,Housing Starts  (Mar),Housing Starts,1420000.0,1400000.0,20000.0
existing_home_sales,2023-04-20 10:00:00,Existing Home Sales  (Mar),Existing Home Sales,4440000.0,4500000.0,-60000.0
new_home_sales,2023-04-25 10:00:00,New Home Sales  (Mar),New Home Sales,683000.0,630000.0,53000.0
durable_goods,2023-04-26 08:30:00,Durable Goods Orders (MoM)  (Mar),Durable Goods Orders (MoM),3.2,0.7,2.5
real_gdp_advance,2023-04-27 08:30:00,GDP (QoQ)  (Q1),GDP (QoQ),1.1,2.0,-0.8999999999999999
pce_price_index,2023-04-28 08:30:00,PCE price index (MoM)  (Mar),PCE price index (MoM),0.1,0.1,0.0
real_pce,2023-04-28 08:30:00,Real Personal Consumption (MoM)  (Mar),Real Personal Consumption (MoM),0.0,-0.1,0.1
ism_manufacturing,2023-05-01 10:00:00,ISM Manufacturing PMI  (Apr),ISM Manufacturing PMI,47.1,46.8,0.30000000000000426
ism_services,2023-05-03 10:00:00,ISM Non-Manufacturing PMI  (Apr),ISM Non-Manufacturing PMI,51.9,51.8,0.10000000000000142
nonfarm_payrolls,2023-05-05 08:30:00,Nonfarm Payrolls  (Apr),Nonfarm Payrolls,253000.0,180000.0,73000.0
unemployment_rate,2023-05-05 08:30:00,Unemployment Rate  (Apr),Unemployment Rate,3.4,3.6,-0.20000000000000018
cpi,2023-05-10 08:30:00,CPI (YoY)  (Apr),CPI (YoY),4.9,5.0,-0.09999999999999964
ppi,2023-05-11 08:30:00,PPI (MoM)  (Apr),PPI (MoM),0.2,0.3,-0.09999999999999998
retail_sales,2023-05-16 08:30:00,Retail Sales (MoM)  (Apr),Retail Sales (MoM),0.4,0.8,-0.4
industrial_production,2023-05-16 09:15:00,Industrial Production (MoM)  (Apr),Industrial Production (MoM),0.5,-0.1,0.6
building_permits,2023-05-17 08:30:00,Building Permits  (Apr),Building Permits,1416000.0,1437000.0,-21000.0
housing_starts,2023-05-17 08:30:00,Housing Starts  (Apr),Housing Starts,1401000.0,1400000.0,1000.0
existing_home_sales,2023-05-18 10:00:00,Existing Home Sales  (Apr),Existing Home Sales,4280000.0,4300000.0,-20000.0
new_home_sales,2023-05-23 10:00:00,New Home Sales  (Apr),New Home Sales,683000.0,663000.0,20000.0
durable_goods,2023-05-26 08:30:00,Durable Goods Orders (MoM)  (Apr),Durable Goods Orders (MoM),1.1,-1.0,2.1
pce_price_index,2023-05-26 08:30:00,PCE price index (MoM)  (Apr),PCE price index (MoM),0.4,0.3,0.10000000000000003
real_pce,2023-05-26 08:30:00,Real Personal Consumption (MoM)  (Apr),Real Personal Consumption (MoM),0.5,0.3,0.2
ism_manufacturing,2023-06-01 10:00:00,ISM Manufacturing PMI  (May),ISM Manufacturing PMI,46.9,47.0,-0.10000000000000142
nonfarm_payrolls,2023-06-02 08:30:00,Nonfarm Payrolls  (May),Nonfarm Payrolls,339000.0,180000.0,159000.0
unemployment_rate,2023-06-02 08:30:00,Unemployment Rate  (May),Unemployment Rate,3.7,3.5,0.20000000000000018
ism_services,2023-06-05 10:00:00,ISM Non-Manufacturing PMI  (May),ISM Non-Manufacturing PMI,50.3,52.2,-1.9000000000000057
cpi,2023-06-13 08:30:00,CPI (YoY)  (May),CPI (YoY),4.0,4.1,-0.09999999999999964
ppi,2023-06-14 08:30:00,PPI (MoM)  (May),PPI (MoM),-0.3,-0.1,-0.19999999999999998
retail_sales,2023-06-15 08:30:00,Retail Sales (MoM)  (May),Retail Sales (MoM),0.3,-0.1,0.4
industrial_production,2023-06-15 09:15:00,Industrial Production (MoM)  (May),Industrial Production (MoM),-0.2,0.1,-0.30000000000000004
building_permits,2023-06-20 08:30:00,Building Permits  (May),Building Permits,1491000.0,1425000.0,66000.0
housing_starts,2023-06-20 08:30:00,Housing Starts  (May),Housing Starts,1631000.0,1400000.0,231000.0
existing_home_sales,2023-06-22 10:00:00,Existing Home Sales  (May),Existing Home Sales,4300000.0,4250000.0,50000.0
durable_goods,2023-06-27 08:30:00,Durable Goods Orders (MoM)  (May),Durable Goods Orders (MoM),1.7,-1.0,2.7
new_home_sales,2023-06-27 10:00:00,New Home Sales  (May),New Home Sales,763000.0,675000.0,88000.0
pce_price_index,2023-06-30 08:30:00,PCE price index (MoM)  (May),PCE price index (MoM),0.1,0.1,0.0
real_pce,2023-06-30 08:30:00,Real Personal Consumption (MoM)  (May),Real Personal Consumption (MoM),0.0,0.1,-0.1
ism_manufacturing,2023-07-03 10:00:00,ISM Manufacturing PMI  (Jun),ISM Manufacturing PMI,46.0,47.2,-1.2000000000000028
ism_services,2023-07-06 10:00:00,ISM Non-Manufacturing PMI  (Jun),ISM Non-Manufacturing PMI,53.9,51.0,2.8999999999999986
nonfarm_payrolls,2023-07-07 08:30:00,Nonfarm Payrolls  (Jun),Nonfarm Payrolls,209000.0,225000.0,-16000.0
unemployment_rate,2023-07-07 08:30:00,Unemployment Rate  (Jun),Unemployment Rate,3.6,3.6,0.0
cpi,2023-07-12 08:30:00,CPI (YoY)  (Jun),CPI (YoY),3.0,3.1,-0.10000000000000009
ppi,2023-07-13 08:30:00,PPI (MoM)  (Jun),PPI (MoM),0.1,0.2,-0.1
retail_sales,2023-07-18 08:30:00,Retail Sales (MoM)  (Jun),Retail Sales (MoM),0.2,0.5,-0.3
industrial_production,2023-07-18 09:15:00,Industrial Production (MoM)  (Jun),Industrial Production (MoM),-0.5,0.0,-0.5
building_permits,2023-07-19 08:30:00,Building Permits  (Jun),Building Permits,1440000.0,1490000.0,-50000.0
housing_starts,2023-07-19 08:30:00,Housing Starts  (Jun),Housing Starts,1434000.0,1480000.0,-46000.0
existing_home_sales,2023-07-20 10:00:00,Existing Home Sales  (Jun),Existing Home Sales,4160000.0,4200000.0,-40000.0
new_home_sales,2023-07-26 10:00:00,New Home Sales  (Jun),New Home Sales,697000.0,725000.0,-28000.0
durable_goods,2023-07-27 08:30:00,Durable Goods Orders (MoM)  (Jun),Durable Goods Orders (MoM),4.7,1.0,3.7
real_gdp_advance,2023-07-27 08:30:00,GDP (QoQ)  (Q2),GDP (QoQ),2.4,1.8,0.5999999999999999
pce_price_index,2023-07-28 08:30:00,PCE price index (MoM)  (Jun),PCE price index (MoM),0.2,0.2,0.0
real_pce,2023-07-28 08:30:00,Real Personal Consumption (MoM)  (Jun),Real Personal Consumption (MoM),0.4,0.2,0.2
ism_manufacturing,2023-08-01 10:00:00,ISM Manufacturing PMI  (Jul),ISM Manufacturing PMI,46.4,46.8,-0.3999999999999986
ism_services,2023-08-03 10:00:00,ISM Non-Manufacturing PMI  (Jul),ISM Non-Manufacturing PMI,52.7,53.0,-0.29999999999999716
nonfarm_payrolls,2023-08-04 08:30:00,Nonfarm Payrolls  (Jul),Nonfarm Payrolls,187000.0,200000.0,-13000.0
unemployment_rate,2023-08-04 08:30:00,Unemployment Rate  (Jul),Unemployment Rate,3.5,3.6,-0.10000000000000009
cpi,2023-08-10 08:30:00,CPI (YoY)  (Jul),CPI (YoY),3.2,3.3,-0.09999999999999964
ppi,2023-08-11 08:30:00,PPI (MoM)  (Jul),PPI (MoM),0.3,0.2,0.09999999999999998
retail_sales,2023-08-15 08:30:00,Retail Sales (MoM)  (Jul),Retail Sales (MoM),0.7,0.4,0.29999999999999993
building_permits,2023-08-16 08:30:00,Building Permits  (Jul),Building Permits,1442000.0,1463000.0,-21000.0
housing_starts,2023-08-16 08:30:00,Housing Starts  (Jul),Housing Starts,1452000.0,1448000.0,4000.0
industrial_production,2023-08-16 09:15:00,Industrial Production (MoM)  (Jul),Industrial Production (MoM),1.0,0.3,0.7
existing_home_sales,2023-08-22 10:00:00,Existing Home Sales  (Jul),Existing Home Sales,4070000.000000001,4150000.000000001,-80000.0
new_home_sales,2023-08-23 10:00:00,New Home Sales  (Jul),New Home Sales,714000.0,705000.0,9000.0
durable_goods,2023-08-24 08:30:00,Durable Goods Orders (MoM)  (Jul),Durable Goods Orders (MoM),-5.2,-4.0,-1.2000000000000002
pce_price_index,2023-08-31 08:30:00,PCE price index (MoM)  (Jul),PCE price index (MoM),0.2,0.2,0.0
real_pce,2023-08-31 08:30:00,Real Personal Consumption (MoM)  (Jul),Real Personal Consumption (MoM),0.6,0.4,0.19999999999999996
nonfarm_payrolls,2023-09-01 08:30:00,Nonfarm Payrolls  (Aug),Nonfarm Payrolls,187000.0,170000.0,17000.0
unemployment_rate,2023-09-01 08:30:00,Unemployment Rate  (Aug),Unemployment Rate,3.8,3.5,0.2999999999999998
ism_manufacturing,2023-09-01 10:00:00,ISM Manufacturing PMI  (Aug),ISM Manufacturing PMI,47.6,47.0,0.6000000000000014
ism_services,2023-09-06 10:00:00,ISM Non-Manufacturing PMI  (Aug),ISM Non-Manufacturing PMI,54.5,52.5,2.0
cpi,2023-09-13 08:30:00,CPI (YoY)  (Aug),CPI (YoY),3.7,3.6,0.10000000000000009
ppi,2023-09-14 08:30:00,PPI (MoM)  (Aug),PPI (MoM),0.7,0.4,0.29999999999999993
retail_sales,2023-09-14 08:30:00,Retail Sales (MoM)  (Aug),Retail Sales (MoM),0.6,0.2,0.39999999999999997
industrial_production,2023-09-15 09:15:00,Industrial Production (MoM)  (Aug),Industrial Production (MoM),0.4,0.1,0.30000000000000004
building_permits,2023-09-19 08:30:00,Building Permits  (Aug),Building Permits,1543000.0,1440000.0,103000.0
housing_starts,2023-09-19 08:30:00,Housing Starts  (Aug),Housing Starts,1283000.0,1440000.0,-157000.0
existing_home_sales,2023-09-21 10:00:00,Existing Home Sales  (Aug),Existing Home Sales,4040000.0,4100000.0,-60000.0
new_home_sales,2023-09-26 10:00:00,New Home Sales  (Aug),New Home Sales,675000.0,700000.0,-25000.0
durable_goods,2023-09-27 08:30:00,Durable Goods Orders (MoM)  (Aug),Durable Goods Orders (MoM),0.2,-0.5,0.7
pce_price_index,2023-09-29 08:30:00,PCE price index (MoM)  (Aug),PCE price index (MoM),0.4,0.5,-0.09999999999999998
real_pce,2023-09-29 08:30:00,Real Personal Consumption (MoM)  (Aug),Real Personal Consumption (MoM),0.1,0.0,0.1
ism_manufacturing,2023-10-02 10:00:00,ISM Manufacturing PMI  (Sep),ISM Manufacturing PMI,49.0,47.7,1.2999999999999972
ism_services,2023-10-04 10:00:00,ISM Non-Manufacturing PMI  (Sep),ISM Non-Manufacturing PMI,53.6,53.6,0.0
nonfarm_payrolls,2023-10-06 08:30:00,Nonfarm Payrolls  (Sep),Nonfarm Payrolls,336000.0,170000.0,166000.0
unemployment_rate,2023-10-06 08:30:00,Unemployment Rate  (Sep),Unemployment Rate,3.8,3.7,0.09999999999999964
ppi,2023-10-11 08:30:00,PPI (MoM)  (Sep),PPI (MoM),0.5,0.3,0.2
cpi,2023-10-12 08:30:00,CPI (YoY)  (Sep),CPI (YoY),3.7,3.6,0.10000000000000009
retail_sales,2023-10-17 08:30:00,Retail Sales (MoM)  (Sep),Retail Sales (MoM),0.7,0.3,0.39999999999999997
industrial_production,2023-10-17 09:15:00,Industrial Production (MoM)  (Sep),Industrial Production (MoM),0.3,0.1,0.19999999999999998
building_permits,2023-10-18 08:30:00,Building Permits  (Sep),Building Permits,1473000.0,1455000.0,18000.0
housing_starts,2023-10-18 08:30:00,Housing Starts  (Sep),Housing Starts,1358000.0,1380000.0,-22000.0
existing_home_sales,2023-10-19 10:00:00,Existing Home Sales  (Sep),Existing Home Sales,3960000.0,3890000.0,70000.0
new_home_sales,2023-10-25 10:00:00,New Home Sales  (Sep),New Home Sales,759000.0,680000.0,79000.0
durable_goods,2023-10-26 08:30:00,Durable Goods Orders (MoM)  (Sep),Durable Goods Orders (MoM),4.7,1.7,3.0
real_gdp_advance,2023-10-26 08:30:00,GDP (QoQ)  (Q3),GDP (QoQ),4.9,4.3,0.6000000000000005
pce_price_index,2023-10-27 08:30:00,PCE price index (MoM)  (Sep),PCE price index (MoM),0.4,0.3,0.10000000000000003
real_pce,2023-10-27 08:30:00,Real Personal Consumption (MoM)  (Sep),Real Personal Consumption (MoM),0.4,0.3,0.10000000000000003
ism_manufacturing,2023-11-01 10:00:00,ISM Manufacturing PMI  (Oct),ISM Manufacturing PMI,46.7,49.0,-2.299999999999997
nonfarm_payrolls,2023-11-03 08:30:00,Nonfarm Payrolls  (Oct),Nonfarm Payrolls,150000.0,180000.0,-30000.0
unemployment_rate,2023-11-03 08:30:00,Unemployment Rate  (Oct),Unemployment Rate,3.9,3.8,0.10000000000000009
ism_services,2023-11-03 10:00:00,ISM Non-Manufacturing PMI  (Oct),ISM Non-Manufacturing PMI,51.8,53.0,-1.2000000000000028
cpi,2023-11-14 08:30:00,CPI (YoY)  (Oct),CPI (YoY),3.2,3.3,-0.09999999999999964
ppi,2023-11-15 08:30:00,PPI (MoM)  (Oct),PPI (MoM),-0.5,0.1,-0.6
retail_sales,2023-11-15 08:30:00,Retail Sales (MoM)  (Oct),Retail Sales (MoM),-0.1,-0.3,0.19999999999999998
industrial_production,2023-11-16 09:15:00,Industrial Production (MoM)  (Oct),Industrial Production (MoM),-0.6,-0.3,-0.3
building_permits,2023-11-17 08:30:00,Building Permits  (Oct),Building Permits,1487000.0,1450000.0,37000.0
housing_starts,2023-11-17 08:30:00,Housing Starts  (Oct),Housing Starts,1372000.0,1345000.0,27000.0
existing_home_sales,2023-11-21 10:00:00,Existing Home Sales  (Oct),Existing Home Sales,3790000.0,3900000.0,-110000.0
durable_goods,2023-11-22 08:30:00,Durable Goods Orders (MoM)  (Oct),Durable Goods Orders (MoM),-5.4,-3.1,-2.3000000000000003
new_home_sales,2023-11-27 10:00:00,New Home Sales  (Oct),New Home Sales,679000.0,721000.0,-42000.0
pce_price_index,2023-11-30 08:30:00,PCE price index (MoM)  (Oct),PCE price index (MoM),0.0,0.1,-0.1
real_pce,2023-11-30 08:30:00,Real Personal Consumption (MoM)  (Oct),Real Personal Consumption (MoM),0.2,0.1,0.1
ism_manufacturing,2023-12-01 10:00:00,ISM Manufacturing PMI  (Nov),ISM Manufacturing PMI,46.7,47.6,-0.8999999999999986
ism_services,2023-12-05 10:00:00,ISM Non-Manufacturing PMI  (Nov),ISM Non-Manufacturing PMI,52.7,52.0,0.7000000000000028
nonfarm_payrolls,2023-12-08 08:30:00,Nonfarm Payrolls  (Nov),Nonfarm Payrolls,199000.0,180000.0,19000.0
unemployment_rate,2023-12-08 08:30:00,Unemployment Rate  (Nov),Unemployment Rate,3.7,3.9,-0.19999999999999973
cpi,2023-12-12 08:30:00,CPI (YoY)  (Nov),CPI (YoY),3.1,3.1,0.0
ppi,2023-12-13 08:30:00,PPI (MoM)  (Nov),PPI (MoM),0.0,0.1,-0.1
retail_sales,2023-12-14 08:30:00,Retail Sales (MoM)  (Nov),Retail Sales (MoM),0.3,-0.1,0.4
industrial_production,2023-12-15 09:15:00,Industrial Production (MoM)  (Nov),Industrial Production (MoM),0.2,0.3,-0.09999999999999998
building_permits,2023-12-19 08:30:00,Building Permits  (Nov),Building Permits,1460000.0,1470000.0,-10000.0
housing_starts,2023-12-19 08:30:00,Housing Starts  (Nov),Housing Starts,1560000.0,1360000.0,200000.0
existing_home_sales,2023-12-20 10:00:00,Existing Home Sales  (Nov),Existing Home Sales,3820000.0,3780000.0,40000.0
durable_goods,2023-12-22 08:30:00,Durable Goods Orders (MoM)  (Nov),Durable Goods Orders (MoM),5.4,1.7,3.7
pce_price_index,2023-12-22 08:30:00,PCE price index (MoM)  (Nov),PCE price index (MoM),-0.1,0.0,-0.1
real_pce,2023-12-22 08:30:00,Real Personal Consumption (MoM)  (Nov),Real Personal Consumption (MoM),0.3,0.3,0.0
new_home_sales,2023-12-22 10:00:00,New Home Sales  (Nov),New Home Sales,590000.0,695000.0,-105000.0
ism_manufacturing,2024-01-03 10:00:00,ISM Manufacturing PMI  (Dec),ISM Manufacturing PMI,47.4,47.1,0.29999999999999716
nonfarm_payrolls,2024-01-05 08:30:00,Nonfarm Payrolls  (Dec),Nonfarm Payrolls,216000.0,170000.0,46000.0
unemployment_rate,2024-01-05 08:30:00,Unemployment Rate  (Dec),Unemployment Rate,3.7,3.8,-0.09999999999999964
ism_services,2024-01-05 10:00:00,ISM Non-Manufacturing PMI  (Dec),ISM Non-Manufacturing PMI,50.6,52.6,-2.0
cpi,2024-01-11 08:30:00,CPI (YoY)  (Dec),CPI (YoY),3.4,3.2,0.19999999999999973
ppi,2024-01-12 08:30:00,PPI (MoM)  (Dec),PPI (MoM),-0.1,0.1,-0.2
retail_sales,2024-01-17 08:30:00,Retail Sales (MoM)  (Dec),Retail Sales (MoM),0.6,0.4,0.19999999999999996
industrial_production,2024-01-17 09:15:00,Industrial Production (MoM)  (Dec),Industrial Production (MoM),0.1,0.0,0.1
building_permits,2024-01-18 08:30:00,Building Permits  (Dec),Building Permits,1495000.0,1480000.0,15000.0
housing_starts,2024-01-18 08:30:00,Housing Starts  (Dec),Housing Starts,1460000.0,1426000.0,34000.0
existing_home_sales,2024-01-19 10:00:00,Existing Home Sales  (Dec),Existing Home Sales,3780000.0,3820000.0,-40000.0
durable_goods,2024-01-25 08:30:00,Durable Goods Orders (MoM)  (Dec),Durable Goods Orders (MoM),0.0,1.1,-1.1
real_gdp_advance,2024-01-25 08:30:00,GDP (QoQ)  (Q4),GDP (QoQ),3.3,2.0,1.2999999999999998
new_home_sales,2024-01-25 10:00:00,New Home Sales  (Dec),New Home Sales,664000.0,645000.0,19000.0
pce_price_index,2024-01-26 08:30:00,PCE price index (MoM)  (Dec),PCE price index (MoM),0.2,0.2,0.0
real_pce,2024-01-26 08:30:00,Real Personal Consumption (MoM)  (Dec),Real Personal Consumption (MoM),0.5,0.3,0.2
ism_manufacturing,2024-02-01 10:00:00,ISM Manufacturing PMI  (Jan),ISM Manufacturing PMI,49.1,47.2,1.8999999999999986
nonfarm_payrolls,2024-02-02 08:30:00,Nonfarm Payrolls  (Jan),Nonfarm Payrolls,353000.0,187000.0,166000.0
unemployment_rate,2024-02-02 08:30:00,Unemployment Rate  (Jan),Unemployment Rate,3.7,3.8,-0.09999999999999964
ism_services,2024-02-05 10:00:00,ISM Non-Manufacturing PMI  (Jan),ISM Non-Manufacturing PMI,53.4,52.0,1.3999999999999986
cpi,2024-02-13 08:30:00,CPI (YoY)  (Jan),CPI (YoY),3.1,2.9,0.20000000000000018
retail_sales,2024-02-15 08:30:00,Retail Sales (MoM)  (Jan),Retail Sales (MoM),-0.8,-0.2,-0.6000000000000001
industrial_production,2024-02-15 09:15:00,Industrial Production (MoM)  (Jan),Industrial Production (MoM),-0.1,0.2,-0.30000000000000004
building_permits,2024-02-16 08:30:00,Building Permits  (Jan),Building Permits,1470000.0,1509000.0,-39000.0
housing_starts,2024-02-16 08:30:00,Housing Starts  (Jan),Housing Starts,1331000.0,1450000.0,-119000.0
ppi,2024-02-16 08:30:00,PPI (MoM)  (Jan),PPI (MoM),0.3,0.1,0.19999999999999998
existing_home_sales,2024-02-22 10:00:00,Existing Home Sales  (Jan),Existing Home Sales,4000000.0,3960000.0,40000.0
new_home_sales,2024-02-26 10:00:00,New Home Sales  (Jan),New Home Sales,661000.0,680000.0,-19000.0
durable_goods,2024-02-27 08:30:00,Durable Goods Orders (MoM)  (Jan),Durable Goods Orders (MoM),-6.1,-4.9,-1.1999999999999993
pce_price_index,2024-02-29 08:30:00,PCE price index (MoM)  (Jan),PCE price index (MoM),0.3,0.3,0.0
real_pce,2024-02-29 08:30:00,Real Personal Consumption (MoM)  (Jan),Real Personal Consumption (MoM),-0.1,-0.1,0.0
ism_manufacturing,2024-03-01 10:00:00,ISM Manufacturing PMI  (Feb),ISM Manufacturing PMI,47.8,49.5,-1.7000000000000028
ism_services,2024-03-05 10:00:00,ISM Non-Manufacturing PMI  (Feb),ISM Non-Manufacturing PMI,52.6,53.0,-0.3999999999999986
nonfarm_payrolls,2024-03-08 08:30:00,Nonfarm Payrolls  (Feb),Nonfarm Payrolls,275000.0,198000.0,77000.0
unemployment_rate,2024-03-08 08:30:00,Unemployment Rate  (Feb),Unemployment Rate,3.9,3.7,0.19999999999999973
cpi,2024-03-12 08:30:00,CPI (YoY)  (Feb),CPI (YoY),3.2,3.1,0.10000000000000009
ppi,2024-03-14 08:30:00,PPI (MoM)  (Feb),PPI (MoM),0.6,0.3,0.3
retail_sales,2024-03-14 08:30:00,Retail Sales (MoM)  (Feb),Retail Sales (MoM),0.6,0.8,-0.20000000000000007
industrial_production,2024-03-15 09:15:00,Industrial Production (MoM)  (Feb),Industrial Production (MoM),0.1,0.0,0.1
building_permits,2024-03-19 08:30:00,Building Permits  (Feb),Building Permits,1518000.0,1500000.0,18000.0
housing_starts,2024-03-19 08:30:00,Housing Starts  (Feb),Housing Starts,1521000.0,1430000.0,91000.0
existing_home_sales,2024-03-21 10:00:00,Existing Home Sales  (Feb),Existing Home Sales,4380000.0,3950000.0,430000.0
new_home_sales,2024-03-25 10:00:00,New Home Sales  (Feb),New Home Sales,662000.0,675000.0,-13000.0
durable_goods,2024-03-26 08:30:00,Durable Goods Orders (MoM)  (Feb),Durable Goods Orders (MoM),1.4,1.2,0.19999999999999996
pce_price_index,2024-03-29 08:30:00,PCE price index (MoM)  (Feb),PCE price index (MoM),0.3,0.4,-0.10000000000000003
real_pce,2024-03-29 08:30:00,Real Personal Consumption (MoM)  (Feb),Real Personal Consumption (MoM),0.4,0.1,0.30000000000000004
ism_manufacturing,2024-04-01 10:00:00,ISM Manufacturing PMI  (Mar),ISM Manufacturing PMI,50.3,48.5,1.7999999999999972
ism_services,2024-04-03 10:00:00,ISM Non-Manufacturing PMI  (Mar),ISM Non-Manufacturing PMI,51.4,52.8,-1.3999999999999986
nonfarm_payrolls,2024-04-05 08:30:00,Nonfarm Payrolls  (Mar),Nonfarm Payrolls,303000.0,212000.0,91000.0
unemployment_rate,2024-04-05 08:30:00,Unemployment Rate  (Mar),Unemployment Rate,3.8,3.9,-0.10000000000000009
cpi,2024-04-10 08:30:00,CPI (YoY)  (Mar),CPI (YoY),3.5,3.4,0.10000000000000009
ppi,2024-04-11 08:30:00,PPI (MoM)  (Mar),PPI (MoM),0.2,0.3,-0.09999999999999998
retail_sales,2024-04-15 08:30:00,Retail Sales (MoM)  (Mar),Retail Sales (MoM),0.7,0.4,0.29999999999999993
building_permits,2024-04-16 08:30:00,Building Permits  (Mar),Building Permits,1458000.0,1514000.0,-56000.0
housing_starts,2024-04-16 08:30:00,Housing Starts  (Mar),Housing Starts,1321000.0,1480000.0,-159000.0
industrial_production,2024-04-16 09:15:00,Industrial Production (MoM)  (Mar),Industrial Production (MoM),0.4,0.4,0.0
existing_home_sales,2024-04-18 10:00:00,Existing Home Sales  (Mar),Existing Home Sales,4190000.000000001,4200000.0,-9999.999999999069
new_home_sales,2024-04-23 10:00:00,New Home Sales  (Mar),New Home Sales,693000.0,668000.0,25000.0
durable_goods,2024-04-24 08:30:00,Durable Goods Orders (MoM)  (Mar),Durable Goods Orders (MoM),2.6,2.5,0.10000000000000009
real_gdp_advance,2024-04-25 08:30:00,GDP (QoQ)  (Q1),GDP (QoQ),1.6,2.5,-0.8999999999999999
pce_price_index,2024-04-26 08:30:00,PCE price index (MoM)  (Mar),PCE price index (MoM),0.3,0.3,0.0
real_pce,2024-04-26 08:30:00,Real Personal Consumption (MoM)  (Mar),Real Personal Consumption (MoM),0.5,0.3,0.2
ism_manufacturing,2024-05-01 10:00:00,ISM Manufacturing PMI  (Apr),ISM Manufacturing PMI,49.2,50.0,-0.7999999999999972
nonfarm_payrolls,2024-05-03 08:30:00,Nonfarm Payrolls  (Apr),Nonfarm Payrolls,175000.0,238000.0,-63000.0
unemployment_rate,2024-05-03 08:30:00,Unemployment Rate  (Apr),Unemployment Rate,3.9,3.8,0.10000000000000009
ism_services,2024-05-03 10:00:00,ISM Non-Manufacturing PMI  (Apr),ISM Non-Manufacturing PMI,49.4,52.0,-2.6000000000000014
ppi,2024-05-14 08:30:00,PPI (MoM)  (Apr),PPI (MoM),0.5,0.3,0.2
cpi,2024-05-15 08:30:00,CPI (YoY)  (Apr),CPI (YoY),3.4,3.4,0.0
retail_sales,2024-05-15 08:30:00,Retail Sales (MoM)  (Apr),Retail Sales (MoM),0.0,0.4,-0.4
building_permits,2024-05-16 08:30:00,Building Permits  (Apr),Building Permits,1440000.0,1480000.0,-40000.0
housing_starts,2024-05-16 08:30:00,Housing Starts  (Apr),Housing Starts,1360000.0,1420000.0,-60000.0
industrial_production,2024-05-16 09:15:00,Industrial Production (MoM)  (Apr),Industrial Production (MoM),0.0,0.1,-0.1
existing_home_sales,2024-05-22 10:00:00,Existing Home Sales  (Apr),Existing Home Sales,4140000.0,4210000.0,-70000.0
new_home_sales,2024-05-23 10:00:00,New Home Sales  (Apr),New Home Sales,634000.0,677000.0,-43000.0
durable_goods,2024-05-24 08:30:00,Durable Goods Orders (MoM)  (Apr),Durable Goods Orders (MoM),0.7,-0.9,1.6
pce_price_index,2024-05-31 08:30:00,PCE price index (MoM)  (Apr),PCE price index (MoM),0.3,0.3,0.0
real_pce,2024-05-31 08:30:00,Real Personal Consumption (MoM)  (Apr),Real Personal Consumption (MoM),-0.1,0.1,-0.2
ism_manufacturing,2024-06-03 10:00:00,ISM Manufacturing PMI  (May),ISM Manufacturing PMI,48.7,49.8,-1.0999999999999943
ism_services,2024-06-05 10:00:00,ISM Non-Manufacturing PMI  (May),ISM Non-Manufacturing PMI,53.8,51.0,2.799999999999997
nonfarm_payrolls,2024-06-07 08:30:00,Nonfarm Payrolls  (May),Nonfarm Payrolls,272000.0,182000.0,90000.0
unemployment_rate,2024-06-07 08:30:00,Unemployment Rate  (May),Unemployment Rate,4.0,3.9,0.10000000000000009
cpi,2024-06-12 08:30:00,CPI (YoY)  (May),CPI (YoY),3.3,3.4,-0.10000000000000009
ppi,2024-06-13 08:30:00,PPI (MoM)  (May),PPI (MoM),-0.2,0.1,-0.30000000000000004
retail_sales,2024-06-18 08:30:00,Retail Sales (MoM)  (May),Retail Sales (MoM),0.1,0.3,-0.19999999999999998
industrial_production,2024-06-18 09:15:00,Industrial Production (MoM)  (May),Industrial Production (MoM),0.9,0.3,0.6000000000000001
building_permits,2024-06-20 08:30:00,Building Permits  (May),Building Permits,1386000.0,1450000.0,-64000.0
housing_starts,2024-06-20 08:30:00,Housing Starts  (May),Housing Starts,1277000.0,1370000.0,-93000.0
existing_home_sales,2024-06-21 10:00:00,Existing Home Sales  (May),Existing Home Sales,4110000.000000001,4080000.0,30000.00000000093
new_home_sales,2024-06-26 10:00:00,New Home Sales  (May),New Home Sales,619000.0,636000.0,-17000.0
durable_goods,2024-06-27 08:30:00,Durable Goods Orders (MoM)  (May),Durable Goods Orders (MoM),0.1,-0.5,0.6
pce_price_index,2024-06-28 08:30:00,PCE price index (MoM)  (May),PCE price index (MoM),0.0,0.0,0.0
real_pce,2024-06-28 08:30:00,Real Personal Consumption (MoM)  (May),Real Personal Consumption (MoM),0.3,0.3,0.0
ism_manufacturing,2024-07-01 10:00:00,ISM Manufacturing PMI  (Jun),ISM Manufacturing PMI,48.5,49.2,-0.7000000000000028
ism_services,2024-07-03 10:00:00,ISM Non-Manufacturing PMI  (Jun),ISM Non-Manufacturing PMI,48.8,52.6,-3.8000000000000043
nonfarm_payrolls,2024-07-05 08:30:00,Nonfarm Payrolls  (Jun),Nonfarm Payrolls,206000.0,191000.0,15000.0
unemployment_rate,2024-07-05 08:30:00,Unemployment Rate  (Jun),Unemployment Rate,4.1,4.0,0.09999999999999964
cpi,2024-07-11 08:30:00,CPI (YoY)  (Jun),CPI (YoY),3.0,3.1,-0.10000000000000009
ppi,2024-07-12 08:30:00,PPI (MoM)  (Jun),PPI (MoM),0.2,0.1,0.1
retail_sales,2024-07-16 08:30:00,Retail Sales (MoM)  (Jun),Retail Sales (MoM),0.0,-0.3,0.3
building_permits,2024-07-17 08:30:00,Building Permits  (Jun),Building Permits,1446000.0,1400000.0,46000.0
housing_starts,2024-07-17 08:30:00,Housing Starts  (Jun),Housing Starts,1353000.0,1300000.0,53000.0
industrial_production,2024-07-17 09:15:00,Industrial Production (MoM)  (Jun),Industrial Production (MoM),0.6,0.3,0.3
existing_home_sales,2024-07-23 10:00:00,Existing Home Sales  (Jun),Existing Home Sales,3890000.0,3990000.0,-100000.0
new_home_sales,2024-07-24 10:00:00,New Home Sales  (Jun),New Home Sales,617000.0,639000.0,-22000.0
durable_goods,2024-07-25 08:30:00,Durable Goods Orders (MoM)  (Jun),Durable Goods Orders (MoM),-6.6,0.3,-6.8999999999999995
real_gdp_advance,2024-07-25 08:30:00,GDP (QoQ)  (Q2),GDP (QoQ),2.8,2.0,0.7999999999999998
pce_price_index,2024-07-26 08:30:00,PCE price index (MoM)  (Jun),PCE price index (MoM),0.1,0.1,0.0
real_pce,2024-07-26 08:30:00,Real Personal Consumption (MoM)  (Jun),Real Personal Consumption (MoM),0.2,0.3,-0.09999999999999998
ism_manufacturing,2024-08-01 10:00:00,ISM Manufacturing PMI  (Jul),ISM Manufacturing PMI,46.8,48.8,-2.0
nonfarm_payrolls,2024-08-02 08:30:00,Nonfarm Payrolls  (Jul),Nonfarm Payrolls,114000.0,176000.0,-62000.0
unemployment_rate,2024-08-02 08:30:00,Unemployment Rate  (Jul),Unemployment Rate,4.3,4.1,0.20000000000000018
ism_services,2024-08-05 10:00:00,ISM Non-Manufacturing PMI  (Jul),ISM Non-Manufacturing PMI,51.4,51.4,0.0
ppi,2024-08-13 08:30:00,PPI (MoM)  (Jul),PPI (MoM),0.1,0.2,-0.1
cpi,2024-08-14 08:30:00,CPI (YoY)  (Jul),CPI (YoY),2.9,3.0,-0.10000000000000009
retail_sales,2024-08-15 08:30:00,Retail Sales (MoM)  (Jul),Retail Sales (MoM),1.0,0.4,0.6
industrial_production,2024-08-15 09:15:00,Industrial Production (MoM)  (Jul),Industrial Production (MoM),-0.6,-0.3,-0.3
building_permits,2024-08-16 08:30:00,Building Permits  (Jul),Building Permits,1396000.0,1430000.0,-34000.0
housing_starts,2024-08-16 08:30:00,Housing Starts  (Jul),Housing Starts,1238000.0,1340000.0,-102000.0
existing_home_sales,2024-08-22 10:00:00,Existing Home Sales  (Jul),Existing Home Sales,3950000.0,3940000.0,10000.0
new_home_sales,2024-08-23 10:00:00,New Home Sales  (Jul),New Home Sales,739000.0,624000.0,115000.0
durable_goods,2024-08-26 08:30:00,Durable Goods Orders (MoM)  (Jul),Durable Goods Orders (MoM),9.9,4.0,5.9
pce_price_index,2024-08-30 08:30:00,PCE price index (MoM)  (Jul),PCE price index (MoM),0.2,0.2,0.0
real_pce,2024-08-30 08:30:00,Real Personal Consumption (MoM)  (Jul),Real Personal Consumption (MoM),0.4,0.3,0.10000000000000003
ism_manufacturing,2024-09-03 10:00:00,ISM Manufacturing PMI  (Aug),ISM Manufacturing PMI,47.2,47.5,-0.29999999999999716
ism_services,2024-09-05 10:00:00,ISM Non-Manufacturing PMI  (Aug),ISM Non-Manufacturing PMI,51.5,51.3,0.20000000000000284
nonfarm_payrolls,2024-09-06 08:30:00,Nonfarm Payrolls  (Aug),Nonfarm Payrolls,142000.0,164000.0,-22000.0
unemployment_rate,2024-09-06 08:30:00,Unemployment Rate  (Aug),Unemployment Rate,4.2,4.2,0.0
cpi,2024-09-11 08:30:00,CPI (YoY)  (Aug),CPI (YoY),2.5,2.5,0.0
ppi,2024-09-12 08:30:00,PPI (MoM)  (Aug),PPI (MoM),0.2,0.1,0.1
retail_sales,2024-09-17 08:30:00,Retail Sales (MoM)  (Aug),Retail Sales (MoM),0.1,-0.2,0.30000000000000004
industrial_production,2024-09-17 09:15:00,Industrial Production (MoM)  (Aug),Industrial Production (MoM),0.8,0.2,0.6000000000000001
building_permits,2024-09-18 08:30:00,Building Permits  (Aug),Building Permits,1475000.0,1410000.0,65000.0
housing_starts,2024-09-18 08:30:00,Housing Starts  (Aug),Housing Starts,1356000.0,1310000.0,46000.0
existing_home_sales,2024-09-19 10:00:00,Existing Home Sales  (Aug),Existing Home Sales,3860000.0,3920000.0,-60000.0
new_home_sales,2024-09-25 10:00:00,New Home Sales  (Aug),New Home Sales,716000.0,699000.0,17000.0
durable_goods,2024-09-26 08:30:00,Durable Goods Orders (MoM)  (Aug),Durable Goods Orders (MoM),0.0,-2.8,2.8
pce_price_index,2024-09-27 08:30:00,PCE price index (MoM)  (Aug),PCE price index (MoM),0.1,0.1,0.0
real_pce,2024-09-27 08:30:00,Real Personal Consumption (MoM)  (Aug),Real Personal Consumption (MoM),0.1,0.1,0.0
ism_manufacturing,2024-10-01 10:00:00,ISM Manufacturing PMI  (Sep),ISM Manufacturing PMI,47.2,47.6,-0.3999999999999986
ism_services,2024-10-03 10:00:00,ISM Non-Manufacturing PMI  (Sep),ISM Non-Manufacturing PMI,54.9,51.7,3.1999999999999957
nonfarm_payrolls,2024-10-04 08:30:00,Nonfarm Payrolls  (Sep),Nonfarm Payrolls,254000.0,147000.0,107000.0
unemployment_rate,2024-10-04 08:30:00,Unemployment Rate  (Sep),Unemployment Rate,4.1,4.2,-0.10000000000000053
cpi,2024-10-10 08:30:00,CPI (YoY)  (Sep),CPI (YoY),2.4,2.3,0.10000000000000009
ppi,2024-10-11 08:30:00,PPI (MoM)  (Sep),PPI (MoM),0.0,0.1,-0.1
retail_sales,2024-10-17 08:30:00,Retail Sales (MoM)  (Sep),Retail Sales (MoM),0.4,0.3,0.10000000000000003
industrial_production,2024-10-17 09:15:00,Industrial Production (MoM)  (Sep),Industrial Production (MoM),-0.3,-0.1,-0.19999999999999998
building_permits,2024-10-18 08:30:00,Building Permits  (Sep),Building Permits,1428000.0,1450000.0,-22000.0
housing_starts,2024-10-18 08:30:00,Housing Starts  (Sep),Housing Starts,1354000.0,1350000.0,4000.0
existing_home_sales,2024-10-23 10:00:00,Existing Home Sales  (Sep),Existing Home Sales,3840000.0,3880000.0,-40000.0
new_home_sales,2024-10-24 10:00:00,New Home Sales  (Sep),New Home Sales,738000.0,719000.0,19000.0
durable_goods,2024-10-25 08:30:00,Durable Goods Orders (MoM)  (Sep),Durable Goods Orders (MoM),-0.8,-1.1,0.30000000000000004
real_gdp_advance,2024-10-30 08:30:00,GDP (QoQ)  (Q3),GDP (QoQ),2.8,3.0,-0.20000000000000018
pce_price_index,2024-10-31 08:30:00,PCE price index (MoM)  (Sep),PCE price index (MoM),0.2,0.2,0.0
real_pce,2024-10-31 08:30:00,Real Personal Consumption (MoM)  (Sep),Real Personal Consumption (MoM),0.4,0.3,0.10000000000000003
nonfarm_payrolls,2024-11-01 08:30:00,Nonfarm Payrolls  (Oct),Nonfarm Payrolls,12000.0,106000.0,-94000.0
unemployment_rate,2024-11-01 08:30:00,Unemployment Rate  (Oct),Unemployment Rate,4.1,4.1,0.0
ism_manufacturing,2024-11-01 10:00:00,ISM Manufacturing PMI  (Oct),ISM Manufacturing PMI,46.5,47.6,-1.1000000000000014
ism_services,2024-11-05 10:00:00,ISM Non-Manufacturing PMI  (Oct),ISM Non-Manufacturing PMI,56.0,53.8,2.200000000000003
cpi,2024-11-13 08:30:00,CPI (YoY)  (Oct),CPI (YoY),2.6,2.6,0.0
ppi,2024-11-14 08:30:00,PPI (MoM)  (Oct),PPI (MoM),0.2,0.2,0.0
retail_sales,2024-11-15 08:30:00,Retail Sales (MoM)  (Oct),Retail Sales (MoM),0.4,0.3,0.10000000000000003
industrial_production,2024-11-15 09:15:00,Industrial Production (MoM)  (Oct),Industrial Production (MoM),-0.3,-0.3,0.0
building_permits,2024-11-19 08:30:00,Building Permits  (Oct),Building Permits,1416000.0,1440000.0,-24000.0
housing_starts,2024-11-19 08:30:00,Housing Starts  (Oct),Housing Starts,1311000.0,1340000.0,-29000.0
existing_home_sales,2024-11-21 10:00:00,Existing Home Sales  (Oct),Existing Home Sales,3960000.0,3950000.0,10000.0
new_home_sales,2024-11-26 10:00:00,New Home Sales  (Oct),New Home Sales,610000.0,725000.0,-115000.0
durable_goods,2024-11-27 08:30:00,Durable Goods Orders (MoM)  (Oct),Durable Goods Orders (MoM),0.2,-0.8,1.0
pce_price_index,2024-11-27 10:00:00,PCE price index (MoM)  (Oct),PCE price index (MoM),0.2,0.2,0.0
real_pce,2024-11-27 10:00:00,Real Personal Consumption (MoM)  (Oct),Real Personal Consumption (MoM),0.1,0.2,-0.1
ism_manufacturing,2024-12-02 10:00:00,ISM Manufacturing PMI  (Nov),ISM Manufacturing PMI,48.4,47.7,0.6999999999999957
ism_services,2024-12-04 10:00:00,ISM Non-Manufacturing PMI  (Nov),ISM Non-Manufacturing PMI,52.1,55.5,-3.3999999999999986
nonfarm_payrolls,2024-12-06 08:30:00,Nonfarm Payrolls  (Nov),Nonfarm Payrolls,227000.0,202000.0,25000.0
unemployment_rate,2024-12-06 08:30:00,Unemployment Rate  (Nov),Unemployment Rate,4.2,4.2,0.0
cpi,2024-12-11 08:30:00,CPI (YoY)  (Nov),CPI (YoY),2.7,2.7,0.0
ppi,2024-12-12 08:30:00,PPI (MoM)  (Nov),PPI (MoM),0.4,0.2,0.2
retail_sales,2024-12-17 08:30:00,Retail Sales (MoM)  (Nov),Retail Sales (MoM),0.7,0.6,0.09999999999999998
industrial_production,2024-12-17 09:15:00,Industrial Production (MoM)  (Nov),Industrial Production (MoM),-0.1,0.3,-0.4
building_permits,2024-12-18 08:30:00,Building Permits  (Nov),Building Permits,1505000.0,1430000.0,75000.0
housing_starts,2024-12-18 08:30:00,Housing Starts  (Nov),Housing Starts,1289000.0,1350000.0,-61000.0
existing_home_sales,2024-12-19 10:00:00,Existing Home Sales  (Nov),Existing Home Sales,4150000.000000001,4090000.0,60000.00000000093
pce_price_index,2024-12-20 08:30:00,PCE price index (MoM)  (Nov),PCE price index (MoM),0.1,0.2,-0.1
real_pce,2024-12-20 08:30:00,Real Personal Consumption (MoM)  (Nov),Real Personal Consumption (MoM),0.3,0.3,0.0
durable_goods,2024-12-23 08:30:00,Durable Goods Orders (MoM)  (Nov),Durable Goods Orders (MoM),-1.1,-0.3,-0.8
new_home_sales,2024-12-23 10:00:00,New Home Sales  (Nov),New Home Sales,664000.0,666000.0,-2000.0
ism_manufacturing,2025-01-03 10:00:00,ISM Manufacturing PMI  (Dec),ISM Manufacturing PMI,49.3,48.2,1.0999999999999943
ism_services,2025-01-07 10:00:00,ISM Non-Manufacturing PMI  (Dec),ISM Non-Manufacturing PMI,54.1,53.5,0.6000000000000014
nonfarm_payrolls,2025-01-10 08:30:00,Nonfarm Payrolls  (Dec),Nonfarm Payrolls,256000.0,164000.0,92000.0
unemployment_rate,2025-01-10 08:30:00,Unemployment Rate  (Dec),Unemployment Rate,4.1,4.2,-0.10000000000000053
ppi,2025-01-14 08:30:00,PPI (MoM)  (Dec),PPI (MoM),0.2,0.4,-0.2
cpi,2025-01-15 08:30:00,CPI (YoY)  (Dec),CPI (YoY),2.9,2.9,0.0
retail_sales,2025-01-16 08:30:00,Retail Sales (MoM)  (Dec),Retail Sales (MoM),0.4,0.6,-0.19999999999999996
building_permits,2025-01-17 08:30:00,Building Permits  (Dec),Building Permits,1483000.0,1460000.0,23000.0
housing_starts,2025-01-17 08:30:00,Housing Starts  (Dec),Housing Starts,1499000.0,1330000.0,169000.0
industrial_production,2025-01-17 09:15:00,Industrial Production (MoM)  (Dec),Industrial Production (MoM),0.9,0.3,0.6000000000000001
existing_home_sales,2025-01-24 10:00:00,Existing Home Sales  (Dec),Existing Home Sales,4240000.0,4190000.000000001,49999.99999999907
new_home_sales,2025-01-27 10:00:00,New Home Sales  (Dec),New Home Sales,698000.0,669000.0,29000.0
durable_goods,2025-01-28 08:30:00,Durable Goods Orders (MoM)  (Dec),Durable Goods Orders (MoM),-2.2,0.3,-2.5
real_gdp_advance,2025-01-30 08:30:00,GDP (QoQ)  (Q4),GDP (QoQ),2.3,2.7,-0.40000000000000036
pce_price_index,2025-01-31 08:30:00,PCE price index (MoM)  (Dec),PCE price index (MoM),0.3,0.3,0.0
real_pce,2025-01-31 08:30:00,Real Personal Consumption (MoM)  (Dec),Real Personal Consumption (MoM),0.4,0.3,0.10000000000000003
ism_manufacturing,2025-02-03 10:00:00,ISM Manufacturing PMI  (Jan),ISM Manufacturing PMI,50.9,49.3,1.6000000000000014
ism_services,2025-02-05 10:00:00,ISM Non-Manufacturing PMI  (Jan),ISM Non-Manufacturing PMI,52.8,54.2,-1.4000000000000057
nonfarm_payrolls,2025-02-07 08:30:00,Nonfarm Payrolls  (Jan),Nonfarm Payrolls,143000.0,169000.0,-26000.0
unemployment_rate,2025-02-07 08:30:00,Unemployment Rate  (Jan),Unemployment Rate,4.0,4.1,-0.09999999999999964
cpi,2025-02-12 08:30:00,CPI (YoY)  (Jan),CPI (YoY),3.0,2.9,0.10000000000000009
ppi,2025-02-13 08:30:00,PPI (MoM)  (Jan),PPI (MoM),0.4,0.3,0.10000000000000003
retail_sales,2025-02-14 08:30:00,Retail Sales (MoM)  (Jan),Retail Sales (MoM),-0.9,-0.2,-0.7
industrial_production,2025-02-14 09:15:00,Industrial Production (MoM)  (Jan),Industrial Production (MoM),0.5,0.3,0.2
building_permits,2025-02-19 08:30:00,Building Permits  (Jan),Building Permits,1483000.0,1460000.0,23000.0
housing_starts,2025-02-19 08:30:00,Housing Starts  (Jan),Housing Starts,1366000.0,1390000.0,-24000.0
existing_home_sales,2025-02-21 10:00:00,Existing Home Sales  (Jan),Existing Home Sales,4080000.0,4130000.0,-50000.0
new_home_sales,2025-02-26 10:00:00,New Home Sales  (Jan),New Home Sales,657000.0,679000.0,-22000.0
durable_goods,2025-02-27 08:30:00,Durable Goods Orders (MoM)  (Jan),Durable Goods Orders (MoM),3.1,2.0,1.1
pce_price_index,2025-02-28 08:30:00,PCE price index (MoM)  (Jan),PCE price index (MoM),0.3,0.3,0.0
real_pce,2025-02-28 08:30:00,Real Personal Consumption (MoM)  (Jan),Real Personal Consumption (MoM),-0.5,-0.1,-0.4
ism_manufacturing,2025-03-03 10:00:00,ISM Manufacturing PMI  (Feb),ISM Manufacturing PMI,50.3,50.6,-0.30000000000000426
ism_services,2025-03-05 10:00:00,ISM Non-Manufacturing PMI  (Feb),ISM Non-Manufacturing PMI,53.5,52.5,1.0
nonfarm_payrolls,2025-03-07 08:30:00,Nonfarm Payrolls  (Feb),Nonfarm Payrolls,151000.0,159000.0,-8000.0
unemployment_rate,2025-03-07 08:30:00,Unemployment Rate  (Feb),Unemployment Rate,4.1,4.0,0.09999999999999964
cpi,2025-03-12 08:30:00,CPI (YoY)  (Feb),CPI (YoY),2.8,2.9,-0.10000000000000009
ppi,2025-03-13 08:30:00,PPI (MoM)  (Feb),PPI (MoM),0.0,0.3,-0.3
retail_sales,2025-03-17 08:30:00,Retail Sales (MoM)  (Feb),Retail Sales (MoM),0.2,0.6,-0.39999999999999997
building_permits,2025-03-18 08:30:00,Building Permits  (Feb),Building Permits,1456000.0,1450000.0,6000.0
housing_starts,2025-03-18 08:30:00,Housing Starts  (Feb),Housing Starts,1501000.0,1380000.0,121000.0
industrial_production,2025-03-18 09:15:00,Industrial Production (MoM)  (Feb),Industrial Production (MoM),0.7,0.2,0.49999999999999994
existing_home_sales,2025-03-20 10:00:00,Existing Home Sales  (Feb),Existing Home Sales,4260000.0,3950000.0,310000.0
new_home_sales,2025-03-25 10:00:00,New Home Sales  (Feb),New Home Sales,676000.0,682000.0,-6000.0
durable_goods,2025-03-26 08:30:00,Durable Goods Orders (MoM)  (Feb),Durable Goods Orders (MoM),0.9,-1.1,2.0
pce_price_index,2025-03-28 08:30:00,PCE price index (MoM)  (Feb),PCE price index (MoM),0.3,0.3,0.0
real_pce,2025-03-28 08:30:00,Real Personal Consumption (MoM)  (Feb),Real Personal Consumption (MoM),0.1,0.3,-0.19999999999999998
ism_manufacturing,2025-04-01 10:00:00,ISM Manufacturing PMI  (Mar),ISM Manufacturing PMI,49.0,49.5,-0.5
ism_services,2025-04-03 10:00:00,ISM Non-Manufacturing PMI  (Mar),ISM Non-Manufacturing PMI,50.8,53.0,-2.200000000000003
nonfarm_payrolls,2025-04-04 08:30:00,Nonfarm Payrolls  (Mar),Nonfarm Payrolls,228000.0,137000.0,91000.0
unemployment_rate,2025-04-04 08:30:00,Unemployment Rate  (Mar),Unemployment Rate,4.2,4.1,0.10000000000000053
cpi,2025-04-10 08:30:00,CPI (YoY)  (Mar),CPI (YoY),2.4,2.5,-0.10000000000000009
ppi,2025-04-11 08:30:00,PPI (MoM)  (Mar),PPI (MoM),-0.4,0.2,-0.6000000000000001
retail_sales,2025-04-16 08:30:00,Retail Sales (MoM)  (Mar),Retail Sales (MoM),1.4,1.3,0.09999999999999987
industrial_production,2025-04-16 09:15:00,Industrial Production (MoM)  (Mar),Industrial Production (MoM),-0.3,-0.2,-0.09999999999999998
building_permits,2025-04-17 08:30:00,Building Permits  (Mar),Building Permits,1482000.0,1450000.0,32000.0
housing_starts,2025-04-17 08:30:00,Housing Starts  (Mar),Housing Starts,1324000.0,1420000.0,-96000.0
new_home_sales,2025-04-23 10:00:00,New Home Sales  (Mar),New Home Sales,724000.0,684000.0,40000.0
durable_goods,2025-04-24 08:30:00,Durable Goods Orders (MoM)  (Mar),Durable Goods Orders (MoM),9.2,2.1,7.1
existing_home_sales,2025-04-24 10:00:00,Existing Home Sales  (Mar),Existing Home Sales,4020000.0,4140000.0,-120000.0
real_gdp_advance,2025-04-30 08:30:00,GDP (QoQ)  (Q1),GDP (QoQ),-0.3,0.2,-0.5
pce_price_index,2025-04-30 10:00:00,PCE price index (MoM)  (Mar),PCE price index (MoM),0.0,0.0,0.0
real_pce,2025-04-30 10:00:00,Real Personal Consumption (MoM)  (Mar),Real Personal Consumption (MoM),0.7,0.5,0.19999999999999996
ism_manufacturing,2025-05-01 10:00:00,ISM Manufacturing PMI  (Apr),ISM Manufacturing PMI,48.7,48.0,0.7000000000000028
nonfarm_payrolls,2025-05-02 08:30:00,Nonfarm Payrolls  (Apr),Nonfarm Payrolls,177000.0,138000.0,39000.0
unemployment_rate,2025-05-02 08:30:00,Unemployment Rate  (Apr),Unemployment Rate,4.2,4.2,0.0
ism_services,2025-05-05 10:00:00,ISM Non-Manufacturing PMI  (Apr),ISM Non-Manufacturing PMI,51.6,50.2,1.3999999999999986
cpi,2025-05-13 08:30:00,CPI (YoY)  (Apr),CPI (YoY),2.3,2.4,-0.10000000000000009
ppi,2025-05-15 08:30:00,PPI (MoM)  (Apr),PPI (MoM),-0.5,0.2,-0.7
retail_sales,2025-05-15 08:30:00,Retail Sales (MoM)  (Apr),Retail Sales (MoM),0.1,0.0,0.1
industrial_production,2025-05-15 09:15:00,Industrial Production (MoM)  (Apr),Industrial Production (MoM),0.0,0.2,-0.2
building_permits,2025-05-16 08:30:00,Building Permits  (Apr),Building Permits,1412000.0,1450000.0,-38000.0
housing_starts,2025-05-16 08:30:00,Housing Starts  (Apr),Housing Starts,1361000.0,1360000.0,1000.0
existing_home_sales,2025-05-22 10:00:00,Existing Home Sales  (Apr),Existing Home Sales,4000000.0,4150000.000000001,-150000.00000000093
new_home_sales,2025-05-23 10:00:00,New Home Sales  (Apr),New Home Sales,743000.0,694000.0,49000.0
durable_goods,2025-05-27 08:30:00,Durable Goods Orders (MoM)  (Apr),Durable Goods Orders (MoM),-6.3,-7.6,1.2999999999999998
pce_price_index,2025-05-30 08:30:00,PCE price index (MoM)  (Apr),PCE price index (MoM),0.1,0.1,0.0
real_pce,2025-05-30 08:30:00,Real Personal Consumption (MoM)  (Apr),Real Personal Consumption (MoM),0.1,0.0,0.1
ism_manufacturing,2025-06-02 10:00:00,ISM Manufacturing PMI  (May),ISM Manufacturing PMI,48.5,49.3,-0.7999999999999972
ism_services,2025-06-04 10:00:00,ISM Non-Manufacturing PMI  (May),ISM Non-Manufacturing PMI,49.9,52.0,-2.1000000000000014
nonfarm_payrolls,2025-06-06 08:30:00,Nonfarm Payrolls  (May),Nonfarm Payrolls,139000.0,126000.0,13000.0
unemployment_rate,2025-06-06 08:30:00,Unemployment Rate  (May),Unemployment Rate,4.2,4.2,0.0
cpi,2025-06-11 08:30:00,CPI (YoY)  (May),CPI (YoY),2.4,2.5,-0.10000000000000009
ppi,2025-06-12 08:30:00,PPI (MoM)  (May),PPI (MoM),0.1,0.2,-0.1
retail_sales,2025-06-17 08:30:00,Retail Sales (MoM)  (May),Retail Sales (MoM),-0.9,-0.5,-0.4
industrial_production,2025-06-17 09:15:00,Industrial Production (MoM)  (May),Industrial Production (MoM),-0.2,0.0,-0.2
building_permits,2025-06-18 08:30:00,Building Permits  (May),Building Permits,1393000.0,1420000.0,-27000.0
housing_starts,2025-06-18 08:30:00,Housing Starts  (May),Housing Starts,1256000.0,1350000.0,-94000.0
existing_home_sales,2025-06-23 10:00:00,Existing Home Sales  (May),Existing Home Sales,4030000.000000001,3960000.0,70000.00000000093
new_home_sales,2025-06-25 10:00:00,New Home Sales  (May),New Home Sales,623000.0,694000.0,-71000.0
durable_goods,2025-06-26 08:30:00,Durable Goods Orders (MoM)  (May),Durable Goods Orders (MoM),16.4,8.6,7.799999999999999
pce_price_index,2025-06-27 08:30:00,PCE price index (MoM)  (May),PCE price index (MoM),0.1,0.1,0.0
real_pce,2025-06-27 08:30:00,Real Personal Consumption (MoM)  (May),Real Personal Consumption (MoM),-0.3,0.0,-0.3
ism_manufacturing,2025-07-01 10:00:00,ISM Manufacturing PMI  (Jun),ISM Manufacturing PMI,49.0,48.8,0.20000000000000284
nonfarm_payrolls,2025-07-03 08:30:00,Nonfarm Payrolls  (Jun),Nonfarm Payrolls,147000.0,111000.0,36000.0
unemployment_rate,2025-07-03 08:30:00,Unemployment Rate  (Jun),Unemployment Rate,4.1,4.3,-0.20000000000000018
ism_services,2025-07-03 10:00:00,ISM Non-Manufacturing PMI  (Jun),ISM Non-Manufacturing PMI,50.8,50.8,0.0
cpi,2025-07-15 08:30:00,CPI (YoY)  (Jun),CPI (YoY),2.7,2.6,0.10000000000000009
ppi,2025-07-16 08:30:00,PPI (MoM)  (Jun),PPI (MoM),0.0,0.2,-0.2
industrial_production,2025-07-16 09:15:00,Industrial Production (MoM)  (Jun),Industrial Production (MoM),0.3,0.1,0.19999999999999998
retail_sales,2025-07-17 08:30:00,Retail Sales (MoM)  (Jun),Retail Sales (MoM),0.6,0.1,0.5
building_permits,2025-07-18 08:30:00,Building Permits  (Jun),Building Permits,1397000.0,1390000.0,7000.0
housing_starts,2025-07-18 08:30:00,Housing Starts  (Jun),Housing Starts,1321000.0,1290000.0,31000.0
existing_home_sales,2025-07-23 10:00:00,Existing Home Sales  (Jun),Existing Home Sales,3930000.0,4000000.0,-70000.0
new_home_sales,2025-07-24 10:00:00,New Home Sales  (Jun),New Home Sales,627000.0,649000.0,-22000.0
durable_goods,2025-07-25 08:30:00,Durable Goods Orders (MoM)  (Jun),Durable Goods Orders (MoM),-9.3,-10.4,1.0999999999999996
real_gdp_advance,2025-07-30 08:30:00,GDP (QoQ)  (Q2),GDP (QoQ),3.0,2.5,0.5
pce_price_index,2025-07-31 08:30:00,PCE price index (MoM)  (Jun),PCE price index (MoM),0.3,0.3,0.0
real_pce,2025-07-31 08:30:00,Real Personal Consumption (MoM)  (Jun),Real Personal Consumption (MoM),0.1,0.1,0.0
nonfarm_payrolls,2025-08-01 08:30:00,Nonfarm Payrolls  (Jul),Nonfarm Payrolls,73000.0,106000.0,-33000.0
unemployment_rate,2025-08-01 08:30:00,Unemployment Rate  (Jul),Unemployment Rate,4.2,4.2,0.0
ism_manufacturing,2025-08-01 10:00:00,ISM Manufacturing PMI  (Jul),ISM Manufacturing PMI,48.0,49.5,-1.5
ism_services,2025-08-05 10:00:00,ISM Non-Manufacturing PMI  (Jul),ISM Non-Manufacturing PMI,50.1,51.5,-1.3999999999999986
cpi,2025-08-12 08:30:00,CPI (YoY)  (Jul),CPI (YoY),2.7,2.8,-0.09999999999999964
ppi,2025-08-14 08:30:00,PPI (MoM)  (Jul),PPI (MoM),0.9,0.2,0.7
retail_sales,2025-08-15 08:30:00,Retail Sales (MoM)  (Jul),Retail Sales (MoM),0.5,0.6,-0.09999999999999998
industrial_production,2025-08-15 09:15:00,Industrial Production (MoM)  (Jul),Industrial Production (MoM),-0.1,0.0,-0.1
building_permits,2025-08-19 08:30:00,Building Permits  (Jul),Building Permits,1354000.0,1390000.0,-36000.0
housing_starts,2025-08-19 08:30:00,Housing Starts  (Jul),Housing Starts,1428000.0,1290000.0,138000.0
existing_home_sales,2025-08-21 10:00:00,Existing Home Sales  (Jul),Existing Home Sales,4010000.0,3920000.0,90000.0
new_home_sales,2025-08-25 10:00:00,New Home Sales  (Jul),New Home Sales,652000.0,635000.0,17000.0
durable_goods,2025-08-26 08:30:00,Durable Goods Orders (MoM)  (Jul),Durable Goods Orders (MoM),-2.8,-3.8,1.0
pce_price_index,2025-08-29 08:30:00,PCE price index (MoM)  (Jul),PCE price index (MoM),0.2,0.2,0.0
real_pce,2025-08-29 08:30:00,Real Personal Consumption (MoM)  (Jul),Real Personal Consumption (MoM),0.3,0.3,0.0
ism_manufacturing,2025-09-02 10:00:00,ISM Manufacturing PMI  (Aug),ISM Manufacturing PMI,48.7,49.0,-0.29999999999999716
ism_services,2025-09-04 10:00:00,ISM Non-Manufacturing PMI  (Aug),ISM Non-Manufacturing PMI,52.0,50.9,1.1000000000000014
nonfarm_payrolls,2025-09-05 08:30:00,Nonfarm Payrolls  (Aug),Nonfarm Payrolls,22000.0,75000.0,-53000.0
unemployment_rate,2025-09-05 08:30:00,Unemployment Rate  (Aug),Unemployment Rate,4.3,4.3,0.0
ppi,2025-09-10 08:30:00,PPI (MoM)  (Aug),PPI (MoM),-0.1,0.3,-0.4
cpi,2025-09-11 08:30:00,CPI (YoY)  (Aug),CPI (YoY),2.9,2.9,0.0
retail_sales,2025-09-16 08:30:00,Retail Sales (MoM)  (Aug),Retail Sales (MoM),0.6,0.2,0.39999999999999997
industrial_production,2025-09-16 09:15:00,Industrial Production (MoM)  (Aug),Industrial Production (MoM),0.1,-0.1,0.2
building_permits,2025-09-17 08:30:00,Building Permits  (Aug),Building Permits,1312000.0,1370000.0,-58000.0
housing_starts,2025-09-17 08:30:00,Housing Starts  (Aug),Housing Starts,1307000.0,1370000.0,-63000.0
new_home_sales,2025-09-24 10:00:00,New Home Sales  (Aug),New Home Sales,800000.0,650000.0,150000.0
durable_goods,2025-09-25 08:30:00,Durable Goods Orders (MoM)  (Aug),Durable Goods Orders (MoM),2.9,-0.3,3.1999999999999997
existing_home_sales,2025-09-25 10:00:00,Existing Home Sales  (Aug),Existing Home Sales,4000000.0,3960000.0,40000.0
pce_price_index,2025-09-26 08:30:00,PCE price index (MoM)  (Aug),PCE price index (MoM),0.3,0.3,0.0
real_pce,2025-09-26 08:30:00,Real Personal Consumption (MoM)  (Aug),Real Personal Consumption (MoM),0.4,0.2,0.2
ism_manufacturing,2025-10-01 10:00:00,ISM Manufacturing PMI  (Sep),ISM Manufacturing PMI,49.1,49.0,0.10000000000000142
ism_services,2025-10-03 10:00:00,ISM Non-Manufacturing PMI  (Sep),ISM Non-Manufacturing PMI,50.0,51.8,-1.7999999999999972
existing_home_sales,2025-10-23 10:00:00,Existing Home Sales  (Sep),Existing Home Sales,4060000.0,4060000.0,0.0
cpi,2025-10-24 08:30:00,CPI (YoY)  (Sep),CPI (YoY),3.0,3.1,-0.10000000000000009
