timestamp_group_id,release_timestamp,release_time_cohort,contract_code,hf_return,n_valid_fields,X_real_gdp_advance,X_industrial_production,X_durable_goods,X_ism_manufacturing,X_cpi,X_ppi,X_pce_price_index,X_real_pce,X_retail_sales,X_nonfarm_payrolls,X_unemployment_rate,X_housing_starts,X_building_permits,X_existing_home_sales,X_new_home_sales,X_ism_services
1,2010-01-04 10:00:00,10:00,H10,0.003110422414392744,1,0.0,0.0,0.0,1.11829103266042,0.0,0.0,0.0,0.0,0.0,0.0,0.0,0.0,0.0,0.0,0.0,0.0
2,2010-01-06 10:00:00,10:00,H10,0.0011046063202027057,1,0.0,0.0,0.0,0.0,0.0,0.0,0.0,0.0,0.0,0.0,0.0,0.0,0.0,0.0,0.0,-0.18538571266319825
3,2010-01-08 08:30:00,08:30,H10,-0.002419976981247629,2,0.0,0.0,0.0,0.0,0.0,0.0,0.0,0.0,0.0,-0.10748332545654624,-0.19490885649410414,0.0,0.0,0.0,0.0,0.0
4,2010-01-14 08:30:00,08:30,H10,-0.003724399090982544,1,0.0,0.0,0.0,0.0,0.0,0.0,0.0,0.0,-0.6812654889849055,0.0,0.0,0.0,0.0,0.0,0.0,0.0
5,2010-01-15 09:15:00,09:15,H10,0.0008764242454066817,1,0.0,0.0,0.0,0.0,0.0,0.0,0.0,0.0,0.0,0.0,0.0,0.0,0.0,0.0,0.0,0.0
6,2010-01-20 08:30:00,08:30,H10,-0.0021944270381668574,3,0.0,0.0,0.0,0.0,0.0,0.3288104801532267,0.0,0.0,0.0,0.0,0.0,-0.25007837185092513,0.9988249086078476,0.0,0.0,0.0
7,2010-01-25 10:00:00,10:00,H10,-0.0025071238203677737,1,0.0,0.0,0.0,0.0,0.0,0.0,0.0,0.0,0.0,0.0,0.0,0.0,0.0,-2.7104770164342225,0.0,0.0
8,2010-01-27 10:00:00,10:00,H10,-0.0020696799385264697,1,0.0,0.0,0.0,0.0,0.0,0.0,0.0,0.0,0.0,0.0,0.0,0.0,0.0,0.0,-0.5128552773270388,0.0
9,2010-01-28 08:30:00,08:30,H10,-0.0022753138371349735,1,0.0,0.0,-0.6967759285537662,0.0,0.0,0.0,0.0,0.0,0.0,0.0,0.0,0.0,0.0,0.0,0.0,0.0
10,2010-01-29 08:30:00,08:30,H10,0.0023030871534261976,1,1.7950271795222699,0.0,0.0,0.0,0.0,0.0,0.0,0.0,0.0,0.0,0.0,0.0,0.0,0.0,0.0,0.0
11,2010-02-01 10:00:00,10:00,H10,0.0027764941482919525,1,0.0,0.0,0.0,1.8834375286912328,0.0,0.0,0.0,0.0,0.0,0.0,0.0,0.0,0.0,0.0,0.0,0.0
12,2010-02-03 10:00:00,10:00,H10,-0.004557893031898352,1,0.0,0.0,0.0,0.0,0.0,0.0,0.0,0.0,0.0,0.0,0.0,0.0,0.0,0.0,0.0,-0.23173214082899862
13,2010-02-05 08:30:00,08:30,H10,0.006373206984519264,2,0.0,0.0,0.0,0.0,0.0,0.0,0.0,0.0,0.0,-0.04425783989387198,-0.5847265694823158,0.0,0.0,0.0,0.0,0.0
14,2010-02-12 08:30:00,08:30,H10,0.0016364702658533403,1,0.0,0.0,0.0,0.0,0.0,0.0,0.0,0.0,0.0973236412835579,0.0,0.0,0.0,0.0,0.0,0.0,0.0
15,2010-02-17 08:30:00,08:30,H10,0.00022750540423466248,2,0.0,0.0,0.0,0.0,0.0,0.0,0.0,0.0,0.0,0.0,0.0,0.12503918592546256,0.0,0.0,0.0,0.0
16,2010-02-17 09:15:00,09:15,H10,-0.002734109700467613,1,0.0,0.4176020449095613,0.0,0.0,0.0,0.0,0.0,0.0,0.0,0.0,0.0,0.0,0.0,0.0,0.0,0.0
17,2010-02-18 08:30:00,08:30,H10,-0.0031912495740638036,1,0.0,0.0,0.0,0.0,0.0,1.9728628809193598,0.0,0.0,0.0,0.0,0.0,0.0,0.0,0.0,0.0,0.0
18,2010-02-24 10:00:00,10:00,H10,-0.006602186759178785,1,0.0,0.0,0.0,0.0,0.0,0.0,0.0,0.0,0.0,0.0,0.0,0.0,0.0,0.0,-0.8242316957041697,0.0
19,2010-02-25 08:30:00,08:30,H10,-0.0031992714673734213,1,0.0,0.0,0.614802289900382,0.0,0.0,0.0,0.0,0.0,0.0,0.0,0.0,0.0,0.0,0.0,0.0,0.0
20,2010-02-26 08:30:00,08:30,H10,0.0004532064432885008,1,0.44875679488056847,0.0,0.0,0.0,0.0,0.0,0.0,0.0,0.0,0.0,0.0,0.0,0.0,0.0,0.0,0.0
21,2010-02-26 10:00:00,10:00,H10,0.00022657754713506506,1,0.0,0.0,0.0,0.0,0.0,0.0,0.0,0.0,0.0,0.0,0.0,0.0,0.0,-2.4394293147908,0.0,0.0
22,2010-03-01 10:00:00,10:00,H10,0.0004504504580671309,1,0.0,0.0,0.0,-0.8828613415740165,0.0,0.0,0.0,0.0,0.0,0.0,0.0,0.0,0.0,0.0,0.0,0.0
23,2010-03-03 10:00:00,10:00,H10,-0.00044583148308685594,1,0.0,0.0,0.0,0.0,0.0,0.0,0.0,0.0,0.0,0.0,0.0,0.0,0.0,0.0,0.0,0.9269285633159945
24,2010-03-05 08:30:00,08:30,H10,0.0024382146624146728,2,0.0,0.0,0.0,0.0,0.0,0.0,0.0,0.0,0.0,0.024025684513816217,-0.1949088564941076,0.0,0.0,0.0,0.0,0.0
25,2010-03-12 08:30:00,08:30,H10,0.0030329312677173093,1,0.0,0.0,0.0,0.0,0.0,0.0,0.0,0.0,0.3892945651342317,0.0,0.0,0.0,0.0,0.0,0.0,0.0
26,2010-03-15 09:15:00,09:15,M10,0.0,1,0.0,0.2088010224547806,0.0,0.0,0.0,0.0,0.0,0.0,0.0,0.0,0.0,0.0,0.0,0.0,0.0,0.0
27,2010-03-16 08:30:00,08:30,M10,0.0006533812712028464,2,0.0,0.0,0.0,0.0,0.0,0.0,0.0,0.0,0.0,0.0,0.0,0.12503918592546256,0.16647081810130793,0.0,0.0,0.0
28,2010-03-17 08:30:00,08:30,M10,0.0008641175737515994,1,0.0,0.0,0.0,0.0,0.0,-1.3152419206129067,0.0,0.0,0.0,0.0,0.0,0.0,0.0,0.0,0.0,0.0
29,2010-03-23 10:00:00,10:00,M10,0.0023658468933858146,1,0.0,0.0,0.0,0.0,0.0,0.0,0.0,0.0,0.0,0.0,0.0,0.0,0.0,0.1084190806573689,0.0,0.0
30,2010-03-24 08:30:00,08:30,M10,0.000214385251116056,1,0.0,0.0,-0.08197363865338424,0.0,0.0,0.0,0.0,0.0,0.0,0.0,0.0,0.0,0.0,0.0,0.0,0.0
31,2010-03-24 10:00:00,10:00,M10,0.0004289084346256189,1,0.0,0.0,0.0,0.0,0.0,0.0,0.0,0.0,0.0,0.0,0.0,0.0,0.0,0.0,-0.1282138193317597,0.0
32,2010-03-26 08:30:00,08:30,M10,-0.0004287245510470328,1,-0.44875679488056847,0.0,0.0,0.0,0.0,0.0,0.0,0.0,0.0,0.0,0.0,0.0,0.0,0.0,0.0,0.0
33,2010-04-01 10:00:00,10:00,M10,-0.0010630382631768853,1,0.0,0.0,0.0,1.5302929920616295,0.0,0.0,0.0,0.0,0.0,0.0,0.0,0.0,0.0,0.0,0.0,0.0
34,2010-04-02 08:30:00,08:30,M10,0.0029793595139411266,2,0.0,0.0,0.0,0.0,0.0,0.0,0.0,0.0,0.0,-0.035406271915097584,0.0,0.0,0.0,0.0,0.0,0.0
35,2010-04-05 10:00:00,10:00,M10,0.0010594343611964874,1,0.0,0.0,0.0,0.0,0.0,0.0,0.0,0.0,0.0,0.0,0.0,0.0,0.0,0.0,0.0,0.8805821351501941
36,2010-04-14 08:30:00,08:30,M10,-0.00041727519904455335,1,0.0,0.0,0.0,0.0,0.0,0.0,0.0,0.0,0.48661820641778963,0.0,0.0,0.0,0.0,0.0,0.0,0.0
37,2010-04-15 09:15:00,09:15,M10,0.0012445552322049025,1,0.0,-1.2528061347286834,0.0,0.0,0.0,0.0,0.0,0.0,0.0,0.0,0.0,0.0,0.0,0.0,0.0,0.0
38,2010-04-16 08:30:00,08:30,M10,-0.0010374521108955648,2,0.0,0.0,0.0,0.0,0.0,0.0,0.0,0.0,0.0,0.0,0.0,0.25007837185092513,0.9988249086078476,0.0,0.0,0.0
39,2010-04-22 08:30:00,08:30,M10,-0.0010465725706705342,1,0.0,0.0,0.0,0.0,0.0,0.9864314404596799,0.0,0.0,0.0,0.0,0.0,0.0,0.0,0.0,0.0,0.0
40,2010-04-22 10:00:00,10:00,M10,0.0035665620519278463,1,0.0,0.0,0.0,0.0,0.0,0.0,0.0,0.0,0.0,0.0,0.0,0.0,0.0,0.27104770164342223,0.0,0.0
41,2010-04-23 08:30:00,08:30,M10,-0.0012448134387508247,1,0.0,0.0,-0.614802289900382,0.0,0.0,0.0,0.0,0.0,0.0,0.0,0.0,0.0,0.0,0.0,0.0,0.0
42,2010-04-23 10:00:00,10:00,M10,0.0016597514183649409,1,0.0,0.0,0.0,0.0,0.0,0.0,0.0,0.0,0.0,0.0,0.0,0.0,0.0,0.0,1.5751983517901909,0.0
43,2010-04-30 08:30:00,08:30,M10,-0.0026968173174752863,1,-0.14958559829352194,0.0,0.0,0.0,0.0,0.0,0.0,0.0,0.0,0.0,0.0,0.0,0.0,0.0,0.0,0.0
44,2010-05-03 10:00:00,10:00,M10,-0.0004196391165232072,1,0.0,0.0,0.0,0.23542969108640358,0.0,0.0,0.0,0.0,0.0,0.0,0.0,0.0,0.0,0.0,0.0,0.0
45,2010-05-05 10:00:00,10:00,M10,0.002364829652022671,1,0.0,0.0,0.0,0.0,0.0,0.0,0.0,0.0,0.0,0.0,0.0,0.0,0.0,0.0,0.0,-0.3244249971605994
46,2010-05-07 08:30:00,08:30,M10,0.0008863284426894324,2,0.0,0.0,0.0,0.0,0.0,0.0,0.0,0.0,0.0,0.13024450025910897,0.3898177129882117,0.0,0.0,0.0,0.0,0.0
47,2010-05-14 08:30:00,08:30,M10,0.00043610990660702953,1,0.0,0.0,0.0,0.0,0.0,0.0,0.0,0.0,0.09732364128355796,0.0,0.0,0.0,0.0,0.0,0.0,0.0
48,2010-05-14 09:15:00,09:15,M10,-0.005249355886143725,1,0.0,0.4176020449095613,0.0,0.0,0.0,0.0,0.0,0.0,0.0,0.0,0.0,0.0,0.0,0.0,0.0,0.0
49,2010-05-18 08:30:00,08:30,M10,0.0017505474929864207,3,0.0,0.0,0.0,0.0,0.0,-0.6576209603064535,0.0,0.0,0.0,0.0,0.0,0.12503918592546256,-1.1652957267091555,0.0,0.0,0.0
50,2010-05-24 10:00:00,10:00,M10,0.0062464055036448585,1,0.0,0.0,0.0,0.0,0.0,0.0,0.0,0.0,0.0,0.0,0.0,0.0,0.0,0.6505144839442134,0.0,0.0
51,2010-05-26 08:30:00,08:30,M10,-0.0034654071875488413,1,0.0,0.0,0.614802289900382,0.0,0.0,0.0,0.0,0.0,0.0,0.0,0.0,0.0,0.0,0.0,0.0,0.0
52,2010-05-26 10:00:00,10:00,M10,0.000691164639886388,1,0.0,0.0,0.0,0.0,0.0,0.0,0.0,0.0,0.0,0.0,0.0,0.0,0.0,0.0,1.4469845324584312,0.0
53,2010-05-27 08:30:00,08:30,M10,-0.0029957390764652203,1,-0.44875679488056713,0.0,0.0,0.0,0.0,0.0,0.0,0.0,0.0,0.0,0.0,0.0,0.0,0.0,0.0,0.0
54,2010-06-01 10:00:00,10:00,M10,0.011268372653821856,1,0.0,0.0,0.0,0.47085938217281137,0.0,0.0,0.0,0.0,0.0,0.0,0.0,0.0,0.0,0.0,0.0,0.0
55,2010-06-03 10:00:00,10:00,M10,-0.006130113418344685,1,0.0,0.0,0.0,0.0,0.0,0.0,0.0,0.0,0.0,0.0,0.0,0.0,0.0,0.0,0.0,-0.04634642816580038
56,2010-06-04 08:30:00,08:30,M10,-0.013790151881964974,2,0.0,0.0,0.0,0.0,0.0,0.0,0.0,0.0,0.0,-0.08725117007649047,-0.1949088564941076,0.0,0.0,0.0,0.0,0.0
57,2010-06-11 08:30:00,08:30,M10,-0.008102834007690518,1,0.0,0.0,0.0,0.0,0.0,0.0,0.0,0.0,-1.4598546192533688,0.0,0.0,0.0,0.0,0.0,0.0,0.0
58,2010-06-16 08:30:00,08:30,U10,0.00022683452518723612,3,0.0,0.0,0.0,0.0,0.0,0.6576209603064535,0.0,0.0,0.0,0.0,0.0,-0.7502351155527753,-0.9988249086078476,0.0,0.0,0.0
59,2010-06-16 09:15:00,09:15,U10,0.00316599088513847,1,0.0,0.6264030673643416,0.0,0.0,0.0,0.0,0.0,0.0,0.0,0.0,0.0,0.0,0.0,0.0,0.0,0.0
60,2010-06-22 10:00:00,10:00,U10,-0.0047345370821121335,1,0.0,0.0,0.0,0.0,0.0,0.0,0.0,0.0,0.0,0.0,0.0,0.0,0.0,-2.3852197744621155,0.0,0.0
61,2010-06-23 10:00:00,10:00,U10,-0.0052928440211381655,1,0.0,0.0,0.0,0.0,0.0,0.0,0.0,0.0,0.0,0.0,0.0,0.0,0.0,0.0,-2.7474389856805654,0.0
62,2010-06-24 08:30:00,08:30,U10,0.003936557127091511,1,0.0,0.0,0.2869077352868449,0.0,0.0,0.0,0.0,0.0,0.0,0.0,0.0,0.0,0.0,0.0,0.0,0.0
63,2010-06-25 08:30:00,08:30,U10,-0.0028004685747076152,1,-0.44875679488056713,0.0,0.0,0.0,0.0,0.0,0.0,0.0,0.0,0.0,0.0,0.0,0.0,0.0,0.0,0.0
64,2010-07-01 10:00:00,10:00,U10,-0.007110487234085028,1,0.0,0.0,0.0,-1.6480078376048293,0.0,0.0,0.0,0.0,0.0,0.0,0.0,0.0,0.0,0.0,0.0,0.0
65,2010-07-02 08:30:00,08:30,U10,-0.0034188067487859186,2,0.0,0.0,0.0,0.0,0.0,0.0,0.0,0.0,0.0,-0.031612742781337126,-0.5847265694823158,0.0,0.0,0.0,0.0,0.0
66,2010-07-06 10:00:00,10:00,U10,0.0016930709087237261,1,0.0,0.0,0.0,0.0,0.0,0.0,0.0,0.0,0.0,0.0,0.0,0.0,0.0,0.0,0.0,-0.5561571379895981
67,2010-07-14 08:30:00,08:30,U10,-0.0013767785561631385,1,0.0,0.0,0.0,0.0,0.0,0.0,0.0,0.0,-0.29197092385067375,0.0,0.0,0.0,0.0,0.0,0.0,0.0
68,2010-07-15 08:30:00,08:30,U10,-0.004112411553092166,1,0.0,0.0,0.0,0.0,0.0,-1.315241920612907,0.0,0.0,0.0,0.0,0.0,0.0,0.0,0.0,0.0,0.0
69,2010-07-15 09:15:00,09:15,U10,-0.005044725213699586,1,0.0,0.2088010224547806,0.0,0.0,0.0,0.0,0.0,0.0,0.0,0.0,0.0,0.0,0.0,0.0,0.0,0.0
70,2010-07-20 08:30:00,08:30,U10,0.0023724803536309125,2,0.0,0.0,0.0,0.0,0.0,0.0,0.0,0.0,0.0,0.0,0.0,-0.25007837185092513,0.33294163620261585,0.0,0.0,0.0
71,2010-07-22 10:00:00,10:00,U10,0.0048292608515723146,1,0.0,0.0,0.0,0.0,0.0,0.0,0.0,0.0,0.0,0.0,0.0,0.0,0.0,1.7889148308465868,0.0,0.0
72,2010-07-26 10:00:00,10:00,U10,0.0029481822011767633,1,0.0,0.0,0.0,0.0,0.0,0.0,0.0,0.0,0.0,0.0,0.0,0.0,0.0,0.0,0.36632519809074204,0.0
73,2010-07-28 08:30:00,08:30,U10,-0.002701487460160301,1,0.0,0.0,-0.7787495672071504,0.0,0.0,0.0,0.0,0.0,0.0,0.0,0.0,0.0,0.0,0.0,0.0,0.0
74,2010-07-30 08:30:00,08:30,U10,-0.005512186671651875,1,-0.1495855982935226,0.0,0.0,0.0,0.0,0.0,0.0,0.0,0.0,0.0,0.0,0.0,0.0,0.0,0.0,0.0
75,2010-08-02 10:00:00,10:00,U10,0.005604767502429553,1,0.0,0.0,0.0,0.7651464960308126,0.0,0.0,0.0,0.0,0.0,0.0,0.0,0.0,0.0,0.0,0.0,0.0
76,2010-08-04 10:00:00,10:00,U10,-0.001562325951084631,1,0.0,0.0,0.0,0.0,0.0,0.0,0.0,0.0,0.0,0.0,0.0,0.0,0.0,0.0,0.0,0.6025035661553951
77,2010-08-06 08:30:00,08:30,U10,-0.010946160897496782,2,0.0,0.0,0.0,0.0,0.0,0.0,0.0,0.0,0.0,-0.08345764094273002,-0.19490885649410414,0.0,0.0,0.0,0.0,0.0
78,2010-08-13 08:30:00,08:30,U10,0.0027887538408428725,1,0.0,0.0,0.0,0.0,0.0,0.0,0.0,0.0,-0.0973236412835579,0.0,0.0,0.0,0.0,0.0,0.0,0.0
79,2010-08-17 08:30:00,08:30,U10,0.0004611482673375633,3,0.0,0.0,0.0,0.0,0.0,0.0,0.0,0.0,0.0,0.0,0.0,0.0,0.0,0.0,0.0,0.0
80,2010-08-17 09:15:00,09:15,U10,0.0,1,0.0,0.8352040898191224,0.0,0.0,0.0,0.0,0.0,0.0,0.0,0.0,0.0,0.0,0.0,0.0,0.0,0.0
81,2010-08-24 10:00:00,10:00,U10,0.0002378404102065801,1,0.0,0.0,0.0,0.0,0.0,0.0,0.0,0.0,0.0,0.0,0.0,0.0,0.0,-4.98727771023897,0.0,0.0
82,2010-08-25 08:30:00,08:30,U10,-0.002632525153206444,1,0.0,0.0,-1.1476309411473797,0.0,0.0,0.0,0.0,0.0,0.0,0.0,0.0,0.0,0.0,0.0,0.0,0.0
83,2010-08-25 10:00:00,10:00,U10,0.0023986579022858834,1,0.0,0.0,0.0,0.0,0.0,0.0,0.0,0.0,0.0,0.0,0.0,0.0,0.0,0.0,-0.9890780348450036,0.0
84,2010-08-27 08:30:00,08:30,U10,0.0035710072467836085,1,0.2991711965870452,0.0,0.0,0.0,0.0,0.0,0.0,0.0,0.0,0.0,0.0,0.0,0.0,0.0,0.0,0.0
85,2010-09-01 10:00:00,10:00,U10,0.009585111374303068,1,0.0,0.0,0.0,1.9422949514628347,0.0,0.0,0.0,0.0,0.0,0.0,0.0,0.0,0.0,0.0,0.0,0.0
86,2010-09-03 08:30:00,08:30,U10,0.01049519101920815,2,0.0,0.0,0.0,0.0,0.0,0.0,0.0,0.0,0.0,0.08092862152022305,0.0,0.0,0.0,0.0,0.0,0.0
87,2010-09-03 10:00:00,10:00,U10,-0.006819758188830072,1,0.0,0.0,0.0,0.0,0.0,0.0,0.0,0.0,0.0,0.0,0.0,0.0,0.0,0.0,0.0,-0.7878892788185967
88,2010-09-14 08:30:00,08:30,Z10,-0.0002243409992583878,1,0.0,0.0,0.0,0.0,0.0,0.0,0.0,0.0,0.09732364128355796,0.0,0.0,0.0,0.0,0.0,0.0,0.0
89,2010-09-15 09:15:00,09:15,Z10,-0.0022502259720065254,1,0.0,-0.20880102245478055,0.0,0.0,0.0,0.0,0.0,0.0,0.0,0.0,0.0,0.0,0.0,0.0,0.0,0.0
90,2010-09-16 08:30:00,08:30,Z10,0.0,1,0.0,0.0,0.0,0.0,0.0,0.32881048015322684,0.0,0.0,0.0,0.0,0.0,0.0,0.0,0.0,0.0,0.0
91,2010-09-21 08:30:00,08:30,Z10,0.003077601901568805,2,0.0,0.0,0.0,0.0,0.0,0.0,0.0,0.0,0.0,0.0,0.0,0.6251959296273127,0.16647081810130793,0.0,0.0,0.0
92,2010-09-23 10:00:00,10:00,Z10,0.004001783908716305,1,0.0,0.0,0.0,0.0,0.0,0.0,0.0,0.0,0.0,0.0,0.0,0.0,0.0,0.48788586295816005,0.0,0.0
93,2010-09-24 08:30:00,08:30,Z10,0.005089069507470789,1,0.0,0.0,0.0,0.0,0.0,0.0,0.0,0.0,0.0,0.0,0.0,0.0,0.0,0.0,0.0,0.0
94,2010-09-24 10:00:00,10:00,Z10,0.0035118561115394797,1,0.0,0.0,0.0,0.0,0.0,0.0,0.0,0.0,0.0,0.0,0.0,0.0,0.0,0.0,-0.036632519809074206,0.0
95,2010-09-30 08:30:00,08:30,Z10,0.005475865177730022,1,0.14958559829352228,0.0,0.0,0.0,0.0,0.0,0.0,0.0,0.0,0.0,0.0,0.0,0.0,0.0,0.0,0.0
96,2010-10-01 10:00:00,10:00,Z10,-0.006796036241153658,1,0.0,0.0,0.0,-0.05885742277160194,0.0,0.0,0.0,0.0,0.0,0.0,0.0,0.0,0.0,0.0,0.0,0.0
97,2010-10-05 10:00:00,10:00,Z10,0.0037065342772750753,1,0.0,0.0,0.0,0.0,0.0,0.0,0.0,0.0,0.0,0.0,0.0,0.0,0.0,0.0,0.0,0.6488499943211988
98,2010-10-08 08:30:00,08:30,Z10,-0.002386377095179526,2,0.0,0.0,0.0,0.0,0.0,0.0,0.0,0.0,0.0,-0.12392195170284154,-0.19490885649410414,0.0,0.0,0.0,0.0,0.0
99,2010-10-14 08:30:00,08:30,Z10,-0.002550479597225319,1,0.0,0.0,0.0,0.0,0.0,0.6576209603064535,0.0,0.0,0.0,0.0,0.0,0.0,0.0,0.0,0.0,0.0
100,2010-10-15 08:30:00,08:30,Z10,0.00042535092091711135,1,0.0,0.0,0.0,0.0,0.0,0.0,0.0,0.0,0.1946472825671158,0.0,0.0,0.0,0.0,0.0,0.0,0.0
101,2010-10-18 09:15:00,09:15,Z10,0.0008523333139054401,1,0.0,-0.8352040898191224,0.0,0.0,0.0,0.0,0.0,0.0,0.0,0.0,0.0,0.0,0.0,0.0,0.0,0.0
102,2010-10-19 08:30:00,08:30,Z10,-0.0019228720805637423,2,0.0,0.0,0.0,0.0,0.0,0.0,0.0,0.0,0.0,0.0,0.0,0.25007837185092513,-0.6658832724052317,0.0,0.0,0.0
103,2010-10-25 10:00:00,10:00,Z10,-0.0012599749671915461,1,0.0,0.0,0.0,0.0,0.0,0.0,0.0,0.0,0.0,0.0,0.0,0.0,0.0,1.5178671292031645,0.0,0.0
104,2010-10-27 08:30:00,08:30,Z10,-0.0014879373560363618,1,0.0,0.0,0.655789109227074,0.0,0.0,0.0,0.0,0.0,0.0,0.0,0.0,0.0,0.0,0.0,0.0,0.0
105,2010-10-27 10:00:00,10:00,Z10,-0.004043849290580326,1,0.0,0.0,0.0,0.0,0.0,0.0,0.0,0.0,0.0,0.0,0.0,0.0,0.0,0.0,0.1282138193317597,0.0
106,2010-10-29 08:30:00,08:30,Z10,0.003187084393260875,1,0.0,0.0,0.0,0.0,0.0,0.0,0.0,0.0,0.0,0.0,0.0,0.0,0.0,0.0,0.0,0.0
107,2010-11-01 10:00:00,10:00,Z10,0.002311653861180929,1,0.0,0.0,0.0,1.9422949514628347,0.0,0.0,0.0,0.0,0.0,0.0,0.0,0.0,0.0,0.0,0.0,0.0
108,2010-11-03 10:00:00,10:00,Z10,0.0004196391165232072,1,0.0,0.0,0.0,0.0,0.0,0.0,0.0,0.0,0.0,0.0,0.0,0.0,0.0,0.0,0.0,0.32442499716059614
109,2010-11-05 08:30:00,08:30,Z10,0.0036976213041501893,2,0.0,0.0,0.0,0.0,0.0,0.0,0.0,0.0,0.0,0.11507038372406715,0.0,0.0,0.0,0.0,0.0,0.0
110,2010-11-15 08:30:00,08:30,Z10,-0.0008326395152158383,1,0.0,0.0,0.0,0.0,0.0,0.0,0.0,0.0,0.48661820641778963,0.0,0.0,0.0,0.0,0.0,0.0,0.0
111,2010-11-16 08:30:00,08:30,Z10,0.00021023862160962636,1,0.0,0.0,0.0,0.0,0.0,-1.315241920612907,0.0,0.0,0.0,0.0,0.0,0.0,0.0,0.0,0.0,0.0
112,2010-11-16 09:15:00,09:15,Z10,-0.0008410429427634369,1,0.0,-0.6264030673643417,0.0,0.0,0.0,0.0,0.0,0.0,0.0,0.0,0.0,0.0,0.0,0.0,0.0,0.0
113,2010-11-17 08:30:00,08:30,Z10,-0.0006368750878680274,2,0.0,0.0,0.0,0.0,0.0,0.0,0.0,0.0,0.0,0.0,0.0,-1.0003134874037005,-0.33294163620261585,0.0,0.0,0.0
114,2010-11-23 08:30:00,08:30,Z10,-0.0008438819066203251,1,0.1495855982935226,0.0,0.0,0.0,0.0,0.0,0.0,0.0,0.0,0.0,0.0,0.0,0.0,0.0,0.0,0.0
115,2010-11-23 10:00:00,10:00,Z10,0.0008474576778381149,1,0.0,0.0,0.0,0.0,0.0,0.0,0.0,0.0,0.0,0.0,0.0,0.0,0.0,0.05420954032868445,0.0,0.0
116,2010-11-24 08:30:00,08:30,Z10,0.0031655613645602543,1,0.0,0.0,-1.229604579800764,0.0,0.0,0.0,0.0,0.0,0.0,0.0,0.0,0.0,0.0,0.0,0.0,0.0
117,2010-11-24 10:00:00,10:00,Z10,0.0014679671295043661,1,0.0,0.0,0.0,0.0,0.0,0.0,0.0,0.0,0.0,0.0,0.0,0.0,0.0,0.0,-0.531171537231576,0.0
118,2010-12-01 10:00:00,10:00,Z10,-0.0022909517465556917,1,0.0,0.0,0.0,0.11771484554320388,0.0,0.0,0.0,0.0,0.0,0.0,0.0,0.0,0.0,0.0,0.0,0.0
119,2010-12-03 08:30:00,08:30,Z10,-0.008805217123395437,2,0.0,0.0,0.0,0.0,0.0,0.0,0.0,0.0,0.0,-0.127715480836602,0.3898177129882117,0.0,0.0,0.0,0.0,0.0
120,2010-12-03 10:00:00,10:00,Z10,-0.0004105090369632691,1,0.0,0.0,0.0,0.0,0.0,0.0,0.0,0.0,0.0,0.0,0.0,0.0,0.0,0.0,0.0,0.23173214082899862
121,2010-12-14 08:30:00,08:30,H11,0.0014142845068754184,2,0.0,0.0,0.0,0.0,0.0,0.9864314404596803,0.0,0.0,0.2919709238506738,0.0,0.0,0.0,0.0,0.0,0.0,0.0
122,2010-12-15 09:15:00,09:15,H11,0.002226946967510912,1,0.0,0.20880102245478066,0.0,0.0,0.0,0.0,0.0,0.0,0.0,0.0,0.0,0.0,0.0,0.0,0.0,0.0
123,2010-12-16 08:30:00,08:30,H11,-0.00020281918739062377,2,0.0,0.0,0.0,0.0,0.0,0.0,0.0,0.0,0.0,0.0,0.0,0.12503918592546256,-0.6658832724052317,0.0,0.0,0.0
124,2010-12-22 08:30:00,08:30,H11,-0.0001998201625186269,1,-0.1495855982935226,0.0,0.0,0.0,0.0,0.0,0.0,0.0,0.0,0.0,0.0,0.0,0.0,0.0,0.0,0.0
125,2010-12-22 10:00:00,10:00,H11,0.00019974033822478532,1,0.0,0.0,0.0,0.0,0.0,0.0,0.0,0.0,0.0,0.0,0.0,0.0,0.0,-0.3794667823007911,0.0,0.0
126,2010-12-23 08:30:00,08:30,H11,0.0007984032360246474,1,0.0,0.0,-0.1229604579800764,0.0,0.0,0.0,0.0,0.0,0.0,0.0,0.0,0.0,0.0,0.0,0.0,0.0
127,2010-12-23 10:00:00,10:00,H11,-0.000997506317125918,1,0.0,0.0,0.0,0.0,0.0,0.0,0.0,0.0,0.0,0.0,0.0,0.0,0.0,0.0,-0.23811137875898233,0.0
128,2011-01-03 10:00:00,10:00,H11,0.0001972192097898784,1,0.0,0.0,0.0,-0.17657226831480163,0.0,0.0,0.0,0.0,0.0,0.0,0.0,0.0,0.0,0.0,0.0,0.0
129,2011-01-05 10:00:00,10:00,H11,0.0009886308269395627,1,0.0,0.0,0.0,0.0,0.0,0.0,0.0,0.0,0.0,0.0,0.0,0.0,0.0,0.0,0.0,0.6488499943211955
130,2011-01-07 08:30:00,08:30,H11,-0.0011801732290326328,2,0.0,0.0,0.0,0.0,0.0,0.0,0.0,0.0,0.0,-0.0594319564289138,-0.5847265694823124,0.0,0.0,0.0,0.0,0.0
131,2011-01-13 08:30:00,08:30,H11,-0.0017552417963244693,1,0.0,0.0,0.0,0.0,0.0,1.3152419206129073,0.0,0.0,0.0,0.0,0.0,0.0,0.0,0.0,0.0,0.0
132,2011-01-14 08:30:00,08:30,H11,0.0007833921278042055,1,0.0,0.0,0.0,0.0,0.0,0.0,0.0,0.0,-0.0973236412835579,0.0,0.0,0.0,0.0,0.0,0.0,0.0
133,2011-01-14 09:15:00,09:15,H11,0.0015646394742931946,1,0.0,0.8352040898191224,0.0,0.0,0.0,0.0,0.0,0.0,0.0,0.0,0.0,0.0,0.0,0.0,0.0,0.0
134,2011-01-19 08:30:00,08:30,H11,-0.0011618901384577995,2,0.0,0.0,0.0,0.0,0.0,0.0,0.0,0.0,0.0,0.0,0.0,-0.25007837185092513,1.3317665448104634,0.0,0.0,0.0
135,2011-01-20 10:00:00,10:00,H11,-0.001963479916102351,1,0.0,0.0,0.0,0.0,0.0,0.0,0.0,0.0,0.0,0.0,0.0,0.0,0.0,2.6020579357768536,0.0,0.0
136,2011-01-26 10:00:00,10:00,H11,0.004643971194450813,1,0.0,0.0,0.0,0.0,0.0,0.0,0.0,0.0,0.0,0.0,0.0,0.0,0.0,0.0,0.531171537231576,0.0
137,2011-01-27 08:30:00,08:30,H11,-0.0027063615977427347,1,0.0,0.0,-1.6394727730676852,0.0,0.0,0.0,0.0,0.0,0.0,0.0,0.0,0.0,0.0,0.0,0.0,0.0
138,2011-01-28 08:30:00,08:30,H11,0.00019284543498176987,1,-0.5983423931740898,0.0,0.0,0.0,0.0,0.0,0.0,0.0,0.0,0.0,0.0,0.0,0.0,0.0,0.0,0.0
139,2011-02-01 10:00:00,10:00,H11,0.0013506996747185696,1,0.0,0.0,0.0,1.5302929920616253,0.0,0.0,0.0,0.0,0.0,0.0,0.0,0.0,0.0,0.0,0.0,0.0
140,2011-02-03 10:00:00,10:00,H11,-0.002700098072442536,1,0.0,0.0,0.0,0.0,0.0,0.0,0.0,0.0,0.0,0.0,0.0,0.0,0.0,0.0,0.0,1.1123142759791929
141,2011-02-04 08:30:00,08:30,H11,-0.0011487652038733032,2,0.0,0.0,0.0,0.0,0.0,0.0,0.0,0.0,0.0,-0.1441541070828973,-1.1694531389646283,0.0,0.0,0.0,0.0,0.0
142,2011-02-15 08:30:00,08:30,H11,-0.001508580335133125,1,0.0,0.0,0.0,0.0,0.0,0.0,0.0,0.0,-0.19464728256711586,0.0,0.0,0.0,0.0,0.0,0.0,0.0
143,2011-02-16 08:30:00,08:30,H11,-0.000563539039991845,3,0.0,0.0,0.0,0.0,0.0,0.0,0.0,0.0,0.0,0.0,0.0,0.6251959296273127,-0.16647081810130793,0.0,0.0,0.0
144,2011-02-16 09:15:00,09:15,H11,0.00018791694126552017,1,0.0,-1.4616071571834641,0.0,0.0,0.0,0.0,0.0,0.0,0.0,0.0,0.0,0.0,0.0,0.0,0.0,0.0
145,2011-02-23 10:00:00,10:00,H11,0.0013334605271424493,1,0.0,0.0,0.0,0.0,0.0,0.0,0.0,0.0,0.0,0.0,0.0,0.0,0.0,0.7047240242728978,0.0,0.0
146,2011-02-24 08:30:00,08:30,H11,0.0019208611361420935,1,0.0,0.0,-0.12296045798007632,0.0,0.0,0.0,0.0,0.0,0.0,0.0,0.0,0.0,0.0,0.0,0.0,0.0
147,2011-02-24 10:00:00,10:00,H11,0.0005742176442593561,1,0.0,0.0,0.0,0.0,0.0,0.0,0.0,0.0,0.0,0.0,0.0,0.0,0.0,0.0,-0.47622275751796467,0.0
148,2011-02-25 08:30:00,08:30,H11,-0.0007627765434676803,1,-0.7479279914676124,0.0,0.0,0.0,0.0,0.0,0.0,0.0,0.0,0.0,0.0,0.0,0.0,0.0,0.0,0.0
149,2011-03-01 10:00:00,10:00,H11,-0.005859576353417495,1,0.0,0.0,0.0,0.29428711385800554,0.0,0.0,0.0,0.0,0.0,0.0,0.0,0.0,0.0,0.0,0.0,0.0
150,2011-03-03 10:00:00,10:00,H11,-0.0018907171448310223,1,0.0,0.0,0.0,0.0,0.0,0.0,0.0,0.0,0.0,0.0,0.0,0.0,0.0,0.0,0.0,0.0
151,2011-03-04 08:30:00,08:30,H11,-0.0028198157607297603,2,0.0,0.0,0.0,0.0,0.0,0.0,0.0,0.0,0.0,0.015174116535041821,-0.3898177129882083,0.0,0.0,0.0,0.0,0.0
152,2011-03-11 08:30:00,08:30,H11,-0.0011612155359417287,1,0.0,0.0,0.0,0.0,0.0,0.0,0.0,0.0,0.0,0.0,0.0,0.0,0.0,0.0,0.0,0.0
153,2011-03-16 08:30:00,08:30,M11,-0.0013710706290410712,3,0.0,0.0,0.0,0.0,0.0,3.2881048015322674,0.0,0.0,0.0,0.0,0.0,-1.2503918592546255,-0.8323540905065396,0.0,0.0,0.0
154,2011-03-17 09:15:00,09:15,M11,-0.0045306883371747375,1,0.0,-1.4616071571834641,0.0,0.0,0.0,0.0,0.0,0.0,0.0,0.0,0.0,0.0,0.0,0.0,0.0,0.0
155,2011-03-21 10:00:00,10:00,M11,0.0011589725075538126,1,0.0,0.0,0.0,0.0,0.0,0.0,0.0,0.0,0.0,0.0,0.0,0.0,0.0,-0.9215621855876356,0.0,0.0
156,2011-03-23 10:00:00,10:00,M11,-0.0029214160421346946,1,0.0,0.0,0.0,0.0,0.0,0.0,0.0,0.0,0.0,0.0,0.0,0.0,0.0,0.0,-0.6960178763724099,0.0
157,2011-03-24 08:30:00,08:30,M11,-0.0021147753724086726,1,0.0,0.0,-0.7787495672071504,0.0,0.0,0.0,0.0,0.0,0.0,0.0,0.0,0.0,0.0,0.0,0.0,0.0
158,2011-03-25 08:30:00,08:30,M11,-0.00038233607806592573,1,0.2991711965870452,0.0,0.0,0.0,0.0,0.0,0.0,0.0,0.0,0.0,0.0,0.0,0.0,0.0,0.0,0.0
159,2011-04-01 08:30:00,08:30,M11,0.001694118052240512,2,0.0,0.0,0.0,0.0,0.0,0.0,0.0,0.0,0.0,0.035406271915097584,-0.19490885649410414,0.0,0.0,0.0,0.0,0.0
160,2011-04-01 10:00:00,10:00,M11,0.00432534759909764,1,0.0,0.0,0.0,0.11771484554320388,0.0,0.0,0.0,0.0,0.0,0.0,0.0,0.0,0.0,0.0,0.0,0.0
161,2011-04-05 10:00:00,10:00,M11,0.0018804067218134435,1,0.0,0.0,0.0,0.0,0.0,0.0,0.0,0.0,0.0,0.0,0.0,0.0,0.0,0.0,0.0,-1.251353560476594
162,2011-04-13 08:30:00,08:30,M11,0.0003796507258959636,1,0.0,0.0,0.0,0.0,0.0,0.0,0.0,0.0,-0.0973236412835579,0.0,0.0,0.0,0.0,0.0,0.0,0.0
163,2011-04-14 08:30:00,08:30,M11,-0.0013434413305484227,1,0.0,0.0,0.0,0.0,0.0,-0.9864314404596803,0.0,0.0,0.0,0.0,0.0,0.0,0.0,0.0,0.0,0.0
164,2011-04-15 09:15:00,09:15,M11,-0.0009533798033602991,1,0.0,0.4176020449095613,0.0,0.0,0.0,0.0,0.0,0.0,0.0,0.0,0.0,0.0,0.0,0.0,0.0,0.0
165,2011-04-19 08:30:00,08:30,M11,0.0,2,0.0,0.0,0.0,0.0,0.0,0.0,0.0,0.0,0.0,0.0,0.0,0.37511755777638767,0.8323540905065396,0.0,0.0,0.0
166,2011-04-20 10:00:00,10:00,M11,0.0022620179296373166,1,0.0,0.0,0.0,0.0,0.0,0.0,0.0,0.0,0.0,0.0,0.0,0.0,0.0,0.5420954032868445,0.0,0.0
167,2011-04-25 10:00:00,10:00,M11,-0.0018789934126610675,1,0.0,0.0,0.0,0.0,0.0,0.0,0.0,0.0,0.0,0.0,0.0,0.0,0.0,0.0,0.36632519809074204,0.0
168,2011-04-27 08:30:00,08:30,M11,0.000929109051321042,1,0.0,0.0,0.2459209159601528,0.0,0.0,0.0,0.0,0.0,0.0,0.0,0.0,0.0,0.0,0.0,0.0,0.0
169,2011-04-28 08:30:00,08:30,M11,-0.00018530529099614057,1,0.1495855982935226,0.0,0.0,0.0,0.0,0.0,0.0,0.0,0.0,0.0,0.0,0.0,0.0,0.0,0.0,0.0
170,2011-05-02 10:00:00,10:00,M11,0.002013730657608015,1,0.0,0.0,0.0,0.4120019594012052,0.0,0.0,0.0,0.0,0.0,0.0,0.0,0.0,0.0,0.0,0.0,0.0
171,2011-05-04 10:00:00,10:00,M11,-0.005381844668629121,1,0.0,0.0,0.0,0.0,0.0,0.0,0.0,0.0,0.0,0.0,0.0,0.0,0.0,0.0,0.0,-2.131935695626788
172,2011-05-06 08:30:00,08:30,M11,0.00708165464175714,2,0.0,0.0,0.0,0.0,0.0,0.0,0.0,0.0,0.0,0.07460607296395562,0.3898177129882083,0.0,0.0,0.0,0.0,0.0
173,2011-05-12 08:30:00,08:30,M11,0.000750609905761479,2,0.0,0.0,0.0,0.0,0.0,0.6576209603064537,0.0,0.0,-0.0973236412835579,0.0,0.0,0.0,0.0,0.0,0.0,0.0
174,2011-05-17 08:30:00,08:30,M11,-0.002076060007710545,2,0.0,0.0,0.0,0.0,0.0,0.0,0.0,0.0,0.0,0.0,0.0,-0.6251959296273127,-0.6658832724052317,0.0,0.0,0.0
175,2011-05-17 09:15:00,09:15,M11,0.0007555723819976379,1,0.0,-1.044005112273903,0.0,0.0,0.0,0.0,0.0,0.0,0.0,0.0,0.0,0.0,0.0,0.0,0.0,0.0
176,2011-05-19 10:00:00,10:00,M11,-0.0033525827639619976,1,0.0,0.0,0.0,0.0,0.0,0.0,0.0,0.0,0.0,0.0,0.0,0.0,0.0,-0.9215621855876356,0.0,0.0
177,2011-05-24 10:00:00,10:00,M11,-0.0011363637586478958,1,0.0,0.0,0.0,0.0,0.0,0.0,0.0,0.0,0.0,0.0,0.0,0.0,0.0,0.0,0.3296926782816679,0.0
178,2011-05-25 08:30:00,08:30,M11,-0.00019078508118575144,1,0.0,0.0,-0.6557891092270741,0.0,0.0,0.0,0.0,0.0,0.0,0.0,0.0,0.0,0.0,0.0,0.0,0.0
179,2011-05-26 08:30:00,08:30,M11,-0.0028433343011444734,1,-0.5983423931740901,0.0,0.0,0.0,0.0,0.0,0.0,0.0,0.0,0.0,0.0,0.0,0.0,0.0,0.0,0.0
180,2011-06-01 10:00:00,10:00,M11,-0.004680341783514841,1,0.0,0.0,0.0,-2.3542969108640444,0.0,0.0,0.0,0.0,0.0,0.0,0.0,0.0,0.0,0.0,0.0,0.0
181,2011-06-03 08:30:00,08:30,M11,-0.008636460935873558,2,0.0,0.0,0.0,0.0,0.0,0.0,0.0,0.0,0.0,-0.1454186167941508,0.19490885649410414,0.0,0.0,0.0,0.0,0.0
182,2011-06-03 10:00:00,10:00,M11,0.004225087906183589,1,0.0,0.0,0.0,0.0,0.0,0.0,0.0,0.0,0.0,0.0,0.0,0.0,0.0,0.0,0.0,0.27807856899479905
183,2011-06-14 08:30:00,08:30,U11,0.0031311180179773856,2,0.0,0.0,0.0,0.0,0.0,0.3288104801532267,0.0,0.0,0.4866182064177896,0.0,0.0,0.0,0.0,0.0,0.0,0.0
184,2011-06-15 09:15:00,09:15,U11,0.0017679996747608229,1,0.0,-0.2088010224547806,0.0,0.0,0.0,0.0,0.0,0.0,0.0,0.0,0.0,0.0,0.0,0.0,0.0,0.0
185,2011-06-16 08:30:00,08:30,U11,0.004769484399036017,2,0.0,0.0,0.0,0.0,0.0,0.0,0.0,0.0,0.0,0.0,0.0,0.25007837185092513,0.9988249086078476,0.0,0.0,0.0
186,2011-06-21 10:00:00,10:00,U11,0.0031183030530268496,1,0.0,0.0,0.0,0.0,0.0,0.0,0.0,0.0,0.0,0.0,0.0,0.0,0.0,0.16262862098605335,0.0,0.0
187,2011-06-23 10:00:00,10:00,U11,0.002179729387751017,1,0.0,0.0,0.0,0.0,0.0,0.0,0.0,0.0,0.0,0.0,0.0,0.0,0.0,0.0,0.16484633914083394,0.0
188,2011-06-24 08:30:00,08:30,U11,0.003519065215195738,2,0.0,0.0,0.12296045798007632,0.0,0.0,0.0,0.0,0.0,0.0,0.0,0.0,0.0,0.0,0.0,0.0,0.0
189,2011-07-01 10:00:00,10:00,U11,0.006433323985799433,1,0.0,0.0,0.0,2.23658206532084,0.0,0.0,0.0,0.0,0.0,0.0,0.0,0.0,0.0,0.0,0.0,0.0
190,2011-07-06 10:00:00,10:00,U11,-0.00037601053272506846,1,0.0,0.0,0.0,0.0,0.0,0.0,0.0,0.0,0.0,0.0,0.0,0.0,0.0,0.0,0.0,-0.3244249971605994
191,2011-07-08 08:30:00,08:30,U11,-0.014892307992078635,2,0.0,0.0,0.0,0.0,0.0,0.0,0.0,0.0,0.0,-0.08978018949899745,0.19490885649410414,0.0,0.0,0.0,0.0,0.0
192,2011-07-14 08:30:00,08:30,U11,0.001709889273826981,2,0.0,0.0,0.0,0.0,0.0,-0.6576209603064535,0.0,0.0,0.09732364128355793,0.0,0.0,0.0,0.0,0.0,0.0,0.0
193,2011-07-15 09:15:00,09:15,U11,-0.002287022151795881,1,0.0,-0.20880102245478055,0.0,0.0,0.0,0.0,0.0,0.0,0.0,0.0,0.0,0.0,0.0,0.0,0.0,0.0
194,2011-07-19 08:30:00,08:30,U11,0.0007640879072798867,2,0.0,0.0,0.0,0.0,0.0,0.0,0.0,0.0,0.0,0.0,0.0,0.7502351155527753,0.39952996344313907,0.0,0.0,0.0
195,2011-07-20 10:00:00,10:00,U11,-0.00037821483052979943,1,0.0,0.0,0.0,0.0,0.0,0.0,0.0,0.0,0.0,0.0,0.0,0.0,0.0,-0.8131431049302668,0.0,0.0
196,2011-07-26 10:00:00,10:00,U11,0.001130156458584608,1,0.0,0.0,0.0,0.0,0.0,0.0,0.0,0.0,0.0,0.0,0.0,0.0,0.0,0.0,-0.14653007923629682,0.0
197,2011-07-27 08:30:00,08:30,U11,-0.001891432377768787,1,0.0,0.0,-1.0246704831673032,0.0,0.0,0.0,0.0,0.0,0.0,0.0,0.0,0.0,0.0,0.0,0.0,0.0
198,2011-07-29 08:30:00,08:30,U11,-0.005241203883909584,1,-0.5983423931740898,0.0,0.0,0.0,0.0,0.0,0.0,0.0,0.0,0.0,0.0,0.0,0.0,0.0,0.0,0.0
199,2011-08-01 10:00:00,10:00,U11,-0.008548721189430175,1,0.0,0.0,0.0,-2.2954394880924425,0.0,0.0,0.0,0.0,0.0,0.0,0.0,0.0,0.0,0.0,0.0,0.0
200,2011-08-03 10:00:00,10:00,U11,-0.006220547800255716,1,0.0,0.0,0.0,0.0,0.0,0.0,0.0,0.0,0.0,0.0,0.0,0.0,0.0,0.0,0.0,-0.5098107098237944
201,2011-08-05 08:30:00,08:30,U11,0.007683559761364478,2,0.0,0.0,0.0,0.0,0.0,0.0,0.0,0.0,0.0,0.02781921364757667,-0.19490885649410414,0.0,0.0,0.0,0.0,0.0
202,2011-08-12 08:30:00,08:30,U11,0.004898316683534354,1,0.0,0.0,0.0,0.0,0.0,0.0,0.0,0.0,0.0,0.0,0.0,0.0,0.0,0.0,0.0,0.0
203,2011-08-16 08:30:00,08:30,U11,0.0012674272926034291,2,0.0,0.0,0.0,0.0,0.0,0.0,0.0,0.0,0.0,0.0,0.0,0.0,-0.2164120635317003,0.0,0.0,0.0
204,2011-08-16 09:15:00,09:15,U11,0.002529512309956239,1,0.0,0.8352040898191224,0.0,0.0,0.0,0.0,0.0,0.0,0.0,0.0,0.0,0.0,0.0,0.0,0.0,0.0
205,2011-08-17 08:30:00,08:30,U11,0.0010454784015534457,1,0.0,0.0,0.0,0.0,0.0,0.3288104801532267,0.0,0.0,0.0,0.0,0.0,0.0,0.0,0.0,0.0,0.0
206,2011-08-18 10:00:00,10:00,U11,-0.007851730632243203,1,0.0,0.0,0.0,0.0,0.0,0.0,0.0,0.0,0.0,0.0,0.0,0.0,0.0,-1.2468194275597424,0.0,0.0
207,2011-08-23 10:00:00,10:00,U11,0.00751052790426332,1,0.0,0.0,0.0,0.0,0.0,0.0,0.0,0.0,0.0,0.0,0.0,0.0,0.0,0.0,-0.21979511885444522,0.0
208,2011-08-24 08:30:00,08:30,U11,0.007364122515134852,1,0.0,0.0,0.8197363865338426,0.0,0.0,0.0,0.0,0.0,0.0,0.0,0.0,0.0,0.0,0.0,0.0,0.0
209,2011-08-26 08:30:00,08:30,U11,-0.004780539308598009,1,-0.1495855982935226,0.0,0.0,0.0,0.0,0.0,0.0,0.0,0.0,0.0,0.0,0.0,0.0,0.0,0.0,0.0
210,2011-09-01 10:00:00,10:00,U11,0.005753046481931534,1,0.0,0.0,0.0,1.236005878203624,0.0,0.0,0.0,0.0,0.0,0.0,0.0,0.0,0.0,0.0,0.0,0.0
211,2011-09-02 08:30:00,08:30,U11,-0.007373887831314541,2,0.0,0.0,0.0,0.0,0.0,0.0,0.0,0.0,0.0,-0.0935737186327579,0.0,0.0,0.0,0.0,0.0,0.0
212,2011-09-06 10:00:00,10:00,U11,-0.0037154452095773394,1,0.0,0.0,0.0,0.0,0.0,0.0,0.0,0.0,0.0,0.0,0.0,0.0,0.0,0.0,0.0,1.0659678478133925
213,2011-09-14 08:30:00,08:30,Z11,-0.0031979560353159187,2,0.0,0.0,0.0,0.0,0.0,0.0,0.0,0.0,-0.19464728256711586,0.0,0.0,0.0,0.0,0.0,0.0,0.0
214,2011-09-15 09:15:00,09:15,Z11,-0.0004190236809691328,1,0.0,0.2088010224547806,0.0,0.0,0.0,0.0,0.0,0.0,0.0,0.0,0.0,0.0,0.0,0.0,0.0,0.0
215,2011-09-20 08:30:00,08:30,Z11,-0.0016597514183649409,2,0.0,0.0,0.0,0.0,0.0,0.0,0.0,0.0,0.0,0.0,0.0,-0.25007837185092513,0.4994124543039238,0.0,0.0,0.0
216,2011-09-21 10:00:00,10:00,Z11,-0.0029288723866125466,1,0.0,0.0,0.0,0.0,0.0,0.0,0.0,0.0,0.0,0.0,0.0,0.0,0.0,1.5178671292031645,0.0,0.0
217,2011-09-26 10:00:00,10:00,Z11,-0.0028726127366178744,1,0.0,0.0,0.0,0.0,0.0,0.0,0.0,0.0,0.0,0.0,0.0,0.0,0.0,0.0,0.036632519809074206,0.0
218,2011-09-28 08:30:00,08:30,Z11,-0.0017039407743579815,1,0.0,0.0,0.3688813739402292,0.0,0.0,0.0,0.0,0.0,0.0,0.0,0.0,0.0,0.0,0.0,0.0,0.0
219,2011-09-29 08:30:00,08:30,Z11,0.00581459590209743,1,0.1495855982935226,0.0,0.0,0.0,0.0,0.0,0.0,0.0,0.0,0.0,0.0,0.0,0.0,0.0,0.0,0.0
220,2011-10-03 10:00:00,10:00,Z11,0.0073636392086617874,1,0.0,0.0,0.0,0.647431650487613,0.0,0.0,0.0,0.0,0.0,0.0,0.0,0.0,0.0,0.0,0.0,0.0
221,2011-10-05 10:00:00,10:00,Z11,0.004030457762399742,1,0.0,0.0,0.0,0.0,0.0,0.0,0.0,0.0,0.0,0.0,0.0,0.0,0.0,0.0,0.0,0.0
222,2011-10-07 08:30:00,08:30,Z11,0.011620531023019076,2,0.0,0.0,0.0,0.0,0.0,0.0,0.0,0.0,0.0,0.06322548556267425,0.0,0.0,0.0,0.0,0.0,0.0
223,2011-10-14 08:30:00,08:30,Z11,0.0010325246141897892,1,0.0,0.0,0.0,0.0,0.0,0.0,0.0,0.0,0.5839418477013476,0.0,0.0,0.0,0.0,0.0,0.0,0.0
224,2011-10-17 09:15:00,09:15,Z11,-0.00020590960641087008,1,0.0,0.0,0.0,0.0,0.0,0.0,0.0,0.0,0.0,0.0,0.0,0.0,0.0,0.0,0.0,0.0
225,2011-10-18 08:30:00,08:30,Z11,0.0006289967709207644,1,0.0,0.0,0.0,0.0,0.0,1.9728628809193607,0.0,0.0,0.0,0.0,0.0,0.0,0.0,0.0,0.0,0.0
226,2011-10-19 08:30:00,08:30,Z11,0.003277348283766912,2,0.0,0.0,0.0,0.0,0.0,0.0,0.0,0.0,0.0,0.0,0.0,0.8502664642931453,-0.2663533089620927,0.0,0.0,0.0
227,2011-10-20 10:00:00,10:00,Z11,0.0014518305982695878,1,0.0,0.0,0.0,0.0,0.0,0.0,0.0,0.0,0.0,0.0,0.0,0.0,0.0,0.05420954032868445,0.0,0.0
228,2011-10-26 08:30:00,08:30,Z11,0.0028357321007908,1,0.0,0.0,-0.04098681932669217,0.0,0.0,0.0,0.0,0.0,0.0,0.0,0.0,0.0,0.0,0.0,0.0,0.0
229,2011-10-26 10:00:00,10:00,Z11,-0.005890135847072209,1,0.0,0.0,0.0,0.0,0.0,0.0,0.0,0.0,0.0,0.0,0.0,0.0,0.0,0.0,0.23811137875898233,0.0
230,2011-10-27 08:30:00,08:30,Z11,-0.00019710259253713502,1,0.1495855982935226,0.0,0.0,0.0,0.0,0.0,0.0,0.0,0.0,0.0,0.0,0.0,0.0,0.0,0.0,0.0
231,2011-11-01 10:00:00,10:00,Z11,0.00450082592852219,1,0.0,0.0,0.0,-0.7651464960308169,0.0,0.0,0.0,0.0,0.0,0.0,0.0,0.0,0.0,0.0,0.0,0.0
232,2011-11-03 10:00:00,10:00,Z11,0.0020177569396260253,1,0.0,0.0,0.0,0.0,0.0,0.0,0.0,0.0,0.0,0.0,0.0,0.0,0.0,0.0,0.0,-0.3707714253263998
233,2011-11-04 08:30:00,08:30,Z11,-0.0030009025221104935,2,0.0,0.0,0.0,0.0,0.0,0.0,0.0,0.0,0.0,-0.018967645668802276,-0.19490885649410414,0.0,0.0,0.0,0.0,0.0
234,2011-11-15 08:30:00,08:30,Z11,0.0006034396240641726,2,0.0,0.0,0.0,0.0,0.0,-0.32881048015322667,0.0,0.0,0.0973236412835579,0.0,0.0,0.0,0.0,0.0,0.0,0.0
235,2011-11-16 09:15:00,09:15,Z11,0.004020105916665351,1,0.0,0.6264030673643416,0.0,0.0,0.0,0.0,0.0,0.0,0.0,0.0,0.0,0.0,0.0,0.0,0.0,0.0
236,2011-11-17 08:30:00,08:30,Z11,0.003458451214441105,2,0.0,0.0,0.0,0.0,0.0,0.0,0.0,0.0,0.0,0.0,0.0,0.2250705346658326,0.8822953359369321,0.0,0.0,0.0
237,2011-11-21 10:00:00,10:00,Z11,-0.0021017241868506176,1,0.0,0.0,0.0,0.0,0.0,0.0,0.0,0.0,0.0,0.0,0.0,0.0,0.0,0.9215621855876356,0.0,0.0
238,2011-11-22 08:30:00,08:30,Z11,-0.001683856428172703,1,-0.7479279914676124,0.0,0.0,0.0,0.0,0.0,0.0,0.0,0.0,0.0,0.0,0.0,0.0,0.0,0.0,0.0
239,2011-11-23 08:30:00,08:30,Z11,-0.0006398635176187994,1,0.0,0.0,0.20493409663346066,0.0,0.0,0.0,0.0,0.0,0.0,0.0,0.0,0.0,0.0,0.0,0.0,0.0
240,2011-11-28 10:00:00,10:00,Z11,0.0004186728133168671,1,0.0,0.0,0.0,0.0,0.0,0.0,0.0,0.0,0.0,0.0,0.0,0.0,0.0,0.0,-0.09158129952268551,0.0
241,2011-12-01 10:00:00,10:00,Z11,0.00040104271642427136,1,0.0,0.0,0.0,0.706289073259215,0.0,0.0,0.0,0.0,0.0,0.0,0.0,0.0,0.0,0.0,0.0,0.0
242,2011-12-02 08:30:00,08:30,Z11,-0.0021844909888457664,2,0.0,0.0,0.0,0.0,0.0,0.0,0.0,0.0,0.0,0.0,-0.77963542597642,0.0,0.0,0.0,0.0,0.0
243,2011-12-05 10:00:00,10:00,Z11,0.0021767100708869336,1,0.0,0.0,0.0,0.0,0.0,0.0,0.0,0.0,0.0,0.0,0.0,0.0,0.0,0.0,0.0,-0.6488499943211955
244,2011-12-13 08:30:00,08:30,Z11,-0.0012072436073884418,1,0.0,0.0,0.0,0.0,0.0,0.0,0.0,0.0,-0.38929456513423166,0.0,0.0,0.0,0.0,0.0,0.0,0.0
245,2011-12-15 08:30:00,08:30,H12,0.003899440549119504,1,0.0,0.0,0.0,0.0,0.0,0.0,0.0,0.0,0.0,0.0,0.0,0.0,0.0,0.0,0.0,0.0
246,2011-12-15 09:15:00,09:15,H12,-0.0016423735984929522,1,0.0,-1.044005112273903,0.0,0.0,0.0,0.0,0.0,0.0,0.0,0.0,0.0,0.0,0.0,0.0,0.0,0.0
247,2011-12-20 08:30:00,08:30,H12,0.002472698560526787,2,0.0,0.0,0.0,0.0,0.0,0.0,0.0,0.0,0.0,0.0,0.0,0.5626763366645815,0.8490011723166705,0.0,0.0,0.0
248,2011-12-21 10:00:00,10:00,H12,0.0020325210249225734,1,0.0,0.0,0.0,0.0,0.0,0.0,0.0,0.0,0.0,0.0,0.0,0.0,0.0,-3.3067819600497512,0.0,0.0
249,2011-12-22 08:30:00,08:30,H12,-0.0022130579397421357,1,-0.2991711965870449,0.0,0.0,0.0,0.0,0.0,0.0,0.0,0.0,0.0,0.0,0.0,0.0,0.0,0.0,0.0
250,2011-12-23 08:30:00,08:30,H12,-0.0017937224540274244,1,0.0,0.0,0.6557891092270739,0.0,0.0,0.0,0.0,0.0,0.0,0.0,0.0,0.0,0.0,0.0,0.0,0.0
251,2011-12-23 10:00:00,10:00,H12,0.0,1,0.0,0.0,0.0,0.0,0.0,0.0,0.0,0.0,0.0,0.0,0.0,0.0,0.0,0.0,0.036632519809074206,0.0
252,2012-01-03 10:00:00,10:00,H12,0.0025447796839701553,1,0.0,0.0,0.0,0.4120019594012052,0.0,0.0,0.0,0.0,0.0,0.0,0.0,0.0,0.0,0.0,0.0,0.0
253,2012-01-05 10:00:00,10:00,H12,0.001977066678001016,1,0.0,0.0,0.0,0.0,0.0,0.0,0.0,0.0,0.0,0.0,0.0,0.0,0.0,0.0,0.0,-0.18538571266319825
254,2012-01-06 08:30:00,08:30,H12,-0.0009797198785026495,2,0.0,0.0,0.0,0.0,0.0,0.0,0.0,0.0,0.0,0.06322548556267425,-0.3898177129882083,0.0,0.0,0.0,0.0,0.0
255,2012-01-12 08:30:00,08:30,H12,-0.002321084214202962,1,0.0,0.0,0.0,0.0,0.0,0.0,0.0,0.0,-0.19464728256711583,0.0,0.0,0.0,0.0,0.0,0.0,0.0
256,2012-01-18 08:30:00,08:30,H12,-0.003100176867815385,1,0.0,0.0,0.0,0.0,0.0,-0.6576209603064535,0.0,0.0,0.0,0.0,0.0,0.0,0.0,0.0,0.0,0.0
257,2012-01-18 09:15:00,09:15,H12,0.002134058429467345,1,0.0,-0.20880102245478055,0.0,0.0,0.0,0.0,0.0,0.0,0.0,0.0,0.0,0.0,0.0,0.0,0.0,0.0
258,2012-01-19 08:30:00,08:30,H12,-0.000764964657689049,2,0.0,0.0,0.0,0.0,0.0,0.0,0.0,0.0,0.0,0.0,0.0,-0.41262931355402643,-0.016647081810130793,0.0,0.0,0.0
259,2012-01-20 10:00:00,10:00,H12,0.0005733397194802592,1,0.0,0.0,0.0,0.0,0.0,0.0,0.0,0.0,0.0,0.0,0.0,0.0,0.0,-0.2168381613147378,0.0,0.0
260,2012-01-26 08:30:00,08:30,H12,0.0009424183149677745,1,0.0,0.0,0.4098681932669213,0.0,0.0,0.0,0.0,0.0,0.0,0.0,0.0,0.0,0.0,0.0,0.0,0.0
261,2012-01-26 10:00:00,10:00,H12,-0.0037728775182674923,1,0.0,0.0,0.0,0.0,0.0,0.0,0.0,0.0,0.0,0.0,0.0,0.0,0.0,0.0,-0.23811137875898233,0.0
262,2012-01-27 08:30:00,08:30,H12,-0.005907592216743751,1,-0.2991711965870452,0.0,0.0,0.0,0.0,0.0,0.0,0.0,0.0,0.0,0.0,0.0,0.0,0.0,0.0,0.0
263,2012-02-01 10:00:00,10:00,H12,0.003030305349178697,1,0.0,0.0,0.0,-0.23542969108640358,0.0,0.0,0.0,0.0,0.0,0.0,0.0,0.0,0.0,0.0,0.0,0.0
264,2012-02-03 08:30:00,08:30,H12,0.009592850765774763,2,0.0,0.0,0.0,0.0,0.0,0.0,0.0,0.0,0.0,0.11759940314657412,-0.3898177129882083,0.0,0.0,0.0,0.0,0.0
265,2012-02-03 10:00:00,10:00,H12,0.002431498439140256,1,0.0,0.0,0.0,0.0,0.0,0.0,0.0,0.0,0.0,0.0,0.0,0.0,0.0,0.0,0.0,1.6684714139687875
266,2012-02-14 08:30:00,08:30,H12,-0.00204214310272377,1,0.0,0.0,0.0,0.0,0.0,0.0,0.0,0.0,-0.3892945651342317,0.0,0.0,0.0,0.0,0.0,0.0,0.0
267,2012-02-15 09:15:00,09:15,H12,-0.0035142919734685307,1,0.0,-1.4616071571834641,0.0,0.0,0.0,0.0,0.0,0.0,0.0,0.0,0.0,0.0,0.0,0.0,0.0,0.0
268,2012-02-16 08:30:00,08:30,H12,0.0018670655162331684,3,0.0,0.0,0.0,0.0,0.0,-0.6576209603064533,0.0,0.0,0.0,0.0,0.0,0.23757445325837886,-0.06658832724052317,0.0,0.0,0.0
269,2012-02-22 10:00:00,10:00,H12,-0.0003681207477610471,1,0.0,0.0,0.0,0.0,0.0,0.0,0.0,0.0,0.0,0.0,0.0,0.0,0.0,-0.5420954032868445,0.0,0.0
270,2012-02-24 10:00:00,10:00,H12,-0.00036643459552543334,1,0.0,0.0,0.0,0.0,0.0,0.0,0.0,0.0,0.0,0.0,0.0,0.0,0.0,0.0,0.10989755942722261,0.0
271,2012-02-28 08:30:00,08:30,H12,-0.00383457057096237,1,0.0,0.0,-1.3115782184541482,0.0,0.0,0.0,0.0,0.0,0.0,0.0,0.0,0.0,0.0,0.0,0.0,0.0
272,2012-02-29 08:30:00,08:30,H12,-0.0010924982878321998,1,0.2991711965870452,0.0,0.0,0.0,0.0,0.0,0.0,0.0,0.0,0.0,0.0,0.0,0.0,0.0,0.0,0.0
273,2012-03-01 10:00:00,10:00,H12,-0.0009113278676844416,1,0.0,0.0,0.0,-1.294863300975226,0.0,0.0,0.0,0.0,0.0,0.0,0.0,0.0,0.0,0.0,0.0,0.0
274,2012-03-05 10:00:00,10:00,H12,-0.003119554782358591,1,0.0,0.0,0.0,0.0,0.0,0.0,0.0,0.0,0.0,0.0,0.0,0.0,0.0,0.0,0.0,0.5561571379895948
275,2012-03-09 08:30:00,08:30,H12,0.0014617214369483378,2,0.0,0.0,0.0,0.0,0.0,0.0,0.0,0.0,0.0,0.021496665091309246,0.0,0.0,0.0,0.0,0.0,0.0
276,2012-03-13 08:30:00,08:30,H12,-0.0009065361875473243,1,0.0,0.0,0.0,0.0,0.0,0.0,0.0,0.0,0.0,0.0,0.0,0.0,0.0,0.0,0.0,0.0
277,2012-03-15 08:30:00,08:30,M12,-0.00017961383074815984,1,0.0,0.0,0.0,0.0,0.0,-0.32881048015322667,0.0,0.0,0.0,0.0,0.0,0.0,0.0,0.0,0.0,0.0
278,2012-03-16 09:15:00,09:15,M12,-0.000714796313493693,1,0.0,-0.8352040898191224,0.0,0.0,0.0,0.0,0.0,0.0,0.0,0.0,0.0,0.0,0.0,0.0,0.0,0.0
279,2012-03-20 08:30:00,08:30,M12,0.00017916330783407375,2,0.0,0.0,0.0,0.0,0.0,0.0,0.0,0.0,0.0,0.0,0.0,-0.025007837185092512,0.4494712088735314,0.0,0.0,0.0
280,2012-03-21 10:00:00,10:00,M12,0.0,1,0.0,0.0,0.0,0.0,0.0,0.0,0.0,0.0,0.0,0.0,0.0,0.0,0.0,-0.1084190806573689,0.0,0.0
281,2012-03-23 10:00:00,10:00,M12,-0.00306721034329005,1,0.0,0.0,0.0,0.0,0.0,0.0,0.0,0.0,0.0,0.0,0.0,0.0,0.0,0.0,-0.21979511885444522,0.0
282,2012-03-28 08:30:00,08:30,M12,-0.0030198086719828154,1,0.0,0.0,-0.32789455461353695,0.0,0.0,0.0,0.0,0.0,0.0,0.0,0.0,0.0,0.0,0.0,0.0,0.0
283,2012-03-29 08:30:00,08:30,M12,-0.00035816619294060104,1,0.0,0.0,0.0,0.0,0.0,0.0,0.0,0.0,0.0,0.0,0.0,0.0,0.0,0.0,0.0,0.0
284,2012-04-02 10:00:00,10:00,M12,0.003560623309605937,1,0.0,0.0,0.0,0.23542969108640358,0.0,0.0,0.0,0.0,0.0,0.0,0.0,0.0,0.0,0.0,0.0,0.0
285,2012-04-04 10:00:00,10:00,M12,-0.0034053263483677654,1,0.0,0.0,0.0,0.0,0.0,0.0,0.0,0.0,0.0,0.0,0.0,0.0,0.0,0.0,0.0,-0.46346428165799725
286,2012-04-06 08:30:00,08:30,M12,-0.012101655861570748,2,0.0,0.0,0.0,0.0,0.0,0.0,0.0,0.0,0.0,-0.10495430603403927,-0.1949088564941076,0.0,0.0,0.0,0.0,0.0
287,2012-04-12 08:30:00,08:30,M12,-0.0021937851577131795,1,0.0,0.0,0.0,0.0,0.0,-0.9864314404596801,0.0,0.0,0.0,0.0,0.0,0.0,0.0,0.0,0.0,0.0
288,2012-04-16 08:30:00,08:30,M12,0.0038331707060494935,1,0.0,0.0,0.0,0.0,0.0,0.0,0.0,0.0,0.48661820641778963,0.0,0.0,0.0,0.0,0.0,0.0,0.0
289,2012-04-17 08:30:00,08:30,M12,0.0012746974320005933,2,0.0,0.0,0.0,0.0,0.0,0.0,0.0,0.0,0.0,0.0,0.0,-0.637699848219859,0.6159420269748394,0.0,0.0,0.0
290,2012-04-17 09:15:00,09:15,M12,0.00018193395847543314,1,0.0,-0.6264030673643417,0.0,0.0,0.0,0.0,0.0,0.0,0.0,0.0,0.0,0.0,0.0,0.0,0.0,0.0
291,2012-04-19 10:00:00,10:00,M12,-0.0023535812439501314,1,0.0,0.0,0.0,0.0,0.0,0.0,0.0,0.0,0.0,0.0,0.0,0.0,0.0,-0.7589335646015822,0.0,0.0
292,2012-04-24 10:00:00,10:00,M12,0.0031087160447702544,1,0.0,0.0,0.0,0.0,0.0,0.0,0.0,0.0,0.0,0.0,0.0,0.0,0.0,0.0,0.14653007923629682,0.0
293,2012-04-25 08:30:00,08:30,M12,-0.001269150746006531,1,0.0,0.0,-1.0246704831673032,0.0,0.0,0.0,0.0,0.0,0.0,0.0,0.0,0.0,0.0,0.0,0.0,0.0
294,2012-04-27 08:30:00,08:30,M12,0.0,1,-0.44875679488056713,0.0,0.0,0.0,0.0,0.0,0.0,0.0,0.0,0.0,0.0,0.0,0.0,0.0,0.0,0.0
295,2012-05-01 10:00:00,10:00,M12,0.01000365612847176,1,0.0,0.0,0.0,1.0594336098888182,0.0,0.0,0.0,0.0,0.0,0.0,0.0,0.0,0.0,0.0,0.0,0.0
296,2012-05-03 10:00:00,10:00,M12,-0.003761086192368701,1,0.0,0.0,0.0,0.0,0.0,0.0,0.0,0.0,0.0,0.0,0.0,0.0,0.0,0.0,0.0,-0.9269285633159945
297,2012-05-04 08:30:00,08:30,M12,-0.0023472069998184963,2,0.0,0.0,0.0,0.0,0.0,0.0,0.0,0.0,0.0,-0.06954803411894168,-0.19490885649410414,0.0,0.0,0.0,0.0,0.0
298,2012-05-11 08:30:00,08:30,M12,-0.0007418397966327817,1,0.0,0.0,0.0,0.0,0.0,-0.6576209603064535,0.0,0.0,0.0,0.0,0.0,0.0,0.0,0.0,0.0,0.0
299,2012-05-15 08:30:00,08:30,M12,-0.0028008607610914282,2,0.0,0.0,0.0,0.0,0.0,0.0,0.0,0.0,-0.09732364128355793,0.0,0.0,0.0,0.0,0.0,0.0,0.0
300,2012-05-16 08:30:00,08:30,M12,0.0,2,0.0,0.0,0.0,0.0,0.0,0.0,0.0,0.0,0.0,0.0,0.0,0.46264498792421144,-0.2497062271519619,0.0,0.0,0.0
301,2012-05-16 09:15:00,09:15,M12,-0.0011246486658693655,1,0.0,1.0440051122739031,0.0,0.0,0.0,0.0,0.0,0.0,0.0,0.0,0.0,0.0,0.0,0.0,0.0,0.0
302,2012-05-22 10:00:00,10:00,M12,0.004354005931840099,1,0.0,0.0,0.0,0.0,0.0,0.0,0.0,0.0,0.0,0.0,0.0,0.0,0.0,0.1084190806573689,0.0,0.0
303,2012-05-23 10:00:00,10:00,M12,-0.004409939080526115,1,0.0,0.0,0.0,0.0,0.0,0.0,0.0,0.0,0.0,0.0,0.0,0.0,0.0,0.0,0.14653007923629682,0.0
304,2012-05-24 08:30:00,08:30,M12,0.0026505127217122393,1,0.0,0.0,-0.12296045798007639,0.0,0.0,0.0,0.0,0.0,0.0,0.0,0.0,0.0,0.0,0.0,0.0,0.0
305,2012-05-31 08:30:00,08:30,M12,-0.0003811701971052628,1,0.0,0.0,0.0,0.0,0.0,0.0,0.0,0.0,0.0,0.0,0.0,0.0,0.0,0.0,0.0,0.0
306,2012-06-01 08:30:00,08:30,M12,-0.006395990405819951,2,0.0,0.0,0.0,0.0,0.0,0.0,0.0,0.0,0.0,-0.1024252866115323,0.19490885649410414,0.0,0.0,0.0,0.0,0.0
307,2012-06-01 10:00:00,10:00,M12,-0.0009724789252256727,1,0.0,0.0,0.0,-0.23542969108640358,0.0,0.0,0.0,0.0,0.0,0.0,0.0,0.0,0.0,0.0,0.0,0.0
308,2012-06-05 10:00:00,10:00,M12,0.004298560741624158,1,0.0,0.0,0.0,0.0,0.0,0.0,0.0,0.0,0.0,0.0,0.0,0.0,0.0,0.0,0.0,0.09269285633160076
309,2012-06-13 08:30:00,08:30,M12,-0.0013256322365480244,2,0.0,0.0,0.0,0.0,0.0,-1.315241920612907,0.0,0.0,0.0,0.0,0.0,0.0,0.0,0.0,0.0,0.0
310,2012-06-14 08:30:00,08:30,U12,0.0020986366569211157,1,0.0,0.0,0.0,0.0,-0.777373491878783,0.0,0.0,0.0,0.0,0.0,0.0,0.0,0.0,0.0,0.0,0.0
311,2012-06-15 09:15:00,09:15,U12,0.0003767187838867869,1,0.0,-0.4176020449095612,0.0,0.0,0.0,0.0,0.0,0.0,0.0,0.0,0.0,0.0,0.0,0.0,0.0,0.0
312,2012-06-19 08:30:00,08:30,U12,-0.0005579838329463627,2,0.0,0.0,0.0,0.0,0.0,0.0,0.0,0.0,0.0,0.0,0.0,-0.15004702311055507,0.8656482541268012,0.0,0.0,0.0
313,2012-06-21 10:00:00,10:00,U12,-0.00446014491465796,1,0.0,0.0,0.0,0.0,0.0,0.0,0.0,0.0,0.0,0.0,0.0,0.0,0.0,-0.1084190806573689,0.0,0.0
314,2012-06-25 10:00:00,10:00,U12,-0.000954836318128649,1,0.0,0.0,0.0,0.0,0.0,0.0,0.0,0.0,0.0,0.0,0.0,0.0,0.0,0.0,0.4212739778043534,0.0
315,2012-06-27 08:30:00,08:30,U12,-0.0011391685302548638,1,0.0,0.0,0.28690773528684493,0.0,0.0,0.0,0.0,0.0,0.0,0.0,0.0,0.0,0.0,0.0,0.0,0.0
316,2012-06-28 08:30:00,08:30,U12,0.0,1,0.0,0.0,0.0,0.0,0.0,0.0,0.0,0.0,0.0,0.0,0.0,0.0,0.0,0.0,0.0,0.0
317,2012-07-02 10:00:00,10:00,U12,-0.003687319812047285,1,0.0,0.0,0.0,-1.3537207237468238,0.0,0.0,0.0,0.0,0.0,0.0,0.0,0.0,0.0,0.0,0.0,0.0
318,2012-07-05 10:00:00,10:00,U12,0.0,1,0.0,0.0,0.0,0.0,0.0,0.0,0.0,0.0,0.0,0.0,0.0,0.0,0.0,0.0,0.0,-0.4171178534921969
319,2012-07-06 08:30:00,08:30,U12,-0.0047997138478912404,2,0.0,0.0,0.0,0.0,0.0,0.0,0.0,0.0,0.0,-0.012645097112534852,0.0,0.0,0.0,0.0,0.0,0.0
320,2012-07-13 08:30:00,08:30,U12,0.0003753753797832715,1,0.0,0.0,0.0,0.0,0.0,1.9728628809193602,0.0,0.0,0.0,0.0,0.0,0.0,0.0,0.0,0.0,0.0
321,2012-07-16 08:30:00,08:30,U12,0.0007419774037309423,1,0.0,0.0,0.0,0.0,0.0,0.0,0.0,0.0,-0.6812654889849055,0.0,0.0,0.0,0.0,0.0,0.0,0.0
322,2012-07-17 08:30:00,08:30,U12,-0.0007389617923552194,1,0.0,0.0,0.0,0.0,0.7773734918787812,0.0,0.0,0.0,0.0,0.0,0.0,0.0,0.0,0.0,0.0,0.0
323,2012-07-17 09:15:00,09:15,U12,0.00018472337726826993,1,0.0,0.20880102245478066,0.0,0.0,0.0,0.0,0.0,0.0,0.0,0.0,0.0,0.0,0.0,0.0,0.0,0.0
324,2012-07-18 08:30:00,08:30,U12,-0.0012921090860924522,2,0.0,0.0,0.0,0.0,0.0,0.0,0.0,0.0,0.0,0.0,0.0,0.18755877888819383,-0.16647081810130793,0.0,0.0,0.0
325,2012-07-19 10:00:00,10:00,U12,-0.0023707497198550698,1,0.0,0.0,0.0,0.0,0.0,0.0,0.0,0.0,0.0,0.0,0.0,0.0,0.0,-1.4094480485457956,0.0,0.0
326,2012-07-25 10:00:00,10:00,U12,-0.0015012200229760353,1,0.0,0.0,0.0,0.0,0.0,0.0,0.0,0.0,0.0,0.0,0.0,0.0,0.0,0.0,-0.40295771789981627,0.0
327,2012-07-26 08:30:00,08:30,U12,0.0003701647275287101,1,0.0,0.0,0.4918418319203056,0.0,0.0,0.0,0.0,0.0,0.0,0.0,0.0,0.0,0.0,0.0,0.0,0.0
328,2012-07-27 08:30:00,08:30,U12,0.0005511160238693691,1,0.0,0.0,0.0,0.0,0.0,0.0,0.0,0.0,0.0,0.0,0.0,0.0,0.0,0.0,0.0,0.0
329,2012-08-01 10:00:00,10:00,U12,-0.0007259528449496955,1,0.0,0.0,0.0,-0.23542969108640777,0.0,0.0,0.0,0.0,0.0,0.0,0.0,0.0,0.0,0.0,0.0,0.0
330,2012-08-03 08:30:00,08:30,U12,0.0032697576815570173,2,0.0,0.0,0.0,0.0,0.0,0.0,0.0,0.0,0.0,0.07966411180896957,0.1949088564941076,0.0,0.0,0.0,0.0,0.0
331,2012-08-03 10:00:00,10:00,U12,0.0025257094429749216,1,0.0,0.0,0.0,0.0,0.0,0.0,0.0,0.0,0.0,0.0,0.0,0.0,0.0,0.0,0.0,0.27807856899479905
332,2012-08-14 08:30:00,08:30,U12,0.0007111111410775806,2,0.0,0.0,0.0,0.0,0.0,0.32881048015322667,0.0,0.0,0.48661820641778963,0.0,0.0,0.0,0.0,0.0,0.0,0.0
333,2012-08-15 08:30:00,08:30,U12,-0.0005360493293737889,1,0.0,0.0,0.0,0.0,-1.554746983757566,0.0,0.0,0.0,0.0,0.0,0.0,0.0,0.0,0.0,0.0,0.0
334,2012-08-15 09:15:00,09:15,U12,0.001785077232312915,1,0.0,0.20880102245478055,0.0,0.0,0.0,0.0,0.0,0.0,0.0,0.0,0.0,0.0,0.0,0.0,0.0,0.0
335,2012-08-16 08:30:00,08:30,U12,-0.00017782519829978582,2,0.0,0.0,0.0,0.0,0.0,0.0,0.0,0.0,0.0,0.0,0.0,-0.1375431045180088,0.6991774360254933,0.0,0.0,0.0
336,2012-08-22 09:20:00,09:20,U12,0.0019512201312616995,1,0.0,0.0,0.0,0.0,0.0,0.0,0.0,0.0,0.0,0.0,0.0,0.0,0.0,-0.27104770164342223,0.0,0.0
337,2012-08-23 10:00:00,10:00,U12,-0.0005340454065514422,1,0.0,0.0,0.0,0.0,0.0,0.0,0.0,0.0,0.0,0.0,0.0,0.0,0.0,0.0,0.1282138193317597,0.0
338,2012-08-24 08:30:00,08:30,U12,-0.001967624282070979,1,0.0,0.0,0.7377627478804585,0.0,0.0,0.0,0.0,0.0,0.0,0.0,0.0,0.0,0.0,0.0,0.0,0.0
339,2012-08-29 08:30:00,08:30,U12,0.0005321507886115739,1,0.0,0.0,0.0,0.0,0.0,0.0,0.0,0.0,0.0,0.0,0.0,0.0,0.0,0.0,0.0,0.0
340,2012-09-04 10:00:00,10:00,U12,-0.005356199200524436,1,0.0,0.0,0.0,-0.23542969108640358,0.0,0.0,0.0,0.0,0.0,0.0,0.0,0.0,0.0,0.0,0.0,0.0
341,2012-09-06 10:00:00,10:00,U12,0.003518033531678455,1,0.0,0.0,0.0,0.0,0.0,0.0,0.0,0.0,0.0,0.0,0.0,0.0,0.0,0.0,0.0,0.5561571379895981
342,2012-09-07 08:30:00,08:30,U12,-0.0017415539058704965,2,0.0,0.0,0.0,0.0,0.0,0.0,0.0,0.0,0.0,-0.03667078162635107,-0.3898177129882117,0.0,0.0,0.0,0.0,0.0
343,2012-09-13 08:30:00,08:30,U12,0.0008694896643781647,1,0.0,0.0,0.0,0.0,0.0,1.9728628809193598,0.0,0.0,0.0,0.0,0.0,0.0,0.0,0.0,0.0,0.0
344,2012-09-14 08:30:00,08:30,Z12,-0.001717918306024302,2,0.0,0.0,0.0,0.0,0.0,0.0,0.0,0.0,0.19464728256711591,0.0,0.0,0.0,0.0,0.0,0.0,0.0
345,2012-09-14 09:15:00,09:15,Z12,0.004116643892539074,1,0.0,-2.9232143143669282,0.0,0.0,0.0,0.0,0.0,0.0,0.0,0.0,0.0,0.0,0.0,0.0,0.0,0.0
346,2012-09-19 08:30:00,08:30,Z12,0.00017174753155124733,2,0.0,0.0,0.0,0.0,0.0,0.0,0.0,0.0,0.0,0.0,0.0,-0.18755877888819383,0.11652957267091556,0.0,0.0,0.0
347,2012-09-19 10:00:00,10:00,Z12,0.0005162178553943519,1,0.0,0.0,0.0,0.0,0.0,0.0,0.0,0.0,0.0,0.0,0.0,0.0,0.0,1.46365758887448,0.0,0.0
348,2012-09-26 10:00:00,10:00,Z12,-0.002796715684114659,1,0.0,0.0,0.0,0.0,0.0,0.0,0.0,0.0,0.0,0.0,0.0,0.0,0.0,0.0,-0.1282138193317597,0.0
349,2012-09-27 08:30:00,08:30,Z12,-0.00017429193943829802,2,-0.5983423931740898,0.0,-3.3609191847887545,0.0,0.0,0.0,0.0,0.0,0.0,0.0,0.0,0.0,0.0,0.0,0.0,0.0
350,2012-10-01 10:00:00,10:00,Z12,0.004844300130947943,1,0.0,0.0,0.0,1.0594336098888182,0.0,0.0,0.0,0.0,0.0,0.0,0.0,0.0,0.0,0.0,0.0,0.0
351,2012-10-03 10:00:00,10:00,Z12,0.0031239178476729634,1,0.0,0.0,0.0,0.0,0.0,0.0,0.0,0.0,0.0,0.0,0.0,0.0,0.0,0.0,0.0,0.8805821351501941
352,2012-10-05 08:30:00,08:30,Z12,0.0035968181279306677,2,0.0,0.0,0.0,0.0,0.0,0.0,0.0,0.0,0.0,0.0012645097112534852,-0.7796354259764182,0.0,0.0,0.0,0.0,0.0
353,2012-10-12 08:30:00,08:30,Z12,-0.0010476690324443538,1,0.0,0.0,0.0,0.0,0.0,1.3152419206129073,0.0,0.0,0.0,0.0,0.0,0.0,0.0,0.0,0.0,0.0
354,2012-10-15 08:30:00,08:30,Z12,-0.000525256074406677,1,0.0,0.0,0.0,0.0,0.0,0.0,0.0,0.0,0.2919709238506738,0.0,0.0,0.0,0.0,0.0,0.0,0.0
355,2012-10-16 08:30:00,08:30,Z12,-0.0001732651827950349,1,0.0,0.0,0.0,0.0,0.777373491878783,0.0,0.0,0.0,0.0,0.0,0.0,0.0,0.0,0.0,0.0,0.0
356,2012-10-16 09:15:00,09:15,Z12,-0.0001732651827950349,1,0.0,0.4176020449095612,0.0,0.0,0.0,0.0,0.0,0.0,0.0,0.0,0.0,0.0,0.0,0.0,0.0,0.0
357,2012-10-17 08:30:00,08:30,Z12,0.0008606593181230693,2,0.0,0.0,0.0,0.0,0.0,0.0,0.0,0.0,0.0,0.0,0.0,1.275399696439718,1.3983548720509866,0.0,0.0,0.0
358,2012-10-19 10:00:00,10:00,Z12,-0.0008654262764293819,1,0.0,0.0,0.0,0.0,0.0,0.0,0.0,0.0,0.0,0.0,0.0,0.0,0.0,0.0,0.0,0.0
359,2012-10-24 10:00:00,10:00,Z12,-0.0012410248911303157,1,0.0,0.0,0.0,0.0,0.0,0.0,0.0,0.0,0.0,0.0,0.0,0.0,0.0,0.0,0.07326503961814841,0.0
360,2012-10-25 08:30:00,08:30,Z12,-0.0005306447458028885,1,0.0,0.0,1.14763094114738,0.0,0.0,0.0,0.0,0.0,0.0,0.0,0.0,0.0,0.0,0.0,0.0,0.0
361,2012-10-26 08:30:00,08:30,Z12,0.004094353739293233,1,0.1495855982935226,0.0,0.0,0.0,0.0,0.0,0.0,0.0,0.0,0.0,0.0,0.0,0.0,0.0,0.0,0.0
362,2012-11-01 10:00:00,10:00,Z12,0.0037040345726735424,1,0.0,0.0,0.0,0.29428711385800554,0.0,0.0,0.0,0.0,0.0,0.0,0.0,0.0,0.0,0.0,0.0,0.0
363,2012-11-02 08:30:00,08:30,Z12,0.005255793458020186,2,0.0,0.0,0.0,0.0,0.0,0.0,0.0,0.0,0.0,0.05816744671766032,0.0,0.0,0.0,0.0,0.0,0.0
364,2012-11-05 10:00:00,10:00,Z12,0.0005339503553036806,1,0.0,0.0,0.0,0.0,0.0,0.0,0.0,0.0,0.0,0.0,0.0,0.0,0.0,0.0,0.0,-0.13903928449739786
365,2012-11-14 08:30:00,08:30,Z12,-0.0012721491947385033,2,0.0,0.0,0.0,0.0,0.0,-1.315241920612907,0.0,0.0,-0.0973236412835579,0.0,0.0,0.0,0.0,0.0,0.0,0.0
366,2012-11-15 08:30:00,08:30,Z12,-0.0022160673889111138,1,0.0,0.0,0.0,0.0,0.777373491878783,0.0,0.0,0.0,0.0,0.0,0.0,0.0,0.0,0.0,0.0,0.0
367,2012-11-16 09:15:00,09:15,Z12,-0.00518135874199821,1,0.0,-1.2528061347286839,0.0,0.0,0.0,0.0,0.0,0.0,0.0,0.0,0.0,0.0,0.0,0.0,0.0,0.0
368,2012-11-19 10:00:00,10:00,Z12,-0.00018153762417139063,1,0.0,0.0,0.0,0.0,0.0,0.0,0.0,0.0,0.0,0.0,0.0,0.0,0.0,0.2168381613147378,0.0,0.0
369,2012-11-20 08:30:00,08:30,Z12,0.00036166365674539236,2,0.0,0.0,0.0,0.0,0.0,0.0,0.0,0.0,0.0,0.0,0.0,0.6752116039974978,0.016647081810130793,0.0,0.0,0.0
370,2012-11-27 08:30:00,08:30,Z12,-0.0001781737198474076,1,0.0,0.0,0.24592091596015278,0.0,0.0,0.0,0.0,0.0,0.0,0.0,0.0,0.0,0.0,0.0,0.0,0.0
371,2012-11-28 10:00:00,10:00,Z12,0.00036003600749001663,1,0.0,0.0,0.0,0.0,0.0,0.0,0.0,0.0,0.0,0.0,0.0,0.0,0.0,0.0,-0.40295771789981627,0.0
372,2012-11-29 08:30:00,08:30,Z12,-0.0015910902322415765,1,-0.14958559829352194,0.0,0.0,0.0,0.0,0.0,0.0,0.0,0.0,0.0,0.0,0.0,0.0,0.0,0.0,0.0
373,2012-12-03 10:00:00,10:00,Z12,-0.001586602360155176,1,0.0,0.0,0.0,-1.0594336098888182,0.0,0.0,0.0,0.0,0.0,0.0,0.0,0.0,0.0,0.0,0.0,0.0
374,2012-12-05 10:00:00,10:00,Z12,-0.0024915478274500913,1,0.0,0.0,0.0,0.0,0.0,0.0,0.0,0.0,0.0,0.0,0.0,0.0,0.0,0.0,0.0,0.5561571379895981
375,2012-12-07 08:30:00,08:30,Z12,0.006718554268029031,2,0.0,0.0,0.0,0.0,0.0,0.0,0.0,0.0,0.0,0.06701901469643472,-0.38981771298821,0.0,0.0,0.0,0.0,0.0
376,2012-12-13 08:30:00,08:30,Z12,-0.0005256241908133674,2,0.0,0.0,0.0,0.0,0.0,-0.9864314404596803,0.0,0.0,-0.19464728256711586,0.0,0.0,0.0,0.0,0.0,0.0,0.0
377,2012-12-14 08:30:00,08:30,H13,-0.0014149277210258049,1,0.0,0.0,0.0,0.0,-0.7773734918787812,0.0,0.0,0.0,0.0,0.0,0.0,0.0,0.0,0.0,0.0,0.0
378,2012-12-14 09:15:00,09:15,H13,-0.000531020456765674,1,0.0,1.6704081796382448,0.0,0.0,0.0,0.0,0.0,0.0,0.0,0.0,0.0,0.0,0.0,0.0,0.0,0.0
379,2012-12-19 08:30:00,08:30,H13,-0.00034602076469791854,2,0.0,0.0,0.0,0.0,0.0,0.0,0.0,0.0,0.0,0.0,0.0,-0.15004702311055507,0.39952996344313907,0.0,0.0,0.0
380,2012-12-20 08:30:00,08:30,H13,0.0013964044859422486,1,0.4487567948805678,0.0,0.0,0.0,0.0,0.0,0.0,0.0,0.0,0.0,0.0,0.0,0.0,0.0,0.0,0.0
381,2012-12-20 10:00:00,10:00,H13,0.001048218125328404,1,0.0,0.0,0.0,0.0,0.0,0.0,0.0,0.0,0.0,0.0,0.0,0.0,0.0,0.9215621855876356,0.0,0.0
382,2012-12-21 08:30:00,08:30,H13,-0.0012322860462647967,1,0.0,0.0,0.20493409663346063,0.0,0.0,0.0,0.0,0.0,0.0,0.0,0.0,0.0,0.0,0.0,0.0,0.0
383,2012-12-27 10:00:00,10:00,H13,-0.0074455227841081495,1,0.0,0.0,0.0,0.0,0.0,0.0,0.0,0.0,0.0,0.0,0.0,0.0,0.0,0.0,-0.018316259904537103,0.0
384,2013-01-02 10:00:00,10:00,H13,-0.0020682530640590002,1,0.0,0.0,0.0,0.23542969108640777,0.0,0.0,0.0,0.0,0.0,0.0,0.0,0.0,0.0,0.0,0.0,0.0
385,2013-01-04 08:30:00,08:30,H13,0.0012022328627097068,2,0.0,0.0,0.0,0.0,0.0,0.0,0.0,0.0,0.0,0.006322548556267426,0.19490885649410414,0.0,0.0,0.0,0.0,0.0
386,2013-01-04 10:00:00,10:00,H13,-0.0006864596116491484,1,0.0,0.0,0.0,0.0,0.0,0.0,0.0,0.0,0.0,0.0,0.0,0.0,0.0,0.0,0.0,0.8805821351501941
387,2013-01-15 08:30:00,08:30,H13,0.0006857534984998637,2,0.0,0.0,0.0,0.0,0.0,-0.3288104801532267,0.0,0.0,0.29197092385067375,0.0,0.0,0.0,0.0,0.0,0.0,0.0
388,2013-01-16 08:30:00,08:30,H13,-0.0006836438481947482,1,0.0,0.0,0.0,0.0,-0.777373491878783,0.0,0.0,0.0,0.0,0.0,0.0,0.0,0.0,0.0,0.0,0.0
389,2013-01-16 09:15:00,09:15,H13,0.0006835270259282211,1,0.0,0.0,0.0,0.0,0.0,0.0,0.0,0.0,0.0,0.0,0.0,0.0,0.0,0.0,0.0,0.0
390,2013-01-17 08:30:00,08:30,H13,0.002717392976499866,2,0.0,0.0,0.0,0.0,0.0,0.0,0.0,0.0,0.0,0.0,0.0,0.8002507899229604,0.0,0.0,0.0,0.0
391,2013-01-22 10:00:00,10:00,H13,-0.002873808080454232,1,0.0,0.0,0.0,0.0,0.0,0.0,0.0,0.0,0.0,0.0,0.0,0.0,0.0,-0.8673526452589512,0.0,0.0
392,2013-01-25 10:00:00,10:00,H13,-0.003346163403270097,1,0.0,0.0,0.0,0.0,0.0,0.0,0.0,0.0,0.0,0.0,0.0,0.0,0.0,0.0,-0.29306015847259365,0.0
393,2013-01-28 08:30:00,08:30,H13,0.002002336727740861,1,0.0,0.0,1.1476309411473795,0.0,0.0,0.0,0.0,0.0,0.0,0.0,0.0,0.0,0.0,0.0,0.0,0.0
394,2013-01-30 08:30:00,08:30,H13,-0.0006657789859776386,1,-1.7950271795222699,0.0,0.0,0.0,0.0,0.0,0.0,0.0,0.0,0.0,0.0,0.0,0.0,0.0,0.0,0.0
395,2013-02-01 08:30:00,08:30,H13,0.0024972958953810576,2,0.0,0.0,0.0,0.0,0.0,0.0,0.0,0.0,0.0,-0.0037935291337604553,0.19490885649410586,0.0,0.0,0.0,0.0,0.0
396,2013-02-01 10:00:00,10:00,H13,0.0013308935586184845,1,0.0,0.0,0.0,1.4714355692900276,0.0,0.0,0.0,0.0,0.0,0.0,0.0,0.0,0.0,0.0,0.0,0.0
397,2013-02-05 10:00:00,10:00,H13,-0.0006651147568108584,1,0.0,0.0,0.0,0.0,0.0,0.0,0.0,0.0,0.0,0.0,0.0,0.0,0.0,0.0,0.0,0.0
398,2013-02-13 08:30:00,08:30,H13,-0.00016456841969159086,1,0.0,0.0,0.0,0.0,0.0,0.0,0.0,0.0,0.0,0.0,0.0,0.0,0.0,0.0,0.0,0.0
399,2013-02-15 09:15:00,09:15,H13,0.0011521686732569592,1,0.0,-0.6264030673643419,0.0,0.0,0.0,0.0,0.0,0.0,0.0,0.0,0.0,0.0,0.0,0.0,0.0,0.0
400,2013-02-20 08:30:00,08:30,H13,0.0006545573789580317,3,0.0,0.0,0.0,0.0,0.0,-0.6576209603064535,0.0,0.0,0.0,0.0,0.0,-0.43763715073911896,0.16647081810130793,0.0,0.0,0.0
401,2013-02-21 08:30:00,08:30,H13,-0.0001661267550954193,1,0.0,0.0,0.0,0.0,0.0,0.0,0.0,0.0,0.0,0.0,0.0,0.0,0.0,0.0,0.0,0.0
402,2013-02-21 10:00:00,10:00,H13,0.001997670050056577,1,0.0,0.0,0.0,0.0,0.0,0.0,0.0,0.0,0.0,0.0,0.0,0.0,0.0,0.1084190806573689,0.0,0.0
403,2013-02-26 10:00:00,10:00,H13,-0.003018617083359487,1,0.0,0.0,0.0,0.0,0.0,0.0,0.0,0.0,0.0,0.0,0.0,0.0,0.0,0.0,1.0257105546540777,0.0
404,2013-02-27 08:30:00,08:30,H13,-0.00016735001294154728,1,0.0,0.0,-0.32789455461353695,0.0,0.0,0.0,0.0,0.0,0.0,0.0,0.0,0.0,0.0,0.0,0.0,0.0
405,2013-02-28 08:30:00,08:30,H13,-0.0001648668703762013,1,-0.5983423931740899,0.0,0.0,0.0,0.0,0.0,0.0,0.0,0.0,0.0,0.0,0.0,0.0,0.0,0.0,0.0
406,2013-03-01 10:00:00,10:00,H13,0.0036472188971110597,1,0.0,0.0,0.0,1.0005761871172205,0.0,0.0,0.0,0.0,0.0,0.0,0.0,0.0,0.0,0.0,0.0,0.0
407,2013-03-05 10:00:00,10:00,H13,0.0014637719129817484,1,0.0,0.0,0.0,0.0,0.0,0.0,0.0,0.0,0.0,0.0,0.0,0.0,0.0,0.0,0.0,0.46346428165799725
408,2013-03-08 08:30:00,08:30,H13,0.0009691488401912807,2,0.0,0.0,0.0,0.0,0.0,0.0,0.0,0.0,0.0,0.09610273805526487,-0.38981771298821,0.0,0.0,0.0,0.0,0.0
409,2013-03-13 08:30:00,08:30,H13,0.002416432911628519,1,0.0,0.0,0.0,0.0,0.0,0.0,0.0,0.0,0.5839418477013476,0.0,0.0,0.0,0.0,0.0,0.0,0.0
410,2013-03-14 08:30:00,08:30,M13,0.00032180209449084174,1,0.0,0.0,0.0,0.0,0.0,0.0,0.0,0.0,0.0,0.0,0.0,0.0,0.0,0.0,0.0,0.0
411,2013-03-15 08:30:00,08:30,M13,0.0,1,0.0,0.0,0.0,0.0,0.777373491878783,0.0,0.0,0.0,0.0,0.0,0.0,0.0,0.0,0.0,0.0,0.0
412,2013-03-15 09:15:00,09:15,M13,-0.0017689157945337541,1,0.0,0.6264030673643416,0.0,0.0,0.0,0.0,0.0,0.0,0.0,0.0,0.0,0.0,0.0,0.0,0.0,0.0
413,2013-03-19 08:30:00,08:30,M13,0.0,2,0.0,0.0,0.0,0.0,0.0,0.0,0.0,0.0,0.0,0.0,0.0,0.025007837185092512,0.34958871801274666,0.0,0.0,0.0
414,2013-03-21 10:00:00,10:00,M13,-0.0021044119461910427,1,0.0,0.0,0.0,0.0,0.0,0.0,0.0,0.0,0.0,0.0,0.0,0.0,0.0,-0.1084190806573689,0.0,0.0
415,2013-03-26 08:30:00,08:30,M13,0.0004839100021838405,1,0.0,0.0,0.7787495672071506,0.0,0.0,0.0,0.0,0.0,0.0,0.0,0.0,0.0,0.0,0.0,0.0,0.0
416,2013-03-26 10:00:00,10:00,M13,0.0008037939505189939,1,0.0,0.0,0.0,0.0,0.0,0.0,0.0,0.0,0.0,0.0,0.0,0.0,0.0,0.0,-0.20147885894990814,0.0
417,2013-03-28 08:30:00,08:30,M13,-0.0016056522396326045,1,-0.14958559829352244,0.0,0.0,0.0,0.0,0.0,0.0,0.0,0.0,0.0,0.0,0.0,0.0,0.0,0.0,0.0
418,2013-04-01 10:00:00,10:00,M13,-0.0016012813669732395,1,0.0,0.0,0.0,-1.7068652603764354,0.0,0.0,0.0,0.0,0.0,0.0,0.0,0.0,0.0,0.0,0.0,0.0
419,2013-04-03 10:00:00,10:00,M13,-0.0014424235211860648,1,0.0,0.0,0.0,0.0,0.0,0.0,0.0,0.0,0.0,0.0,0.0,0.0,0.0,0.0,0.0,-0.6488499943211955
420,2013-04-05 08:30:00,08:30,M13,-0.006656409024239807,2,0.0,0.0,0.0,0.0,0.0,0.0,0.0,0.0,0.0,-0.14162508766039034,-0.19490885649410586,0.0,0.0,0.0,0.0,0.0
421,2013-04-12 08:30:00,08:30,M13,0.0004740459913374906,2,0.0,0.0,0.0,0.0,0.0,-1.3152419206129067,0.0,0.0,-0.48661820641778963,0.0,0.0,0.0,0.0,0.0,0.0,0.0
422,2013-04-16 08:30:00,08:30,M13,0.0008025038549615005,3,0.0,0.0,0.0,0.0,-0.777373491878783,0.0,0.0,0.0,0.0,0.0,0.0,1.325415370809903,-0.6325891087849701,0.0,0.0,0.0
423,2013-04-16 09:15:00,09:15,M13,0.0011233251602478234,1,0.0,0.4176020449095612,0.0,0.0,0.0,0.0,0.0,0.0,0.0,0.0,0.0,0.0,0.0,0.0,0.0,0.0
424,2013-04-22 10:00:00,10:00,M13,-0.004362233268505378,1,0.0,0.0,0.0,0.0,0.0,0.0,0.0,0.0,0.0,0.0,0.0,0.0,0.0,-0.48788586295816005,0.0,0.0
425,2013-04-23 10:00:00,10:00,M13,0.0019099162259710312,1,0.0,0.0,0.0,0.0,0.0,0.0,0.0,0.0,0.0,0.0,0.0,0.0,0.0,0.0,-0.054948779713611305,0.0
426,2013-04-24 08:30:00,08:30,M13,-0.0014293657638875246,1,0.0,0.0,-1.188617760474072,0.0,0.0,0.0,0.0,0.0,0.0,0.0,0.0,0.0,0.0,0.0,0.0,0.0
427,2013-04-26 08:30:00,08:30,M13,-0.0004752475336982087,1,-0.7479279914676124,0.0,0.0,0.0,0.0,0.0,0.0,0.0,0.0,0.0,0.0,0.0,0.0,0.0,0.0,0.0
428,2013-05-01 10:00:00,10:00,M13,-0.0012612330223040757,1,0.0,0.0,0.0,-0.1177148455431997,0.0,0.0,0.0,0.0,0.0,0.0,0.0,0.0,0.0,0.0,0.0,0.0
429,2013-05-03 08:30:00,08:30,M13,0.008289716666981306,2,0.0,0.0,0.0,0.0,0.0,0.0,0.0,0.0,0.0,0.025290194225069704,-0.19490885649410414,0.0,0.0,0.0,0.0,0.0
430,2013-05-03 10:00:00,10:00,M13,0.0024813908513854344,1,0.0,0.0,0.0,0.0,0.0,0.0,0.0,0.0,0.0,0.0,0.0,0.0,0.0,0.0,0.0,-0.4171178534921969
431,2013-05-13 08:30:00,08:30,M13,0.001383870444579216,1,0.0,0.0,0.0,0.0,0.0,0.0,0.0,0.0,0.3892945651342317,0.0,0.0,0.0,0.0,0.0,0.0,0.0
432,2013-05-15 08:30:00,08:30,M13,-0.0006078103818785152,1,0.0,0.0,0.0,0.0,0.0,-0.32881048015322667,0.0,0.0,0.0,0.0,0.0,0.0,0.0,0.0,0.0,0.0
433,2013-05-15 09:15:00,09:15,M13,0.0001520103369960779,1,0.0,-0.6264030673643417,0.0,0.0,0.0,0.0,0.0,0.0,0.0,0.0,0.0,0.0,0.0,0.0,0.0,0.0
434,2013-05-16 08:30:00,08:30,M13,-0.0021157632193640197,3,0.0,0.0,0.0,0.0,-1.5547469837575643,0.0,0.0,0.0,0.0,0.0,0.0,-1.5004702311055507,1.1985898903294172,0.0,0.0,0.0
435,2013-05-22 10:00:00,10:00,M13,0.007006065774652903,1,0.0,0.0,0.0,0.0,0.0,0.0,0.0,0.0,0.0,0.0,0.0,0.0,0.0,-0.1084190806573689,0.0,0.0
436,2013-05-23 10:00:00,10:00,M13,0.00442107588016416,1,0.0,0.0,0.0,0.0,0.0,0.0,0.0,0.0,0.0,0.0,0.0,0.0,0.0,0.0,0.531171537231576,0.0
437,2013-05-24 08:30:00,08:30,M13,-0.0016744048359838004,1,0.0,0.0,0.7377627478804583,0.0,0.0,0.0,0.0,0.0,0.0,0.0,0.0,0.0,0.0,0.0,0.0,0.0
438,2013-05-30 08:30:00,08:30,M13,-0.0009082652758811705,1,-0.1495855982935226,0.0,0.0,0.0,0.0,0.0,0.0,0.0,0.0,0.0,0.0,0.0,0.0,0.0,0.0,0.0
439,2013-06-03 10:00:00,10:00,M13,-0.00015326844999030698,1,0.0,0.0,0.0,-1.0005761871172205,0.0,0.0,0.0,0.0,0.0,0.0,0.0,0.0,0.0,0.0,0.0,0.0
440,2013-06-05 10:00:00,10:00,M13,-0.003078346281927935,1,0.0,0.0,0.0,0.0,0.0,0.0,0.0,0.0,0.0,0.0,0.0,0.0,0.0,0.0,0.0,0.09269285633160076
441,2013-06-07 08:30:00,08:30,M13,0.003071255485414426,2,0.0,0.0,0.0,0.0,0.0,0.0,0.0,0.0,0.0,0.006322548556267426,0.19490885649410414,0.0,0.0,0.0,0.0,0.0
442,2013-06-13 08:30:00,08:30,M13,0.0027972046210607004,1,0.0,0.0,0.0,0.0,0.0,0.0,0.0,0.0,0.1946472825671158,0.0,0.0,0.0,0.0,0.0,0.0,0.0
443,2013-06-14 08:30:00,08:30,U13,0.0004605818765694991,1,0.0,0.0,0.0,0.0,0.0,1.315241920612907,0.0,0.0,0.0,0.0,0.0,0.0,0.0,0.0,0.0,0.0
444,2013-06-14 09:15:00,09:15,U13,0.0010745261606448508,1,0.0,-0.4176020449095612,0.0,0.0,0.0,0.0,0.0,0.0,0.0,0.0,0.0,0.0,0.0,0.0,0.0,0.0
445,2013-06-18 08:30:00,08:30,U13,-0.0016813148782963694,3,0.0,0.0,0.0,0.0,0.0,0.0,0.0,0.0,0.0,0.0,0.0,-0.4501410693316652,-0.016647081810130793,0.0,0.0,0.0
446,2013-06-20 10:00:00,10:00,U13,-0.006398773295813953,1,0.0,0.0,0.0,0.0,0.0,0.0,0.0,0.0,0.0,0.0,0.0,0.0,0.0,0.9757717259163201,0.0,0.0
447,2013-06-25 08:30:00,08:30,U13,-0.0014277784610001731,1,0.0,0.0,0.2459209159601528,0.0,0.0,0.0,0.0,0.0,0.0,0.0,0.0,0.0,0.0,0.0,0.0,0.0
448,2013-06-25 10:00:00,10:00,U13,0.0,1,0.0,0.0,0.0,0.0,0.0,0.0,0.0,0.0,0.0,0.0,0.0,0.0,0.0,0.0,0.2564276386635194,0.0
449,2013-06-26 08:30:00,08:30,U13,0.0003143171485877616,1,-0.8975135897611346,0.0,0.0,0.0,0.0,0.0,0.0,0.0,0.0,0.0,0.0,0.0,0.0,0.0,0.0,0.0
450,2013-07-01 10:00:00,10:00,U13,0.00201098373904518,1,0.0,0.0,0.0,0.23542969108640358,0.0,0.0,0.0,0.0,0.0,0.0,0.0,0.0,0.0,0.0,0.0,0.0
451,2013-07-03 10:00:00,10:00,U13,0.0003119151616051141,1,0.0,0.0,0.0,0.0,0.0,0.0,0.0,0.0,0.0,0.0,0.0,0.0,0.0,0.0,0.0,-0.8342357069843938
452,2013-07-05 08:30:00,08:30,U13,-0.0013864286284581695,2,0.0,0.0,0.0,0.0,0.0,0.0,0.0,0.0,0.0,0.03793529133760455,0.19490885649410414,0.0,0.0,0.0,0.0,0.0
453,2013-07-12 08:30:00,08:30,U13,-0.0008982036532012572,1,0.0,0.0,0.0,0.0,0.0,0.9864314404596803,0.0,0.0,0.0,0.0,0.0,0.0,0.0,0.0,0.0,0.0
454,2013-07-15 08:30:00,08:30,U13,0.0,1,0.0,0.0,0.0,0.0,0.0,0.0,0.0,0.0,-0.3892945651342317,0.0,0.0,0.0,0.0,0.0,0.0,0.0
455,2013-07-16 08:30:00,08:30,U13,0.00044712721513917586,1,0.0,0.0,0.0,0.0,0.777373491878783,0.0,0.0,0.0,0.0,0.0,0.0,0.0,0.0,0.0,0.0,0.0
456,2013-07-16 09:15:00,09:15,U13,-0.0017897096499712717,1,0.0,0.20880102245478055,0.0,0.0,0.0,0.0,0.0,0.0,0.0,0.0,0.0,0.0,0.0,0.0,0.0,0.0
457,2013-07-17 08:30:00,08:30,U13,0.0035847685886674086,2,0.0,0.0,0.0,0.0,0.0,0.0,0.0,0.0,0.0,0.0,0.0,-1.5379819868831894,-1.4815902811016406,0.0,0.0,0.0
458,2013-07-22 10:00:00,10:00,U13,0.0008887572796538734,1,0.0,0.0,0.0,0.0,0.0,0.0,0.0,0.0,0.0,0.0,0.0,0.0,0.0,-0.9215621855876356,0.0,0.0
459,2013-07-24 10:00:00,10:00,U13,-0.0025224436551454232,1,0.0,0.0,0.0,0.0,0.0,0.0,0.0,0.0,0.0,0.0,0.0,0.0,0.0,0.0,0.27474389856805653,0.0
460,2013-07-25 08:30:00,08:30,U13,0.0005963918471092455,1,0.0,0.0,1.188617760474072,0.0,0.0,0.0,0.0,0.0,0.0,0.0,0.0,0.0,0.0,0.0,0.0,0.0
461,2013-07-31 08:30:00,08:30,U13,0.0002968239855576371,1,1.0470991880546572,0.0,0.0,0.0,0.0,0.0,0.0,0.0,0.0,0.0,0.0,0.0,0.0,0.0,0.0,0.0
462,2013-08-01 10:00:00,10:00,U13,0.0010300935352764995,1,0.0,0.0,0.0,2.0011523742344366,0.0,0.0,0.0,0.0,0.0,0.0,0.0,0.0,0.0,0.0,0.0,0.0
463,2013-08-02 08:30:00,08:30,U13,-0.0029407461275265945,2,0.0,0.0,0.0,0.0,0.0,0.0,0.0,0.0,0.0,-0.02781921364757667,-0.19490885649410414,0.0,0.0,0.0,0.0,0.0
464,2013-08-05 10:00:00,10:00,U13,0.0010281266970126879,1,0.0,0.0,0.0,0.0,0.0,0.0,0.0,0.0,0.0,0.0,0.0,0.0,0.0,0.0,0.0,1.3903928449739917
465,2013-08-13 08:30:00,08:30,U13,-0.0007393715678780666,1,0.0,0.0,0.0,0.0,0.0,0.0,0.0,0.0,-0.0973236412835579,0.0,0.0,0.0,0.0,0.0,0.0,0.0
466,2013-08-14 08:30:00,08:30,U13,0.0013332347727041949,1,0.0,0.0,0.0,0.0,0.0,-0.9864314404596801,0.0,0.0,0.0,0.0,0.0,0.0,0.0,0.0,0.0,0.0
467,2013-08-15 08:30:00,08:30,U13,-0.002394493810955467,1,0.0,0.0,0.0,0.0,0.0,0.0,0.0,0.0,0.0,0.0,0.0,0.0,0.0,0.0,0.0,0.0
468,2013-08-15 09:15:00,09:15,U13,-0.0013492244007657916,1,0.0,-0.6264030673643417,0.0,0.0,0.0,0.0,0.0,0.0,0.0,0.0,0.0,0.0,0.0,0.0,0.0,0.0
469,2013-08-16 08:30:00,08:30,U13,-0.0010554090689431916,2,0.0,0.0,0.0,0.0,0.0,0.0,0.0,0.0,0.0,0.0,0.0,-0.050015674370185025,-0.03329416362026159,0.0,0.0,0.0
470,2013-08-21 10:00:00,10:00,U13,0.00030381285362057753,1,0.0,0.0,0.0,0.0,0.0,0.0,0.0,0.0,0.0,0.0,0.0,0.0,0.0,1.3010289678884268,0.0,0.0
471,2013-08-23 10:00:00,10:00,U13,-0.0004533434153959348,1,0.0,0.0,0.0,0.0,0.0,0.0,0.0,0.0,0.0,0.0,0.0,0.0,0.0,0.0,-1.7583609508355618,0.0
472,2013-08-26 08:30:00,08:30,U13,0.0015051176832949764,1,0.0,0.0,-1.3525650377808403,0.0,0.0,0.0,0.0,0.0,0.0,0.0,0.0,0.0,0.0,0.0,0.0,0.0
473,2013-08-29 08:30:00,08:30,U13,-0.000917150782724363,1,0.44875679488056713,0.0,0.0,0.0,0.0,0.0,0.0,0.0,0.0,0.0,0.0,0.0,0.0,0.0,0.0,0.0
474,2013-09-03 10:00:00,10:00,U13,-0.0016703367333565922,1,0.0,0.0,0.0,1.0005761871172205,0.0,0.0,0.0,0.0,0.0,0.0,0.0,0.0,0.0,0.0,0.0,0.0
475,2013-09-05 10:00:00,10:00,U13,-0.000603500320067063,1,0.0,0.0,0.0,0.0,0.0,0.0,0.0,0.0,0.0,0.0,0.0,0.0,0.0,0.0,0.0,1.6684714139687908
476,2013-09-06 08:30:00,08:30,U13,0.0018064132565296376,2,0.0,0.0,0.0,0.0,0.0,0.0,0.0,0.0,0.0,-0.013909606823788336,-0.19490885649410586,0.0,0.0,0.0,0.0,0.0
477,2013-09-13 08:30:00,08:30,U13,-0.0004448068870130939,2,0.0,0.0,0.0,0.0,0.0,0.32881048015322667,0.0,0.0,-0.19464728256711586,0.0,0.0,0.0,0.0,0.0,0.0,0.0
478,2013-09-16 09:15:00,09:15,Z13,-0.002357796553533298,1,0.0,0.0,0.0,0.0,0.0,0.0,0.0,0.0,0.0,0.0,0.0,0.0,0.0,0.0,0.0,0.0
479,2013-09-17 08:30:00,08:30,Z13,0.0007387161449914359,1,0.0,0.0,0.0,0.0,-0.777373491878783,0.0,0.0,0.0,0.0,0.0,0.0,0.0,0.0,0.0,0.0,0.0
480,2013-09-18 08:30:00,08:30,Z13,-0.0005884949412156004,2,0.0,0.0,0.0,0.0,0.0,0.0,0.0,0.0,0.0,0.0,0.0,-0.32510188340620266,-0.5327066179241854,0.0,0.0,0.0
481,2013-09-19 10:00:00,10:00,Z13,0.0001453594013751669,1,0.0,0.0,0.0,0.0,0.0,0.0,0.0,0.0,0.0,0.0,0.0,0.0,0.0,1.2468194275597424,0.0,0.0
482,2013-09-25 08:30:00,08:30,Z13,0.0014779783949672165,1,0.0,0.0,-0.04098681932669213,0.0,0.0,0.0,0.0,0.0,0.0,0.0,0.0,0.0,0.0,0.0,0.0,0.0
483,2013-09-25 10:00:00,10:00,Z13,-0.0004438854848354268,1,0.0,0.0,0.0,0.0,0.0,0.0,0.0,0.0,0.0,0.0,0.0,0.0,0.0,0.0,0.018316259904537103,0.0
484,2013-09-26 08:30:00,08:30,Z13,-0.0001480056244842487,1,-0.1495855982935226,0.0,0.0,0.0,0.0,0.0,0.0,0.0,0.0,0.0,0.0,0.0,0.0,0.0,0.0,0.0
485,2013-10-01 10:00:00,10:00,Z13,0.0026753880405099295,1,0.0,0.0,0.0,0.706289073259215,0.0,0.0,0.0,0.0,0.0,0.0,0.0,0.0,0.0,0.0,0.0,0.0
486,2013-10-03 10:00:00,10:00,Z13,-0.003581558820343389,1,0.0,0.0,0.0,0.0,0.0,0.0,0.0,0.0,0.0,0.0,0.0,0.0,0.0,0.0,0.0,-1.3903928449739917
487,2013-10-21 10:00:00,10:00,Z13,-0.0005751258246231572,1,0.0,0.0,0.0,0.0,0.0,0.0,0.0,0.0,0.0,0.0,0.0,0.0,0.0,-0.05420954032868445,0.0,0.0
488,2013-10-22 08:30:00,08:30,Z13,0.0015787588496261051,2,0.0,0.0,0.0,0.0,0.0,0.0,0.0,0.0,0.0,-0.040464310760111526,-0.19490885649410414,0.0,0.0,0.0,0.0,0.0
489,2013-10-25 08:30:00,08:30,Z13,0.0,1,0.0,0.0,0.6967759285537662,0.0,0.0,0.0,0.0,0.0,0.0,0.0,0.0,0.0,0.0,0.0,0.0,0.0
490,2013-10-28 09:15:00,09:15,Z13,0.0012825081914673575,1,0.0,0.4176020449095611,0.0,0.0,0.0,0.0,0.0,0.0,0.0,0.0,0.0,0.0,0.0,0.0,0.0,0.0
491,2013-10-29 08:30:00,08:30,Z13,0.0005680204640086117,2,0.0,0.0,0.0,0.0,0.0,-0.9864314404596803,0.0,0.0,-0.19464728256711586,0.0,0.0,0.0,0.0,0.0,0.0,0.0
492,2013-10-30 08:30:00,08:30,Z13,-0.000706065128535549,1,0.0,0.0,0.0,0.0,0.0,0.0,0.0,0.0,0.0,0.0,0.0,0.0,0.0,0.0,0.0,0.0
493,2013-11-01 10:00:00,10:00,Z13,-0.002135080164857861,1,0.0,0.0,0.0,0.8240039188024146,0.0,0.0,0.0,0.0,0.0,0.0,0.0,0.0,0.0,0.0,0.0,0.0
494,2013-11-05 10:00:00,10:00,Z13,0.001140250978731494,1,0.0,0.0,0.0,0.0,0.0,0.0,0.0,0.0,0.0,0.0,0.0,0.0,0.0,0.0,0.0,0.6488499943211955
495,2013-11-07 08:30:00,08:30,Z13,-0.00042334016013612086,1,1.1966847863481795,0.0,0.0,0.0,0.0,0.0,0.0,0.0,0.0,0.0,0.0,0.0,0.0,0.0,0.0,0.0
496,2013-11-08 08:30:00,08:30,Z13,-0.0032958401977367657,2,0.0,0.0,0.0,0.0,0.0,0.0,0.0,0.0,0.0,0.09989626718902532,0.0,0.0,0.0,0.0,0.0,0.0
497,2013-11-15 09:15:00,09:15,Z13,-0.0012565446679477787,1,0.0,-0.6264030673643419,0.0,0.0,0.0,0.0,0.0,0.0,0.0,0.0,0.0,0.0,0.0,0.0,0.0,0.0
498,2013-11-20 08:30:00,08:30,Z13,0.001958042583624753,2,0.0,0.0,0.0,0.0,0.0,0.0,0.0,0.0,0.2919709238506738,0.0,0.0,0.0,0.0,0.0,0.0,0.0
499,2013-11-20 10:00:00,10:00,Z13,0.0026553016789172545,1,0.0,0.0,0.0,0.0,0.0,0.0,0.0,0.0,0.0,0.0,0.0,0.0,0.0,-0.05420954032868445,0.0,0.0
500,2013-11-21 08:30:00,08:30,Z13,-0.0011209192710719407,1,0.0,0.0,0.0,0.0,0.0,0.0,0.0,0.0,0.0,0.0,0.0,0.0,0.0,0.0,0.0,0.0
501,2013-11-26 08:30:00,08:30,Z13,-0.0011092624542854423,1,0.0,0.0,0.0,0.0,0.0,0.0,0.0,0.0,0.0,0.0,0.0,0.0,0.6658832724052317,0.0,0.0,0.0
502,2013-11-27 08:30:00,08:30,Z13,0.00041582923878635825,1,0.0,0.0,-0.04098681932669217,0.0,0.0,0.0,0.0,0.0,0.0,0.0,0.0,0.0,0.0,0.0,0.0,0.0
503,2013-12-02 10:00:00,10:00,Z13,0.0009701338159526784,1,0.0,0.0,0.0,1.3537207237468238,0.0,0.0,0.0,0.0,0.0,0.0,0.0,0.0,0.0,0.0,0.0,0.0
504,2013-12-04 10:00:00,10:00,Z13,0.006136699872137719,2,0.0,0.0,0.0,0.0,0.0,0.0,0.0,0.0,0.0,0.0,0.0,0.0,0.0,0.0,0.29306015847259365,-0.5098107098237976
505,2013-12-05 08:30:00,08:30,Z13,-0.0029303028014622257,1,0.8975135897611349,0.0,0.0,0.0,0.0,0.0,0.0,0.0,0.0,0.0,0.0,0.0,0.0,0.0,0.0,0.0
506,2013-12-06 08:30:00,08:30,Z13,0.005707539681395701,2,0.0,0.0,0.0,0.0,0.0,0.0,0.0,0.0,0.0,0.02908372335883016,-0.38981771298821,0.0,0.0,0.0,0.0,0.0
507,2013-12-12 08:30:00,08:30,Z13,0.0023861334923127586,1,0.0,0.0,0.0,0.0,0.0,0.0,0.0,0.0,0.0973236412835579,0.0,0.0,0.0,0.0,0.0,0.0,0.0
508,2013-12-13 08:30:00,08:30,Z13,-0.0021071862822630294,1,0.0,0.0,0.0,0.0,0.0,0.0,0.0,0.0,0.0,0.0,0.0,0.0,0.0,0.0,0.0,0.0
509,2013-12-16 09:15:00,09:15,H14,0.003929829618942726,1,0.0,1.2528061347286839,0.0,0.0,0.0,0.0,0.0,0.0,0.0,0.0,0.0,0.0,0.0,0.0,0.0,0.0
510,2013-12-17 08:30:00,08:30,H14,-0.00014038043119857235,1,0.0,0.0,0.0,0.0,-0.777373491878783,0.0,0.0,0.0,0.0,0.0,0.0,0.0,0.0,0.0,0.0,0.0
511,2013-12-18 08:30:00,08:30,H14,0.0005630630779389634,2,0.0,0.0,0.0,0.0,0.0,0.0,0.0,0.0,0.0,0.0,0.0,1.763052521549022,0.2830003907722235,0.0,0.0,0.0
512,2013-12-19 10:00:00,10:00,H14,-0.00013895643737971142,1,0.0,0.0,0.0,0.0,0.0,0.0,0.0,0.0,0.0,0.0,0.0,0.0,0.0,-0.7047240242728978,0.0,0.0
513,2013-12-24 08:30:00,08:30,H14,0.00027423557007200117,1,0.0,0.0,0.614802289900382,0.0,0.0,0.0,0.0,0.0,0.0,0.0,0.0,0.0,0.0,0.0,0.0,0.0
514,2014-01-02 10:00:00,10:00,H14,-0.0012277472383219745,1,0.0,0.0,0.0,0.0,0.0,0.0,0.0,0.0,0.0,0.0,0.0,0.0,0.0,0.0,0.0,0.0
515,2014-01-06 10:00:00,10:00,H14,0.0006844158777870035,1,0.0,0.0,0.0,0.0,0.0,0.0,0.0,0.0,0.0,0.0,0.0,0.0,0.0,0.0,0.0,-0.6951964224869959
516,2014-01-10 08:30:00,08:30,H14,-0.0019029501460865461,2,0.0,0.0,0.0,0.0,0.0,0.0,0.0,0.0,0.0,-0.1542701847729252,-0.5847265694823142,0.0,0.0,0.0,0.0,0.0
517,2014-01-14 08:30:00,08:30,H14,0.0013749486560437063,1,0.0,0.0,0.0,0.0,0.0,0.0,0.0,0.0,0.09732364128355793,0.0,0.0,0.0,0.0,0.0,0.0,0.0
518,2014-01-15 08:30:00,08:30,H14,0.0001361563076507366,1,0.0,0.0,0.0,0.0,0.0,0.0,0.0,0.0,0.0,0.0,0.0,0.0,0.0,0.0,0.0,0.0
519,2014-01-16 08:30:00,08:30,H14,0.0001360266614351957,1,0.0,0.0,0.0,0.0,0.0,0.0,0.0,0.0,0.0,0.0,0.0,0.0,0.0,0.0,0.0,0.0
520,2014-01-17 08:30:00,08:30,H14,-0.0002719978256946476,2,0.0,0.0,0.0,0.0,0.0,0.0,0.0,0.0,0.0,0.0,0.0,0.1125352673329163,-0.48276537249379303,0.0,0.0,0.0
521,2014-01-17 09:15:00,09:15,H14,0.0002721458718664138,1,0.0,0.0,0.0,0.0,0.0,0.0,0.0,0.0,0.0,0.0,0.0,0.0,0.0,0.0,0.0,0.0
522,2014-01-23 10:00:00,10:00,H14,-0.0017824094662000078,1,0.0,0.0,0.0,0.0,0.0,0.0,0.0,0.0,0.0,0.0,0.0,0.0,0.0,-0.3794667823007911,0.0,0.0
523,2014-01-27 10:00:00,10:00,H14,-0.0053266175844308705,1,0.0,0.0,0.0,0.0,0.0,0.0,0.0,0.0,0.0,0.0,0.0,0.0,0.0,0.0,-0.7875991758950954,0.0
524,2014-01-28 08:30:00,08:30,H14,-0.001403115145307332,1,0.0,0.0,-2.50019597892822,0.0,0.0,0.0,0.0,0.0,0.0,0.0,0.0,0.0,0.0,0.0,0.0,0.0
525,2014-01-30 08:30:00,08:30,H14,0.004499445161229687,1,0.0,0.0,0.0,0.0,0.0,0.0,0.0,0.0,0.0,0.0,0.0,0.0,0.0,0.0,0.0,0.0
526,2014-02-03 10:00:00,10:00,H14,-0.007785445227549204,1,0.0,0.0,0.0,-3.001728561351657,0.0,0.0,0.0,0.0,0.0,0.0,0.0,0.0,0.0,0.0,0.0,0.0
527,2014-02-05 10:00:00,10:00,H14,-0.0031654702691170655,1,0.0,0.0,0.0,0.0,0.0,0.0,0.0,0.0,0.0,0.0,0.0,0.0,0.0,0.0,0.0,0.13903928449739786
528,2014-02-07 08:30:00,08:30,H14,0.0030968493218654913,2,0.0,0.0,0.0,0.0,0.0,0.0,0.0,0.0,0.0,-0.09104469921025093,-0.19490885649410586,0.0,0.0,0.0,0.0,0.0
529,2014-02-13 08:30:00,08:30,H14,0.00013837957539575285,1,0.0,0.0,0.0,0.0,0.0,0.0,0.0,0.0,-0.6812654889849055,0.0,0.0,0.0,0.0,0.0,0.0,0.0
530,2014-02-14 09:15:00,09:15,H14,-0.0004112687699340256,1,0.0,-1.2528061347286834,0.0,0.0,0.0,0.0,0.0,0.0,0.0,0.0,0.0,0.0,0.0,0.0,0.0,0.0
531,2014-02-19 08:30:00,08:30,H14,0.000409360720732721,3,0.0,0.0,0.0,0.0,0.0,0.3288104801532267,0.0,0.0,0.0,0.0,0.0,-0.8752743014782379,-0.7158245178356242,0.0,0.0,0.0
532,2014-02-20 08:30:00,08:30,H14,0.00479682959106853,1,0.0,0.0,0.0,0.0,0.0,0.0,0.0,0.0,0.0,0.0,0.0,0.0,0.0,0.0,0.0,0.0
533,2014-02-21 10:00:00,10:00,H14,-0.0010866613402908953,1,0.0,0.0,0.0,0.0,0.0,0.0,0.0,0.0,0.0,0.0,0.0,0.0,0.0,-0.3252572419721067,0.0,0.0
534,2014-02-26 10:00:00,10:00,H14,0.00487739755683414,1,0.0,0.0,0.0,0.0,0.0,0.0,0.0,0.0,0.0,0.0,0.0,0.0,0.0,0.0,1.245505673508523,0.0
535,2014-02-27 08:30:00,08:30,H14,0.0013588804917512576,1,0.0,0.0,0.20493409663346066,0.0,0.0,0.0,0.0,0.0,0.0,0.0,0.0,0.0,0.0,0.0,0.0,0.0
536,2014-02-28 08:30:00,08:30,H14,-0.0001349800906416121,1,-0.1495855982935226,0.0,0.0,0.0,0.0,0.0,0.0,0.0,0.0,0.0,0.0,0.0,0.0,0.0,0.0,0.0
537,2014-03-03 10:00:00,10:00,H14,-0.00203238332947997,1,0.0,0.0,0.0,0.706289073259215,0.0,0.0,0.0,0.0,0.0,0.0,0.0,0.0,0.0,0.0,0.0,0.0
538,2014-03-05 10:00:00,10:00,H14,0.0005337603542789893,1,0.0,0.0,0.0,0.0,0.0,0.0,0.0,0.0,0.0,0.0,0.0,0.0,0.0,0.0,0.0,-0.8805821351501941
539,2014-03-07 08:30:00,08:30,H14,0.004118238965531873,2,0.0,0.0,0.0,0.0,0.0,0.0,0.0,0.0,0.0,0.03287725249259062,0.19490885649410586,0.0,0.0,0.0,0.0,0.0
540,2014-03-13 08:30:00,08:30,H14,0.0006679580770692084,1,0.0,0.0,0.0,0.0,0.0,0.0,0.0,0.0,0.0973236412835579,0.0,0.0,0.0,0.0,0.0,0.0,0.0
541,2014-03-14 08:30:00,08:30,M14,0.001496904409607147,1,0.0,0.0,0.0,0.0,0.0,-0.9864314404596803,0.0,0.0,0.0,0.0,0.0,0.0,0.0,0.0,0.0,0.0
542,2014-03-17 09:15:00,09:15,M14,0.004600820023639152,1,0.0,1.044005112273903,0.0,0.0,0.0,0.0,0.0,0.0,0.0,0.0,0.0,0.0,0.0,0.0,0.0,0.0
543,2014-03-18 08:30:00,08:30,M14,-0.0008078632457682033,3,0.0,0.0,0.0,0.0,-0.7773734918787812,0.0,0.0,0.0,0.0,0.0,0.0,-0.03751175577763877,0.9655307449875861,0.0,0.0,0.0
544,2014-03-20 10:00:00,10:00,M14,0.004450145568123176,1,0.0,0.0,0.0,0.0,0.0,0.0,0.0,0.0,0.0,0.0,0.0,0.0,0.0,0.0,0.0,0.0
545,2014-03-25 10:00:00,10:00,M14,-0.0009406706330938874,1,0.0,0.0,0.0,0.0,0.0,0.0,0.0,0.0,0.0,0.0,0.0,0.0,0.0,0.0,-0.09158129952268551,0.0
546,2014-03-26 08:30:00,08:30,M14,0.00013394950123846172,1,0.0,0.0,0.4918418319203056,0.0,0.0,0.0,0.0,0.0,0.0,0.0,0.0,0.0,0.0,0.0,0.0,0.0
547,2014-03-27 08:30:00,08:30,M14,-0.0021703752415493938,1,-0.1495855982935226,0.0,0.0,0.0,0.0,0.0,0.0,0.0,0.0,0.0,0.0,0.0,0.0,0.0,0.0,0.0
548,2014-04-01 10:00:00,10:00,M14,0.000933271182998574,1,0.0,0.0,0.0,-0.17657226831480163,0.0,0.0,0.0,0.0,0.0,0.0,0.0,0.0,0.0,0.0,0.0,0.0
549,2014-04-03 10:00:00,10:00,M14,-0.0017249390596916214,1,0.0,0.0,0.0,0.0,0.0,0.0,0.0,0.0,0.0,0.0,0.0,0.0,0.0,0.0,0.0,-0.18538571266319825
550,2014-04-04 08:30:00,08:30,M14,0.0019853093675887834,2,0.0,0.0,0.0,0.0,0.0,0.0,0.0,0.0,0.0,-0.010116077690027881,0.19490885649410586,0.0,0.0,0.0,0.0,0.0
551,2014-04-11 08:30:00,08:30,M14,0.0009622655220482557,1,0.0,0.0,0.0,0.0,0.0,1.315241920612907,0.0,0.0,0.0,0.0,0.0,0.0,0.0,0.0,0.0,0.0
552,2014-04-14 08:30:00,08:30,M14,0.0012368585373963015,1,0.0,0.0,0.0,0.0,0.0,0.0,0.0,0.0,0.2919709238506738,0.0,0.0,0.0,0.0,0.0,0.0,0.0
553,2014-04-15 08:30:00,08:30,M14,-0.0006833868919002839,1,0.0,0.0,0.0,0.0,0.777373491878783,0.0,0.0,0.0,0.0,0.0,0.0,0.0,0.0,0.0,0.0,0.0
554,2014-04-16 08:30:00,08:30,M14,-0.0001353088426396809,2,0.0,0.0,0.0,0.0,0.0,0.0,0.0,0.0,0.0,0.0,0.0,-0.3376058019987489,-0.2996474725823543,0.0,0.0,0.0
555,2014-04-16 09:15:00,09:15,M14,-0.0006769106059598684,1,0.0,0.4176020449095611,0.0,0.0,0.0,0.0,0.0,0.0,0.0,0.0,0.0,0.0,0.0,0.0,0.0,0.0
556,2014-04-22 10:00:00,10:00,M14,0.0013352919596529844,1,0.0,0.0,0.0,0.0,0.0,0.0,0.0,0.0,0.0,0.0,0.0,0.0,0.0,0.2168381613147378,0.0,0.0
557,2014-04-23 10:00:00,10:00,M14,0.00026723677337070484,1,0.0,0.0,0.0,0.0,0.0,0.0,0.0,0.0,0.0,0.0,0.0,0.0,0.0,0.0,-1.2088731536994488,0.0
558,2014-04-24 08:30:00,08:30,M14,-0.00013300525390302909,1,0.0,0.0,0.2459209159601528,0.0,0.0,0.0,0.0,0.0,0.0,0.0,0.0,0.0,0.0,0.0,0.0,0.0
559,2014-04-30 08:30:00,08:30,M14,-0.0014695079793591859,1,-1.6454415812287468,0.0,0.0,0.0,0.0,0.0,0.0,0.0,0.0,0.0,0.0,0.0,0.0,0.0,0.0,0.0
560,2014-05-01 10:00:00,10:00,M14,-0.0013322677163758456,1,0.0,0.0,0.0,0.3531445366296075,0.0,0.0,0.0,0.0,0.0,0.0,0.0,0.0,0.0,0.0,0.0,0.0
561,2014-05-02 08:30:00,08:30,M14,-0.0009317804334711965,2,0.0,0.0,0.0,0.0,0.0,0.0,0.0,0.0,0.0,0.09863175747777184,-0.5847265694823142,0.0,0.0,0.0,0.0,0.0
562,2014-05-05 10:00:00,10:00,M14,0.0028091784910833084,1,0.0,0.0,0.0,0.0,0.0,0.0,0.0,0.0,0.0,0.0,0.0,0.0,0.0,0.0,0.0,0.5098107098237976
563,2014-05-13 08:30:00,08:30,M14,-0.000659848258847795,1,0.0,0.0,0.0,0.0,0.0,0.0,0.0,0.0,-0.2919709238506738,0.0,0.0,0.0,0.0,0.0,0.0,0.0
564,2014-05-14 08:30:00,08:30,M14,0.0,1,0.0,0.0,0.0,0.0,0.0,1.3152419206129067,0.0,0.0,0.0,0.0,0.0,0.0,0.0,0.0,0.0,0.0
565,2014-05-15 08:30:00,08:30,M14,0.0,1,0.0,0.0,0.0,0.0,0.0,0.0,0.0,0.0,0.0,0.0,0.0,0.0,0.0,0.0,0.0,0.0
566,2014-05-15 09:15:00,09:15,M14,-0.0034602110648958018,1,0.0,-1.4616071571834641,0.0,0.0,0.0,0.0,0.0,0.0,0.0,0.0,0.0,0.0,0.0,0.0,0.0,0.0
567,2014-05-16 08:30:00,08:30,M14,0.0014746299340870905,2,0.0,0.0,0.0,0.0,0.0,0.0,0.0,0.0,0.0,0.0,0.0,1.1503605105142556,1.1652957267091555,0.0,0.0,0.0
568,2014-05-22 10:00:00,10:00,M14,-0.0006617695959860725,1,0.0,0.0,0.0,0.0,0.0,0.0,0.0,0.0,0.0,0.0,0.0,0.0,0.0,-0.16262862098605335,0.0,0.0
569,2014-05-23 10:00:00,10:00,M14,0.0015835316056440618,1,0.0,0.0,0.0,0.0,0.0,0.0,0.0,0.0,0.0,0.0,0.0,0.0,0.0,0.0,0.14653007923629682,0.0
570,2014-05-27 08:30:00,08:30,M14,0.000525072209491384,1,0.0,0.0,0.5328286512469977,0.0,0.0,0.0,0.0,0.0,0.0,0.0,0.0,0.0,0.0,0.0,0.0,0.0
571,2014-05-29 08:30:00,08:30,M14,0.0006540650373798584,1,-0.7479279914676124,0.0,0.0,0.0,0.0,0.0,0.0,0.0,0.0,0.0,0.0,0.0,0.0,0.0,0.0,0.0
572,2014-06-02 10:00:00,10:00,M14,-0.0014329449465542154,1,0.0,0.0,0.0,-0.05885742277160194,0.0,0.0,0.0,0.0,0.0,0.0,0.0,0.0,0.0,0.0,0.0,0.0
573,2014-06-04 10:00:00,10:00,M14,0.0,1,0.0,0.0,0.0,0.0,0.0,0.0,0.0,0.0,0.0,0.0,0.0,0.0,0.0,0.0,0.0,0.3707714253263965
574,2014-06-06 08:30:00,08:30,M14,0.0016745028708218257,2,0.0,0.0,0.0,0.0,0.0,0.0,0.0,0.0,0.0,-0.0012645097112534852,-0.19490885649410586,0.0,0.0,0.0,0.0,0.0
575,2014-06-12 08:30:00,08:30,M14,-0.0012868358486626263,1,0.0,0.0,0.0,0.0,0.0,0.0,0.0,0.0,-0.29197092385067375,0.0,0.0,0.0,0.0,0.0,0.0,0.0
576,2014-06-13 08:30:00,08:30,M14,0.0014251476144062636,1,0.0,0.0,0.0,0.0,0.0,-0.9864314404596803,0.0,0.0,0.0,0.0,0.0,0.0,0.0,0.0,0.0,0.0
577,2014-06-16 09:15:00,09:15,U14,0.0024641734795718406,1,0.0,0.20880102245478055,0.0,0.0,0.0,0.0,0.0,0.0,0.0,0.0,0.0,0.0,0.0,0.0,0.0,0.0
578,2014-06-17 08:30:00,08:30,U14,-0.003500360091808652,3,0.0,0.0,0.0,0.0,0.777373491878783,0.0,0.0,0.0,0.0,0.0,0.0,-0.41262931355402643,-0.9821778267977168,0.0,0.0,0.0
579,2014-06-23 10:00:00,10:00,U14,0.0007677543563309186,1,0.0,0.0,0.0,0.0,0.0,0.0,0.0,0.0,0.0,0.0,0.0,0.0,0.0,0.8673526452589512,0.0,0.0
580,2014-06-24 10:00:00,10:00,U14,0.002941366658009592,1,0.0,0.0,0.0,0.0,0.0,0.0,0.0,0.0,0.0,0.0,0.0,0.0,0.0,0.0,1.1722406338903746,0.0
581,2014-06-25 08:30:00,08:30,U14,-0.0018022661932963757,2,-1.7950271795222694,0.0,-0.49184183192030556,0.0,0.0,0.0,0.0,0.0,0.0,0.0,0.0,0.0,0.0,0.0,0.0,0.0
582,2014-07-01 10:00:00,10:00,U14,0.0008922312745367478,1,0.0,0.0,0.0,-0.29428711385800554,0.0,0.0,0.0,0.0,0.0,0.0,0.0,0.0,0.0,0.0,0.0,0.0
583,2014-07-03 08:30:00,08:30,U14,0.001775974080903353,2,0.0,0.0,0.0,0.0,0.0,0.0,0.0,0.0,0.0,0.09610273805526487,-0.38981771298821,0.0,0.0,0.0,0.0,0.0
584,2014-07-03 10:00:00,10:00,U14,0.0,1,0.0,0.0,0.0,0.0,0.0,0.0,0.0,0.0,0.0,0.0,0.0,0.0,0.0,0.0,0.0,-0.13903928449739786
585,2014-07-15 08:30:00,08:30,U14,0.0003801558684832784,1,0.0,0.0,0.0,0.0,0.0,0.0,0.0,0.0,-0.38929456513423166,0.0,0.0,0.0,0.0,0.0,0.0,0.0
586,2014-07-16 08:30:00,08:30,U14,0.00037953065165563515,1,0.0,0.0,0.0,0.0,0.0,0.6576209603064535,0.0,0.0,0.0,0.0,0.0,0.0,0.0,0.0,0.0,0.0
587,2014-07-16 09:15:00,09:15,U14,-0.00012652622272835146,1,0.0,-0.4176020449095612,0.0,0.0,0.0,0.0,0.0,0.0,0.0,0.0,0.0,0.0,0.0,0.0,0.0,0.0
588,2014-07-17 08:30:00,08:30,U14,-0.0003812186335006018,2,0.0,0.0,0.0,0.0,0.0,0.0,0.0,0.0,0.0,0.0,0.0,-1.562989824068282,-1.2818252993800712,0.0,0.0,0.0
589,2014-07-22 08:30:00,08:30,U14,0.00038001140491505936,1,0.0,0.0,0.0,0.0,0.0,0.0,0.0,0.0,0.0,0.0,0.0,0.0,0.0,0.0,0.0,0.0
590,2014-07-22 10:00:00,10:00,U14,0.0012642226715398053,1,0.0,0.0,0.0,0.0,0.0,0.0,0.0,0.0,0.0,0.0,0.0,0.0,0.0,0.3794667823007911,0.0,0.0
591,2014-07-24 10:00:00,10:00,U14,-0.00012611135649454042,1,0.0,0.0,0.0,0.0,0.0,0.0,0.0,0.0,0.0,0.0,0.0,0.0,0.0,0.0,-1.3370869730312085,0.0
592,2014-07-25 08:30:00,08:30,U14,0.0,1,0.0,0.0,0.08197363865338424,0.0,0.0,0.0,0.0,0.0,0.0,0.0,0.0,0.0,0.0,0.0,0.0,0.0
593,2014-07-30 08:30:00,08:30,U14,0.002665821953228509,1,1.4958559829352247,0.0,0.0,0.0,0.0,0.0,0.0,0.0,0.0,0.0,0.0,0.0,0.0,0.0,0.0,0.0
594,2014-08-01 08:30:00,08:30,U14,0.0035204417348442263,2,0.0,0.0,0.0,0.0,0.0,0.0,0.0,0.0,0.0,-0.030348233070083643,0.19490885649410586,0.0,0.0,0.0,0.0,0.0
595,2014-08-01 10:00:00,10:00,U14,0.0002594370231179255,1,0.0,0.0,0.0,0.647431650487613,0.0,0.0,0.0,0.0,0.0,0.0,0.0,0.0,0.0,0.0,0.0,0.0
596,2014-08-05 10:00:00,10:00,U14,0.0027288692134064263,1,0.0,0.0,0.0,0.0,0.0,0.0,0.0,0.0,0.0,0.0,0.0,0.0,0.0,0.0,0.0,1.1123142759791962
597,2014-08-13 08:30:00,08:30,U14,-0.0009031675989721322,1,0.0,0.0,0.0,0.0,0.0,0.0,0.0,0.0,-0.19464728256711586,0.0,0.0,0.0,0.0,0.0,0.0,0.0
598,2014-08-15 08:30:00,08:30,U14,-0.0005107904593240065,1,0.0,0.0,0.0,0.0,0.0,0.0,0.0,0.0,0.0,0.0,0.0,0.0,0.0,0.0,0.0,0.0
599,2014-08-15 09:15:00,09:15,U14,-0.0005108556943795861,1,0.0,0.20880102245478066,0.0,0.0,0.0,0.0,0.0,0.0,0.0,0.0,0.0,0.0,0.0,0.0,0.0,0.0
600,2014-08-19 08:30:00,08:30,U14,0.0005071636979510075,3,0.0,0.0,0.0,0.0,0.0,0.0,0.0,0.0,0.0,0.0,0.0,1.5504859054757356,0.8656482541268012,0.0,0.0,0.0
601,2014-08-21 10:00:00,10:00,U14,-0.0006288121945230429,1,0.0,0.0,0.0,0.0,0.0,0.0,0.0,0.0,0.0,0.0,0.0,0.0,0.0,0.7047240242728978,0.0,0.0
602,2014-08-25 10:00:00,10:00,U14,-0.00012522697405348282,1,0.0,0.0,0.0,0.0,0.0,0.0,0.0,0.0,0.0,0.0,0.0,0.0,0.0,0.0,-0.3296926782816679,0.0
603,2014-08-26 08:30:00,08:30,U14,0.0,1,0.0,0.0,6.189009718330512,0.0,0.0,0.0,0.0,0.0,0.0,0.0,0.0,0.0,0.0,0.0,0.0,0.0
604,2014-09-02 10:00:00,10:00,U14,0.00024990628644339097,1,0.0,0.0,0.0,1.294863300975226,0.0,0.0,0.0,0.0,0.0,0.0,0.0,0.0,0.0,0.0,0.0,0.0
605,2014-09-04 10:00:00,10:00,U14,0.0006223937463634144,1,0.0,0.0,0.0,0.0,0.0,0.0,0.0,0.0,0.0,0.0,0.0,0.0,0.0,0.0,0.0,0.973274991481795
606,2014-09-05 08:30:00,08:30,U14,0.0017572491028712278,2,0.0,0.0,0.0,0.0,0.0,0.0,0.0,0.0,0.0,-0.10495430603403927,0.0,0.0,0.0,0.0,0.0,0.0
607,2014-09-12 08:30:00,08:30,U14,0.00012524265781266308,1,0.0,0.0,0.0,0.0,0.0,0.0,0.0,0.0,0.0,0.0,0.0,0.0,0.0,0.0,0.0,0.0
608,2014-09-15 09:15:00,09:15,Z14,-0.0024055211954179256,1,0.0,-0.8352040898191224,0.0,0.0,0.0,0.0,0.0,0.0,0.0,0.0,0.0,0.0,0.0,0.0,0.0,0.0
609,2014-09-16 08:30:00,08:30,Z14,0.00012671862147062285,1,0.0,0.0,0.0,0.0,0.0,-0.3288104801532267,0.0,0.0,0.0,0.0,0.0,0.0,0.0,0.0,0.0,0.0
610,2014-09-17 08:30:00,08:30,Z14,0.0008789001758557902,1,0.0,0.0,0.0,0.0,-1.5547469837575643,0.0,0.0,0.0,0.0,0.0,0.0,0.0,0.0,0.0,0.0,0.0
611,2014-09-18 08:30:00,08:30,Z14,0.0,2,0.0,0.0,0.0,0.0,0.0,0.0,0.0,0.0,0.0,0.0,0.0,-1.0503291617738855,-0.7824128450761473,0.0,0.0,0.0
612,2014-09-22 10:00:00,10:00,Z14,-0.002006773531859629,1,0.0,0.0,0.0,0.0,0.0,0.0,0.0,0.0,0.0,0.0,0.0,0.0,0.0,-0.8131431049302668,0.0,0.0
613,2014-09-24 10:00:00,10:00,Z14,-0.000506457341795219,1,0.0,0.0,0.0,0.0,0.0,0.0,0.0,0.0,0.0,0.0,0.0,0.0,0.0,0.0,1.3554032329357455,0.0
614,2014-09-25 08:30:00,08:30,Z14,-0.0008810018819165322,1,0.0,0.0,-0.08197363865338397,0.0,0.0,0.0,0.0,0.0,0.0,0.0,0.0,0.0,0.0,0.0,0.0,0.0
615,2014-10-01 10:00:00,10:00,Z14,-0.0006404919196736358,1,0.0,0.0,0.0,-1.11829103266042,0.0,0.0,0.0,0.0,0.0,0.0,0.0,0.0,0.0,0.0,0.0,0.0
616,2014-10-03 08:30:00,08:30,Z14,-0.000256574728796366,2,0.0,0.0,0.0,0.0,0.0,0.0,0.0,0.0,0.0,0.04172882047136501,-0.3898177129882083,0.0,0.0,0.0,0.0,0.0
617,2014-10-03 10:00:00,10:00,Z14,-0.00025581990418377387,1,0.0,0.0,0.0,0.0,0.0,0.0,0.0,0.0,0.0,0.0,0.0,0.0,0.0,0.0,0.0,0.04634642816580038
618,2014-10-15 08:30:00,08:30,Z14,-0.00578775422771205,2,0.0,0.0,0.0,0.0,0.0,-0.6576209603064535,0.0,0.0,-0.19464728256711583,0.0,0.0,0.0,0.0,0.0,0.0,0.0
619,2014-10-16 09:15:00,09:15,Z14,0.005600724974298643,1,0.0,1.2528061347286834,0.0,0.0,0.0,0.0,0.0,0.0,0.0,0.0,0.0,0.0,0.0,0.0,0.0,0.0
620,2014-10-17 08:30:00,08:30,Z14,-0.0005336179422243958,2,0.0,0.0,0.0,0.0,0.0,0.0,0.0,0.0,0.0,0.0,0.0,0.16255094170310133,-0.18311789991143873,0.0,0.0,0.0
621,2014-10-21 10:00:00,10:00,Z14,0.0013042913026799496,1,0.0,0.0,0.0,0.0,0.0,0.0,0.0,0.0,0.0,0.0,0.0,0.0,0.0,0.3794667823007911,0.0,0.0
622,2014-10-22 08:30:00,08:30,Z14,0.0015479879252149331,1,0.0,0.0,0.0,0.0,0.7773734918787812,0.0,0.0,0.0,0.0,0.0,0.0,0.0,0.0,0.0,0.0,0.0
623,2014-10-24 10:00:00,10:00,Z14,-0.0003854802489104969,1,0.0,0.0,0.0,0.0,0.0,0.0,0.0,0.0,0.0,0.0,0.0,0.0,0.0,0.0,-0.054948779713611305,0.0
624,2014-10-28 08:30:00,08:30,Z14,-0.0016548918549919023,1,0.0,0.0,-0.7377627478804584,0.0,0.0,0.0,0.0,0.0,0.0,0.0,0.0,0.0,0.0,0.0,0.0,0.0
625,2014-10-30 08:30:00,08:30,Z14,-0.0001272021880494023,1,0.7479279914676124,0.0,0.0,0.0,0.0,0.0,0.0,0.0,0.0,0.0,0.0,0.0,0.0,0.0,0.0,0.0
626,2014-11-03 10:00:00,10:00,Z14,-0.002485090742146312,1,0.0,0.0,0.0,1.6480078376048293,0.0,0.0,0.0,0.0,0.0,0.0,0.0,0.0,0.0,0.0,0.0,0.0
627,2014-11-05 10:00:00,10:00,Z14,-0.0011178042522645981,1,0.0,0.0,0.0,0.0,0.0,0.0,0.0,0.0,0.0,0.0,0.0,0.0,0.0,0.0,0.0,-0.4171178534921969
628,2014-11-07 08:30:00,08:30,Z14,-0.0007394626908316937,2,0.0,0.0,0.0,0.0,0.0,0.0,0.0,0.0,0.0,-0.021496665091309246,-0.19490885649410586,0.0,0.0,0.0,0.0,0.0
629,2014-11-14 08:30:00,08:30,Z14,0.0003684824705452172,1,0.0,0.0,0.0,0.0,0.0,0.0,0.0,0.0,0.0973236412835579,0.0,0.0,0.0,0.0,0.0,0.0,0.0
630,2014-11-17 09:15:00,09:15,Z14,0.0011059908961481568,1,0.0,-0.6264030673643419,0.0,0.0,0.0,0.0,0.0,0.0,0.0,0.0,0.0,0.0,0.0,0.0,0.0,0.0
631,2014-11-18 08:30:00,08:30,Z14,-0.0006129329030386543,1,0.0,0.0,0.0,0.0,0.0,0.9864314404596803,0.0,0.0,0.0,0.0,0.0,0.0,0.0,0.0,0.0,0.0
632,2014-11-19 08:30:00,08:30,Z14,0.0,2,0.0,0.0,0.0,0.0,0.0,0.0,0.0,0.0,0.0,0.0,0.0,-0.2000626974807401,0.6658832724052317,0.0,0.0,0.0
633,2014-11-20 08:30:00,08:30,Z14,-0.0015944076475111757,1,0.0,0.0,0.0,0.0,0.7773734918787812,0.0,0.0,0.0,0.0,0.0,0.0,0.0,0.0,0.0,0.0,0.0
634,2014-11-20 10:00:00,10:00,Z14,0.0018336292650502628,1,0.0,0.0,0.0,0.0,0.0,0.0,0.0,0.0,0.0,0.0,0.0,0.0,0.0,0.5963049436155289,0.0,0.0
635,2014-11-26 08:30:00,08:30,Z14,-0.000604631495535024,1,0.0,0.0,0.32789455461353706,0.0,0.0,0.0,0.0,0.0,0.0,0.0,0.0,0.0,0.0,0.0,0.0,0.0
636,2014-11-26 10:00:00,10:00,Z14,0.000846381768681681,1,0.0,0.0,0.0,0.0,0.0,0.0,0.0,0.0,0.0,0.0,0.0,0.0,0.0,0.0,-0.23811137875898233,0.0
637,2014-12-01 10:00:00,10:00,Z14,0.0023129841707545395,1,0.0,0.0,0.0,0.47085938217281137,0.0,0.0,0.0,0.0,0.0,0.0,0.0,0.0,0.0,0.0,0.0,0.0
638,2014-12-03 10:00:00,10:00,Z14,0.00012078024049966274,1,0.0,0.0,0.0,0.0,0.0,0.0,0.0,0.0,0.0,0.0,0.0,0.0,0.0,0.0,0.0,0.8342357069843938
639,2014-12-05 08:30:00,08:30,Z14,-0.00229205721914294,2,0.0,0.0,0.0,0.0,0.0,0.0,0.0,0.0,0.0,0.12139293228033457,0.0,0.0,0.0,0.0,0.0,0.0
640,2014-12-11 08:30:00,08:30,Z14,0.0028285083114072407,1,0.0,0.0,0.0,0.0,0.0,0.0,0.0,0.0,0.2919709238506737,0.0,0.0,0.0,0.0,0.0,0.0,0.0
641,2014-12-12 08:30:00,08:30,Z14,0.0002474941232781802,1,0.0,0.0,0.0,0.0,0.0,-0.3288104801532267,0.0,0.0,0.0,0.0,0.0,0.0,0.0,0.0,0.0,0.0
642,2014-12-15 09:15:00,09:15,H15,0.0011210065320410578,1,0.0,1.2528061347286839,0.0,0.0,0.0,0.0,0.0,0.0,0.0,0.0,0.0,0.0,0.0,0.0,0.0,0.0
643,2014-12-16 08:30:00,08:30,H15,-0.0021512187986045817,2,0.0,0.0,0.0,0.0,0.0,0.0,0.0,0.0,0.0,0.0,0.0,-0.025007837185092512,-0.4161770452532698,0.0,0.0,0.0
644,2014-12-17 08:30:00,08:30,H15,-0.001012914748543814,1,0.0,0.0,0.0,0.0,-0.7773734918787812,0.0,0.0,0.0,0.0,0.0,0.0,0.0,0.0,0.0,0.0,0.0
645,2014-12-22 10:00:00,10:00,H15,0.0009654840238280116,1,0.0,0.0,0.0,0.0,0.0,0.0,0.0,0.0,0.0,0.0,0.0,0.0,0.0,-1.4094480485457956,0.0,0.0
646,2014-12-23 08:30:00,08:30,H15,0.00312650567330941,1,0.0,0.0,-1.516512315087609,0.0,0.0,0.0,0.0,0.0,0.0,0.0,0.0,0.0,0.0,0.0,0.0,0.0
647,2014-12-23 10:00:00,10:00,H15,-0.00024058703351936828,1,0.0,0.0,0.0,0.0,0.0,0.0,0.0,0.0,0.0,0.0,0.0,0.0,0.0,0.0,-0.40295771789981627,0.0
648,2015-01-02 10:00:00,10:00,H15,-0.001941983860711538,1,0.0,0.0,0.0,-1.236005878203624,0.0,0.0,0.0,0.0,0.0,0.0,0.0,0.0,0.0,0.0,0.0,0.0
649,2015-01-06 10:00:00,10:00,H15,0.0011137925784785452,1,0.0,0.0,0.0,0.0,0.0,0.0,0.0,0.0,0.0,0.0,0.0,0.0,0.0,0.0,0.0,-0.8342357069843938
650,2015-01-09 08:30:00,08:30,H15,0.004265438189715809,2,0.0,0.0,0.0,0.0,0.0,0.0,0.0,0.0,0.0,0.015174116535041821,-0.19490885649410586,0.0,0.0,0.0,0.0,0.0
651,2015-01-14 08:30:00,08:30,H15,-0.0050087758109294,1,0.0,0.0,0.0,0.0,0.0,0.0,0.0,0.0,-0.7785891302684634,0.0,0.0,0.0,0.0,0.0,0.0,0.0
652,2015-01-15 08:30:00,08:30,H15,0.0042304405508390985,1,0.0,0.0,0.0,0.0,0.0,0.32881048015322684,0.0,0.0,0.0,0.0,0.0,0.0,0.0,0.0,0.0,0.0
653,2015-01-16 08:30:00,08:30,H15,0.00327993229581125,1,0.0,0.0,0.0,0.0,0.777373491878783,0.0,0.0,0.0,0.0,0.0,0.0,0.0,0.0,0.0,0.0,0.0
654,2015-01-16 09:15:00,09:15,H15,0.0037745389554419972,1,0.0,-0.4176020449095612,0.0,0.0,0.0,0.0,0.0,0.0,0.0,0.0,0.0,0.0,0.0,0.0,0.0,0.0
655,2015-01-21 08:30:00,08:30,H15,-0.00024853982978711997,2,0.0,0.0,0.0,0.0,0.0,0.0,0.0,0.0,0.0,0.0,0.0,0.6126920110347666,-0.38288288163300827,0.0,0.0,0.0
656,2015-01-23 10:00:00,10:00,H15,0.0014625231126110805,1,0.0,0.0,0.0,0.0,0.0,0.0,0.0,0.0,0.0,0.0,0.0,0.0,0.0,-0.1084190806573689,0.0,0.0
657,2015-01-27 08:30:00,08:30,H15,-0.002339182353172653,1,0.0,0.0,-1.598485953740993,0.0,0.0,0.0,0.0,0.0,0.0,0.0,0.0,0.0,0.0,0.0,0.0,0.0
658,2015-01-27 10:00:00,10:00,H15,-0.0012367055743922606,1,0.0,0.0,0.0,0.0,0.0,0.0,0.0,0.0,0.0,0.0,0.0,0.0,0.0,0.0,0.5678040570406502,0.0
659,2015-01-30 08:30:00,08:30,H15,-0.00200150179401426,1,-0.5983423931740898,0.0,0.0,0.0,0.0,0.0,0.0,0.0,0.0,0.0,0.0,0.0,0.0,0.0,0.0,0.0
660,2015-02-02 10:00:00,10:00,H15,-0.0037807228399060477,1,0.0,0.0,0.0,-0.5885742277160111,0.0,0.0,0.0,0.0,0.0,0.0,0.0,0.0,0.0,0.0,0.0,0.0
661,2015-02-04 10:00:00,10:00,H15,-0.0007364674446046493,1,0.0,0.0,0.0,0.0,0.0,0.0,0.0,0.0,0.0,0.0,0.0,0.0,0.0,0.0,0.0,0.18538571266320153
662,2015-02-06 08:30:00,08:30,H15,0.0029143918624594534,2,0.0,0.0,0.0,0.0,0.0,0.0,0.0,0.0,0.0,0.02908372335883016,0.19490885649410586,0.0,0.0,0.0,0.0,0.0
663,2015-02-12 08:30:00,08:30,H15,-0.002289295535640612,1,0.0,0.0,0.0,0.0,0.0,0.0,0.0,0.0,-0.2919709238506738,0.0,0.0,0.0,0.0,0.0,0.0,0.0
664,2015-02-18 08:30:00,08:30,H15,-0.0003584015330160284,3,0.0,0.0,0.0,0.0,0.0,-1.315241920612907,0.0,0.0,0.0,0.0,0.0,-0.06251959296273128,-0.2663533089620927,0.0,0.0,0.0
665,2015-02-18 09:15:00,09:15,H15,0.0008364701449661283,1,0.0,-0.20880102245478055,0.0,0.0,0.0,0.0,0.0,0.0,0.0,0.0,0.0,0.0,0.0,0.0,0.0,0.0
666,2015-02-23 10:00:00,10:00,H15,0.0007136910021028342,1,0.0,0.0,0.0,0.0,0.0,0.0,0.0,0.0,0.0,0.0,0.0,0.0,0.0,-0.8131431049302668,0.0,0.0
667,2015-02-25 10:00:00,10:00,H15,0.00011849043203682186,1,0.0,0.0,0.0,0.0,0.0,0.0,0.0,0.0,0.0,0.0,0.0,0.0,0.0,0.0,0.10989755942722261,0.0
668,2015-02-26 08:30:00,08:30,H15,-0.0020133837558784506,2,0.0,0.0,0.4508550125936134,0.0,0.0,0.0,0.0,0.0,0.0,0.0,0.0,0.0,0.0,0.0,0.0,0.0
669,2015-03-02 10:00:00,10:00,H15,0.0018961844979878961,1,0.0,0.0,0.0,-0.05885742277160194,0.0,0.0,0.0,0.0,0.0,0.0,0.0,0.0,0.0,0.0,0.0,0.0
670,2015-03-04 10:00:00,10:00,H15,-0.001196172391430217,1,0.0,0.0,0.0,0.0,0.0,0.0,0.0,0.0,0.0,0.0,0.0,0.0,0.0,0.0,0.0,0.18538571266319825
671,2015-03-06 08:30:00,08:30,H15,-0.0031004079211953695,2,0.0,0.0,0.0,0.0,0.0,0.0,0.0,0.0,0.0,0.06954803411894168,-0.19490885649410414,0.0,0.0,0.0,0.0,0.0
672,2015-03-12 08:30:00,08:30,H15,0.0009770396478270271,1,0.0,0.0,0.0,0.0,0.0,0.0,0.0,0.0,-0.8759127715520213,0.0,0.0,0.0,0.0,0.0,0.0,0.0
673,2015-03-13 08:30:00,08:30,H15,0.0006069066157037284,1,0.0,0.0,0.0,0.0,0.0,-2.630483841225814,0.0,0.0,0.0,0.0,0.0,0.0,0.0,0.0,0.0,0.0
674,2015-03-16 09:15:00,09:15,M15,0.0008511156207147152,1,0.0,-0.2088010224547806,0.0,0.0,0.0,0.0,0.0,0.0,0.0,0.0,0.0,0.0,0.0,0.0,0.0,0.0
675,2015-03-17 08:30:00,08:30,M15,0.00012111669608483311,2,0.0,0.0,0.0,0.0,0.0,0.0,0.0,0.0,0.0,0.0,0.0,-1.900595626067031,0.4494712088735314,0.0,0.0,0.0
676,2015-03-23 10:00:00,10:00,M15,0.00047539815490083015,1,0.0,0.0,0.0,0.0,0.0,0.0,0.0,0.0,0.0,0.0,0.0,0.0,0.0,-0.1084190806573689,0.0,0.0
677,2015-03-24 08:30:00,08:30,M15,-0.0011917532098157935,1,0.0,0.0,0.0,0.0,0.7773734918787824,0.0,0.0,0.0,0.0,0.0,0.0,0.0,0.0,0.0,0.0,0.0
678,2015-03-24 10:00:00,10:00,M15,0.0005964096318020751,1,0.0,0.0,0.0,0.0,0.0,0.0,0.0,0.0,0.0,0.0,0.0,0.0,0.0,0.0,1.3554032329357455,0.0
679,2015-03-25 08:30:00,08:30,M15,0.00011988251527927929,1,0.0,0.0,-0.7377627478804583,0.0,0.0,0.0,0.0,0.0,0.0,0.0,0.0,0.0,0.0,0.0,0.0,0.0
680,2015-03-30 08:30:00,08:30,M15,0.00036352620818380643,1,0.0,0.0,0.0,0.0,0.0,0.0,0.0,-1.591843259388241,0.0,0.0,0.0,0.0,0.0,0.0,0.0,0.0
681,2015-04-01 10:00:00,10:00,M15,0.002446185172827242,1,0.0,0.0,0.0,-0.5885742277160111,0.0,0.0,0.0,0.0,0.0,0.0,0.0,0.0,0.0,0.0,0.0,0.0
682,2015-04-03 08:30:00,08:30,M15,-0.008164305387388104,2,0.0,0.0,0.0,0.0,0.0,0.0,0.0,0.0,0.0,-0.15047665563916474,0.0,0.0,0.0,0.0,0.0,0.0
683,2015-04-06 10:00:00,10:00,M15,0.004839109370501582,1,0.0,0.0,0.0,0.0,0.0,0.0,0.0,0.0,0.0,0.0,0.0,0.0,0.0,0.0,0.0,0.0
684,2015-04-14 08:30:00,08:30,M15,-0.0009591176853227523,2,0.0,0.0,0.0,0.0,0.0,0.0,0.0,0.0,-0.0973236412835579,0.0,0.0,0.0,0.0,0.0,0.0,0.0
685,2015-04-15 09:15:00,09:15,M15,0.00047647410073548,1,0.0,-0.6264030673643417,0.0,0.0,0.0,0.0,0.0,0.0,0.0,0.0,0.0,0.0,0.0,0.0,0.0,0.0
686,2015-04-16 08:30:00,08:30,M15,-0.0008365701115327084,2,0.0,0.0,0.0,0.0,0.0,0.0,0.0,0.0,0.0,0.0,0.0,-1.4254467195502731,-0.6825303542153626,0.0,0.0,0.0
687,2015-04-17 08:30:00,08:30,M15,-0.0011976049335578054,1,0.0,0.0,0.0,0.0,-1.5547469837575647,0.0,0.0,0.0,0.0,0.0,0.0,0.0,0.0,0.0,0.0,0.0
688,2015-04-22 10:00:00,10:00,M15,0.0,1,0.0,0.0,0.0,0.0,0.0,0.0,0.0,0.0,0.0,0.0,0.0,0.0,0.0,0.8673526452589512,0.0,0.0
689,2015-04-23 10:00:00,10:00,M15,0.0,1,0.0,0.0,0.0,0.0,0.0,0.0,0.0,0.0,0.0,0.0,0.0,0.0,0.0,0.0,-0.5861203169451873,0.0
690,2015-04-24 08:30:00,08:30,M15,0.0003554712994358056,1,0.0,0.0,1.3935518571075325,0.0,0.0,0.0,0.0,0.0,0.0,0.0,0.0,0.0,0.0,0.0,0.0,0.0
691,2015-04-29 08:30:00,08:30,M15,-0.002498068271052034,1,-1.1966847863481798,0.0,0.0,0.0,0.0,0.0,0.0,0.0,0.0,0.0,0.0,0.0,0.0,0.0,0.0,0.0
692,2015-04-30 08:30:00,08:30,M15,-0.00023854961945168895,1,0.0,0.0,0.0,0.0,0.0,0.0,0.0,0.0,0.0,0.0,0.0,0.0,0.0,0.0,0.0,0.0
693,2015-05-01 10:00:00,10:00,M15,0.0020316708512169157,1,0.0,0.0,0.0,-0.29428711385800554,0.0,0.0,0.0,0.0,0.0,0.0,0.0,0.0,0.0,0.0,0.0,0.0
694,2015-05-05 10:00:00,10:00,M15,0.00011896972234559655,1,0.0,0.0,0.0,0.0,0.0,0.0,0.0,0.0,0.0,0.0,0.0,0.0,0.0,0.0,0.0,0.741542850652793
695,2015-05-08 08:30:00,08:30,M15,0.006918791765469834,2,0.0,0.0,0.0,0.0,0.0,0.0,0.0,0.0,0.0,-0.0012645097112534852,0.0,0.0,0.0,0.0,0.0,0.0
696,2015-05-13 08:30:00,08:30,M15,-0.0023809535057424114,1,0.0,0.0,0.0,0.0,0.0,0.0,0.0,0.0,-0.19464728256711586,0.0,0.0,0.0,0.0,0.0,0.0,0.0
697,2015-05-14 08:30:00,08:30,M15,-0.00023730422512802107,1,0.0,0.0,0.0,0.0,0.0,-1.9728628809193607,0.0,0.0,0.0,0.0,0.0,0.0,0.0,0.0,0.0,0.0
698,2015-05-15 09:15:00,09:15,M15,-0.0008263975442268645,1,0.0,-0.8352040898191224,0.0,0.0,0.0,0.0,0.0,0.0,0.0,0.0,0.0,0.0,0.0,0.0,0.0,0.0
699,2015-05-19 08:30:00,08:30,M15,-0.001173709054929084,2,0.0,0.0,0.0,0.0,0.0,0.0,0.0,0.0,0.0,0.0,0.0,1.4504545567353657,1.3817077902408559,0.0,0.0,0.0
700,2015-05-21 10:00:00,10:00,M15,0.0016470591958750447,1,0.0,0.0,0.0,0.0,0.0,0.0,0.0,0.0,0.0,0.0,0.0,0.0,0.0,-1.084190806573689,0.0,0.0
701,2015-05-22 08:30:00,08:30,M15,-0.001998237514743373,1,0.0,0.0,0.0,0.0,-0.7773734918787824,0.0,0.0,0.0,0.0,0.0,0.0,0.0,0.0,0.0,0.0,0.0
702,2015-05-26 08:30:00,08:30,M15,-0.0012977056029850331,1,0.0,0.0,-0.04098681932669212,0.0,0.0,0.0,0.0,0.0,0.0,0.0,0.0,0.0,0.0,0.0,0.0,0.0
703,2015-05-26 10:00:00,10:00,M15,-0.00154183746372194,1,0.0,0.0,0.0,0.0,0.0,0.0,0.0,0.0,0.0,0.0,0.0,0.0,0.0,0.0,0.1282138193317597,0.0
704,2015-06-01 08:30:00,08:30,M15,0.0,1,0.0,0.0,0.0,0.0,0.0,0.0,0.0,-0.5306144197960803,0.0,0.0,0.0,0.0,0.0,0.0,0.0,0.0
705,2015-06-01 10:00:00,10:00,M15,-0.0005940006114659724,1,0.0,0.0,0.0,0.47085938217280715,0.0,0.0,0.0,0.0,0.0,0.0,0.0,0.0,0.0,0.0,0.0,0.0
706,2015-06-03 10:00:00,10:00,M15,0.0034256722414669483,1,0.0,0.0,0.0,0.0,0.0,0.0,0.0,0.0,0.0,0.0,0.0,0.0,0.0,0.0,0.0,-0.6025035661553951
707,2015-06-05 08:30:00,08:30,M15,-0.0011938874388492948,2,0.0,0.0,0.0,0.0,0.0,0.0,0.0,0.0,0.0,0.06954803411894168,0.19490885649410414,0.0,0.0,0.0,0.0,0.0
708,2015-06-11 08:30:00,08:30,M15,0.0,1,0.0,0.0,0.0,0.0,0.0,0.0,0.0,0.0,0.09732364128355779,0.0,0.0,0.0,0.0,0.0,0.0,0.0
709,2015-06-12 08:30:00,08:30,M15,-0.0005946363973752256,1,0.0,0.0,0.0,0.0,0.0,0.32881048015322667,0.0,0.0,0.0,0.0,0.0,0.0,0.0,0.0,0.0,0.0
710,2015-06-15 09:15:00,09:15,U15,-0.002898902863543107,1,0.0,-1.044005112273903,0.0,0.0,0.0,0.0,0.0,0.0,0.0,0.0,0.0,0.0,0.0,0.0,0.0,0.0
711,2015-06-16 08:30:00,08:30,U15,0.001448925633830811,2,0.0,0.0,0.0,0.0,0.0,0.0,0.0,0.0,0.0,0.0,0.0,-0.8002507899229604,2.9132393167728887,0.0,0.0,0.0
712,2015-06-18 08:30:00,08:30,U15,0.000119338862842433,1,0.0,0.0,0.0,0.0,0.0,0.0,0.0,0.0,0.0,0.0,0.0,0.0,0.0,0.0,0.0,0.0
713,2015-06-22 10:00:00,10:00,U15,0.00047242235436328883,1,0.0,0.0,0.0,0.0,0.0,0.0,0.0,0.0,0.0,0.0,0.0,0.0,0.0,0.48788586295816005,0.0,0.0
714,2015-06-23 08:30:00,08:30,U15,-0.0011809165283578338,1,0.0,0.0,-0.4918418319203056,0.0,0.0,0.0,0.0,0.0,0.0,0.0,0.0,0.0,0.0,0.0,0.0,0.0
715,2015-06-23 10:00:00,10:00,U15,-0.0014174346809738836,1,0.0,0.0,0.0,0.0,0.0,0.0,0.0,0.0,0.0,0.0,0.0,0.0,0.0,0.0,0.38464145799527916,0.0
716,2015-06-25 08:30:00,08:30,U15,0.00023738872515011167,1,0.0,0.0,0.0,0.0,0.0,0.0,0.0,0.5306144197960802,0.0,0.0,0.0,0.0,0.0,0.0,0.0,0.0
717,2015-07-01 10:00:00,10:00,U15,-0.00024142926239889562,1,0.0,0.0,0.0,0.23542969108640358,0.0,0.0,0.0,0.0,0.0,0.0,0.0,0.0,0.0,0.0,0.0,0.0
718,2015-07-02 08:30:00,08:30,U15,0.001325061929708049,2,0.0,0.0,0.0,0.0,0.0,0.0,0.0,0.0,0.0,-0.008851567978774396,-0.19490885649410586,0.0,0.0,0.0,0.0,0.0
719,2015-07-06 10:00:00,10:00,U15,0.003035640725900457,1,0.0,0.0,0.0,0.0,0.0,0.0,0.0,0.0,0.0,0.0,0.0,0.0,0.0,0.0,0.0,-0.09269285633160076
720,2015-07-14 08:30:00,08:30,U15,-0.0011947432723431461,1,0.0,0.0,0.0,0.0,0.0,0.0,0.0,0.0,-0.48661820641778963,0.0,0.0,0.0,0.0,0.0,0.0,0.0
721,2015-07-15 08:30:00,08:30,U15,-0.00047551118347222143,1,0.0,0.0,0.0,0.0,0.0,0.6576209603064535,0.0,0.0,0.0,0.0,0.0,0.0,0.0,0.0,0.0,0.0
722,2015-07-15 09:15:00,09:15,U15,-0.00011892727611062526,1,0.0,0.20880102245478055,0.0,0.0,0.0,0.0,0.0,0.0,0.0,0.0,0.0,0.0,0.0,0.0,0.0,0.0
723,2015-07-17 08:30:00,08:30,U15,-0.00035408675495318676,3,0.0,0.0,0.0,0.0,0.0,0.0,0.0,0.0,0.0,0.0,0.0,0.8002507899229604,3.212886789355243,0.0,0.0,0.0
724,2015-07-22 10:00:00,10:00,U15,-0.00011851851865785079,1,0.0,0.0,0.0,0.0,0.0,0.0,0.0,0.0,0.0,0.0,0.0,0.0,0.0,0.48788586295816005,0.0,0.0
725,2015-07-24 10:00:00,10:00,U15,-0.003584661503702513,1,0.0,0.0,0.0,0.0,0.0,0.0,0.0,0.0,0.0,0.0,0.0,0.0,0.0,0.0,-1.1722406338903746,0.0
726,2015-07-27 08:30:00,08:30,U15,0.0002420135539402679,1,0.0,0.0,0.16394727730676847,0.0,0.0,0.0,0.0,0.0,0.0,0.0,0.0,0.0,0.0,0.0,0.0,0.0
727,2015-07-30 08:30:00,08:30,U15,-0.0007159050538430023,1,-0.4487567948805678,0.0,0.0,0.0,0.0,0.0,0.0,0.0,0.0,0.0,0.0,0.0,0.0,0.0,0.0,0.0
728,2015-08-03 08:30:00,08:30,U15,-0.0010725139561120756,1,0.0,0.0,0.0,0.0,0.0,0.0,0.0,0.0,0.0,0.0,0.0,0.0,0.0,0.0,0.0,0.0
729,2015-08-03 09:25:00,09:25,U15,-0.0014299335134309032,1,0.0,0.0,0.0,-0.47085938217280715,0.0,0.0,0.0,0.0,0.0,0.0,0.0,0.0,0.0,0.0,0.0,0.0
730,2015-08-05 10:00:00,10:00,U15,0.0014251783884953184,1,0.0,0.0,0.0,0.0,0.0,0.0,0.0,0.0,0.0,0.0,0.0,0.0,0.0,0.0,0.0,1.9002035547977862
731,2015-08-07 08:30:00,08:30,U15,0.0025260132514937084,2,0.0,0.0,0.0,0.0,0.0,0.0,0.0,0.0,0.0,-0.010116077690027881,0.0,0.0,0.0,0.0,0.0,0.0
732,2015-08-13 08:30:00,08:30,U15,-0.002638207550096361,1,0.0,0.0,0.0,0.0,0.0,0.0,0.0,0.0,0.0973236412835579,0.0,0.0,0.0,0.0,0.0,0.0,0.0
733,2015-08-14 08:30:00,08:30,U15,0.0010837498802924728,1,0.0,0.0,0.0,0.0,0.0,0.3288104801532267,0.0,0.0,0.0,0.0,0.0,0.0,0.0,0.0,0.0,0.0
734,2015-08-14 09:15:00,09:15,U15,0.0006014314248776742,1,0.0,0.6264030673643417,0.0,0.0,0.0,0.0,0.0,0.0,0.0,0.0,0.0,0.0,0.0,0.0,0.0,0.0
735,2015-08-18 08:30:00,08:30,U15,0.0019090806418624595,2,0.0,0.0,0.0,0.0,0.0,0.0,0.0,0.0,0.0,0.0,0.0,0.2000626974807401,-1.8811202445447797,0.0,0.0,0.0
736,2015-08-19 08:30:00,08:30,U15,0.0,1,0.0,0.0,0.0,0.0,0.0,0.0,0.0,0.0,0.0,0.0,0.0,0.0,0.0,0.0,0.0,0.0
737,2015-08-20 10:00:00,10:00,U15,-0.005235295332451706,1,0.0,0.0,0.0,0.0,0.0,0.0,0.0,0.0,0.0,0.0,0.0,0.0,0.0,0.8131431049302668,0.0,0.0
738,2015-08-25 10:00:00,10:00,U15,-0.001947420284395207,1,0.0,0.0,0.0,0.0,0.0,0.0,0.0,0.0,0.0,0.0,0.0,0.0,0.0,0.0,-0.054948779713611305,0.0
739,2015-08-26 08:30:00,08:30,U15,0.00431232291922079,1,0.0,0.0,0.9836836638406111,0.0,0.0,0.0,0.0,0.0,0.0,0.0,0.0,0.0,0.0,0.0,0.0,0.0
740,2015-08-28 08:30:00,08:30,U15,-0.0012658229538304866,1,0.0,0.0,0.0,0.0,0.0,0.0,0.0,-0.5306144197960802,0.0,0.0,0.0,0.0,0.0,0.0,0.0,0.0
741,2015-09-01 10:00:00,10:00,U15,0.0005174644358678648,1,0.0,0.0,0.0,-0.8828613415740165,0.0,0.0,0.0,0.0,0.0,0.0,0.0,0.0,0.0,0.0,0.0,0.0
742,2015-09-03 10:00:00,10:00,U15,0.002545826222257297,1,0.0,0.0,0.0,0.0,0.0,0.0,0.0,0.0,0.0,0.0,0.0,0.0,0.0,0.0,0.0,0.4171178534921969
743,2015-09-04 08:30:00,08:30,U15,-0.008450937638811773,2,0.0,0.0,0.0,0.0,0.0,0.0,0.0,0.0,0.0,-0.0594319564289138,-0.19490885649410586,0.0,0.0,0.0,0.0,0.0
744,2015-09-11 08:30:00,08:30,U15,-0.0025726795769402955,1,0.0,0.0,0.0,0.0,0.0,0.3288104801532267,0.0,0.0,0.0,0.0,0.0,0.0,0.0,0.0,0.0,0.0
745,2015-09-15 08:30:00,08:30,Z15,0.0021832667761847446,1,0.0,0.0,0.0,0.0,0.0,0.0,0.0,0.0,-0.0973236412835579,0.0,0.0,0.0,0.0,0.0,0.0,0.0
746,2015-09-15 09:15:00,09:15,Z15,-0.001668913668063432,1,0.0,-0.4176020449095612,0.0,0.0,0.0,0.0,0.0,0.0,0.0,0.0,0.0,0.0,0.0,0.0,0.0,0.0
747,2015-09-16 08:30:00,08:30,Z15,0.00012705673100121828,1,0.0,0.0,0.0,0.0,0.0,0.0,0.0,0.0,0.0,0.0,0.0,0.0,0.0,0.0,0.0,0.0
748,2015-09-17 08:30:00,08:30,Z15,-0.00012609545442643366,2,0.0,0.0,0.0,0.0,0.0,0.0,0.0,0.0,0.0,0.0,0.0,-0.5501724180720352,0.16647081810130793,0.0,0.0,0.0
749,2015-09-21 10:00:00,10:00,Z15,0.0010193680801151572,1,0.0,0.0,0.0,0.0,0.0,0.0,0.0,0.0,0.0,0.0,0.0,0.0,0.0,-1.084190806573689,0.0,0.0
750,2015-09-24 08:30:00,08:30,Z15,-0.0009149729414223984,1,0.0,0.0,0.0,0.0,0.0,0.0,0.0,0.0,0.0,0.0,0.0,0.0,0.0,0.0,0.0,0.0
751,2015-09-24 10:00:00,10:00,Z15,-0.000787918622509487,1,0.0,0.0,0.0,0.0,0.0,0.0,0.0,0.0,0.0,0.0,0.0,0.0,0.0,0.0,0.6777016164678727,0.0
752,2015-09-28 08:30:00,08:30,Z15,0.0022273183135288477,1,0.0,0.0,0.0,0.0,0.0,0.0,0.0,0.5306144197960804,0.0,0.0,0.0,0.0,0.0,0.0,0.0,0.0
753,2015-10-01 10:00:00,10:00,Z15,0.002225568765722663,1,0.0,0.0,0.0,-0.23542969108640358,0.0,0.0,0.0,0.0,0.0,0.0,0.0,0.0,0.0,0.0,0.0,0.0
754,2015-10-02 08:30:00,08:30,Z15,-0.01753971666416998,2,0.0,0.0,0.0,0.0,0.0,0.0,0.0,0.0,0.0,-0.0771350923864626,0.0,0.0,0.0,0.0,0.0,0.0
755,2015-10-05 10:00:00,10:00,Z15,0.001017552873349814,1,0.0,0.0,0.0,0.0,0.0,0.0,0.0,0.0,0.0,0.0,0.0,0.0,0.0,0.0,0.0,-0.27807856899479905
756,2015-10-14 08:30:00,08:30,Z15,-0.0025053251235238605,2,0.0,0.0,0.0,0.0,0.0,-0.9864314404596801,0.0,0.0,-0.09732364128355793,0.0,0.0,0.0,0.0,0.0,0.0,0.0
757,2015-10-15 08:30:00,08:30,Z15,-0.0023787178665379827,1,0.0,0.0,0.0,0.0,0.7773734918787824,0.0,0.0,0.0,0.0,0.0,0.0,0.0,0.0,0.0,0.0,0.0
758,2015-10-16 09:15:00,09:15,Z15,0.0003714480325012204,1,0.0,0.0,0.0,0.0,0.0,0.0,0.0,0.0,0.0,0.0,0.0,0.0,0.0,0.0,0.0,0.0
759,2015-10-20 08:30:00,08:30,Z15,-0.00012355594010937665,2,0.0,0.0,0.0,0.0,0.0,0.0,0.0,0.0,0.0,0.0,0.0,0.8252586271080529,-1.0154719904179783,0.0,0.0,0.0
760,2015-10-22 10:00:00,10:00,Z15,0.0009841309688374267,1,0.0,0.0,0.0,0.0,0.0,0.0,0.0,0.0,0.0,0.0,0.0,0.0,0.0,0.9215621855876356,0.0,0.0
761,2015-10-26 10:00:00,10:00,Z15,0.00036357026395794634,1,0.0,0.0,0.0,0.0,0.0,0.0,0.0,0.0,0.0,0.0,0.0,0.0,0.0,0.0,-1.5019333121720424,0.0
762,2015-10-27 08:30:00,08:30,Z15,-0.0003644536273101906,1,0.0,0.0,0.0,0.0,0.0,0.0,0.0,0.0,0.0,0.0,0.0,0.0,0.0,0.0,0.0,0.0
763,2015-10-29 08:30:00,08:30,Z15,0.0013244237683371907,1,-0.1495855982935226,0.0,0.0,0.0,0.0,0.0,0.0,0.0,0.0,0.0,0.0,0.0,0.0,0.0,0.0,0.0
764,2015-10-30 08:30:00,08:30,Z15,-0.00011978199690965141,1,0.0,0.0,0.0,0.0,0.0,0.0,0.0,0.0,0.0,0.0,0.0,0.0,0.0,0.0,0.0,0.0
765,2015-11-02 10:00:00,10:00,Z15,0.0011997601919038203,1,0.0,0.0,0.0,0.05885742277160194,0.0,0.0,0.0,0.0,0.0,0.0,0.0,0.0,0.0,0.0,0.0,0.0
766,2015-11-04 10:00:00,10:00,Z15,0.0014284016236558728,1,0.0,0.0,0.0,0.0,0.0,0.0,0.0,0.0,0.0,0.0,0.0,0.0,0.0,0.0,0.0,1.2050071323107936
767,2015-11-06 08:30:00,08:30,Z15,-0.004903436243405501,2,0.0,0.0,0.0,0.0,0.0,0.0,0.0,0.0,0.0,0.11507038372406715,-0.19490885649410414,0.0,0.0,0.0,0.0,0.0
768,2015-11-13 08:30:00,08:30,Z15,0.00012273703605458763,2,0.0,0.0,0.0,0.0,0.0,-1.9728628809193607,0.0,0.0,-0.19464728256711583,0.0,0.0,0.0,0.0,0.0,0.0,0.0
769,2015-11-17 08:30:00,08:30,Z15,0.001094957223577886,1,0.0,0.0,0.0,0.0,0.7773734918787824,0.0,0.0,0.0,0.0,0.0,0.0,0.0,0.0,0.0,0.0,0.0
770,2015-11-17 09:15:00,09:15,Z15,-0.0028029998243717102,1,0.0,-0.6264030673643419,0.0,0.0,0.0,0.0,0.0,0.0,0.0,0.0,0.0,0.0,0.0,0.0,0.0,0.0
771,2015-11-18 08:30:00,08:30,Z15,0.0015821825244222154,2,0.0,0.0,0.0,0.0,0.0,0.0,0.0,0.0,0.0,0.0,0.0,-1.2503918592546255,0.0,0.0,0.0,0.0
772,2015-11-23 10:00:00,10:00,Z15,0.0025130151441006277,1,0.0,0.0,0.0,0.0,0.0,0.0,0.0,0.0,0.0,0.0,0.0,0.0,0.0,-0.2168381613147378,0.0,0.0
773,2015-11-25 08:30:00,08:30,Z15,-0.0007179610216265786,2,0.0,0.0,0.614802289900382,0.0,0.0,0.0,0.0,-0.5306144197960803,0.0,0.0,0.0,0.0,0.0,0.0,0.0,0.0
774,2015-11-25 10:00:00,10:00,Z15,-0.0005986948631200306,1,0.0,0.0,0.0,0.0,0.0,0.0,0.0,0.0,0.0,0.0,0.0,0.0,0.0,0.0,-0.09158129952268551,0.0
775,2015-12-01 10:00:00,10:00,Z15,-0.003944778291016249,1,0.0,0.0,0.0,-1.11829103266042,0.0,0.0,0.0,0.0,0.0,0.0,0.0,0.0,0.0,0.0,0.0,0.0
776,2015-12-03 10:00:00,10:00,Z15,-0.004706458938023239,1,0.0,0.0,0.0,0.0,0.0,0.0,0.0,0.0,0.0,0.0,0.0,0.0,0.0,0.0,0.0,-0.973274991481795
777,2015-12-04 08:30:00,08:30,Z15,-0.0004865588223958994,2,0.0,0.0,0.0,0.0,0.0,0.0,0.0,0.0,0.0,0.013909606823788336,0.0,0.0,0.0,0.0,0.0,0.0
778,2015-12-11 08:30:00,08:30,Z15,0.0012292564547298213,2,0.0,0.0,0.0,0.0,0.0,1.315241920612907,0.0,0.0,-0.0973236412835579,0.0,0.0,0.0,0.0,0.0,0.0,0.0
779,2015-12-15 08:30:00,08:30,H16,0.004685581938732142,1,0.0,0.0,0.0,0.0,0.7773734918787821,0.0,0.0,0.0,0.0,0.0,0.0,0.0,0.0,0.0,0.0,0.0
780,2015-12-16 08:30:00,08:30,H16,-0.00012206286252602894,2,0.0,0.0,0.0,0.0,0.0,0.0,0.0,0.0,0.0,0.0,0.0,0.47514890651675773,2.3139443716081805,0.0,0.0,0.0
781,2015-12-16 09:15:00,09:15,H16,0.0014637719129817484,1,0.0,-1.044005112273903,0.0,0.0,0.0,0.0,0.0,0.0,0.0,0.0,0.0,0.0,0.0,0.0,0.0,0.0
782,2015-12-22 10:00:00,10:00,H16,0.0012399257633211036,1,0.0,0.0,0.0,0.0,0.0,0.0,0.0,0.0,0.0,0.0,0.0,0.0,0.0,-3.1983628793923824,0.0,0.0
783,2015-12-23 08:30:00,08:30,H16,-0.00012239153065873865,2,0.0,0.0,0.24592091596015278,0.0,0.0,0.0,0.0,0.0,0.0,0.0,0.0,0.0,0.0,0.0,0.0,0.0
784,2015-12-23 10:00:00,10:00,H16,0.00036686029148835786,1,0.0,0.0,0.0,0.0,0.0,0.0,0.0,0.0,0.0,0.0,0.0,0.0,0.0,0.0,-0.27474389856805653,0.0
785,2016-01-04 10:00:00,10:00,H16,-0.0027565485441281012,1,0.0,0.0,0.0,-0.47085938217280715,0.0,0.0,0.0,0.0,0.0,0.0,0.0,0.0,0.0,0.0,0.0,0.0
786,2016-01-06 10:00:00,10:00,H16,0.001887386530706081,1,0.0,0.0,0.0,0.0,0.0,0.0,0.0,0.0,0.0,0.0,0.0,0.0,0.0,0.0,0.0,-0.3244249971605994
787,2016-01-08 08:30:00,08:30,H16,0.001793262937332507,2,0.0,0.0,0.0,0.0,0.0,0.0,0.0,0.0,0.0,0.11633489343532064,0.0,0.0,0.0,0.0,0.0,0.0
788,2016-01-15 08:30:00,08:30,H16,-0.005737556603065741,2,0.0,0.0,0.0,0.0,0.0,0.0,0.0,0.0,-0.19464728256711586,0.0,0.0,0.0,0.0,0.0,0.0,0.0
789,2016-01-15 09:15:00,09:15,H16,0.004538181840997524,1,0.0,-0.4176020449095612,0.0,0.0,0.0,0.0,0.0,0.0,0.0,0.0,0.0,0.0,0.0,0.0,0.0,0.0
790,2016-01-20 08:30:00,08:30,H16,0.0009492169673324113,3,0.0,0.0,0.0,0.0,-0.777373491878783,0.0,0.0,0.0,0.0,0.0,0.0,-0.637699848219859,0.5327066179241854,0.0,0.0,0.0
791,2016-01-22 10:00:00,10:00,H16,0.000791243612426662,1,0.0,0.0,0.0,0.0,0.0,0.0,0.0,0.0,0.0,0.0,0.0,0.0,0.0,1.4094480485457956,0.0,0.0
792,2016-01-27 10:00:00,10:00,H16,-0.004640379556502872,1,0.0,0.0,0.0,0.0,0.0,0.0,0.0,0.0,0.0,0.0,0.0,0.0,0.0,0.0,0.8059154357996325,0.0
793,2016-01-28 08:30:00,08:30,H16,0.005298727459044805,1,0.0,0.0,-1.8444068697011458,0.0,0.0,0.0,0.0,0.0,0.0,0.0,0.0,0.0,0.0,0.0,0.0,0.0
794,2016-01-29 08:30:00,08:30,H16,0.0022446698538240994,1,-0.1495855982935226,0.0,0.0,0.0,0.0,0.0,0.0,0.0,0.0,0.0,0.0,0.0,0.0,0.0,0.0,0.0
795,2016-02-01 08:30:00,08:30,H16,0.001173479500982566,1,0.0,0.0,0.0,0.0,0.0,0.0,0.0,-0.5306144197960803,0.0,0.0,0.0,0.0,0.0,0.0,0.0,0.0
796,2016-02-01 10:00:00,10:00,H16,0.0006515931682944398,1,0.0,0.0,0.0,0.05885742277160194,0.0,0.0,0.0,0.0,0.0,0.0,0.0,0.0,0.0,0.0,0.0,0.0
797,2016-02-03 10:00:00,10:00,H16,-0.014352405836228321,1,0.0,0.0,0.0,0.0,0.0,0.0,0.0,0.0,0.0,0.0,0.0,0.0,0.0,0.0,0.0,-0.7415428506527963
798,2016-02-05 08:30:00,08:30,H16,-0.002888657470845324,2,0.0,0.0,0.0,0.0,0.0,0.0,0.0,0.0,0.0,-0.04931587873888592,-0.19490885649410414,0.0,0.0,0.0,0.0,0.0
799,2016-02-12 08:30:00,08:30,H16,0.0023064931194003435,1,0.0,0.0,0.0,0.0,0.0,0.0,0.0,0.0,0.09732364128355793,0.0,0.0,0.0,0.0,0.0,0.0,0.0
800,2016-02-17 08:30:00,08:30,H16,0.0022317042409865095,3,0.0,0.0,0.0,0.0,0.0,0.9864314404596803,0.0,0.0,0.0,0.0,0.0,-0.8877782200707841,0.03329416362026159,0.0,0.0,0.0
801,2016-02-17 09:15:00,09:15,H16,-0.0007869884981204223,1,0.0,1.044005112273903,0.0,0.0,0.0,0.0,0.0,0.0,0.0,0.0,0.0,0.0,0.0,0.0,0.0,0.0
802,2016-02-19 08:30:00,08:30,H16,-0.0028829793261531123,1,0.0,0.0,0.0,0.0,0.7773734918787812,0.0,0.0,0.0,0.0,0.0,0.0,0.0,0.0,0.0,0.0,0.0
803,2016-02-23 10:00:00,10:00,H16,-0.003492662498809196,1,0.0,0.0,0.0,0.0,0.0,0.0,0.0,0.0,0.0,0.0,0.0,0.0,0.0,0.8131431049302668,0.0,0.0
804,2016-02-24 10:00:00,10:00,H16,0.00039648450925788836,1,0.0,0.0,0.0,0.0,0.0,0.0,0.0,0.0,0.0,0.0,0.0,0.0,0.0,0.0,-0.47622275751796467,0.0
805,2016-02-25 08:30:00,08:30,H16,0.0011648224962934606,1,0.0,0.0,0.9836836638406112,0.0,0.0,0.0,0.0,0.0,0.0,0.0,0.0,0.0,0.0,0.0,0.0,0.0
806,2016-02-26 10:00:00,10:00,H16,-0.0034524681054852735,1,0.0,0.0,0.0,0.0,0.0,0.0,0.0,0.5306144197960804,0.0,0.0,0.0,0.0,0.0,0.0,0.0,0.0
807,2016-03-01 10:00:00,10:00,H16,0.005651183804027404,1,0.0,0.0,0.0,0.5885742277160111,0.0,0.0,0.0,0.0,0.0,0.0,0.0,0.0,0.0,0.0,0.0,0.0
808,2016-03-03 10:00:00,10:00,H16,0.0012631048793139144,1,0.0,0.0,0.0,0.0,0.0,0.0,0.0,0.0,0.0,0.0,0.0,0.0,0.0,0.0,0.0,0.09269285633159748
809,2016-03-04 08:30:00,08:30,H16,-0.002762085874038256,2,0.0,0.0,0.0,0.0,0.0,0.0,0.0,0.0,0.0,0.06575450498518123,0.0,0.0,0.0,0.0,0.0,0.0
810,2016-03-15 08:30:00,08:30,M16,0.0006253517807444098,2,0.0,0.0,0.0,0.0,0.0,0.0,0.0,0.0,0.09732364128355793,0.0,0.0,0.0,0.0,0.0,0.0,0.0
811,2016-03-16 08:30:00,08:30,M16,-0.002498127704355646,3,0.0,0.0,0.0,0.0,0.7773734918787821,0.0,0.0,0.0,0.0,0.0,0.0,0.35010972059129514,-0.5493536997343161,0.0,0.0,0.0
812,2016-03-16 09:15:00,09:15,M16,0.0028719505286707303,1,0.0,-0.4176020449095612,0.0,0.0,0.0,0.0,0.0,0.0,0.0,0.0,0.0,0.0,0.0,0.0,0.0,0.0
813,2016-03-21 10:00:00,10:00,M16,-0.0030684283050144145,1,0.0,0.0,0.0,0.0,0.0,0.0,0.0,0.0,0.0,0.0,0.0,0.0,0.0,-1.4094480485457956,0.0,0.0
814,2016-03-23 10:00:00,10:00,M16,0.00036879956162039207,1,0.0,0.0,0.0,0.0,0.0,0.0,0.0,0.0,0.0,0.0,0.0,0.0,0.0,0.0,0.036632519809074206,0.0
815,2016-03-24 08:30:00,08:30,M16,-0.001363495717904506,1,0.0,0.0,0.04098681932669217,0.0,0.0,0.0,0.0,0.0,0.0,0.0,0.0,0.0,0.0,0.0,0.0,0.0
816,2016-03-28 08:30:00,08:30,M16,0.0,1,0.0,0.0,0.0,0.0,0.0,0.0,0.0,0.5306144197960803,0.0,0.0,0.0,0.0,0.0,0.0,0.0,0.0
817,2016-04-01 08:30:00,08:30,M16,-0.002940457889313741,2,0.0,0.0,0.0,0.0,0.0,0.0,0.0,0.0,0.0,0.012645097112534852,0.19490885649410414,0.0,0.0,0.0,0.0,0.0
818,2016-04-01 10:00:00,10:00,M16,0.0035484894989439297,1,0.0,0.0,0.0,0.6474316504876088,0.0,0.0,0.0,0.0,0.0,0.0,0.0,0.0,0.0,0.0,0.0,0.0
819,2016-04-05 10:00:00,10:00,M16,0.0024488808613964963,1,0.0,0.0,0.0,0.0,0.0,0.0,0.0,0.0,0.0,0.0,0.0,0.0,0.0,0.0,0.0,0.23173214082899862
820,2016-04-13 08:30:00,08:30,M16,-0.0006050705091729114,2,0.0,0.0,0.0,0.0,0.0,-0.9864314404596803,0.0,0.0,-0.3892945651342317,0.0,0.0,0.0,0.0,0.0,0.0,0.0
821,2016-04-14 08:30:00,08:30,M16,0.0015650397463993215,1,0.0,0.0,0.0,0.0,-1.5547469837575651,0.0,0.0,0.0,0.0,0.0,0.0,0.0,0.0,0.0,0.0,0.0
822,2016-04-15 09:15:00,09:15,M16,0.0,1,0.0,-1.044005112273903,0.0,0.0,0.0,0.0,0.0,0.0,0.0,0.0,0.0,0.0,0.0,0.0,0.0,0.0
823,2016-04-19 08:30:00,08:30,M16,-0.0007159904840481346,2,0.0,0.0,0.0,0.0,0.0,0.0,0.0,0.0,0.0,0.0,0.0,-1.0128174059962467,-1.8977673263549104,0.0,0.0,0.0
824,2016-04-20 10:00:00,10:00,M16,-0.0015515906914194133,1,0.0,0.0,0.0,0.0,0.0,0.0,0.0,0.0,0.0,0.0,0.0,0.0,0.0,0.16262862098605335,0.0,0.0
825,2016-04-25 10:00:00,10:00,M16,-0.0021689368666617526,1,0.0,0.0,0.0,0.0,0.0,0.0,0.0,0.0,0.0,0.0,0.0,0.0,0.0,0.0,-0.16484633914083394,0.0
826,2016-04-26 08:30:00,08:30,M16,-0.00047898456190509364,1,0.0,0.0,-0.4098681932669213,0.0,0.0,0.0,0.0,0.0,0.0,0.0,0.0,0.0,0.0,0.0,0.0,0.0
827,2016-04-28 08:30:00,08:30,M16,0.0003609022595565392,1,-0.2991711965870449,0.0,0.0,0.0,0.0,0.0,0.0,0.0,0.0,0.0,0.0,0.0,0.0,0.0,0.0,0.0
828,2016-04-29 08:30:00,08:30,M16,-0.002779961903953243,1,0.0,0.0,0.0,0.0,0.0,0.0,0.0,-0.5306144197960803,0.0,0.0,0.0,0.0,0.0,0.0,0.0,0.0
829,2016-05-02 10:00:00,10:00,M16,0.0026634398311751184,1,0.0,0.0,0.0,-0.3531445366296075,0.0,0.0,0.0,0.0,0.0,0.0,0.0,0.0,0.0,0.0,0.0,0.0
830,2016-05-04 10:00:00,10:00,M16,0.00012206286252602894,1,0.0,0.0,0.0,0.0,0.0,0.0,0.0,0.0,0.0,0.0,0.0,0.0,0.0,0.0,0.0,0.46346428165799725
831,2016-05-06 08:30:00,08:30,M16,-0.0020872989345148696,2,0.0,0.0,0.0,0.0,0.0,0.0,0.0,0.0,0.0,-0.053109407872646376,0.0,0.0,0.0,0.0,0.0,0.0
832,2016-05-13 08:30:00,08:30,M16,0.0006088280248945921,2,0.0,0.0,0.0,0.0,0.0,-0.32881048015322667,0.0,0.0,0.48661820641778963,0.0,0.0,0.0,0.0,0.0,0.0,0.0
833,2016-05-17 08:30:00,08:30,M16,-0.0013353567993421578,3,0.0,0.0,0.0,0.0,0.0,0.0,0.0,0.0,0.0,0.0,0.0,0.5626763366645815,-0.23305914534183111,0.0,0.0,0.0
834,2016-05-17 09:15:00,09:15,M16,-0.0018238195826976167,1,0.0,0.8352040898191223,0.0,0.0,0.0,0.0,0.0,0.0,0.0,0.0,0.0,0.0,0.0,0.0,0.0,0.0
835,2016-05-20 10:00:00,10:00,M16,-0.00012197353189513649,1,0.0,0.0,0.0,0.0,0.0,0.0,0.0,0.0,0.0,0.0,0.0,0.0,0.0,0.27104770164342223,0.0,0.0
836,2016-05-24 10:00:00,10:00,M16,0.0019354064345469268,1,0.0,0.0,0.0,0.0,0.0,0.0,0.0,0.0,0.0,0.0,0.0,0.0,0.0,0.0,1.7583609508355618,0.0
837,2016-05-26 08:30:00,08:30,M16,-0.0008374708870162451,1,0.0,0.0,1.1886177604740717,0.0,0.0,0.0,0.0,0.0,0.0,0.0,0.0,0.0,0.0,0.0,0.0,0.0
838,2016-05-31 08:30:00,08:30,M16,0.0,1,0.0,0.0,0.0,0.0,0.0,0.0,0.0,0.5306144197960802,0.0,0.0,0.0,0.0,0.0,0.0,0.0,0.0
839,2016-06-01 10:00:00,10:00,M16,0.0014374703002300038,1,0.0,0.0,0.0,0.5297168049444091,0.0,0.0,0.0,0.0,0.0,0.0,0.0,0.0,0.0,0.0,0.0,0.0
840,2016-06-03 08:30:00,08:30,M16,-0.005001796780143231,2,0.0,0.0,0.0,0.0,0.0,0.0,0.0,0.0,0.0,-0.15932822361793914,-0.38981771298821,0.0,0.0,0.0,0.0,0.0
841,2016-06-03 10:00:00,10:00,M16,-0.002874253475767752,1,0.0,0.0,0.0,0.0,0.0,0.0,0.0,0.0,0.0,0.0,0.0,0.0,0.0,0.0,0.0,-1.2050071323107936
842,2016-06-14 08:30:00,08:30,U16,0.0009693445566973935,1,0.0,0.0,0.0,0.0,0.0,0.0,0.0,0.0,0.19464728256711586,0.0,0.0,0.0,0.0,0.0,0.0,0.0
843,2016-06-15 08:30:00,08:30,U16,-0.0008453596300794786,1,0.0,0.0,0.0,0.0,0.0,0.32881048015322684,0.0,0.0,0.0,0.0,0.0,0.0,0.0,0.0,0.0,0.0
844,2016-06-15 09:15:00,09:15,U16,0.001328582839305703,1,0.0,-0.4176020449095612,0.0,0.0,0.0,0.0,0.0,0.0,0.0,0.0,0.0,0.0,0.0,0.0,0.0,0.0
845,2016-06-16 08:30:00,08:30,U16,0.0003652968077147989,1,0.0,0.0,0.0,0.0,-0.777373491878783,0.0,0.0,0.0,0.0,0.0,0.0,0.0,0.0,0.0,0.0,0.0
846,2016-06-17 08:30:00,08:30,U16,-0.0006043391735266468,2,0.0,0.0,0.0,0.0,0.0,0.0,0.0,0.0,0.0,0.0,0.0,0.17505486029564757,-0.19976498172156953,0.0,0.0,0.0
847,2016-06-22 10:00:00,10:00,U16,0.0009594627744924367,1,0.0,0.0,0.0,0.0,0.0,0.0,0.0,0.0,0.0,0.0,0.0,0.0,0.0,-0.05420954032868445,0.0,0.0
848,2016-06-23 10:00:00,10:00,U16,0.000358615747074964,1,0.0,0.0,0.0,0.0,0.0,0.0,0.0,0.0,0.0,0.0,0.0,0.0,0.0,0.0,-0.16484633914083394,0.0
849,2016-06-24 08:30:00,08:30,U16,-0.00012290296826122926,1,0.0,0.0,-0.6967759285537662,0.0,0.0,0.0,0.0,0.0,0.0,0.0,0.0,0.0,0.0,0.0,0.0,0.0
850,2016-06-29 08:30:00,08:30,U16,0.001223990360888827,1,0.0,0.0,0.0,0.0,0.0,0.0,0.0,0.5306144197960802,0.0,0.0,0.0,0.0,0.0,0.0,0.0,0.0
851,2016-07-01 10:00:00,10:00,U16,0.0017879496985457877,1,0.0,0.0,0.0,1.0594336098888224,0.0,0.0,0.0,0.0,0.0,0.0,0.0,0.0,0.0,0.0,0.0,0.0
852,2016-07-06 10:00:00,10:00,U16,-0.0022953800473839436,1,0.0,0.0,0.0,0.0,0.0,0.0,0.0,0.0,0.0,0.0,0.0,0.0,0.0,0.0,0.0,1.4830857013055927
853,2016-07-08 08:30:00,08:30,U16,0.005232500938263662,2,0.0,0.0,0.0,0.0,0.0,0.0,0.0,0.0,0.0,0.14162508766039034,0.19490885649410586,0.0,0.0,0.0,0.0,0.0
854,2016-07-14 08:30:00,08:30,U16,0.00011562698746736544,1,0.0,0.0,0.0,0.0,0.0,0.6576209603064535,0.0,0.0,0.0,0.0,0.0,0.0,0.0,0.0,0.0,0.0
855,2016-07-15 08:30:00,08:30,U16,0.0013895324144046484,2,0.0,0.0,0.0,0.0,-0.777373491878783,0.0,0.0,0.0,0.48661820641778963,0.0,0.0,0.0,0.0,0.0,0.0,0.0
856,2016-07-15 09:15:00,09:15,U16,0.0,1,0.0,0.8352040898191223,0.0,0.0,0.0,0.0,0.0,0.0,0.0,0.0,0.0,0.0,0.0,0.0,0.0,0.0
857,2016-07-19 08:30:00,08:30,U16,-0.0001160160103390595,2,0.0,0.0,0.0,0.0,0.0,0.0,0.0,0.0,0.0,0.0,0.0,0.23757445325837886,0.049941245430392384,0.0,0.0,0.0
858,2016-07-21 10:00:00,10:00,U16,-0.0002307869846385202,1,0.0,0.0,0.0,0.0,0.0,0.0,0.0,0.0,0.0,0.0,0.0,0.0,0.0,0.48788586295816005,0.0,0.0
859,2016-07-26 10:00:00,10:00,U16,0.00011541346887966597,1,0.0,0.0,0.0,0.0,0.0,0.0,0.0,0.0,0.0,0.0,0.0,0.0,0.0,0.0,0.5861203169451873,0.0
860,2016-07-27 08:30:00,08:30,U16,0.0006918021721782353,1,0.0,0.0,-1.1886177604740717,0.0,0.0,0.0,0.0,0.0,0.0,0.0,0.0,0.0,0.0,0.0,0.0,0.0
861,2016-07-29 08:30:00,08:30,U16,0.000462588189120261,1,-2.094198376109315,0.0,0.0,0.0,0.0,0.0,0.0,0.0,0.0,0.0,0.0,0.0,0.0,0.0,0.0,0.0
862,2016-08-01 10:00:00,10:00,U16,0.0017308029475104902,1,0.0,0.0,0.0,-0.23542969108640358,0.0,0.0,0.0,0.0,0.0,0.0,0.0,0.0,0.0,0.0,0.0,0.0
863,2016-08-02 08:30:00,08:30,U16,-0.0004629629712313843,1,0.0,0.0,0.0,0.0,0.0,0.0,0.0,0.5306144197960802,0.0,0.0,0.0,0.0,0.0,0.0,0.0,0.0
864,2016-08-03 10:00:00,10:00,U16,0.0003486142618536192,1,0.0,0.0,0.0,0.0,0.0,0.0,0.0,0.0,0.0,0.0,0.0,0.0,0.0,0.0,0.0,-0.23173214082899862
865,2016-08-05 08:30:00,08:30,U16,0.002079002827833243,2,0.0,0.0,0.0,0.0,0.0,0.0,0.0,0.0,0.0,0.09483822834401139,0.19490885649410586,0.0,0.0,0.0,0.0,0.0
866,2016-08-12 08:30:00,08:30,U16,-0.0008024302602862576,2,0.0,0.0,0.0,0.0,0.0,-1.6440524007661337,0.0,0.0,-0.3892945651342317,0.0,0.0,0.0,0.0,0.0,0.0,0.0
867,2016-08-16 08:30:00,08:30,U16,-0.0005727705065226019,3,0.0,0.0,0.0,0.0,-0.7773734918787821,0.0,0.0,0.0,0.0,0.0,0.0,0.3876214763689339,-0.13317665448104635,0.0,0.0,0.0
868,2016-08-16 09:15:00,09:15,U16,-0.0017204798646623942,1,0.0,0.8352040898191223,0.0,0.0,0.0,0.0,0.0,0.0,0.0,0.0,0.0,0.0,0.0,0.0,0.0,0.0
869,2016-08-23 10:00:00,10:00,U16,0.0,1,0.0,0.0,0.0,0.0,0.0,0.0,0.0,0.0,0.0,0.0,0.0,0.0,0.0,0.0,1.3554032329357455,0.0
870,2016-08-24 10:00:00,10:00,U16,-0.0012600952466375048,1,0.0,0.0,0.0,0.0,0.0,0.0,0.0,0.0,0.0,0.0,0.0,0.0,0.0,-0.6505144839442134,0.0,0.0
871,2016-08-25 08:30:00,08:30,U16,-0.00046077641639996614,1,0.0,0.0,0.45085501259361366,0.0,0.0,0.0,0.0,0.0,0.0,0.0,0.0,0.0,0.0,0.0,0.0,0.0
872,2016-08-29 08:30:00,08:30,U16,0.0004608825983183351,1,0.0,0.0,0.0,0.0,0.0,0.0,0.0,0.5306144197960802,0.0,0.0,0.0,0.0,0.0,0.0,0.0,0.0
873,2016-09-01 10:00:00,10:00,U16,-0.004392562836616598,1,0.0,0.0,0.0,-1.5302929920616295,0.0,0.0,0.0,0.0,0.0,0.0,0.0,0.0,0.0,0.0,0.0,0.0
874,2016-09-02 08:30:00,08:30,U16,0.00391615335783424,2,0.0,0.0,0.0,0.0,0.0,0.0,0.0,0.0,0.0,-0.03667078162635107,0.19490885649410586,0.0,0.0,0.0,0.0,0.0
875,2016-09-06 10:00:00,10:00,U16,-0.002295158225796179,1,0.0,0.0,0.0,0.0,0.0,0.0,0.0,0.0,0.0,0.0,0.0,0.0,0.0,0.0,0.0,-1.6684714139687908
876,2016-09-15 08:30:00,08:30,Z16,-0.0030667634321277504,2,0.0,0.0,0.0,0.0,0.0,-0.3288104801532267,0.0,0.0,-0.19464728256711583,0.0,0.0,0.0,0.0,0.0,0.0,0.0
877,2016-09-15 09:15:00,09:15,Z16,-0.0007088009747437951,1,0.0,-0.20880102245478066,0.0,0.0,0.0,0.0,0.0,0.0,0.0,0.0,0.0,0.0,0.0,0.0,0.0,0.0
878,2016-09-16 08:30:00,08:30,Z16,0.0009372071913746893,1,0.0,0.0,0.0,0.0,0.777373491878783,0.0,0.0,0.0,0.0,0.0,0.0,0.0,0.0,0.0,0.0,0.0
879,2016-09-20 08:30:00,08:30,Z16,-0.00011680196240604346,2,0.0,0.0,0.0,0.0,0.0,0.0,0.0,0.0,0.0,0.0,0.0,-0.6001880924422203,-0.5160595361140546,0.0,0.0,0.0
880,2016-09-22 10:00:00,10:00,Z16,-0.0003454430341216508,1,0.0,0.0,0.0,0.0,0.0,0.0,0.0,0.0,0.0,0.0,0.0,0.0,0.0,-0.6505144839442134,0.0,0.0
881,2016-09-26 10:00:00,10:00,Z16,0.0010490122763942011,1,0.0,0.0,0.0,0.0,0.0,0.0,0.0,0.0,0.0,0.0,0.0,0.0,0.0,0.0,0.16484633914083394,0.0
882,2016-09-28 08:30:00,08:30,Z16,-0.00023218017285664416,1,0.0,0.0,0.5738154705736898,0.0,0.0,0.0,0.0,0.0,0.0,0.0,0.0,0.0,0.0,0.0,0.0,0.0
883,2016-09-30 08:30:00,08:30,Z16,0.0009305572382567462,1,0.0,0.0,0.0,0.0,0.0,0.0,0.0,-0.5306144197960803,0.0,0.0,0.0,0.0,0.0,0.0,0.0,0.0
884,2016-10-03 10:00:00,10:00,Z16,0.00023245002429206352,1,0.0,0.0,0.0,0.706289073259215,0.0,0.0,0.0,0.0,0.0,0.0,0.0,0.0,0.0,0.0,0.0,0.0
885,2016-10-05 10:00:00,10:00,Z16,0.0006966214144483729,1,0.0,0.0,0.0,0.0,0.0,0.0,0.0,0.0,0.0,0.0,0.0,0.0,0.0,0.0,0.0,1.9002035547977896
886,2016-10-07 08:30:00,08:30,Z16,0.0023207251074808255,2,0.0,0.0,0.0,0.0,0.0,0.0,0.0,0.0,0.0,-0.024025684513816217,0.19490885649410414,0.0,0.0,0.0,0.0,0.0
887,2016-10-14 08:30:00,08:30,Z16,0.001522872665893793,2,0.0,0.0,0.0,0.0,0.0,0.32881048015322667,0.0,0.0,0.0,0.0,0.0,0.0,0.0,0.0,0.0,0.0
888,2016-10-17 09:15:00,09:15,Z16,-0.000823674812703068,1,0.0,-0.2088010224547806,0.0,0.0,0.0,0.0,0.0,0.0,0.0,0.0,0.0,0.0,0.0,0.0,0.0,0.0
889,2016-10-18 08:30:00,08:30,Z16,0.0008190487791868151,1,0.0,0.0,0.0,0.0,0.0,0.0,0.0,0.0,0.0,0.0,0.0,0.0,0.0,0.0,0.0,0.0
890,2016-10-19 08:30:00,08:30,Z16,0.0007024116420852877,2,0.0,0.0,0.0,0.0,0.0,0.0,0.0,0.0,0.0,0.0,0.0,-1.6005015798459208,0.9988249086078476,0.0,0.0,0.0
891,2016-10-20 10:00:00,10:00,Z16,-0.0018739757182455463,1,0.0,0.0,0.0,0.0,0.0,0.0,0.0,0.0,0.0,0.0,0.0,0.0,0.0,0.6505144839442134,0.0,0.0
892,2016-10-26 10:00:00,10:00,Z16,0.0012916105828963964,1,0.0,0.0,0.0,0.0,0.0,0.0,0.0,0.0,0.0,0.0,0.0,0.0,0.0,0.0,-0.1282138193317597,0.0
893,2016-10-27 08:30:00,08:30,Z16,0.0005833965511712336,1,0.0,0.0,-0.08197363865338426,0.0,0.0,0.0,0.0,0.0,0.0,0.0,0.0,0.0,0.0,0.0,0.0,0.0
894,2016-10-28 08:30:00,08:30,Z16,0.0008227067514638975,1,0.5983423931740898,0.0,0.0,0.0,0.0,0.0,0.0,0.0,0.0,0.0,0.0,0.0,0.0,0.0,0.0,0.0
895,2016-10-31 08:30:00,08:30,Z16,0.0007054674013922124,1,0.0,0.0,0.0,0.0,0.0,0.0,0.0,0.5306144197960802,0.0,0.0,0.0,0.0,0.0,0.0,0.0,0.0
896,2016-11-01 10:00:00,10:00,Z16,-0.0020067291158429867,1,0.0,0.0,0.0,0.1177148455431997,0.0,0.0,0.0,0.0,0.0,0.0,0.0,0.0,0.0,0.0,0.0,0.0
897,2016-11-03 10:00:00,10:00,Z16,0.0004773269780367073,1,0.0,0.0,0.0,0.0,0.0,0.0,0.0,0.0,0.0,0.0,0.0,0.0,0.0,0.0,0.0,-0.5561571379895981
898,2016-11-04 08:30:00,08:30,Z16,0.0013190241135374592,2,0.0,0.0,0.0,0.0,0.0,0.0,0.0,0.0,0.0,-0.017703135957548792,0.0,0.0,0.0,0.0,0.0,0.0
899,2016-11-15 08:30:00,08:30,Z16,0.0,1,0.0,0.0,0.0,0.0,0.0,0.0,0.0,0.0,0.19464728256711591,0.0,0.0,0.0,0.0,0.0,0.0,0.0
900,2016-11-16 08:30:00,08:30,Z16,0.0001151874677312037,1,0.0,0.0,0.0,0.0,0.0,-0.9864314404596801,0.0,0.0,0.0,0.0,0.0,0.0,0.0,0.0,0.0,0.0
901,2016-11-16 09:15:00,09:15,Z16,0.001956609935368725,1,0.0,-0.4176020449095612,0.0,0.0,0.0,0.0,0.0,0.0,0.0,0.0,0.0,0.0,0.0,0.0,0.0,0.0
902,2016-11-17 08:30:00,08:30,Z16,0.0006898930939378545,3,0.0,0.0,0.0,0.0,0.0,0.0,0.0,0.0,0.0,0.0,0.0,2.0881544049552248,0.5160595361140546,0.0,0.0,0.0
903,2016-11-22 10:00:00,10:00,Z16,-0.0004546487916456954,1,0.0,0.0,0.0,0.0,0.0,0.0,0.0,0.0,0.0,0.0,0.0,0.0,0.0,0.9215621855876356,0.0,0.0
904,2016-11-23 08:30:00,08:30,Z16,-0.0009099181701515136,1,0.0,0.0,1.3525650377808403,0.0,0.0,0.0,0.0,0.0,0.0,0.0,0.0,0.0,0.0,0.0,0.0,0.0
905,2016-11-23 10:00:00,10:00,Z16,0.0018214941283911656,1,0.0,0.0,0.0,0.0,0.0,0.0,0.0,0.0,0.0,0.0,0.0,0.0,0.0,0.0,-0.5494877971361131,0.0
906,2016-11-30 08:30:00,08:30,Z16,0.0009051822297170276,1,0.0,0.0,0.0,0.0,0.0,0.0,0.0,-0.5306144197960803,0.0,0.0,0.0,0.0,0.0,0.0,0.0,0.0
907,2016-12-01 10:00:00,10:00,Z16,0.00045552899090850474,1,0.0,0.0,0.0,0.5885742277160111,0.0,0.0,0.0,0.0,0.0,0.0,0.0,0.0,0.0,0.0,0.0,0.0
908,2016-12-02 08:30:00,08:30,Z16,-0.00022836264086389946,2,0.0,0.0,0.0,0.0,0.0,0.0,0.0,0.0,0.0,0.0037935291337604553,-0.5847265694823158,0.0,0.0,0.0,0.0,0.0
909,2016-12-05 10:00:00,10:00,Z16,0.0006800408286551374,1,0.0,0.0,0.0,0.0,0.0,0.0,0.0,0.0,0.0,0.0,0.0,0.0,0.0,0.0,0.0,0.8342357069843971
910,2016-12-14 08:30:00,08:30,H17,-0.00022067748075915716,2,0.0,0.0,0.0,0.0,0.0,0.9864314404596803,0.0,0.0,-0.19464728256711583,0.0,0.0,0.0,0.0,0.0,0.0,0.0
911,2016-12-14 09:15:00,09:15,H17,0.000993213125845216,1,0.0,-0.4176020449095612,0.0,0.0,0.0,0.0,0.0,0.0,0.0,0.0,0.0,0.0,0.0,0.0,0.0,0.0
912,2016-12-15 08:30:00,08:30,H17,0.0006665185761081105,1,0.0,0.0,0.0,0.0,0.0,0.0,0.0,0.0,0.0,0.0,0.0,0.0,0.0,0.0,0.0,0.0
913,2016-12-16 08:30:00,08:30,H17,-0.00022101889801540153,2,0.0,0.0,0.0,0.0,0.0,0.0,0.0,0.0,0.0,0.0,0.0,-1.7505486029564759,-0.649236190595101,0.0,0.0,0.0
914,2016-12-21 10:00:00,10:00,H17,-0.00011041793198440786,1,0.0,0.0,0.0,0.0,0.0,0.0,0.0,0.0,0.0,0.0,0.0,0.0,0.0,0.5963049436155289,0.0,0.0
915,2016-12-22 08:30:00,08:30,H17,-0.0005531279525943233,1,0.0,0.0,0.04098681932669235,0.0,0.0,0.0,0.0,0.0,0.0,0.0,0.0,0.0,0.0,0.0,0.0,0.0
916,2016-12-22 10:00:00,10:00,H17,0.00044311510639793994,1,0.0,0.0,0.0,0.0,0.0,0.0,0.0,0.0,0.0,0.0,0.0,0.0,0.0,0.0,0.0,0.0
917,2016-12-23 10:00:00,10:00,H17,-0.0005536792124178902,1,0.0,0.0,0.0,0.0,0.0,0.0,0.0,0.0,0.0,0.0,0.0,0.0,0.0,0.0,0.31137641837713076,0.0
918,2017-01-03 10:00:00,10:00,H17,0.0035504308903604453,1,0.0,0.0,0.0,0.647431650487613,0.0,0.0,0.0,0.0,0.0,0.0,0.0,0.0,0.0,0.0,0.0,0.0
919,2017-01-05 10:00:00,10:00,H17,-0.00011041793198440786,1,0.0,0.0,0.0,0.0,0.0,0.0,0.0,0.0,0.0,0.0,0.0,0.0,0.0,0.0,0.0,0.27807856899479905
920,2017-01-06 08:30:00,08:30,H17,0.0015457660138711304,2,0.0,0.0,0.0,0.0,0.0,0.0,0.0,0.0,0.0,-0.02781921364757667,0.0,0.0,0.0,0.0,0.0,0.0
921,2017-01-13 08:30:00,08:30,H17,0.0009931035298968993,2,0.0,0.0,0.0,0.0,0.0,0.0,0.0,0.0,-0.0973236412835579,0.0,0.0,0.0,0.0,0.0,0.0,0.0
922,2017-01-18 08:30:00,08:30,H17,-0.0005513591141497187,1,0.0,0.0,0.0,0.0,0.0,0.0,0.0,0.0,0.0,0.0,0.0,0.0,0.0,0.0,0.0,0.0
923,2017-01-18 09:15:00,09:15,H17,-0.001766784911886532,1,0.0,0.4176020449095613,0.0,0.0,0.0,0.0,0.0,0.0,0.0,0.0,0.0,0.0,0.0,0.0,0.0,0.0
924,2017-01-19 08:30:00,08:30,H17,0.00044150111092378097,2,0.0,0.0,0.0,0.0,0.0,0.0,0.0,0.0,0.0,0.0,0.0,0.32510188340620266,-0.2497062271519619,0.0,0.0,0.0
925,2017-01-24 10:00:00,10:00,H17,0.00033125379864618054,1,0.0,0.0,0.0,0.0,0.0,0.0,0.0,0.0,0.0,0.0,0.0,0.0,0.0,-0.16262862098605335,0.0,0.0
926,2017-01-26 10:00:00,10:00,H17,-0.00021795989624262546,1,0.0,0.0,0.0,0.0,0.0,0.0,0.0,0.0,0.0,0.0,0.0,0.0,0.0,0.0,-0.9524455150359293,0.0
927,2017-01-27 08:30:00,08:30,H17,-0.0003268507955231925,2,-0.4487567948805678,0.0,-1.229604579800764,0.0,0.0,0.0,0.0,0.0,0.0,0.0,0.0,0.0,0.0,0.0,0.0,0.0
928,2017-01-30 08:30:00,08:30,H17,0.00043845227053385116,1,0.0,0.0,0.0,0.0,0.0,0.0,0.0,0.5306144197960802,0.0,0.0,0.0,0.0,0.0,0.0,0.0,0.0
929,2017-02-01 10:00:00,10:00,H17,-0.0018641378280532805,1,0.0,0.0,0.0,0.5885742277160111,0.0,0.0,0.0,0.0,0.0,0.0,0.0,0.0,0.0,0.0,0.0,0.0
930,2017-02-03 08:30:00,08:30,H17,0.00306782315769194,2,0.0,0.0,0.0,0.0,0.0,0.0,0.0,0.0,0.0,0.06575450498518123,0.19490885649410414,0.0,0.0,0.0,0.0,0.0
931,2017-02-03 10:00:00,10:00,H17,0.002076390014356555,1,0.0,0.0,0.0,0.0,0.0,0.0,0.0,0.0,0.0,0.0,0.0,0.0,0.0,0.0,0.0,-0.23173214082899862
932,2017-02-14 08:30:00,08:30,H17,-0.0008598452808357138,1,0.0,0.0,0.0,0.0,0.0,0.9864314404596801,0.0,0.0,0.0,0.0,0.0,0.0,0.0,0.0,0.0,0.0
933,2017-02-15 08:30:00,08:30,H17,-0.0006428801250022431,2,0.0,0.0,0.0,0.0,0.777373491878783,0.0,0.0,0.0,0.2919709238506738,0.0,0.0,0.0,0.0,0.0,0.0,0.0
934,2017-02-15 09:15:00,09:15,H17,0.0013926832825754687,1,0.0,-0.8352040898191224,0.0,0.0,0.0,0.0,0.0,0.0,0.0,0.0,0.0,0.0,0.0,0.0,0.0,0.0
935,2017-02-16 08:30:00,08:30,H17,0.0007459108449632268,2,0.0,0.0,0.0,0.0,0.0,0.0,0.0,0.0,0.0,0.0,0.0,0.30009404622111013,0.9155894995571936,0.0,0.0,0.0
936,2017-02-22 10:00:00,10:00,H17,0.0015894043081061682,1,0.0,0.0,0.0,0.0,0.0,0.0,0.0,0.0,0.0,0.0,0.0,0.0,0.0,0.8131431049302668,0.0,0.0
937,2017-02-24 10:00:00,10:00,H17,0.0,1,0.0,0.0,0.0,0.0,0.0,0.0,0.0,0.0,0.0,0.0,0.0,0.0,0.0,0.0,-0.27474389856805653,0.0
938,2017-02-27 08:30:00,08:30,H17,0.0002115059229543803,1,0.0,0.0,0.04098681932669217,0.0,0.0,0.0,0.0,0.0,0.0,0.0,0.0,0.0,0.0,0.0,0.0,0.0
939,2017-03-01 08:30:00,08:30,H17,0.0,1,0.0,0.0,0.0,0.0,0.0,0.0,0.0,-1.0612288395921603,0.0,0.0,0.0,0.0,0.0,0.0,0.0,0.0
940,2017-03-01 10:00:00,10:00,H17,0.0016762706910951053,1,0.0,0.0,0.0,1.0005761871172205,0.0,0.0,0.0,0.0,0.0,0.0,0.0,0.0,0.0,0.0,0.0,0.0
941,2017-03-03 10:00:00,10:00,H17,-0.0011572248937534724,1,0.0,0.0,0.0,0.0,0.0,0.0,0.0,0.0,0.0,0.0,0.0,0.0,0.0,0.0,0.0,0.5098107098237976
942,2017-03-10 08:30:00,08:30,H17,0.0013677733733183928,2,0.0,0.0,0.0,0.0,0.0,0.0,0.0,0.0,0.0,0.04425783989387198,0.0,0.0,0.0,0.0,0.0,0.0
943,2017-03-14 08:30:00,08:30,M17,0.0005289046508227813,1,0.0,0.0,0.0,0.0,0.0,0.6576209603064533,0.0,0.0,0.0,0.0,0.0,0.0,0.0,0.0,0.0,0.0
944,2017-03-15 08:30:00,08:30,M17,0.0006333790985522114,2,0.0,0.0,0.0,0.0,0.0,0.0,0.0,0.0,0.0,0.0,0.0,0.0,0.0,0.0,0.0,0.0
945,2017-03-16 08:30:00,08:30,M17,0.00010486027378142637,2,0.0,0.0,0.0,0.0,0.0,0.0,0.0,0.0,0.0,0.0,0.0,0.35010972059129514,-0.7824128450761473,0.0,0.0,0.0
946,2017-03-17 09:15:00,09:15,M17,-0.0006305833104383041,1,0.0,-0.4176020449095612,0.0,0.0,0.0,0.0,0.0,0.0,0.0,0.0,0.0,0.0,0.0,0.0,0.0,0.0
947,2017-03-22 10:00:00,10:00,M17,-0.001070091059844458,1,0.0,0.0,0.0,0.0,0.0,0.0,0.0,0.0,0.0,0.0,0.0,0.0,0.0,-0.48788586295816005,0.0,0.0
948,2017-03-23 10:00:00,10:00,M17,0.0001066268594076547,1,0.0,0.0,0.0,0.0,0.0,0.0,0.0,0.0,0.0,0.0,0.0,0.0,0.0,0.0,0.4945390174225018,0.0
949,2017-03-24 08:30:00,08:30,M17,-0.00031991469214531776,1,0.0,0.0,0.20493409663346066,0.0,0.0,0.0,0.0,0.0,0.0,0.0,0.0,0.0,0.0,0.0,0.0,0.0
950,2017-03-31 08:30:00,08:30,M17,-0.0003175779415887092,1,0.0,0.0,0.0,0.0,0.0,0.0,0.0,-1.0612288395921605,0.0,0.0,0.0,0.0,0.0,0.0,0.0,0.0
951,2017-04-03 10:00:00,10:00,M17,-0.00031804930032208745,1,0.0,0.0,0.0,0.11771484554320388,0.0,0.0,0.0,0.0,0.0,0.0,0.0,0.0,0.0,0.0,0.0,0.0
952,2017-04-05 10:00:00,10:00,M17,0.0014763263252977055,1,0.0,0.0,0.0,0.0,0.0,0.0,0.0,0.0,0.0,0.0,0.0,0.0,0.0,0.0,0.0,-0.8342357069843938
953,2017-04-07 08:30:00,08:30,M17,-0.00042548665677522024,2,0.0,0.0,0.0,0.0,0.0,0.0,0.0,0.0,0.0,-0.10368979632278578,-0.38981771298821,0.0,0.0,0.0,0.0,0.0
954,2017-04-13 08:30:00,08:30,M17,-0.0002140869201063822,1,0.0,0.0,0.0,0.0,0.0,-0.3288104801532267,0.0,0.0,0.0,0.0,0.0,0.0,0.0,0.0,0.0,0.0
955,2017-04-18 08:30:00,08:30,M17,0.0002138122736381476,2,0.0,0.0,0.0,0.0,0.0,0.0,0.0,0.0,0.0,0.0,0.0,-0.43763715073911896,0.16647081810130793,0.0,0.0,0.0
956,2017-04-18 09:15:00,09:15,M17,0.0018165309263977747,1,0.0,0.0,0.0,0.0,0.0,0.0,0.0,0.0,0.0,0.0,0.0,0.0,0.0,0.0,0.0,0.0
957,2017-04-21 10:00:00,10:00,M17,0.00010638863779366403,1,0.0,0.0,0.0,0.0,0.0,0.0,0.0,0.0,0.0,0.0,0.0,0.0,0.0,0.5963049436155289,0.0,0.0
958,2017-04-25 10:00:00,10:00,M17,0.0009439404969606713,1,0.0,0.0,0.0,0.0,0.0,0.0,0.0,0.0,0.0,0.0,0.0,0.0,0.0,0.0,0.6960178763724099,0.0
959,2017-04-27 08:30:00,08:30,M17,-0.00020964360663811021,1,0.0,0.0,-0.20493409663346066,0.0,0.0,0.0,0.0,0.0,0.0,0.0,0.0,0.0,0.0,0.0,0.0,0.0
960,2017-04-28 08:30:00,08:30,M17,-0.0002094460160551037,1,-0.7479279914676124,0.0,0.0,0.0,0.0,0.0,0.0,0.0,0.0,0.0,0.0,0.0,0.0,0.0,0.0,0.0
961,2017-05-01 08:30:00,08:30,M17,-0.0005237521724508198,1,0.0,0.0,0.0,0.0,0.0,0.0,0.0,0.0,0.0,0.0,0.0,0.0,0.0,0.0,0.0,0.0
962,2017-05-01 10:00:00,10:00,M17,-0.0005244663675059158,1,0.0,0.0,0.0,-1.0005761871172205,0.0,0.0,0.0,0.0,0.0,0.0,0.0,0.0,0.0,0.0,0.0,0.0
963,2017-05-03 10:00:00,10:00,M17,-0.00020988561311163778,1,0.0,0.0,0.0,0.0,0.0,0.0,0.0,0.0,0.0,0.0,0.0,0.0,0.0,0.0,0.0,0.7878892788185967
964,2017-05-05 08:30:00,08:30,M17,0.0012562815722612086,2,0.0,0.0,0.0,0.0,0.0,0.0,0.0,0.0,0.0,0.03287725249259062,-0.3898177129882083,0.0,0.0,0.0,0.0,0.0
965,2017-05-11 08:30:00,08:30,M17,0.00041841004794562764,1,0.0,0.0,0.0,0.0,0.0,0.9864314404596801,0.0,0.0,0.0,0.0,0.0,0.0,0.0,0.0,0.0,0.0
966,2017-05-12 08:30:00,08:30,M17,0.001151531140069828,2,0.0,0.0,0.0,0.0,-0.7773734918787796,0.0,0.0,0.0,-0.1946472825671158,0.0,0.0,0.0,0.0,0.0,0.0,0.0
967,2017-05-16 08:30:00,08:30,M17,0.0005205351218471321,2,0.0,0.0,0.0,0.0,0.0,0.0,0.0,0.0,0.0,0.0,0.0,-1.1003448361440704,-0.6825303542153626,0.0,0.0,0.0
968,2017-05-16 09:15:00,09:15,M17,-0.0008326395152158383,1,0.0,1.2528061347286834,0.0,0.0,0.0,0.0,0.0,0.0,0.0,0.0,0.0,0.0,0.0,0.0,0.0,0.0
969,2017-05-23 10:00:00,10:00,M17,0.0010441684148041475,1,0.0,0.0,0.0,0.0,0.0,0.0,0.0,0.0,0.0,0.0,0.0,0.0,0.0,0.0,-0.7509666560860212,0.0
970,2017-05-24 10:00:00,10:00,M17,0.0,1,0.0,0.0,0.0,0.0,0.0,0.0,0.0,0.0,0.0,0.0,0.0,0.0,0.0,-0.4336763226294756,0.0,0.0
971,2017-05-26 08:30:00,08:30,M17,0.0007260281395513601,1,0.0,0.0,0.20493409663346066,0.0,0.0,0.0,0.0,0.0,0.0,0.0,0.0,0.0,0.0,0.0,0.0,0.0
972,2017-05-30 08:30:00,08:30,M17,0.00041489472641575986,1,0.0,0.0,0.0,0.0,0.0,0.0,0.0,0.0,0.0,0.0,0.0,0.0,0.0,0.0,0.0,0.0
973,2017-06-01 10:00:00,10:00,M17,-0.0003105107927448003,1,0.0,0.0,0.0,0.23542969108640358,0.0,0.0,0.0,0.0,0.0,0.0,0.0,0.0,0.0,0.0,0.0,0.0
974,2017-06-02 08:30:00,08:30,M17,-0.0007192396919348809,2,0.0,0.0,0.0,0.0,0.0,0.0,0.0,0.0,0.0,-0.0594319564289138,-0.19490885649410586,0.0,0.0,0.0,0.0,0.0
975,2017-06-05 10:00:00,10:00,M17,0.00030777122582037464,1,0.0,0.0,0.0,0.0,0.0,0.0,0.0,0.0,0.0,0.0,0.0,0.0,0.0,0.0,0.0,-0.04634642816580038
976,2017-06-13 08:30:00,08:30,M17,0.0006163961567668963,1,0.0,0.0,0.0,0.0,0.0,-0.3288104801532267,0.0,0.0,0.0,0.0,0.0,0.0,0.0,0.0,0.0,0.0
977,2017-06-14 08:30:00,08:30,U17,0.0006145652144677882,2,0.0,0.0,0.0,0.0,-0.777373491878783,0.0,0.0,0.0,-0.3892945651342317,0.0,0.0,0.0,0.0,0.0,0.0,0.0
978,2017-06-15 09:15:00,09:15,U17,-0.0014462812438384987,1,0.0,-0.4176020449095612,0.0,0.0,0.0,0.0,0.0,0.0,0.0,0.0,0.0,0.0,0.0,0.0,0.0,0.0
979,2017-06-16 08:30:00,08:30,U17,-0.001233299231349072,2,0.0,0.0,0.0,0.0,0.0,0.0,0.0,0.0,0.0,0.0,0.0,-1.5379819868831894,-1.3650607084307251,0.0,0.0,0.0
980,2017-06-21 10:00:00,10:00,U17,0.0008211866608052176,1,0.0,0.0,0.0,0.0,0.0,0.0,0.0,0.0,0.0,0.0,0.0,0.0,0.0,0.3794667823007911,0.0,0.0
981,2017-06-23 10:00:00,10:00,U17,0.0020561331393169624,1,0.0,0.0,0.0,0.0,0.0,0.0,0.0,0.0,0.0,0.0,0.0,0.0,0.0,0.0,0.23811137875898233,0.0
982,2017-06-26 08:30:00,08:30,U17,-0.0003071095893512066,1,0.0,0.0,-0.2049340966334607,0.0,0.0,0.0,0.0,0.0,0.0,0.0,0.0,0.0,0.0,0.0,0.0,0.0
983,2017-06-30 08:30:00,08:30,U17,-0.0006190034242834486,1,0.0,0.0,0.0,0.0,0.0,0.0,0.0,-0.5306144197960803,0.0,0.0,0.0,0.0,0.0,0.0,0.0,0.0
984,2017-07-03 10:00:00,10:00,U17,-0.00020544427396362863,1,0.0,0.0,0.0,1.5302929920616253,0.0,0.0,0.0,0.0,0.0,0.0,0.0,0.0,0.0,0.0,0.0,0.0
985,2017-07-06 10:00:00,10:00,U17,-0.0015531973093994011,1,0.0,0.0,0.0,0.0,0.0,0.0,0.0,0.0,0.0,0.0,0.0,0.0,0.0,0.0,0.0,0.4171178534921969
986,2017-07-07 08:30:00,08:30,U17,0.0010362695227854601,2,0.0,0.0,0.0,0.0,0.0,0.0,0.0,0.0,0.0,0.05437391758389986,0.19490885649410586,0.0,0.0,0.0,0.0,0.0
987,2017-07-13 08:30:00,08:30,U17,-0.00020468734080303363,1,0.0,0.0,0.0,0.0,0.0,0.6576209603064535,0.0,0.0,0.0,0.0,0.0,0.0,0.0,0.0,0.0,0.0
988,2017-07-14 08:30:00,08:30,U17,0.0015324107815652965,2,0.0,0.0,0.0,0.0,-0.7773734918787812,0.0,0.0,0.0,-0.2919709238506738,0.0,0.0,0.0,0.0,0.0,0.0,0.0
989,2017-07-14 09:15:00,09:15,U17,0.0009187893045918827,1,0.0,0.20880102245478066,0.0,0.0,0.0,0.0,0.0,0.0,0.0,0.0,0.0,0.0,0.0,0.0,0.0,0.0
990,2017-07-19 08:30:00,08:30,U17,0.0,2,0.0,0.0,0.0,0.0,0.0,0.0,0.0,0.0,0.0,0.0,0.0,0.7502351155527753,0.8989424177470628,0.0,0.0,0.0
991,2017-07-24 10:00:00,10:00,U17,-0.0010137875969657983,1,0.0,0.0,0.0,0.0,0.0,0.0,0.0,0.0,0.0,0.0,0.0,0.0,0.0,-0.3252572419721067,0.0,0.0
992,2017-07-26 10:00:00,10:00,U17,-0.0002018367147842426,1,0.0,0.0,0.0,0.0,0.0,0.0,0.0,0.0,0.0,0.0,0.0,0.0,0.0,0.0,-0.09158129952268551,0.0
993,2017-07-27 08:30:00,08:30,U17,0.00010087254762147779,1,0.0,0.0,1.4345386764342245,0.0,0.0,0.0,0.0,0.0,0.0,0.0,0.0,0.0,0.0,0.0,0.0,0.0
994,2017-07-28 08:30:00,08:30,U17,0.00040551500961161224,1,0.0,0.0,0.0,0.0,0.0,0.0,0.0,0.0,0.0,0.0,0.0,0.0,0.0,0.0,0.0,0.0
995,2017-08-01 08:30:00,08:30,U17,0.0009095043828404314,1,0.0,0.0,0.0,0.0,0.0,0.0,0.0,-0.5306144197960803,0.0,0.0,0.0,0.0,0.0,0.0,0.0,0.0
996,2017-08-01 10:00:00,10:00,U17,-0.0005059960640263483,1,0.0,0.0,0.0,-0.11771484554320388,0.0,0.0,0.0,0.0,0.0,0.0,0.0,0.0,0.0,0.0,0.0,0.0
997,2017-08-03 10:00:00,10:00,U17,0.0010119409890050335,1,0.0,0.0,0.0,0.0,0.0,0.0,0.0,0.0,0.0,0.0,0.0,0.0,0.0,0.0,0.0,-1.436739273139792
998,2017-08-04 08:30:00,08:30,U17,0.0,2,0.0,0.0,0.0,0.0,0.0,0.0,0.0,0.0,0.0,0.03287725249259062,0.0,0.0,0.0,0.0,0.0,0.0
999,2017-08-10 08:30:00,08:30,U17,-0.0005074854206856827,1,0.0,0.0,0.0,0.0,0.0,-0.6576209603064535,0.0,0.0,0.0,0.0,0.0,0.0,0.0,0.0,0.0,0.0
1000,2017-08-11 08:30:00,08:30,U17,0.0015377521098827174,1,0.0,0.0,0.0,0.0,-0.777373491878783,0.0,0.0,0.0,0.0,0.0,0.0,0.0,0.0,0.0,0.0,0.0
1001,2017-08-15 08:30:00,08:30,U17,0.00030381285362057753,1,0.0,0.0,0.0,0.0,0.0,0.0,0.0,0.0,0.1946472825671158,0.0,0.0,0.0,0.0,0.0,0.0,0.0
1002,2017-08-16 08:30:00,08:30,U17,0.00030384362415336597,2,0.0,0.0,0.0,0.0,0.0,0.0,0.0,0.0,0.0,0.0,0.0,-0.8127547085155066,-0.4494712088735314,0.0,0.0,0.0
1003,2017-08-17 08:45:00,08:45,U17,-0.0006095083488162345,1,0.0,-0.20880102245478055,0.0,0.0,0.0,0.0,0.0,0.0,0.0,0.0,0.0,0.0,0.0,0.0,0.0,0.0
1004,2017-08-23 10:00:00,10:00,U17,-0.000716002690027473,1,0.0,0.0,0.0,0.0,0.0,0.0,0.0,0.0,0.0,0.0,0.0,0.0,0.0,0.0,-0.7509666560860212,0.0
1005,2017-08-24 10:00:00,10:00,U17,0.0012286271638712876,1,0.0,0.0,0.0,0.0,0.0,0.0,0.0,0.0,0.0,0.0,0.0,0.0,0.0,-0.7047240242728978,0.0,0.0
1006,2017-08-25 08:30:00,08:30,U17,0.00010216069886848089,1,0.0,0.0,-0.32789455461353695,0.0,0.0,0.0,0.0,0.0,0.0,0.0,0.0,0.0,0.0,0.0,0.0,0.0
1007,2017-08-31 08:30:00,08:30,U17,0.00040621509647653653,1,0.0,0.0,0.0,0.0,0.0,0.0,0.0,-0.5306144197960802,0.0,0.0,0.0,0.0,0.0,0.0,0.0,0.0
1008,2017-09-01 08:30:00,08:30,U17,0.0003028926268804355,2,0.0,0.0,0.0,0.0,0.0,0.0,0.0,0.0,0.0,-0.030348233070083643,0.19490885649410586,0.0,0.0,0.0,0.0,0.0
1009,2017-09-01 10:00:00,10:00,U17,0.0006062443350272062,1,0.0,0.0,0.0,1.3537207237468238,0.0,0.0,0.0,0.0,0.0,0.0,0.0,0.0,0.0,0.0,0.0,0.0
1010,2017-09-06 10:00:00,10:00,U17,0.00010151768954447249,1,0.0,0.0,0.0,0.0,0.0,0.0,0.0,0.0,0.0,0.0,0.0,0.0,0.0,0.0,0.0,-0.04634642816580038
1011,2017-09-13 08:30:00,08:30,U17,0.00030085744598373765,1,0.0,0.0,0.0,0.0,0.0,-0.32881048015322667,0.0,0.0,0.0,0.0,0.0,0.0,0.0,0.0,0.0,0.0
1012,2017-09-14 08:30:00,08:30,Z17,-0.0006024701457461035,1,0.0,0.0,0.0,0.0,0.7773734918787812,0.0,0.0,0.0,0.0,0.0,0.0,0.0,0.0,0.0,0.0,0.0
1013,2017-09-15 08:30:00,08:30,Z17,-0.00030103858538499395,1,0.0,0.0,0.0,0.0,0.0,0.0,0.0,0.0,-0.2919709238506738,0.0,0.0,0.0,0.0,0.0,0.0,0.0
1014,2017-09-15 09:15:00,09:15,Z17,0.0009032064440601673,1,0.0,-2.088010224547806,0.0,0.0,0.0,0.0,0.0,0.0,0.0,0.0,0.0,0.0,0.0,0.0,0.0,0.0
1015,2017-09-19 08:30:00,08:30,Z17,0.0,2,0.0,0.0,0.0,0.0,0.0,0.0,0.0,0.0,0.0,0.0,0.0,0.06251959296273128,1.3317665448104634,0.0,0.0,0.0
1016,2017-09-20 10:00:00,10:00,Z17,-0.000199600799065891,1,0.0,0.0,0.0,0.0,0.0,0.0,0.0,0.0,0.0,0.0,0.0,0.0,0.0,-0.5963049436155289,0.0,0.0
1017,2017-09-26 10:00:00,10:00,Z17,-0.0003000450090020479,1,0.0,0.0,0.0,0.0,0.0,0.0,0.0,0.0,0.0,0.0,0.0,0.0,0.0,0.0,-0.5128552773270388,0.0
1018,2017-09-27 08:30:00,08:30,Z17,0.00019994001866052713,1,0.0,0.0,0.2869077352868449,0.0,0.0,0.0,0.0,0.0,0.0,0.0,0.0,0.0,0.0,0.0,0.0,0.0
1019,2017-09-29 08:30:00,08:30,Z17,-0.0004987780042560175,1,0.0,0.0,0.0,0.0,0.0,0.0,0.0,0.0,0.0,0.0,0.0,0.0,0.0,0.0,0.0,0.0
1020,2017-10-02 10:00:00,10:00,Z17,0.0008923702937124744,1,0.0,0.0,0.0,1.6480078376048293,0.0,0.0,0.0,0.0,0.0,0.0,0.0,0.0,0.0,0.0,0.0,0.0
1021,2017-10-04 10:00:00,10:00,Z17,0.000987751957037375,1,0.0,0.0,0.0,0.0,0.0,0.0,0.0,0.0,0.0,0.0,0.0,0.0,0.0,0.0,0.0,1.992896411129387
1022,2017-10-06 08:30:00,08:30,Z17,-0.0014731159059753196,2,0.0,0.0,0.0,0.0,0.0,0.0,0.0,0.0,0.0,-0.15553469448417867,-0.38981771298821,0.0,0.0,0.0,0.0,0.0
1023,2017-10-12 08:30:00,08:30,Z17,-0.000490460552280858,1,0.0,0.0,0.0,0.0,0.0,0.0,0.0,0.0,0.0,0.0,0.0,0.0,0.0,0.0,0.0,0.0
1024,2017-10-13 08:30:00,08:30,Z17,0.0006853674327125248,2,0.0,0.0,0.0,0.0,-0.7773734918787796,0.0,0.0,0.0,-0.09732364128355779,0.0,0.0,0.0,0.0,0.0,0.0,0.0
1025,2017-10-17 09:15:00,09:15,Z17,9.785214548685417e-05,1,0.0,0.0,0.0,0.0,0.0,0.0,0.0,0.0,0.0,0.0,0.0,0.0,0.0,0.0,0.0,0.0
1026,2017-10-18 08:30:00,08:30,Z17,-0.0003904724766528034,2,0.0,0.0,0.0,0.0,0.0,0.0,0.0,0.0,0.0,0.0,0.0,-0.6627076854049515,-0.4994124543039238,0.0,0.0,0.0
1027,2017-10-20 10:00:00,10:00,Z17,-9.735676393862747e-05,1,0.0,0.0,0.0,0.0,0.0,0.0,0.0,0.0,0.0,0.0,0.0,0.0,0.0,0.48788586295816005,0.0,0.0
1028,2017-10-25 08:30:00,08:30,Z17,-0.0001949887887624513,1,0.0,0.0,0.4918418319203056,0.0,0.0,0.0,0.0,0.0,0.0,0.0,0.0,0.0,0.0,0.0,0.0,0.0
1029,2017-10-25 10:00:00,10:00,Z17,-0.00097694419649752,1,0.0,0.0,0.0,0.0,0.0,0.0,0.0,0.0,0.0,0.0,0.0,0.0,0.0,0.0,2.0514211093081554,0.0
1030,2017-10-27 08:30:00,08:30,Z17,0.00048702090282226607,1,0.7479279914676124,0.0,0.0,0.0,0.0,0.0,0.0,0.0,0.0,0.0,0.0,0.0,0.0,0.0,0.0,0.0
1031,2017-10-30 08:30:00,08:30,Z17,-9.71675655438986e-05,1,0.0,0.0,0.0,0.0,0.0,0.0,0.0,0.5306144197960802,0.0,0.0,0.0,0.0,0.0,0.0,0.0,0.0
1032,2017-11-01 10:00:00,10:00,Z17,-0.0010649112773641889,1,0.0,0.0,0.0,-0.47085938217280715,0.0,0.0,0.0,0.0,0.0,0.0,0.0,0.0,0.0,0.0,0.0,0.0
1033,2017-11-03 08:30:00,08:30,Z17,-0.00019392999188116988,2,0.0,0.0,0.0,0.0,0.0,0.0,0.0,0.0,0.0,-0.06196097585142077,-0.19490885649410586,0.0,0.0,0.0,0.0,0.0
1034,2017-11-03 10:00:00,10:00,Z17,0.0007765482820829561,1,0.0,0.0,0.0,0.0,0.0,0.0,0.0,0.0,0.0,0.0,0.0,0.0,0.0,0.0,0.0,0.7415428506527963
1035,2017-11-14 08:30:00,08:30,Z17,-0.0011645964049193935,1,0.0,0.0,0.0,0.0,0.0,0.9864314404596803,0.0,0.0,0.0,0.0,0.0,0.0,0.0,0.0,0.0,0.0
1036,2017-11-15 08:30:00,08:30,Z17,-0.0007789679069647448,2,0.0,0.0,0.0,0.0,0.0,0.0,0.0,0.0,0.09732364128355793,0.0,0.0,0.0,0.0,0.0,0.0,0.0
1037,2017-11-16 09:15:00,09:15,Z17,0.0005825808495671936,1,0.0,0.8352040898191224,0.0,0.0,0.0,0.0,0.0,0.0,0.0,0.0,0.0,0.0,0.0,0.0,0.0,0.0
1038,2017-11-17 08:30:00,08:30,Z17,-0.0002902898080279215,2,0.0,0.0,0.0,0.0,0.0,0.0,0.0,0.0,0.0,0.0,0.0,1.3129114522173568,0.8323540905065396,0.0,0.0,0.0
1039,2017-11-21 10:00:00,10:00,Z17,0.0009629273733935406,1,0.0,0.0,0.0,0.0,0.0,0.0,0.0,0.0,0.0,0.0,0.0,0.0,0.0,0.3252572419721067,0.0,0.0
1040,2017-11-22 08:30:00,08:30,Z17,-0.0004811161988405033,1,0.0,0.0,-0.614802289900382,0.0,0.0,0.0,0.0,0.0,0.0,0.0,0.0,0.0,0.0,0.0,0.0,0.0
1041,2017-11-27 10:00:00,10:00,Z17,-9.601997222841163e-05,1,0.0,0.0,0.0,0.0,0.0,0.0,0.0,0.0,0.0,0.0,0.0,0.0,0.0,0.0,1.0989755942722261,0.0
1042,2017-11-30 08:30:00,08:30,Z17,0.0,1,0.0,0.0,0.0,0.0,0.0,0.0,0.0,-0.5306144197960803,0.0,0.0,0.0,0.0,0.0,0.0,0.0,0.0
1043,2017-12-01 10:00:00,10:00,Z17,0.0019836590833683942,1,0.0,0.0,0.0,-0.1177148455431997,0.0,0.0,0.0,0.0,0.0,0.0,0.0,0.0,0.0,0.0,0.0,0.0
1044,2017-12-05 10:00:00,10:00,Z17,0.0006626591807785687,1,0.0,0.0,0.0,0.0,0.0,0.0,0.0,0.0,0.0,0.0,0.0,0.0,0.0,0.0,0.0,-0.7415428506527963
1045,2017-12-08 08:30:00,08:30,Z17,0.0010389611324193027,2,0.0,0.0,0.0,0.0,0.0,0.0,0.0,0.0,0.0,0.035406271915097584,0.0,0.0,0.0,0.0,0.0,0.0
1046,2017-12-12 08:30:00,08:30,Z17,9.384824745328757e-05,1,0.0,0.0,0.0,0.0,0.0,0.0,0.0,0.0,0.0,0.0,0.0,0.0,0.0,0.0,0.0,0.0
1047,2017-12-13 08:30:00,08:30,Z17,0.000750117240985837,1,0.0,0.0,0.0,0.0,0.0,0.0,0.0,0.0,0.0,0.0,0.0,0.0,0.0,0.0,0.0,0.0
1048,2017-12-14 08:30:00,08:30,H18,0.00018717828786485313,1,0.0,0.0,0.0,0.0,0.0,0.0,0.0,0.0,0.48661820641778963,0.0,0.0,0.0,0.0,0.0,0.0,0.0
1049,2017-12-15 09:15:00,09:15,H18,0.0016887141643344705,1,0.0,-0.20880102245478055,0.0,0.0,0.0,0.0,0.0,0.0,0.0,0.0,0.0,0.0,0.0,0.0,0.0,0.0
1050,2017-12-19 08:30:00,08:30,H18,-0.00018539117591132026,2,0.0,0.0,0.0,0.0,0.0,0.0,0.0,0.0,0.0,0.0,0.0,0.587684173849674,0.4161770452532698,0.0,0.0,0.0
1051,2017-12-20 10:00:00,10:00,H18,-0.00018621973983012907,1,0.0,0.0,0.0,0.0,0.0,0.0,0.0,0.0,0.0,0.0,0.0,0.0,0.0,1.46365758887448,0.0,0.0
1052,2017-12-22 08:30:00,08:30,H18,-0.00018599460669221912,2,0.0,0.0,-0.2869077352868449,0.0,0.0,0.0,0.0,1.0612288395921605,0.0,0.0,0.0,0.0,0.0,0.0,0.0,0.0
1053,2017-12-22 10:00:00,10:00,H18,-0.0005581914741643601,1,0.0,0.0,0.0,0.0,0.0,0.0,0.0,0.0,0.0,0.0,0.0,0.0,0.0,0.0,1.4469845324584312,0.0
1054,2018-01-03 10:00:00,10:00,H18,0.001756251317988955,1,0.0,0.0,0.0,0.9417187643456185,0.0,0.0,0.0,0.0,0.0,0.0,0.0,0.0,0.0,0.0,0.0,0.0
1055,2018-01-05 08:30:00,08:30,H18,-9.14954939110757e-05,2,0.0,0.0,0.0,0.0,0.0,0.0,0.0,0.0,0.0,-0.053109407872646376,0.0,0.0,0.0,0.0,0.0,0.0
1056,2018-01-05 10:00:00,10:00,H18,-0.0005494002518933172,1,0.0,0.0,0.0,0.0,0.0,0.0,0.0,0.0,0.0,0.0,0.0,0.0,0.0,0.0,0.0,-0.8805821351501941
1057,2018-01-11 08:30:00,08:30,H18,-0.0006353528691152022,1,0.0,0.0,0.0,0.0,0.0,-0.9864314404596803,0.0,0.0,0.0,0.0,0.0,0.0,0.0,0.0,0.0,0.0
1058,2018-01-12 08:30:00,08:30,H18,-0.0018040777038148548,2,0.0,0.0,0.0,0.0,0.0,0.0,0.0,0.0,0.0,0.0,0.0,0.0,0.0,0.0,0.0,0.0
1059,2018-01-17 09:15:00,09:15,H18,-0.0035864828186307207,1,0.0,1.044005112273903,0.0,0.0,0.0,0.0,0.0,0.0,0.0,0.0,0.0,0.0,0.0,0.0,0.0,0.0
1060,2018-01-18 08:30:00,08:30,H18,-0.0008920607192806074,2,0.0,0.0,0.0,0.0,0.0,0.0,0.0,0.0,0.0,0.0,0.0,-1.0378252431813393,0.19976498172156953,0.0,0.0,0.0
1061,2018-01-24 10:00:00,10:00,H18,0.0017542325347674748,1,0.0,0.0,0.0,0.0,0.0,0.0,0.0,0.0,0.0,0.0,0.0,0.0,0.0,-0.8131431049302668,0.0,0.0
1062,2018-01-25 10:00:00,10:00,H18,0.0007044114053709194,1,0.0,0.0,0.0,0.0,0.0,0.0,0.0,0.0,0.0,0.0,0.0,0.0,0.0,0.0,-0.9341292551313922,0.0
1063,2018-01-26 08:30:00,08:30,H18,8.769237520400708e-05,2,-0.5983423931740898,0.0,0.8607232058605346,0.0,0.0,0.0,0.0,0.0,0.0,0.0,0.0,0.0,0.0,0.0,0.0,0.0
1064,2018-01-29 08:30:00,08:30,H18,-0.0008722198546866622,1,0.0,0.0,0.0,0.0,0.0,0.0,0.0,-0.5306144197960804,0.0,0.0,0.0,0.0,0.0,0.0,0.0,0.0
1065,2018-02-01 10:00:00,10:00,H18,-0.001151818671620397,1,0.0,0.0,0.0,0.17657226831480582,0.0,0.0,0.0,0.0,0.0,0.0,0.0,0.0,0.0,0.0,0.0,0.0
1066,2018-02-02 08:30:00,08:30,H18,-0.0007130760619471488,2,0.0,0.0,0.0,0.0,0.0,0.0,0.0,0.0,0.0,0.020232155380055763,0.0,0.0,0.0,0.0,0.0,0.0
1067,2018-02-05 10:00:00,10:00,H18,0.005906155008647218,1,0.0,0.0,0.0,0.0,0.0,0.0,0.0,0.0,0.0,0.0,0.0,0.0,0.0,0.0,0.0,1.57577855763719
1068,2018-02-14 08:30:00,08:30,H18,-0.01364919763968686,2,0.0,0.0,0.0,0.0,1.554746983757566,0.0,0.0,0.0,-0.48661820641778963,0.0,0.0,0.0,0.0,0.0,0.0,0.0
1069,2018-02-15 08:30:00,08:30,H18,0.00175268713286858,1,0.0,0.0,0.0,0.0,0.0,0.0,0.0,0.0,0.0,0.0,0.0,0.0,0.0,0.0,0.0,0.0
1070,2018-02-15 09:15:00,09:15,H18,-0.0010134980367233482,1,0.0,-0.6264030673643419,0.0,0.0,0.0,0.0,0.0,0.0,0.0,0.0,0.0,0.0,0.0,0.0,0.0,0.0
1071,2018-02-16 08:30:00,08:30,H18,-0.0016463920301754698,2,0.0,0.0,0.0,0.0,0.0,0.0,0.0,0.0,0.0,0.0,0.0,1.1503605105142556,1.7645906718738642,0.0,0.0,0.0
1072,2018-02-21 10:00:00,10:00,H18,0.0014661415619992013,1,0.0,0.0,0.0,0.0,0.0,0.0,0.0,0.0,0.0,0.0,0.0,0.0,0.0,-1.2468194275597424,0.0,0.0
1073,2018-02-26 10:00:00,10:00,H18,-0.00271788534764017,1,0.0,0.0,0.0,0.0,0.0,0.0,0.0,0.0,0.0,0.0,0.0,0.0,0.0,0.0,-1.1356081140813004,0.0
1074,2018-02-27 08:30:00,08:30,H18,-0.0003596152155989074,1,0.0,0.0,-0.5328286512469979,0.0,0.0,0.0,0.0,0.0,0.0,0.0,0.0,0.0,0.0,0.0,0.0,0.0
1075,2018-03-01 08:30:00,08:30,H18,0.003687319812047285,1,0.0,0.0,0.0,0.0,0.0,0.0,0.0,0.0,0.0,0.0,0.0,0.0,0.0,0.0,0.0,0.0
1076,2018-03-01 10:00:00,10:00,H18,0.007470636543225773,1,0.0,0.0,0.0,1.2360058782036198,0.0,0.0,0.0,0.0,0.0,0.0,0.0,0.0,0.0,0.0,0.0,0.0
1077,2018-03-05 10:00:00,10:00,H18,0.000652650249262976,1,0.0,0.0,0.0,0.0,0.0,0.0,0.0,0.0,0.0,0.0,0.0,0.0,0.0,0.0,0.0,0.27807856899479905
1078,2018-03-09 08:30:00,08:30,H18,0.00756095608399221,2,0.0,0.0,0.0,0.0,0.0,0.0,0.0,0.0,0.0,0.14288959737164383,0.19490885649410414,0.0,0.0,0.0,0.0,0.0
1079,2018-03-13 08:30:00,08:30,H18,0.002597520382060736,1,0.0,0.0,0.0,0.0,0.0,0.0,0.0,0.0,0.0,0.0,0.0,0.0,0.0,0.0,0.0,0.0
1080,2018-03-14 08:30:00,08:30,M18,0.00044974140627651593,2,0.0,0.0,0.0,0.0,0.0,0.3288104801532267,0.0,0.0,-0.3892945651342317,0.0,0.0,0.0,0.0,0.0,0.0,0.0
1081,2018-03-16 08:30:00,08:30,M18,0.0004533708197520525,2,0.0,0.0,0.0,0.0,0.0,0.0,0.0,0.0,0.0,0.0,0.0,-0.6752116039974978,-0.36623579982287746,0.0,0.0,0.0
1082,2018-03-16 09:15:00,09:15,M18,0.0015397856400367615,1,0.0,1.6704081796382448,0.0,0.0,0.0,0.0,0.0,0.0,0.0,0.0,0.0,0.0,0.0,0.0,0.0,0.0
1083,2018-03-21 10:00:00,10:00,M18,-0.0006437669785945843,1,0.0,0.0,0.0,0.0,0.0,0.0,0.0,0.0,0.0,0.0,0.0,0.0,0.0,0.7047240242728978,0.0,0.0
1084,2018-03-23 08:30:00,08:30,M18,-0.0009449117210671432,1,0.0,0.0,0.6557891092270741,0.0,0.0,0.0,0.0,0.0,0.0,0.0,0.0,0.0,0.0,0.0,0.0,0.0
1085,2018-03-23 10:00:00,10:00,M18,-0.0003776078587307552,1,0.0,0.0,0.0,0.0,0.0,0.0,0.0,0.0,0.0,0.0,0.0,0.0,0.0,0.0,-0.09158129952268551,0.0
1086,2018-03-29 08:30:00,08:30,M18,0.0,2,0.0,0.0,0.0,0.0,0.0,0.0,0.0,-0.5306144197960803,0.0,0.0,0.0,0.0,0.0,0.0,0.0,0.0
1087,2018-04-02 10:00:00,10:00,M18,-0.004681164507215563,1,0.0,0.0,0.0,-0.47085938217281137,0.0,0.0,0.0,0.0,0.0,0.0,0.0,0.0,0.0,0.0,0.0,0.0
1088,2018-04-04 10:00:00,10:00,M18,0.0012565851539880768,1,0.0,0.0,0.0,0.0,0.0,0.0,0.0,0.0,0.0,0.0,0.0,0.0,0.0,0.0,0.0,-0.09269285633160076
1089,2018-04-06 08:30:00,08:30,M18,0.000189178963863057,2,0.0,0.0,0.0,0.0,0.0,0.0,0.0,0.0,0.0,-0.11380587401281367,0.19490885649410414,0.0,0.0,0.0,0.0,0.0
1090,2018-04-10 08:30:00,08:30,M18,-9.441533312060102e-05,1,0.0,0.0,0.0,0.0,0.0,0.6576209603064533,0.0,0.0,0.0,0.0,0.0,0.0,0.0,0.0,0.0,0.0
1091,2018-04-11 08:30:00,08:30,M18,-0.0005698005852172727,1,0.0,0.0,0.0,0.0,0.0,0.0,0.0,0.0,0.0,0.0,0.0,0.0,0.0,0.0,0.0,0.0
1092,2018-04-16 08:30:00,08:30,M18,0.0019627091678486863,1,0.0,0.0,0.0,0.0,0.0,0.0,0.0,0.0,0.1946472825671158,0.0,0.0,0.0,0.0,0.0,0.0,0.0
1093,2018-04-17 08:30:00,08:30,M18,-9.266552385778226e-05,2,0.0,0.0,0.0,0.0,0.0,0.0,0.0,0.0,0.0,0.0,0.0,0.6126920110347666,0.39952996344313907,0.0,0.0,0.0
1094,2018-04-17 09:15:00,09:15,M18,-9.262260924458587e-05,1,0.0,0.4176020449095612,0.0,0.0,0.0,0.0,0.0,0.0,0.0,0.0,0.0,0.0,0.0,0.0,0.0,0.0
1095,2018-04-23 10:00:00,10:00,M18,0.000655154686731052,1,0.0,0.0,0.0,0.0,0.0,0.0,0.0,0.0,0.0,0.0,0.0,0.0,0.0,0.27104770164342223,0.0,0.0
1096,2018-04-24 10:00:00,10:00,M18,-0.0013096353602435329,1,0.0,0.0,0.0,0.0,0.0,0.0,0.0,0.0,0.0,0.0,0.0,0.0,0.0,0.0,1.26382193341306,0.0
1097,2018-04-26 08:30:00,08:30,M18,0.00037689626376646856,1,0.0,0.0,0.4098681932669213,0.0,0.0,0.0,0.0,0.0,0.0,0.0,0.0,0.0,0.0,0.0,0.0,0.0
1098,2018-04-27 08:30:00,08:30,M18,0.0014967261914797803,1,0.44875679488056713,0.0,0.0,0.0,0.0,0.0,0.0,0.0,0.0,0.0,0.0,0.0,0.0,0.0,0.0,0.0
1099,2018-04-30 08:30:00,08:30,M18,-0.0003734827307653177,2,0.0,0.0,0.0,0.0,0.0,0.0,0.0,-0.5306144197960802,0.0,0.0,0.0,0.0,0.0,0.0,0.0,0.0
1100,2018-05-01 10:00:00,10:00,M18,-0.001705353326608261,1,0.0,0.0,0.0,-0.7651464960308169,0.0,0.0,0.0,0.0,0.0,0.0,0.0,0.0,0.0,0.0,0.0,0.0
1101,2018-05-03 10:00:00,10:00,M18,-0.0064099717202941164,1,0.0,0.0,0.0,0.0,0.0,0.0,0.0,0.0,0.0,0.0,0.0,0.0,0.0,0.0,0.0,-0.6025035661553985
1102,2018-05-04 08:30:00,08:30,M18,0.0009528347552718586,2,0.0,0.0,0.0,0.0,0.0,0.0,0.0,0.0,0.0,-0.031612742781337126,-0.194908856494105,0.0,0.0,0.0,0.0,0.0
1103,2018-05-09 08:30:00,08:30,M18,-0.00018667164511931844,1,0.0,0.0,0.0,0.0,0.0,-0.3288104801532267,0.0,0.0,0.0,0.0,0.0,0.0,0.0,0.0,0.0,0.0
1104,2018-05-10 08:30:00,08:30,M18,0.0018509954382510685,1,0.0,0.0,0.0,0.0,0.0,0.0,0.0,0.0,0.0,0.0,0.0,0.0,0.0,0.0,0.0,0.0
1105,2018-05-15 08:30:00,08:30,M18,-0.0037682136404324496,1,0.0,0.0,0.0,0.0,0.0,0.0,0.0,0.0,-0.09732364128355796,0.0,0.0,0.0,0.0,0.0,0.0,0.0
1106,2018-05-16 08:30:00,08:30,M18,-0.0012930638173722642,2,0.0,0.0,0.0,0.0,0.0,0.0,0.0,0.0,0.0,0.0,0.0,-0.2875901276285639,0.08323540905065396,0.0,0.0,0.0
1107,2018-05-16 09:15:00,09:15,M18,0.002674414837017025,1,0.0,0.4176020449095611,0.0,0.0,0.0,0.0,0.0,0.0,0.0,0.0,0.0,0.0,0.0,0.0,0.0,0.0
1108,2018-05-23 10:00:00,10:00,M18,0.00027610326437432775,1,0.0,0.0,0.0,0.0,0.0,0.0,0.0,0.0,0.0,0.0,0.0,0.0,0.0,0.0,-0.3296926782816679,0.0
1109,2018-05-24 10:00:00,10:00,M18,-0.0015655940942460589,1,0.0,0.0,0.0,0.0,0.0,0.0,0.0,0.0,0.0,0.0,0.0,0.0,0.0,-0.5420954032868445,0.0,0.0
1110,2018-05-25 08:30:00,08:30,M18,-0.0006432345730624789,1,0.0,0.0,-0.1229604579800764,0.0,0.0,0.0,0.0,0.0,0.0,0.0,0.0,0.0,0.0,0.0,0.0,0.0
1111,2018-05-31 08:30:00,08:30,M18,-0.0005505092349329388,1,0.0,0.0,0.0,0.0,0.0,0.0,0.0,1.0612288395921605,0.0,0.0,0.0,0.0,0.0,0.0,0.0,0.0
1112,2018-06-01 08:30:00,08:30,M18,0.0013782333233249844,2,0.0,0.0,0.0,0.0,0.0,0.0,0.0,0.0,0.0,0.04299333018261849,-0.194908856494105,0.0,0.0,0.0,0.0,0.0
1113,2018-06-01 10:00:00,10:00,M18,0.0007331378627499774,1,0.0,0.0,0.0,0.29428711385800554,0.0,0.0,0.0,0.0,0.0,0.0,0.0,0.0,0.0,0.0,0.0,0.0
1114,2018-06-05 10:00:00,10:00,M18,0.0013634506497970378,1,0.0,0.0,0.0,0.0,0.0,0.0,0.0,0.0,0.0,0.0,0.0,0.0,0.0,0.0,0.0,0.3244249971605994
1115,2018-06-12 08:30:00,08:30,M18,0.0009875657309343921,1,0.0,0.0,0.0,0.0,0.7773734918787796,0.0,0.0,0.0,0.0,0.0,0.0,0.0,0.0,0.0,0.0,0.0
1116,2018-06-13 08:30:00,08:30,M18,-0.00026904623273438233,1,0.0,0.0,0.0,0.0,0.0,0.6576209603064535,0.0,0.0,0.0,0.0,0.0,0.0,0.0,0.0,0.0,0.0
1117,2018-06-14 08:30:00,08:30,U18,0.00044853106829556566,1,0.0,0.0,0.0,0.0,0.0,0.0,0.0,0.0,0.3892945651342317,0.0,0.0,0.0,0.0,0.0,0.0,0.0
1118,2018-06-15 09:15:00,09:15,U18,0.000991303645364816,1,0.0,-0.6264030673643419,0.0,0.0,0.0,0.0,0.0,0.0,0.0,0.0,0.0,0.0,0.0,0.0,0.0,0.0
1119,2018-06-19 08:30:00,08:30,U18,0.00027264052515896253,2,0.0,0.0,0.0,0.0,0.0,0.0,0.0,0.0,0.0,0.0,0.0,0.5001567437018503,-0.8157070086964089,0.0,0.0,0.0
1120,2018-06-20 10:00:00,10:00,U18,-0.0016238163243276205,1,0.0,0.0,0.0,0.0,0.0,0.0,0.0,0.0,0.0,0.0,0.0,0.0,0.0,-0.48788586295816005,0.0,0.0
1121,2018-06-25 10:00:00,10:00,U18,-0.002656530669608692,1,0.0,0.0,0.0,0.0,0.0,0.0,0.0,0.0,0.0,0.0,0.0,0.0,0.0,0.0,0.40295771789981627,0.0
1122,2018-06-27 08:30:00,08:30,U18,0.0012826387466198241,1,0.0,0.0,0.1229604579800764,0.0,0.0,0.0,0.0,0.0,0.0,0.0,0.0,0.0,0.0,0.0,0.0,0.0
1123,2018-06-29 08:30:00,08:30,U18,-0.0011911853701533914,1,0.0,0.0,0.0,0.0,0.0,0.0,0.0,-1.0612288395921605,0.0,0.0,0.0,0.0,0.0,0.0,0.0,0.0
1124,2018-07-02 10:00:00,10:00,U18,0.002585412335810666,1,0.0,0.0,0.0,1.0594336098888224,0.0,0.0,0.0,0.0,0.0,0.0,0.0,0.0,0.0,0.0,0.0,0.0
1125,2018-07-05 10:00:00,10:00,U18,-0.0011007155761859622,1,0.0,0.0,0.0,0.0,0.0,0.0,0.0,0.0,0.0,0.0,0.0,0.0,0.0,0.0,0.0,0.3707714253263998
1126,2018-07-06 08:30:00,08:30,U18,0.0016454889899852887,2,0.0,0.0,0.0,0.0,0.0,0.0,0.0,0.0,0.0,0.01643862624629531,0.38981771298821,0.0,0.0,0.0,0.0,0.0
1127,2018-07-11 08:30:00,08:30,U18,-0.0001799208353183701,1,0.0,0.0,0.0,0.0,0.0,0.32881048015322667,0.0,0.0,0.0,0.0,0.0,0.0,0.0,0.0,0.0,0.0
1128,2018-07-12 08:30:00,08:30,U18,0.0007169743988795219,1,0.0,0.0,0.0,0.0,0.0,0.0,0.0,0.0,0.0,0.0,0.0,0.0,0.0,0.0,0.0,0.0
1129,2018-07-16 08:30:00,08:30,U18,-0.0002675823946747258,1,0.0,0.0,0.0,0.0,0.0,0.0,0.0,0.0,0.0,0.0,0.0,0.0,0.0,0.0,0.0,0.0
1130,2018-07-17 09:15:00,09:15,U18,0.0012535818260541731,1,0.0,0.20880102245478055,0.0,0.0,0.0,0.0,0.0,0.0,0.0,0.0,0.0,0.0,0.0,0.0,0.0,0.0
1131,2018-07-18 08:30:00,08:30,U18,0.0006228589425907316,2,0.0,0.0,0.0,0.0,0.0,0.0,0.0,0.0,0.0,0.0,0.0,-1.8380760331042996,-0.9488836631774552,0.0,0.0,0.0
1132,2018-07-23 10:00:00,10:00,U18,-0.0004468075674175509,1,0.0,0.0,0.0,0.0,0.0,0.0,0.0,0.0,0.0,0.0,0.0,0.0,0.0,-0.4336763226294756,0.0,0.0
1133,2018-07-25 10:00:00,10:00,U18,-0.0011511047448049538,1,0.0,0.0,0.0,0.0,0.0,0.0,0.0,0.0,0.0,0.0,0.0,0.0,0.0,0.0,-0.6960178763724099,0.0
1134,2018-07-26 08:30:00,08:30,U18,-0.0005288673547685363,1,0.0,0.0,-0.8197363865338426,0.0,0.0,0.0,0.0,0.0,0.0,0.0,0.0,0.0,0.0,0.0,0.0,0.0
1135,2018-07-27 08:30:00,08:30,U18,0.0001758705597216803,1,0.0,0.0,0.0,0.0,0.0,0.0,0.0,0.0,0.0,0.0,0.0,0.0,0.0,0.0,0.0,0.0
1136,2018-07-31 08:30:00,08:30,U18,-0.0005339028423678727,2,0.0,0.0,0.0,0.0,0.0,0.0,0.0,-0.5306144197960804,0.0,0.0,0.0,0.0,0.0,0.0,0.0,0.0
1137,2018-08-01 10:00:00,10:00,U18,0.0015943316043260936,1,0.0,0.0,0.0,-0.7651464960308126,0.0,0.0,0.0,0.0,0.0,0.0,0.0,0.0,0.0,0.0,0.0,0.0
1138,2018-08-03 08:30:00,08:30,U18,-0.0009717744481338997,2,0.0,0.0,0.0,0.0,0.0,0.0,0.0,0.0,0.0,-0.04552234960512547,0.0,0.0,0.0,0.0,0.0,0.0
1139,2018-08-03 10:00:00,10:00,U18,0.0023846334991892704,1,0.0,0.0,0.0,0.0,0.0,0.0,0.0,0.0,0.0,0.0,0.0,0.0,0.0,0.0,0.0,-1.3440464168081914
1140,2018-08-09 08:30:00,08:30,U18,0.00017491691491233752,1,0.0,0.0,0.0,0.0,0.0,-0.6576209603064535,0.0,0.0,0.0,0.0,0.0,0.0,0.0,0.0,0.0,0.0
1141,2018-08-10 08:30:00,08:30,U18,-0.00026407288565089004,1,0.0,0.0,0.0,0.0,-0.777373491878783,0.0,0.0,0.0,0.0,0.0,0.0,0.0,0.0,0.0,0.0,0.0
1142,2018-08-15 08:30:00,08:30,U18,-0.0013274925618649291,1,0.0,0.0,0.0,0.0,0.0,0.0,0.0,0.0,0.29197092385067375,0.0,0.0,0.0,0.0,0.0,0.0,0.0
1143,2018-08-15 09:15:00,09:15,U18,-0.0013285507467619695,1,0.0,-0.41760204490956115,0.0,0.0,0.0,0.0,0.0,0.0,0.0,0.0,0.0,0.0,0.0,0.0,0.0,0.0
1144,2018-08-16 08:30:00,08:30,U18,-0.0008822232596905621,2,0.0,0.0,0.0,0.0,0.0,0.0,0.0,0.0,0.0,0.0,0.0,-1.275399696439718,0.016647081810130793,0.0,0.0,0.0
1145,2018-08-22 10:00:00,10:00,U18,-8.74469853204829e-05,1,0.0,0.0,0.0,0.0,0.0,0.0,0.0,0.0,0.0,0.0,0.0,0.0,0.0,-0.5420954032868445,0.0,0.0
1146,2018-08-23 10:00:00,10:00,U18,0.0008718396367415338,1,0.0,0.0,0.0,0.0,0.0,0.0,0.0,0.0,0.0,0.0,0.0,0.0,0.0,0.0,-0.29306015847259365,0.0
1147,2018-08-24 08:30:00,08:30,U18,0.00017462673579693444,1,0.0,0.0,-0.49184183192030556,0.0,0.0,0.0,0.0,0.0,0.0,0.0,0.0,0.0,0.0,0.0,0.0,0.0
1148,2018-08-30 08:30:00,08:30,U18,-0.0006012971018263258,1,0.0,0.0,0.0,0.0,0.0,0.0,0.0,0.0,0.0,0.0,0.0,0.0,0.0,0.0,0.0,0.0
1149,2018-09-04 10:00:00,10:00,U18,0.0018151178327183715,1,0.0,0.0,0.0,2.1777246425492383,0.0,0.0,0.0,0.0,0.0,0.0,0.0,0.0,0.0,0.0,0.0,0.0
1150,2018-09-06 10:00:00,10:00,U18,-0.002684332910297904,1,0.0,0.0,0.0,0.0,0.0,0.0,0.0,0.0,0.0,0.0,0.0,0.0,0.0,0.0,0.0,0.6951964224869959
1151,2018-09-07 08:30:00,08:30,U18,-0.002438388389217394,2,0.0,0.0,0.0,0.0,0.0,0.0,0.0,0.0,0.0,0.012645097112534852,0.194908856494105,0.0,0.0,0.0,0.0,0.0
1152,2018-09-12 08:30:00,08:30,U18,-0.0004328817001928442,1,0.0,0.0,0.0,0.0,0.0,-0.9864314404596803,0.0,0.0,0.0,0.0,0.0,0.0,0.0,0.0,0.0,0.0
1153,2018-09-13 08:30:00,08:30,U18,0.0011218019038965465,1,0.0,0.0,0.0,0.0,-0.7773734918787796,0.0,0.0,0.0,0.0,0.0,0.0,0.0,0.0,0.0,0.0,0.0
1154,2018-09-14 08:30:00,08:30,Z18,-0.0006007294752636838,1,0.0,0.0,0.0,0.0,0.0,0.0,0.0,0.0,-0.2919709238506738,0.0,0.0,0.0,0.0,0.0,0.0,0.0
1155,2018-09-14 09:15:00,09:15,Z18,0.0002574554830783171,1,0.0,0.20880102245478066,0.0,0.0,0.0,0.0,0.0,0.0,0.0,0.0,0.0,0.0,0.0,0.0,0.0,0.0
1156,2018-09-19 08:30:00,08:30,Z18,0.00017193947772753404,2,0.0,0.0,0.0,0.0,0.0,0.0,0.0,0.0,0.0,0.0,0.0,0.587684173849674,-1.3484136266205942,0.0,0.0,0.0
1157,2018-09-20 10:00:00,10:00,Z18,0.0005122076260191122,1,0.0,0.0,0.0,0.0,0.0,0.0,0.0,0.0,0.0,0.0,0.0,0.0,0.0,-0.05420954032868445,0.0,0.0
1158,2018-09-26 10:00:00,10:00,Z18,-0.0004274417675684816,1,0.0,0.0,0.0,0.0,0.0,0.0,0.0,0.0,0.0,0.0,0.0,0.0,0.0,0.0,-0.018316259904537103,0.0
1159,2018-09-27 08:30:00,08:30,Z18,0.0006859887080885585,1,0.0,0.0,1.0656573024939955,0.0,0.0,0.0,0.0,0.0,0.0,0.0,0.0,0.0,0.0,0.0,0.0,0.0
1160,2018-09-28 08:30:00,08:30,Z18,0.0006871081606751872,2,0.0,0.0,0.0,0.0,0.0,0.0,-1.5739865924971175,0.0,0.0,0.0,0.0,0.0,0.0,0.0,0.0,0.0
1161,2018-10-01 10:00:00,10:00,Z18,0.0009355731067284268,1,0.0,0.0,0.0,-0.17657226831480582,0.0,0.0,0.0,0.0,0.0,0.0,0.0,0.0,0.0,0.0,0.0,0.0
1162,2018-10-03 10:00:00,10:00,Z18,0.0011906788275215519,1,0.0,0.0,0.0,0.0,0.0,0.0,0.0,0.0,0.0,0.0,0.0,0.0,0.0,0.0,0.0,1.6221249858029905
1163,2018-10-05 08:30:00,08:30,Z18,0.0011186164742564841,2,0.0,0.0,0.0,0.0,0.0,0.0,0.0,0.0,0.0,-0.06448999527392774,-0.19490885649410414,0.0,0.0,0.0,0.0,0.0
1164,2018-10-10 08:30:00,08:30,Z18,8.68470190305004e-05,1,0.0,0.0,0.0,0.0,0.0,0.0,0.0,0.0,0.0,0.0,0.0,0.0,0.0,0.0,0.0,0.0
1165,2018-10-11 08:30:00,08:30,Z18,0.0028823655336651655,1,0.0,0.0,0.0,0.0,-0.777373491878783,0.0,0.0,0.0,0.0,0.0,0.0,0.0,0.0,0.0,0.0,0.0
1166,2018-10-15 08:30:00,08:30,Z18,-0.00018068479586652586,1,0.0,0.0,0.0,0.0,0.0,0.0,0.0,0.0,-0.5839418477013475,0.0,0.0,0.0,0.0,0.0,0.0,0.0
1167,2018-10-16 09:15:00,09:15,Z18,0.0004508769633169152,1,0.0,0.20880102245478055,0.0,0.0,0.0,0.0,0.0,0.0,0.0,0.0,0.0,0.0,0.0,0.0,0.0,0.0
1168,2018-10-17 08:30:00,08:30,Z18,0.0008016746521182228,2,0.0,0.0,0.0,0.0,0.0,0.0,0.0,0.0,0.0,0.0,0.0,-0.23757445325837886,-0.6159420269748394,0.0,0.0,0.0
1169,2018-10-19 10:00:00,10:00,Z18,-0.00026846838945981943,1,0.0,0.0,0.0,0.0,0.0,0.0,0.0,0.0,0.0,0.0,0.0,0.0,0.0,-0.8131431049302668,0.0,0.0
1170,2018-10-24 10:00:00,10:00,Z18,-0.0030204590260147768,1,0.0,0.0,0.0,0.0,0.0,0.0,0.0,0.0,0.0,0.0,0.0,0.0,0.0,0.0,-1.3554032329357455,0.0
1171,2018-10-25 08:30:00,08:30,Z18,-0.0026112110332610072,1,0.0,0.0,0.8607232058605347,0.0,0.0,0.0,0.0,0.0,0.0,0.0,0.0,0.0,0.0,0.0,0.0,0.0
1172,2018-10-26 08:30:00,08:30,Z18,0.0030990305123692607,1,0.2991711965870452,0.0,0.0,0.0,0.0,0.0,0.0,0.0,0.0,0.0,0.0,0.0,0.0,0.0,0.0,0.0
1173,2018-10-29 08:30:00,08:30,Z18,0.000556276669267497,2,0.0,0.0,0.0,0.0,0.0,0.0,0.0,0.0,0.0,0.0,0.0,0.0,0.0,0.0,0.0,0.0
1174,2018-11-01 10:00:00,10:00,Z18,-0.00027552004582620526,1,0.0,0.0,0.0,-0.7651464960308126,0.0,0.0,0.0,0.0,0.0,0.0,0.0,0.0,0.0,0.0,0.0,0.0
1175,2018-11-02 08:30:00,08:30,Z18,-9.067416245933657e-05,2,0.0,0.0,0.0,0.0,0.0,0.0,0.0,0.0,0.0,0.07207705354144865,0.0,0.0,0.0,0.0,0.0,0.0
1176,2018-11-05 10:00:00,10:00,Z18,-0.0013750746998706376,1,0.0,0.0,0.0,0.0,0.0,0.0,0.0,0.0,0.0,0.0,0.0,0.0,0.0,0.0,0.0,0.46346428165799725
1177,2018-11-09 08:30:00,08:30,Z18,-0.0009837679101325492,1,0.0,0.0,0.0,0.0,0.0,1.3152419206129067,0.0,0.0,0.0,0.0,0.0,0.0,0.0,0.0,0.0,0.0
1178,2018-11-14 08:30:00,08:30,Z18,0.004201686853700259,1,0.0,0.0,0.0,0.0,0.0,0.0,0.0,0.0,0.0,0.0,0.0,0.0,0.0,0.0,0.0,0.0
1179,2018-11-15 08:30:00,08:30,Z18,-0.00037074798830527556,1,0.0,0.0,0.0,0.0,0.0,0.0,0.0,0.0,0.19464728256711591,0.0,0.0,0.0,0.0,0.0,0.0,0.0
1180,2018-11-16 09:15:00,09:15,Z18,-0.0010105186657529686,1,0.0,-0.2088010224547806,0.0,0.0,0.0,0.0,0.0,0.0,0.0,0.0,0.0,0.0,0.0,0.0,0.0,0.0
1181,2018-11-20 08:30:00,08:30,Z18,-0.0031930906168460282,2,0.0,0.0,0.0,0.0,0.0,0.0,0.0,0.0,0.0,0.0,0.0,0.03751175577763877,0.049941245430392384,0.0,0.0,0.0
1182,2018-11-21 08:30:00,08:30,Z18,-0.0016910939768601807,1,0.0,0.0,-0.901710025187227,0.0,0.0,0.0,0.0,0.0,0.0,0.0,0.0,0.0,0.0,0.0,0.0,0.0
1183,2018-11-21 10:00:00,10:00,Z18,0.0024438399229342878,1,0.0,0.0,0.0,0.0,0.0,0.0,0.0,0.0,0.0,0.0,0.0,0.0,0.0,0.1084190806573689,0.0,0.0
1184,2018-11-28 10:00:00,10:00,Z18,-0.002603683821653213,1,0.0,0.0,0.0,0.0,0.0,0.0,0.0,0.0,0.0,0.0,0.0,0.0,0.0,0.0,-0.714334136276947,0.0
1185,2018-11-29 08:30:00,08:30,Z18,0.0,2,0.0,0.0,0.0,0.0,0.0,0.0,0.0,1.0612288395921605,0.0,0.0,0.0,0.0,0.0,0.0,0.0,0.0
1186,2018-12-03 10:00:00,10:00,Z18,0.0012539186595939,1,0.0,0.0,0.0,1.0005761871172163,0.0,0.0,0.0,0.0,0.0,0.0,0.0,0.0,0.0,0.0,0.0,0.0
1187,2018-12-06 10:00:00,10:00,Z18,0.00254681079036434,1,0.0,0.0,0.0,0.0,0.0,0.0,0.0,0.0,0.0,0.0,0.0,0.0,0.0,0.0,0.0,0.6951964224869959
1188,2018-12-07 08:30:00,08:30,Z18,0.0029770233169390536,2,0.0,0.0,0.0,0.0,0.0,0.0,0.0,0.0,0.0,-0.056902937006406834,0.0,0.0,0.0,0.0,0.0,0.0
1189,2018-12-11 08:30:00,08:30,Z18,0.002528446353358582,1,0.0,0.0,0.0,0.0,0.0,0.0,0.0,0.0,0.0,0.0,0.0,0.0,0.0,0.0,0.0,0.0
1190,2018-12-12 08:30:00,08:30,Z18,0.0030911925696726072,1,0.0,0.0,0.0,0.0,0.0,0.0,0.0,0.0,0.0,0.0,0.0,0.0,0.0,0.0,0.0,0.0
1191,2018-12-14 08:30:00,08:30,H19,0.0010460749372906974,1,0.0,0.0,0.0,0.0,0.0,0.0,0.0,0.0,0.09732364128355793,0.0,0.0,0.0,0.0,0.0,0.0,0.0
1192,2018-12-14 09:15:00,09:15,H19,0.0017103766997417225,1,0.0,0.6264030673643417,0.0,0.0,0.0,0.0,0.0,0.0,0.0,0.0,0.0,0.0,0.0,0.0,0.0,0.0
1193,2018-12-18 08:30:00,08:30,H19,-0.0008752735788553068,2,0.0,0.0,0.0,0.0,0.0,0.0,0.0,0.0,0.0,0.0,0.0,0.3876214763689339,1.1486486448990247,0.0,0.0,0.0
1194,2018-12-19 10:00:00,10:00,H19,0.0017511435547969967,1,0.0,0.0,0.0,0.0,0.0,0.0,0.0,0.0,0.0,0.0,0.0,0.0,0.0,0.6505144839442134,0.0,0.0
1195,2018-12-21 08:30:00,08:30,H19,0.0019125276351550369,1,0.0,0.0,-0.32789455461353706,0.0,0.0,0.0,0.0,0.0,0.0,0.0,0.0,0.0,0.0,0.0,0.0,0.0
1196,2018-12-21 10:00:00,10:00,H19,0.007748466440065549,1,0.0,0.0,0.0,0.0,0.0,0.0,0.0,0.0,0.0,0.0,0.0,0.0,0.0,0.0,0.0,0.0
1197,2019-01-03 10:00:00,10:00,H19,-0.007491430054910708,1,0.0,0.0,0.0,-2.118867219777641,0.0,0.0,0.0,0.0,0.0,0.0,0.0,0.0,0.0,0.0,0.0,0.0
1198,2019-01-04 08:30:00,08:30,H19,-0.00020171457456186204,2,0.0,0.0,0.0,0.0,0.0,0.0,0.0,0.0,0.0,0.169444301307967,0.3898177129882091,0.0,0.0,0.0,0.0,0.0
1199,2019-01-07 10:00:00,10:00,H19,0.005229672977796973,1,0.0,0.0,0.0,0.0,0.0,0.0,0.0,0.0,0.0,0.0,0.0,0.0,0.0,0.0,0.0,-0.9269285633159945
1200,2019-01-11 08:30:00,08:30,H19,-0.00019338619282827096,1,0.0,0.0,0.0,0.0,0.0,0.0,0.0,0.0,0.0,0.0,0.0,0.0,0.0,0.0,0.0,0.0
1201,2019-01-15 08:30:00,08:30,H19,0.0003871842077218801,1,0.0,0.0,0.0,0.0,0.0,-0.3288104801532267,0.0,0.0,0.0,0.0,0.0,0.0,0.0,0.0,0.0,0.0
1202,2019-01-18 09:15:00,09:15,H19,0.0008491768213261253,1,0.0,0.20880102245478055,0.0,0.0,0.0,0.0,0.0,0.0,0.0,0.0,0.0,0.0,0.0,0.0,0.0,0.0
1203,2019-01-22 10:00:00,10:00,H19,-0.0009441088314563473,1,0.0,0.0,0.0,0.0,0.0,0.0,0.0,0.0,0.0,0.0,0.0,0.0,0.0,-1.4094480485457956,0.0,0.0
1204,2019-01-31 10:00:00,10:00,H19,0.004463047854501134,1,0.0,0.0,0.0,0.0,0.0,0.0,0.0,0.0,0.0,0.0,0.0,0.0,0.0,0.0,1.776677210740099,0.0
1205,2019-02-01 08:30:00,08:30,H19,0.00342228516969012,2,0.0,0.0,0.0,0.0,0.0,0.0,0.0,0.0,0.0,0.17576684986423444,0.194908856494105,0.0,0.0,0.0,0.0,0.0
1206,2019-02-01 10:00:00,10:00,H19,0.003324102783838434,1,0.0,0.0,0.0,1.4125781465184257,0.0,0.0,0.0,0.0,0.0,0.0,0.0,0.0,0.0,0.0,0.0,0.0
1207,2019-02-05 10:00:00,10:00,H19,0.00045756120679385504,1,0.0,0.0,0.0,0.0,0.0,0.0,0.0,0.0,0.0,0.0,0.0,0.0,0.0,0.0,0.0,-0.23173214082899862
1208,2019-02-13 08:30:00,08:30,H19,0.0009083477779618931,1,0.0,0.0,0.0,0.0,0.777373491878783,0.0,0.0,0.0,0.0,0.0,0.0,0.0,0.0,0.0,0.0,0.0
1209,2019-02-14 08:30:00,08:30,H19,-0.00691037483517043,2,0.0,0.0,0.0,0.0,0.0,-0.6576209603064535,0.0,0.0,-1.265207336686253,0.0,0.0,0.0,0.0,0.0,0.0,0.0
1210,2019-02-15 09:15:00,09:15,H19,0.004434195763707294,1,0.0,-1.4616071571834641,0.0,0.0,0.0,0.0,0.0,0.0,0.0,0.0,0.0,0.0,0.0,0.0,0.0,0.0
1211,2019-02-21 08:30:00,08:30,H19,-0.00044929685798678065,1,0.0,0.0,0.16394727730676847,0.0,0.0,0.0,0.0,0.0,0.0,0.0,0.0,0.0,0.0,0.0,0.0,0.0
1212,2019-02-21 10:00:00,10:00,H19,0.0006315694710767872,1,0.0,0.0,0.0,0.0,0.0,0.0,0.0,0.0,0.0,0.0,0.0,0.0,0.0,-0.3794667823007911,0.0,0.0
1213,2019-02-26 08:30:00,08:30,H19,-0.0008062710403180517,2,0.0,0.0,0.0,0.0,0.0,0.0,0.0,0.0,0.0,0.0,0.0,-2.150673997917956,0.5992949451647086,0.0,0.0,0.0
1214,2019-02-28 08:30:00,08:30,H19,0.0009859723830167866,1,0.0,0.0,0.0,0.0,0.0,0.0,0.0,0.0,0.0,0.0,0.0,0.0,0.0,0.0,0.0,0.0
1215,2019-03-01 08:30:00,08:30,H19,8.924985502822835e-05,2,0.0,0.0,0.0,0.0,0.0,0.0,1.5739865924971175,-1.5918432593882408,0.0,0.0,0.0,0.0,0.0,0.0,0.0,0.0
1216,2019-03-01 10:00:00,10:00,H19,-0.0038374059851875586,1,0.0,0.0,0.0,-0.7651464960308126,0.0,0.0,0.0,0.0,0.0,0.0,0.0,0.0,0.0,0.0,0.0,0.0
1217,2019-03-05 10:00:00,10:00,H19,0.0012558308073167268,2,0.0,0.0,0.0,0.0,0.0,0.0,0.0,0.0,0.0,0.0,0.0,0.0,0.0,0.0,0.38464145799527916,1.1123142759791962
1218,2019-03-08 08:30:00,08:30,H19,-0.0037523496185505323,4,0.0,0.0,0.0,0.0,0.0,0.0,0.0,0.0,0.0,-0.2035860635118111,-0.194908856494105,0.41262931355402643,0.9322365813673245,0.0,0.0,0.0
1219,2019-03-11 08:30:00,08:30,H19,0.001453884854009324,1,0.0,0.0,0.0,0.0,0.0,0.0,0.0,0.0,0.19464728256711586,0.0,0.0,0.0,0.0,0.0,0.0,0.0
1220,2019-03-12 08:30:00,08:30,H19,0.0017942052000794462,1,0.0,0.0,0.0,0.0,-0.777373491878783,0.0,0.0,0.0,0.0,0.0,0.0,0.0,0.0,0.0,0.0,0.0
1221,2019-03-13 08:30:00,08:30,H19,-0.0008038226664224268,2,0.0,0.0,0.3688813739402292,0.0,0.0,-0.3288104801532267,0.0,0.0,0.0,0.0,0.0,0.0,0.0,0.0,0.0,0.0
1222,2019-03-14 10:00:00,10:00,M19,-0.001776672760144038,1,0.0,0.0,0.0,0.0,0.0,0.0,0.0,0.0,0.0,0.0,0.0,0.0,0.0,0.0,-0.27474389856805653,0.0
1223,2019-03-15 09:15:00,09:15,M19,0.0014188172992870562,1,0.0,-0.6264030673643419,0.0,0.0,0.0,0.0,0.0,0.0,0.0,0.0,0.0,0.0,0.0,0.0,0.0,0.0
1224,2019-03-22 10:00:00,10:00,M19,0.0022933766777590847,1,0.0,0.0,0.0,0.0,0.0,0.0,0.0,0.0,0.0,0.0,0.0,0.0,0.0,2.2225911534760625,0.0,0.0
1225,2019-03-26 08:30:00,08:30,M19,-0.0008864462950821661,2,0.0,0.0,0.0,0.0,0.0,0.0,0.0,0.0,0.0,0.0,0.0,-0.637699848219859,-0.39952996344313907,0.0,0.0,0.0
1226,2019-03-29 08:30:00,08:30,M19,0.0007060277409154381,1,0.0,0.0,0.0,0.0,0.0,0.0,0.0,-1.0612288395921603,0.0,0.0,0.0,0.0,0.0,0.0,0.0,0.0
1227,2019-03-29 10:00:00,10:00,M19,0.0006180197080123406,1,0.0,0.0,0.0,0.0,0.0,0.0,0.0,0.0,0.0,0.0,0.0,0.0,0.0,0.0,0.8608642155132439,0.0
1228,2019-04-01 08:30:00,08:30,M19,0.00017497812818056957,1,0.0,0.0,0.0,0.0,0.0,0.0,0.0,0.0,-0.48661820641778963,0.0,0.0,0.0,0.0,0.0,0.0,0.0
1229,2019-04-01 10:00:00,10:00,M19,0.0009618328026954615,1,0.0,0.0,0.0,0.47085938217280715,0.0,0.0,0.0,0.0,0.0,0.0,0.0,0.0,0.0,0.0,0.0,0.0
1230,2019-04-02 08:30:00,08:30,M19,-0.0005221477796810703,1,0.0,0.0,-0.20493409663346066,0.0,0.0,0.0,0.0,0.0,0.0,0.0,0.0,0.0,0.0,0.0,0.0,0.0
1231,2019-04-03 10:00:00,10:00,M19,-0.00026040536582172535,1,0.0,0.0,0.0,0.0,0.0,0.0,0.0,0.0,0.0,0.0,0.0,0.0,0.0,0.0,0.0,-0.9269285633159945
1232,2019-04-05 08:30:00,08:30,M19,0.0014712885080827576,2,0.0,0.0,0.0,0.0,0.0,0.0,0.0,0.0,0.0,0.026554703936323188,0.0,0.0,0.0,0.0,0.0,0.0
1233,2019-04-10 08:30:00,08:30,M19,0.000606139344011325,1,0.0,0.0,0.0,0.0,0.7773734918787812,0.0,0.0,0.0,0.0,0.0,0.0,0.0,0.0,0.0,0.0,0.0
1234,2019-04-11 08:30:00,08:30,M19,-0.0005177770222681843,1,0.0,0.0,0.0,0.0,0.0,0.9864314404596801,0.0,0.0,0.0,0.0,0.0,0.0,0.0,0.0,0.0,0.0
1235,2019-04-16 09:15:00,09:15,M19,-0.0003424950799812976,1,0.0,-0.6264030673643419,0.0,0.0,0.0,0.0,0.0,0.0,0.0,0.0,0.0,0.0,0.0,0.0,0.0,0.0
1236,2019-04-18 08:30:00,08:30,M19,0.001376344303292143,1,0.0,0.0,0.0,0.0,0.0,0.0,0.0,0.0,0.6812654889849056,0.0,0.0,0.0,0.0,0.0,0.0,0.0
1237,2019-04-22 10:00:00,10:00,M19,-8.601780573957996e-05,1,0.0,0.0,0.0,0.0,0.0,0.0,0.0,0.0,0.0,0.0,0.0,0.0,0.0,-0.48788586295816005,0.0,0.0
1238,2019-04-23 10:00:00,10:00,M19,0.0014552928134508036,1,0.0,0.0,0.0,0.0,0.0,0.0,0.0,0.0,0.0,0.0,0.0,0.0,0.0,0.0,0.8242316957041697,0.0
1239,2019-04-25 08:30:00,08:30,M19,-0.0006817794707583147,1,0.0,0.0,0.8197363865338426,0.0,0.0,0.0,0.0,0.0,0.0,0.0,0.0,0.0,0.0,0.0,0.0,0.0
1240,2019-04-26 08:30:00,08:30,M19,0.0011103045937153055,1,1.7950271795222699,0.0,0.0,0.0,0.0,0.0,0.0,0.0,0.0,0.0,0.0,0.0,0.0,0.0,0.0,0.0
1241,2019-04-29 08:30:00,08:30,M19,0.00042507970884475554,1,0.0,0.0,0.0,0.0,0.0,0.0,0.0,1.0612288395921603,0.0,0.0,0.0,0.0,0.0,0.0,0.0,0.0
1242,2019-05-01 10:00:00,10:00,M19,-0.0005933963637856365,1,0.0,0.0,0.0,-1.294863300975226,0.0,0.0,0.0,0.0,0.0,0.0,0.0,0.0,0.0,0.0,0.0,0.0
1243,2019-05-03 08:30:00,08:30,M19,0.002132833637080722,2,0.0,0.0,0.0,0.0,0.0,0.0,0.0,0.0,0.0,0.10368979632278578,-0.3898177129882091,0.0,0.0,0.0,0.0,0.0
1244,2019-05-03 10:00:00,10:00,M19,-0.000510942700377548,1,0.0,0.0,0.0,0.0,0.0,0.0,0.0,0.0,0.0,0.0,0.0,0.0,0.0,0.0,0.0,-0.7878892788185967
1245,2019-05-09 08:30:00,08:30,M19,-0.002446484400669746,1,0.0,0.0,0.0,0.0,0.0,0.0,0.0,0.0,0.0,0.0,0.0,0.0,0.0,0.0,0.0,0.0
1246,2019-05-10 08:30:00,08:30,M19,8.756184060576544e-05,1,0.0,0.0,0.0,0.0,-0.777373491878783,0.0,0.0,0.0,0.0,0.0,0.0,0.0,0.0,0.0,0.0,0.0
1247,2019-05-15 08:30:00,08:30,M19,-0.0023017007328816064,1,0.0,0.0,0.0,0.0,0.0,0.0,0.0,0.0,-0.3892945651342317,0.0,0.0,0.0,0.0,0.0,0.0,0.0
1248,2019-05-15 09:15:00,09:15,M19,0.0002657101118330729,1,0.0,-1.044005112273903,0.0,0.0,0.0,0.0,0.0,0.0,0.0,0.0,0.0,0.0,0.0,0.0,0.0,0.0
1249,2019-05-16 08:30:00,08:30,M19,8.733243095448984e-05,2,0.0,0.0,0.0,0.0,0.0,0.0,0.0,0.0,0.0,0.0,0.0,0.37511755777638767,0.09988249086078477,0.0,0.0,0.0
1250,2019-05-21 10:00:00,10:00,M19,0.0006121289159697341,1,0.0,0.0,0.0,0.0,0.0,0.0,0.0,0.0,0.0,0.0,0.0,0.0,0.0,-0.8673526452589512,0.0,0.0
1251,2019-05-23 10:00:00,10:00,M19,0.0011526356731206278,1,0.0,0.0,0.0,0.0,0.0,0.0,0.0,0.0,0.0,0.0,0.0,0.0,0.0,0.0,-0.036632519809074206,0.0
1252,2019-05-24 08:30:00,08:30,M19,0.00026467863756796106,1,0.0,0.0,-0.04098681932669217,0.0,0.0,0.0,0.0,0.0,0.0,0.0,0.0,0.0,0.0,0.0,0.0,0.0
1253,2019-05-31 08:30:00,08:30,M19,0.001268575740984268,1,0.0,0.0,0.0,0.0,0.0,0.0,0.0,0.0,0.0,0.0,0.0,0.0,0.0,0.0,0.0,0.0
1254,2019-06-03 10:00:00,10:00,M19,0.004540921434610823,1,0.0,0.0,0.0,-0.5297168049444091,0.0,0.0,0.0,0.0,0.0,0.0,0.0,0.0,0.0,0.0,0.0,0.0
1255,2019-06-05 10:00:00,10:00,M19,-0.002046901439991089,1,0.0,0.0,0.0,0.0,0.0,0.0,0.0,0.0,0.0,0.0,0.0,0.0,0.0,0.0,0.0,0.6488499943211955
1256,2019-06-07 08:30:00,08:30,M19,-0.00017523876326208665,2,0.0,0.0,0.0,0.0,0.0,0.0,0.0,0.0,0.0,-0.13909606823788337,0.0,0.0,0.0,0.0,0.0,0.0
1257,2019-06-11 08:30:00,08:30,M19,0.0007744267478217992,1,0.0,0.0,0.0,0.0,0.0,0.0,0.0,0.0,0.0,0.0,0.0,0.0,0.0,0.0,0.0,0.0
1258,2019-06-12 08:30:00,08:30,M19,0.00017355085083536892,1,0.0,0.0,0.0,0.0,-0.7773734918787812,0.0,0.0,0.0,0.0,0.0,0.0,0.0,0.0,0.0,0.0,0.0
1259,2019-06-14 08:30:00,08:30,U19,-0.00017286084744849717,1,0.0,0.0,0.0,0.0,0.0,0.0,0.0,0.0,-0.1946472825671158,0.0,0.0,0.0,0.0,0.0,0.0,0.0
1260,2019-06-14 09:15:00,09:15,U19,-0.0019031147612498245,1,0.0,0.4176020449095612,0.0,0.0,0.0,0.0,0.0,0.0,0.0,0.0,0.0,0.0,0.0,0.0,0.0,0.0
1261,2019-06-18 08:30:00,08:30,U19,-0.00034317090247526494,2,0.0,0.0,0.0,0.0,0.0,0.0,0.0,0.0,0.0,0.0,0.0,0.37511755777638767,-0.03329416362026159,0.0,0.0,0.0
1262,2019-06-21 10:00:00,10:00,U19,0.0005920913685351081,1,0.0,0.0,0.0,0.0,0.0,0.0,0.0,0.0,0.0,0.0,0.0,0.0,0.0,0.27104770164342223,0.0,0.0
1263,2019-06-25 10:00:00,10:00,U19,-0.0006793478522144625,1,0.0,0.0,0.0,0.0,0.0,0.0,0.0,0.0,0.0,0.0,0.0,0.0,0.0,0.0,-0.9890780348450036,0.0
1264,2019-06-26 08:30:00,08:30,U19,-0.0015351815381814404,1,0.0,0.0,-0.5328286512469977,0.0,0.0,0.0,0.0,0.0,0.0,0.0,0.0,0.0,0.0,0.0,0.0,0.0
1265,2019-06-28 08:30:00,08:30,U19,0.0003403676002902145,2,0.0,0.0,0.0,0.0,0.0,0.0,0.0,-1.0612288395921605,0.0,0.0,0.0,0.0,0.0,0.0,0.0,0.0
1266,2019-07-01 10:00:00,10:00,U19,-0.0009252639765131576,1,0.0,0.0,0.0,0.4120019594012094,0.0,0.0,0.0,0.0,0.0,0.0,0.0,0.0,0.0,0.0,0.0,0.0
1267,2019-07-03 10:00:00,10:00,U19,0.0012557031493845017,1,0.0,0.0,0.0,0.0,0.0,0.0,0.0,0.0,0.0,0.0,0.0,0.0,0.0,0.0,0.0,-0.46346428165799725
1268,2019-07-05 08:30:00,08:30,U19,-0.0020065218670897167,2,0.0,0.0,0.0,0.0,0.0,0.0,0.0,0.0,0.0,0.08092862152022305,0.194908856494105,0.0,0.0,0.0,0.0,0.0
1269,2019-07-11 08:30:00,08:30,U19,-0.0009987516435714383,1,0.0,0.0,0.0,0.0,0.0,0.0,0.0,0.0,0.0,0.0,0.0,0.0,0.0,0.0,0.0,0.0
1270,2019-07-12 08:30:00,08:30,U19,-0.0002490970245787594,1,0.0,0.0,0.0,0.0,0.0,0.0,0.0,0.0,0.0,0.0,0.0,0.0,0.0,0.0,0.0,0.0
1271,2019-07-16 08:30:00,08:30,U19,-0.0007453725137018807,1,0.0,0.0,0.0,0.0,0.0,0.0,0.0,0.0,0.2919709238506738,0.0,0.0,0.0,0.0,0.0,0.0,0.0
1272,2019-07-16 09:15:00,09:15,U19,0.0,1,0.0,-0.2088010224547806,0.0,0.0,0.0,0.0,0.0,0.0,0.0,0.0,0.0,0.0,0.0,0.0,0.0,0.0
1273,2019-07-17 08:30:00,08:30,U19,-0.0007481608063351075,2,0.0,0.0,0.0,0.0,0.0,0.0,0.0,0.0,0.0,0.0,0.0,-0.10003134874037005,-1.3317665448104634,0.0,0.0,0.0
1274,2019-07-23 10:00:00,10:00,U19,-0.0005845755730380375,1,0.0,0.0,0.0,0.0,0.0,0.0,0.0,0.0,0.0,0.0,0.0,0.0,0.0,-0.4336763226294756,0.0,0.0
1275,2019-07-24 10:00:00,10:00,U19,0.00016620959067736862,1,0.0,0.0,0.0,0.0,0.0,0.0,0.0,0.0,0.0,0.0,0.0,0.0,0.0,0.0,-0.2564276386635194,0.0
1276,2019-07-25 08:30:00,08:30,U19,-0.001653029552374008,1,0.0,0.0,0.49184183192030556,0.0,0.0,0.0,0.0,0.0,0.0,0.0,0.0,0.0,0.0,0.0,0.0,0.0
1277,2019-07-26 08:30:00,08:30,U19,0.0008296690096774029,1,0.44875679488056747,0.0,0.0,0.0,0.0,0.0,0.0,0.0,0.0,0.0,0.0,0.0,0.0,0.0,0.0,0.0
1278,2019-07-30 08:30:00,08:30,U19,-0.001413310290537595,2,0.0,0.0,0.0,0.0,0.0,0.0,0.0,0.0,0.0,0.0,0.0,0.0,0.0,0.0,0.0,0.0
1279,2019-08-01 10:00:00,10:00,U19,0.0037561080844952244,1,0.0,0.0,0.0,-0.47085938217280715,0.0,0.0,0.0,0.0,0.0,0.0,0.0,0.0,0.0,0.0,0.0,0.0
1280,2019-08-02 08:30:00,08:30,U19,0.0010187622920350137,2,0.0,0.0,0.0,0.0,0.0,0.0,0.0,0.0,0.0,0.0,0.0,0.0,0.0,0.0,0.0,0.0
1281,2019-08-05 10:00:00,10:00,U19,-0.0020891372500866368,1,0.0,0.0,0.0,0.0,0.0,0.0,0.0,0.0,0.0,0.0,0.0,0.0,0.0,0.0,0.0,-0.8342357069843938
1282,2019-08-09 08:30:00,08:30,U19,0.0002564212159867907,1,0.0,0.0,0.0,0.0,0.0,0.0,0.0,0.0,0.0,0.0,0.0,0.0,0.0,0.0,0.0,0.0
1283,2019-08-13 08:30:00,08:30,U19,-0.00034797738498149045,1,0.0,0.0,0.0,0.0,0.777373491878783,0.0,0.0,0.0,0.0,0.0,0.0,0.0,0.0,0.0,0.0,0.0
1284,2019-08-15 08:30:00,08:30,U19,0.002365620764127385,1,0.0,0.0,0.0,0.0,0.0,0.0,0.0,0.0,0.38929456513423166,0.0,0.0,0.0,0.0,0.0,0.0,0.0
1285,2019-08-15 09:15:00,09:15,U19,-0.004907125164100634,1,0.0,-0.6264030673643419,0.0,0.0,0.0,0.0,0.0,0.0,0.0,0.0,0.0,0.0,0.0,0.0,0.0,0.0
1286,2019-08-16 08:30:00,08:30,U19,-0.0006087221371489093,2,0.0,0.0,0.0,0.0,0.0,0.0,0.0,0.0,0.0,0.0,0.0,-0.8252586271080529,1.0987073994686323,0.0,0.0,0.0
1287,2019-08-21 10:00:00,10:00,U19,-0.0005127328774099382,1,0.0,0.0,0.0,0.0,0.0,0.0,0.0,0.0,0.0,0.0,0.0,0.0,0.0,0.16262862098605335,0.0,0.0
1288,2019-08-23 10:00:00,10:00,U19,0.0026631174194839957,1,0.0,0.0,0.0,0.0,0.0,0.0,0.0,0.0,0.0,0.0,0.0,0.0,0.0,0.0,-0.2564276386635194,0.0
1289,2019-08-26 08:30:00,08:30,U19,0.001566852688243081,1,0.0,0.0,0.4098681932669213,0.0,0.0,0.0,0.0,0.0,0.0,0.0,0.0,0.0,0.0,0.0,0.0,0.0
1290,2019-08-30 08:30:00,08:30,U19,8.495094088267763e-05,1,0.0,0.0,0.0,0.0,0.0,0.0,0.0,0.5306144197960804,0.0,0.0,0.0,0.0,0.0,0.0,0.0,0.0
1291,2019-09-03 10:00:00,10:00,U19,-0.0049038683896931445,1,0.0,0.0,0.0,-1.1771484554320222,0.0,0.0,0.0,0.0,0.0,0.0,0.0,0.0,0.0,0.0,0.0,0.0
1292,2019-09-05 10:00:00,10:00,U19,0.0018474980061826685,1,0.0,0.0,0.0,0.0,0.0,0.0,0.0,0.0,0.0,0.0,0.0,0.0,0.0,0.0,0.0,1.1123142759791929
1293,2019-09-06 08:30:00,08:30,U19,-0.0013407074238855898,2,0.0,0.0,0.0,0.0,0.0,0.0,0.0,0.0,0.0,-0.03793529133760455,0.0,0.0,0.0,0.0,0.0,0.0
1294,2019-09-11 08:30:00,08:30,U19,-0.0005028494909851133,1,0.0,0.0,0.0,0.0,0.0,0.0,0.0,0.0,0.0,0.0,0.0,0.0,0.0,0.0,0.0,0.0
1295,2019-09-12 08:30:00,08:30,U19,0.0004155067164113291,1,0.0,0.0,0.0,0.0,-0.777373491878783,0.0,0.0,0.0,0.0,0.0,0.0,0.0,0.0,0.0,0.0,0.0
1296,2019-09-13 08:30:00,08:30,U19,-0.0009939535316778603,1,0.0,0.0,0.0,0.0,0.0,0.0,0.0,0.0,0.19464728256711586,0.0,0.0,0.0,0.0,0.0,0.0,0.0
1297,2019-09-17 09:15:00,09:15,Z19,0.0011675424560362302,1,0.0,0.8352040898191223,0.0,0.0,0.0,0.0,0.0,0.0,0.0,0.0,0.0,0.0,0.0,0.0,0.0,0.0
1298,2019-09-18 08:30:00,08:30,Z19,0.0004993757906532892,2,0.0,0.0,0.0,0.0,0.0,0.0,0.0,0.0,0.0,0.0,0.0,1.4254467195502731,1.8145319173042564,0.0,0.0,0.0
1299,2019-09-19 10:00:00,10:00,Z19,0.0014076928586312931,1,0.0,0.0,0.0,0.0,0.0,0.0,0.0,0.0,0.0,0.0,0.0,0.0,0.0,0.6505144839442134,0.0,0.0
1300,2019-09-25 10:00:00,10:00,Z19,0.0006741383924309119,1,0.0,0.0,0.0,0.0,0.0,0.0,0.0,0.0,0.0,0.0,0.0,0.0,0.0,0.0,0.9707617749404664,0.0
1301,2019-09-27 08:30:00,08:30,Z19,0.0,3,0.0,0.0,0.5328286512469977,0.0,0.0,0.0,-1.5739865924971175,-0.5306144197960803,0.0,0.0,0.0,0.0,0.0,0.0,0.0,0.0
1302,2019-10-01 10:00:00,10:00,Z19,-0.007463659956735036,1,0.0,0.0,0.0,-1.5302929920616295,0.0,0.0,0.0,0.0,0.0,0.0,0.0,0.0,0.0,0.0,0.0,0.0
1303,2019-10-03 10:00:00,10:00,Z19,-0.004422292054265142,1,0.0,0.0,0.0,0.0,0.0,0.0,0.0,0.0,0.0,0.0,0.0,0.0,0.0,0.0,0.0,-1.1123142759791929
1304,2019-10-04 08:30:00,08:30,Z19,0.005412151864585546,2,0.0,0.0,0.0,0.0,0.0,0.0,0.0,0.0,0.0,-0.005058038845013941,-0.38981771298821,0.0,0.0,0.0,0.0,0.0
1305,2019-10-08 08:30:00,08:30,Z19,0.00017132088443538862,1,0.0,0.0,0.0,0.0,0.0,-1.315241920612907,0.0,0.0,0.0,0.0,0.0,0.0,0.0,0.0,0.0,0.0
1306,2019-10-10 08:30:00,08:30,Z19,0.0012006862505931082,1,0.0,0.0,0.0,0.0,-0.777373491878783,0.0,0.0,0.0,0.0,0.0,0.0,0.0,0.0,0.0,0.0,0.0
1307,2019-10-16 08:30:00,08:30,Z19,-0.0012525574682591412,1,0.0,0.0,0.0,0.0,0.0,0.0,0.0,0.0,-0.5839418477013475,0.0,0.0,0.0,0.0,0.0,0.0,0.0
1308,2019-10-17 08:30:00,08:30,Z19,0.0010000834236318923,2,0.0,0.0,0.0,0.0,0.0,0.0,0.0,0.0,0.0,0.0,0.0,-0.8002507899229604,0.7824128450761473,0.0,0.0,0.0
1309,2019-10-17 09:15:00,09:15,Z19,0.0009991674436591325,1,0.0,-0.6264030673643419,0.0,0.0,0.0,0.0,0.0,0.0,0.0,0.0,0.0,0.0,0.0,0.0,0.0,0.0
1310,2019-10-22 10:00:00,10:00,Z19,-0.0002490970245787594,1,0.0,0.0,0.0,0.0,0.0,0.0,0.0,0.0,0.0,0.0,0.0,0.0,0.0,-0.3794667823007911,0.0,0.0
1311,2019-10-24 08:30:00,08:30,Z19,0.0,1,0.0,0.0,-0.2459209159601528,0.0,0.0,0.0,0.0,0.0,0.0,0.0,0.0,0.0,0.0,0.0,0.0,0.0
1312,2019-10-24 10:00:00,10:00,Z19,-0.0013326671970688153,1,0.0,0.0,0.0,0.0,0.0,0.0,0.0,0.0,0.0,0.0,0.0,0.0,0.0,0.0,-0.16484633914083394,0.0
1313,2019-10-30 08:30:00,08:30,Z19,0.0004939491332844881,1,0.44875679488056713,0.0,0.0,0.0,0.0,0.0,0.0,0.0,0.0,0.0,0.0,0.0,0.0,0.0,0.0,0.0
1314,2019-10-31 08:30:00,08:30,Z19,8.220642036782522e-05,2,0.0,0.0,0.0,0.0,0.0,0.0,0.0,0.0,0.0,0.0,0.0,0.0,0.0,0.0,0.0,0.0
1315,2019-11-01 08:30:00,08:30,Z19,0.0031203835468200936,2,0.0,0.0,0.0,0.0,0.0,0.0,0.0,0.0,0.0,0.04931587873888592,0.0,0.0,0.0,0.0,0.0,0.0
1316,2019-11-01 10:00:00,10:00,Z19,0.0012264422452226142,1,0.0,0.0,0.0,-0.3531445366296075,0.0,0.0,0.0,0.0,0.0,0.0,0.0,0.0,0.0,0.0,0.0,0.0
1317,2019-11-05 10:00:00,10:00,Z19,-0.0014632959281239977,1,0.0,0.0,0.0,0.0,0.0,0.0,0.0,0.0,0.0,0.0,0.0,0.0,0.0,0.0,0.0,0.5561571379895981
1318,2019-11-13 08:30:00,08:30,Z19,0.00040543280506710744,1,0.0,0.0,0.0,0.0,0.777373491878783,0.0,0.0,0.0,0.0,0.0,0.0,0.0,0.0,0.0,0.0,0.0
1319,2019-11-14 08:30:00,08:30,Z19,-0.00024270862948228,1,0.0,0.0,0.0,0.0,0.0,0.32881048015322684,0.0,0.0,0.0,0.0,0.0,0.0,0.0,0.0,0.0,0.0
1320,2019-11-15 08:30:00,08:30,Z19,0.0007244335649048139,1,0.0,0.0,0.0,0.0,0.0,0.0,0.0,0.0,0.0973236412835579,0.0,0.0,0.0,0.0,0.0,0.0,0.0
1321,2019-11-15 09:15:00,09:15,Z19,0.0,1,0.0,-0.8352040898191224,0.0,0.0,0.0,0.0,0.0,0.0,0.0,0.0,0.0,0.0,0.0,0.0,0.0,0.0
1322,2019-11-19 08:30:00,08:30,Z19,-7.990092289844597e-05,2,0.0,0.0,0.0,0.0,0.0,0.0,0.0,0.0,0.0,0.0,0.0,-0.07502351155527753,1.2651782175699402,0.0,0.0,0.0
1323,2019-11-21 10:00:00,10:00,Z19,-0.001935172350410852,1,0.0,0.0,0.0,0.0,0.0,0.0,0.0,0.0,0.0,0.0,0.0,0.0,0.0,-0.05420954032868445,0.0,0.0
1324,2019-11-26 10:00:00,10:00,Z19,-0.0007973210436738043,1,0.0,0.0,0.0,0.0,0.0,0.0,0.0,0.0,0.0,0.0,0.0,0.0,0.0,0.0,0.43959023770889044,0.0
1325,2019-11-27 08:30:00,08:30,Z19,-0.00023838849491042424,1,0.0,0.0,0.4508550125936135,0.0,0.0,0.0,0.0,0.0,0.0,0.0,0.0,0.0,0.0,0.0,0.0,0.0
1326,2019-11-27 10:00:00,10:00,Z19,7.951337816791693e-05,2,0.0,0.0,0.0,0.0,0.0,0.0,-1.573986592497117,0.5306144197960803,0.0,0.0,0.0,0.0,0.0,0.0,0.0,0.0
1327,2019-12-02 10:00:00,10:00,Z19,-0.0046396371525005975,1,0.0,0.0,0.0,-0.647431650487613,0.0,0.0,0.0,0.0,0.0,0.0,0.0,0.0,0.0,0.0,0.0,0.0
1328,2019-12-04 10:00:00,10:00,Z19,-0.0007223983939805834,1,0.0,0.0,0.0,0.0,0.0,0.0,0.0,0.0,0.0,0.0,0.0,0.0,0.0,0.0,0.0,-0.27807856899479905
1329,2019-12-06 08:30:00,08:30,Z19,0.004073000080232703,2,0.0,0.0,0.0,0.0,0.0,0.0,0.0,0.0,0.0,0.10116077690027882,-0.194908856494105,0.0,0.0,0.0,0.0,0.0
1330,2019-12-11 08:30:00,08:30,Z19,0.00031852206034699293,1,0.0,0.0,0.0,0.0,0.777373491878783,0.0,0.0,0.0,0.0,0.0,0.0,0.0,0.0,0.0,0.0,0.0
1331,2019-12-12 08:30:00,08:30,Z19,7.959565411930214e-05,1,0.0,0.0,0.0,0.0,0.0,-0.6576209603064535,0.0,0.0,0.0,0.0,0.0,0.0,0.0,0.0,0.0,0.0
1332,2019-12-13 08:30:00,08:30,Z19,0.0002361739825982312,1,0.0,0.0,0.0,0.0,0.0,0.0,0.0,0.0,-0.29197092385067375,0.0,0.0,0.0,0.0,0.0,0.0,0.0
1333,2019-12-17 08:30:00,08:30,H20,0.0004687866325401302,2,0.0,0.0,0.0,0.0,0.0,0.0,0.0,0.0,0.0,0.0,0.0,0.25007837185092513,1.1985898903294172,0.0,0.0,0.0
1334,2019-12-17 09:15:00,09:15,H20,-0.0010156647617112213,1,0.0,0.6264030673643419,0.0,0.0,0.0,0.0,0.0,0.0,0.0,0.0,0.0,0.0,0.0,0.0,0.0,0.0
1335,2019-12-19 10:00:00,10:00,H20,7.810974422994832e-05,1,0.0,0.0,0.0,0.0,0.0,0.0,0.0,0.0,0.0,0.0,0.0,0.0,0.0,-0.48788586295816005,0.0,0.0
1336,2019-12-20 10:00:00,10:00,H20,0.0005430777122494845,2,0.0,0.0,0.0,0.0,0.0,0.0,0.0,0.5306144197960802,0.0,0.0,0.0,0.0,0.0,0.0,0.0,0.0
1337,2019-12-23 08:30:00,08:30,H20,-0.0003868023101656348,1,0.0,0.0,-1.4345386764342245,0.0,0.0,0.0,0.0,0.0,0.0,0.0,0.0,0.0,0.0,0.0,0.0,0.0
1338,2019-12-23 10:00:00,10:00,H20,0.0,1,0.0,0.0,0.0,0.0,0.0,0.0,0.0,0.0,0.0,0.0,0.0,0.0,0.0,0.0,-0.27474389856805653,0.0
1339,2020-01-03 10:00:00,10:00,H20,0.001235998612354905,1,0.0,0.0,0.0,-1.0594336098888182,0.0,0.0,0.0,0.0,0.0,0.0,0.0,0.0,0.0,0.0,0.0,0.0
1340,2020-01-07 10:00:00,10:00,H20,0.0016224363276187148,1,0.0,0.0,0.0,0.0,0.0,0.0,0.0,0.0,0.0,0.0,0.0,0.0,0.0,0.0,0.0,0.23173214082899862
1341,2020-01-10 08:30:00,08:30,H20,7.618757384442176e-05,2,0.0,0.0,0.0,0.0,0.0,0.0,0.0,0.0,0.0,-0.024025684513816217,0.0,0.0,0.0,0.0,0.0,0.0
1342,2020-01-14 08:30:00,08:30,H20,0.0008365973792869852,1,0.0,0.0,0.0,0.0,0.0,0.0,0.0,0.0,0.0,0.0,0.0,0.0,0.0,0.0,0.0,0.0
1343,2020-01-15 08:30:00,08:30,H20,-0.0016752973762930168,1,0.0,0.0,0.0,0.0,0.0,-0.3288104801532267,0.0,0.0,0.0,0.0,0.0,0.0,0.0,0.0,0.0,0.0
1344,2020-01-16 08:30:00,08:30,H20,0.00022700616797699524,1,0.0,0.0,0.0,0.0,0.0,0.0,0.0,0.0,0.0,0.0,0.0,0.0,0.0,0.0,0.0,0.0
1345,2020-01-17 08:30:00,08:30,H20,0.00045109391036213253,2,0.0,0.0,0.0,0.0,0.0,0.0,0.0,0.0,0.0,0.0,0.0,2.9134130320632776,-0.8656482541268012,0.0,0.0,0.0
1346,2020-01-17 09:15:00,09:15,H20,-0.0010528691654716482,1,0.0,-0.20880102245478055,0.0,0.0,0.0,0.0,0.0,0.0,0.0,0.0,0.0,0.0,0.0,0.0,0.0,0.0
1347,2020-01-22 10:00:00,10:00,H20,0.00022492971041465637,1,0.0,0.0,0.0,0.0,0.0,0.0,0.0,0.0,0.0,0.0,0.0,0.0,0.0,0.5963049436155289,0.0,0.0
1348,2020-01-27 10:00:00,10:00,H20,0.00023068937777814824,1,0.0,0.0,0.0,0.0,0.0,0.0,0.0,0.0,0.0,0.0,0.0,0.0,0.0,0.0,-0.6593853565633357,0.0
1349,2020-01-28 08:30:00,08:30,H20,-7.66959389881805e-05,1,0.0,0.0,0.8197363865338426,0.0,0.0,0.0,0.0,0.0,0.0,0.0,0.0,0.0,0.0,0.0,0.0,0.0
1350,2020-01-30 08:30:00,08:30,H20,0.0007688759413078117,1,0.0,0.0,0.0,0.0,0.0,0.0,0.0,0.0,0.0,0.0,0.0,0.0,0.0,0.0,0.0,0.0
1351,2020-01-31 08:30:00,08:30,H20,0.000839470419810695,2,0.0,0.0,0.0,0.0,0.0,0.0,1.573986592497117,0.0,0.0,0.0,0.0,0.0,0.0,0.0,0.0,0.0
1352,2020-02-03 10:00:00,10:00,H20,0.0027601029559551904,1,0.0,0.0,0.0,1.4125781465184257,0.0,0.0,0.0,0.0,0.0,0.0,0.0,0.0,0.0,0.0,0.0,0.0
1353,2020-02-05 10:00:00,10:00,H20,-0.0030118236756973005,1,0.0,0.0,0.0,0.0,0.0,0.0,0.0,0.0,0.0,0.0,0.0,0.0,0.0,0.0,0.0,0.23173214082899862
1354,2020-02-07 08:30:00,08:30,H20,-0.001723298669466189,2,0.0,0.0,0.0,0.0,0.0,0.0,0.0,0.0,0.0,0.08219313123147653,0.194908856494105,0.0,0.0,0.0,0.0,0.0
1355,2020-02-13 08:30:00,08:30,H20,0.0007434391837470855,1,0.0,0.0,0.0,0.0,0.777373491878783,0.0,0.0,0.0,0.0,0.0,0.0,0.0,0.0,0.0,0.0,0.0
1356,2020-02-14 08:30:00,08:30,H20,-0.0012568853083436693,1,0.0,0.0,0.0,0.0,0.0,0.0,0.0,0.0,0.0,0.0,0.0,0.0,0.0,0.0,0.0,0.0
1357,2020-02-14 09:15:00,09:15,H20,-0.00044404974086731386,1,0.0,-0.20880102245478055,0.0,0.0,0.0,0.0,0.0,0.0,0.0,0.0,0.0,0.0,0.0,0.0,0.0,0.0
1358,2020-02-19 08:30:00,08:30,H20,0.00029590176277416447,3,0.0,0.0,0.0,0.0,0.0,1.315241920612907,0.0,0.0,0.0,0.0,0.0,1.7755564401415682,1.6813552628232102,0.0,0.0,0.0
1359,2020-02-21 10:00:00,10:00,H20,0.0006730230203562115,1,0.0,0.0,0.0,0.0,0.0,0.0,0.0,0.0,0.0,0.0,0.0,0.0,0.0,0.16262862098605335,0.0,0.0
1360,2020-02-26 10:00:00,10:00,H20,0.002846301731839418,1,0.0,0.0,0.0,0.0,0.0,0.0,0.0,0.0,0.0,0.0,0.0,0.0,0.0,0.0,0.9890780348450036,0.0
1361,2020-02-27 08:30:00,08:30,H20,-0.003183546217593758,1,0.0,0.0,0.5328286512469977,0.0,0.0,0.0,0.0,0.0,0.0,0.0,0.0,0.0,0.0,0.0,0.0,0.0
1362,2020-02-28 08:30:00,08:30,H20,-0.00891638280310314,2,0.0,0.0,0.0,0.0,0.0,0.0,-1.5739865924971175,-0.5306144197960803,0.0,0.0,0.0,0.0,0.0,0.0,0.0,0.0
1363,2020-03-02 10:00:00,10:00,H20,-0.006831722265309814,1,0.0,0.0,0.0,-0.23542969108640358,0.0,0.0,0.0,0.0,0.0,0.0,0.0,0.0,0.0,0.0,0.0,0.0
1364,2020-03-04 10:00:00,10:00,H20,0.00696809803882914,1,0.0,0.0,0.0,0.0,0.0,0.0,0.0,0.0,0.0,0.0,0.0,0.0,0.0,0.0,0.0,1.1123142759791929
1365,2020-03-06 07:30:00,07:30,H20,-0.002470293858115369,1,0.0,0.0,0.0,0.0,0.0,0.0,0.0,0.0,0.0,0.12392195170284154,0.0,0.0,0.0,0.0,0.0,0.0
1366,2020-03-06 08:30:00,08:30,H20,0.0017096943812404675,1,0.0,0.0,0.0,0.0,0.0,0.0,0.0,0.0,0.0,0.0,-0.194908856494105,0.0,0.0,0.0,0.0,0.0
1367,2020-03-11 08:30:00,08:30,H20,-0.007017572658646998,1,0.0,0.0,0.0,0.0,0.7773734918787796,0.0,0.0,0.0,0.0,0.0,0.0,0.0,0.0,0.0,0.0,0.0
1368,2020-03-12 08:30:00,08:30,H20,0.0,1,0.0,0.0,0.0,0.0,0.0,-1.6440524007661337,0.0,0.0,0.0,0.0,0.0,0.0,0.0,0.0,0.0,0.0
1369,2020-03-17 08:30:00,08:30,M20,0.0016401848884610715,1,0.0,0.0,0.0,0.0,0.0,0.0,0.0,0.0,-0.6812654889849055,0.0,0.0,0.0,0.0,0.0,0.0,0.0
1370,2020-03-17 09:15:00,09:15,M20,-0.016633474043600494,1,0.0,0.4176020449095611,0.0,0.0,0.0,0.0,0.0,0.0,0.0,0.0,0.0,0.0,0.0,0.0,0.0,0.0
1371,2020-03-18 08:30:00,08:30,M20,0.0,2,0.0,0.0,0.0,0.0,0.0,0.0,0.0,0.0,0.0,0.0,0.0,1.2378879406620793,-0.5992949451647086,0.0,0.0,0.0
1372,2020-03-20 10:00:00,10:00,M20,0.010081673500986987,1,0.0,0.0,0.0,0.0,0.0,0.0,0.0,0.0,0.0,0.0,0.0,0.0,0.0,1.46365758887448,0.0,0.0
1373,2020-03-24 10:00:00,10:00,M20,0.0057004271325702405,1,0.0,0.0,0.0,0.0,0.0,0.0,0.0,0.0,0.0,0.0,0.0,0.0,0.0,0.0,0.27474389856805653,0.0
1374,2020-03-25 08:30:00,08:30,M20,0.008066227809280235,1,0.0,0.0,0.8197363865338426,0.0,0.0,0.0,0.0,0.0,0.0,0.0,0.0,0.0,0.0,0.0,0.0,0.0
1375,2020-03-27 08:30:00,08:30,M20,-0.005723888123349674,2,0.0,0.0,0.0,0.0,0.0,0.0,0.0,-0.5306144197960803,0.0,0.0,0.0,0.0,0.0,0.0,0.0,0.0
1376,2020-04-01 10:00:00,10:00,M20,0.00030143180333741526,1,0.0,0.0,0.0,2.4131543336356462,0.0,0.0,0.0,0.0,0.0,0.0,0.0,0.0,0.0,0.0,0.0,0.0
1377,2020-04-03 08:30:00,08:30,M20,0.004091617903253741,2,0.0,0.0,0.0,0.0,0.0,0.0,0.0,0.0,0.0,-0.7599703364633446,1.1694531389646299,0.0,0.0,0.0,0.0,0.0
1378,2020-04-03 10:00:00,10:00,M20,-0.007077734774580513,1,0.0,0.0,0.0,0.0,0.0,0.0,0.0,0.0,0.0,0.0,0.0,0.0,0.0,0.0,0.0,3.9394463940929767
1379,2020-04-09 08:30:00,08:30,M20,0.01953329721246,1,0.0,0.0,0.0,0.0,0.0,0.6576209603064535,0.0,0.0,0.0,0.0,0.0,0.0,0.0,0.0,0.0,0.0
1380,2020-04-15 08:30:00,08:30,M20,-0.006956706919571509,1,0.0,0.0,0.0,0.0,0.0,0.0,0.0,0.0,-0.6812654889849048,0.0,0.0,0.0,0.0,0.0,0.0,0.0
1381,2020-04-15 09:15:00,09:15,M20,-0.0007235235912990134,1,0.0,-2.923214314366929,0.0,0.0,0.0,0.0,0.0,0.0,0.0,0.0,0.0,0.0,0.0,0.0,0.0,0.0
1382,2020-04-16 08:30:00,08:30,M20,0.0028748559913269744,2,0.0,0.0,0.0,0.0,0.0,0.0,0.0,0.0,0.0,0.0,0.0,-1.0503291617738855,0.8822953359369321,0.0,0.0,0.0
1383,2020-04-21 10:00:00,10:00,M20,-0.00316013084078115,1,0.0,0.0,0.0,0.0,0.0,0.0,0.0,0.0,0.0,0.0,0.0,0.0,0.0,-0.16262862098605335,0.0,0.0
1384,2020-04-23 10:00:00,10:00,M20,0.005235846366940855,1,0.0,0.0,0.0,0.0,0.0,0.0,0.0,0.0,0.0,0.0,0.0,0.0,0.0,0.0,-0.3296926782816679,0.0
1385,2020-04-24 08:30:00,08:30,M20,0.0020514657330696906,1,0.0,0.0,-1.0246704831673032,0.0,0.0,0.0,0.0,0.0,0.0,0.0,0.0,0.0,0.0,0.0,0.0,0.0
1386,2020-04-29 08:30:00,08:30,M20,0.011613533255695252,1,-1.1966847863481795,0.0,0.0,0.0,0.0,0.0,0.0,0.0,0.0,0.0,0.0,0.0,0.0,0.0,0.0,0.0
1387,2020-04-30 08:30:00,08:30,M20,-0.006255108008964783,2,0.0,0.0,0.0,0.0,0.0,0.0,0.0,-5.836758617756881,0.0,0.0,0.0,0.0,0.0,0.0,0.0,0.0
1388,2020-05-01 10:00:00,10:00,M20,0.0003513703479587349,1,0.0,0.0,0.0,2.7074414474936517,0.0,0.0,0.0,0.0,0.0,0.0,0.0,0.0,0.0,0.0,0.0,0.0
1389,2020-05-05 10:00:00,10:00,M20,-0.0011309758045756624,1,0.0,0.0,0.0,0.0,0.0,0.0,0.0,0.0,0.0,0.0,0.0,0.0,0.0,0.0,0.0,2.3173214082899865
1390,2020-05-08 08:30:00,08:30,M20,0.00326572995638319,2,0.0,0.0,0.0,0.0,0.0,0.0,0.0,0.0,0.0,1.8499777075638488,-2.533815134423364,0.0,0.0,0.0,0.0,0.0
1391,2020-05-12 08:30:00,08:30,M20,0.0005965316125591258,1,0.0,0.0,0.0,0.0,-0.7773734918787826,0.0,0.0,0.0,0.0,0.0,0.0,0.0,0.0,0.0,0.0,0.0
1392,2020-05-13 08:30:00,08:30,M20,-0.002876696400409884,1,0.0,0.0,0.0,0.0,0.0,-2.630483841225814,0.0,0.0,0.0,0.0,0.0,0.0,0.0,0.0,0.0,0.0
1393,2020-05-15 08:30:00,08:30,M20,0.0,1,0.0,0.0,0.0,0.0,0.0,0.0,0.0,0.0,-4.282240216476548,0.0,0.0,0.0,0.0,0.0,0.0,0.0
1394,2020-05-15 09:15:00,09:15,M20,0.0046066700885374345,1,0.0,0.6264030673643433,0.0,0.0,0.0,0.0,0.0,0.0,0.0,0.0,0.0,0.0,0.0,0.0,0.0,0.0
1395,2020-05-19 08:30:00,08:30,M20,0.0023809535057424114,2,0.0,0.0,0.0,0.0,0.0,0.0,0.0,0.0,0.0,0.0,0.0,-0.4501410693316652,1.2318840539496787,0.0,0.0,0.0
1396,2020-05-21 10:00:00,10:00,M20,-0.0011822328686559302,1,0.0,0.0,0.0,0.0,0.0,0.0,0.0,0.0,0.0,0.0,0.0,0.0,0.0,0.16262862098605335,0.0,0.0
1397,2020-05-26 10:00:00,10:00,M20,0.0006646174540563266,1,0.0,0.0,0.0,0.0,0.0,0.0,0.0,0.0,0.0,0.0,0.0,0.0,0.0,0.0,2.4360625673034346,0.0
1398,2020-05-28 08:30:00,08:30,M20,0.0024656871208215136,1,0.0,0.0,0.7377627478804586,0.0,0.0,0.0,0.0,0.0,0.0,0.0,0.0,0.0,0.0,0.0,0.0,0.0
1399,2020-05-29 08:30:00,08:30,M20,-0.001734462545085691,2,0.0,0.0,0.0,0.0,0.0,0.0,1.573986592497117,-1.591843259388235,0.0,0.0,0.0,0.0,0.0,0.0,0.0,0.0
1400,2020-06-01 10:00:00,10:00,M20,0.0026292020732796573,1,0.0,0.0,0.0,0.05885742277160194,0.0,0.0,0.0,0.0,0.0,0.0,0.0,0.0,0.0,0.0,0.0,0.0
1401,2020-06-03 10:00:00,10:00,M20,0.0011276682628729162,1,0.0,0.0,0.0,0.0,0.0,0.0,0.0,0.0,0.0,0.0,0.0,0.0,0.0,0.0,0.0,0.6488499943211955
1402,2020-06-05 08:30:00,08:30,M20,0.008262540054731815,2,0.0,0.0,0.0,0.0,0.0,0.0,0.0,0.0,0.0,13.288732555562875,-12.474166815622706,0.0,0.0,0.0,0.0,0.0
1403,2020-06-10 08:30:00,08:30,M20,0.0006995453240854488,1,0.0,0.0,0.0,0.0,-0.7773734918787824,0.0,0.0,0.0,0.0,0.0,0.0,0.0,0.0,0.0,0.0,0.0
1404,2020-06-11 08:30:00,08:30,M20,-0.0008047642475226269,1,0.0,0.0,0.0,0.0,0.0,0.9864314404596803,0.0,0.0,0.0,0.0,0.0,0.0,0.0,0.0,0.0,0.0
1405,2020-06-16 08:30:00,08:30,U20,0.00965035203989828,1,0.0,0.0,0.0,0.0,0.0,0.0,0.0,0.0,9.440393204505119,0.0,0.0,0.0,0.0,0.0,0.0,0.0
1406,2020-06-16 09:15:00,09:15,U20,-0.0023873956906861338,1,0.0,-3.1320153368217087,0.0,0.0,0.0,0.0,0.0,0.0,0.0,0.0,0.0,0.0,0.0,0.0,0.0,0.0
1407,2020-06-17 08:30:00,08:30,U20,-0.0021550872370905694,2,0.0,0.0,0.0,0.0,0.0,0.0,0.0,0.0,0.0,0.0,0.0,-1.5129741496980968,-0.13317665448104635,0.0,0.0,0.0
1408,2020-06-22 10:00:00,10:00,U20,0.0035644885439971574,1,0.0,0.0,0.0,0.0,0.0,0.0,0.0,0.0,0.0,0.0,0.0,0.0,0.0,-1.1384003469023734,0.0,0.0
1409,2020-06-23 10:00:00,10:00,U20,0.0019158623246635642,1,0.0,0.0,0.0,0.0,0.0,0.0,0.0,0.0,0.0,0.0,0.0,0.0,0.0,0.0,0.6593853565633357,0.0
1410,2020-06-25 08:30:00,08:30,U20,0.0004953355999894882,1,0.0,0.0,2.0083541470079145,0.0,0.0,0.0,0.0,0.0,0.0,0.0,0.0,0.0,0.0,0.0,0.0,0.0
1411,2020-06-26 08:30:00,08:30,U20,-0.0016326534238864099,2,0.0,0.0,0.0,0.0,0.0,0.0,1.5739865924971175,-3.18368651877648,0.0,0.0,0.0,0.0,0.0,0.0,0.0,0.0
1412,2020-07-01 10:00:00,10:00,U20,0.004915994910659194,1,0.0,0.0,0.0,1.8245801059196352,0.0,0.0,0.0,0.0,0.0,0.0,0.0,0.0,0.0,0.0,0.0,0.0
1413,2020-07-02 08:30:00,08:30,U20,0.006455491635390942,2,0.0,0.0,0.0,0.0,0.0,0.0,0.0,0.0,0.0,2.276117480256273,-2.3389062779292598,0.0,0.0,0.0,0.0,0.0
1414,2020-07-06 10:00:00,10:00,U20,-0.003003479968871403,1,0.0,0.0,0.0,0.0,0.0,0.0,0.0,0.0,0.0,0.0,0.0,0.0,0.0,0.0,0.0,3.244249971605981
1415,2020-07-10 08:30:00,08:30,U20,0.005668451567629518,1,0.0,0.0,0.0,0.0,0.0,-1.9728628809193607,0.0,0.0,0.0,0.0,0.0,0.0,0.0,0.0,0.0,0.0
1416,2020-07-14 08:30:00,08:30,U20,-0.005797117684327446,1,0.0,0.0,0.0,0.0,0.0,0.0,0.0,0.0,0.0,0.0,0.0,0.0,0.0,0.0,0.0,0.0
1417,2020-07-15 09:15:00,09:15,U20,-0.0009304490087416184,1,0.0,2.2968112470025877,0.0,0.0,0.0,0.0,0.0,0.0,0.0,0.0,0.0,0.0,0.0,0.0,0.0,0.0
1418,2020-07-16 08:30:00,08:30,U20,-0.0009384531853218192,1,0.0,0.0,0.0,0.0,0.0,0.0,0.0,0.0,2.433091032088948,0.0,0.0,0.0,0.0,0.0,0.0,0.0
1419,2020-07-17 08:30:00,08:30,U20,-0.0012448457221019282,2,0.0,0.0,0.0,0.0,0.0,0.0,0.0,0.0,0.0,0.0,0.0,0.21256661607328634,-0.8157070086964089,0.0,0.0,0.0
1420,2020-07-22 10:00:00,10:00,U20,-0.002150208169860335,1,0.0,0.0,0.0,0.0,0.0,0.0,0.0,0.0,0.0,0.0,0.0,0.0,0.0,-0.3252572419721067,0.0,0.0
1421,2020-07-24 10:00:00,10:00,U20,0.0024941556187698666,1,0.0,0.0,0.0,0.0,0.0,0.0,0.0,0.0,0.0,0.0,0.0,0.0,0.0,0.0,1.3920357527448197,0.0
1422,2020-07-27 08:30:00,08:30,U20,-0.0013206449773406348,1,0.0,0.0,0.04098681932669199,0.0,0.0,0.0,0.0,0.0,0.0,0.0,0.0,0.0,0.0,0.0,0.0,0.0
1423,2020-07-30 08:30:00,08:30,U20,-0.004737321017451279,1,1.7950271795222739,0.0,0.0,0.0,0.0,0.0,0.0,0.0,0.0,0.0,0.0,0.0,0.0,0.0,0.0,0.0
1424,2020-07-31 08:30:00,08:30,U20,-0.001381745825119296,2,0.0,0.0,0.0,0.0,0.0,0.0,0.0,1.0612288395921614,0.0,0.0,0.0,0.0,0.0,0.0,0.0,0.0
1425,2020-08-03 10:00:00,10:00,U20,0.0022080947030787,1,0.0,0.0,0.0,0.3531445366296075,0.0,0.0,0.0,0.0,0.0,0.0,0.0,0.0,0.0,0.0,0.0,0.0
1426,2020-08-05 10:00:00,10:00,U20,0.00022603126862108525,1,0.0,0.0,0.0,0.0,0.0,0.0,0.0,0.0,0.0,0.0,0.0,0.0,0.0,0.0,0.0,1.436739273139792
1427,2020-08-07 08:30:00,08:30,U20,0.0001500600242927419,2,0.0,0.0,0.0,0.0,0.0,0.0,0.0,0.0,0.0,0.20611508293431807,-0.5847265694823158,0.0,0.0,0.0,0.0,0.0
1428,2020-08-11 08:30:00,08:30,U20,-0.00037076860756179997,1,0.0,0.0,0.0,0.0,0.0,0.9864314404596801,0.0,0.0,0.0,0.0,0.0,0.0,0.0,0.0,0.0,0.0
1429,2020-08-12 08:30:00,08:30,U20,0.0002981959169261472,1,0.0,0.0,0.0,0.0,1.5547469837575643,0.0,0.0,0.0,0.0,0.0,0.0,0.0,0.0,0.0,0.0,0.0
1430,2020-08-14 08:30:00,08:30,U20,-0.0006687720851150658,1,0.0,0.0,0.0,0.0,0.0,0.0,0.0,0.0,-0.6812654889849055,0.0,0.0,0.0,0.0,0.0,0.0,0.0
1431,2020-08-14 09:15:00,09:15,U20,0.00029728725599831307,1,0.0,0.0,0.0,0.0,0.0,0.0,0.0,0.0,0.0,0.0,0.0,0.0,0.0,0.0,0.0,0.0
1432,2020-08-18 08:30:00,08:30,U20,0.00014771048771322626,2,0.0,0.0,0.0,0.0,0.0,0.0,0.0,0.0,0.0,0.0,0.0,3.2010031596918416,2.9132393167728887,0.0,0.0,0.0
1433,2020-08-21 10:00:00,10:00,U20,7.385797115588844e-05,1,0.0,0.0,0.0,0.0,0.0,0.0,0.0,0.0,0.0,0.0,0.0,0.0,0.0,2.6020579357768536,0.0,0.0
1434,2020-08-25 10:00:00,10:00,U20,-0.0024072667276549,1,0.0,0.0,0.0,0.0,0.0,0.0,0.0,0.0,0.0,0.0,0.0,0.0,0.0,0.0,2.124686148926304,0.0
1435,2020-08-26 08:30:00,08:30,U20,-0.0002177463263901558,1,0.0,0.0,2.828090533541757,0.0,0.0,0.0,0.0,0.0,0.0,0.0,0.0,0.0,0.0,0.0,0.0,0.0
1436,2020-08-28 08:30:00,08:30,U20,-0.0008580622621590095,2,0.0,0.0,0.0,0.0,0.0,0.0,-1.573986592497118,1.591843259388241,0.0,0.0,0.0,0.0,0.0,0.0,0.0,0.0
1437,2020-09-01 10:00:00,10:00,U20,0.0024942111630021913,1,0.0,0.0,0.0,0.8828613415740165,0.0,0.0,0.0,0.0,0.0,0.0,0.0,0.0,0.0,0.0,0.0,0.0
1438,2020-09-03 10:00:00,10:00,U20,-0.008688642941214297,1,0.0,0.0,0.0,0.0,0.0,0.0,0.0,0.0,0.0,0.0,0.0,0.0,0.0,0.0,0.0,-0.04634642816580038
1439,2020-09-04 08:30:00,08:30,U20,0.0029616809310848424,2,0.0,0.0,0.0,0.0,0.0,0.0,0.0,0.0,0.0,-0.03667078162635107,-2.728723990917468,0.0,0.0,0.0,0.0,0.0
1440,2020-09-10 08:30:00,08:30,U20,0.00382212887204858,1,0.0,0.0,0.0,0.0,0.0,0.32881048015322667,0.0,0.0,0.0,0.0,0.0,0.0,0.0,0.0,0.0,0.0
1441,2020-09-11 08:30:00,08:30,U20,-0.0016376362153280866,1,0.0,0.0,0.0,0.0,0.777373491878783,0.0,0.0,0.0,0.0,0.0,0.0,0.0,0.0,0.0,0.0,0.0
1442,2020-09-15 09:15:00,09:15,Z20,0.0008815103780985822,1,0.0,-1.2528061347286834,0.0,0.0,0.0,0.0,0.0,0.0,0.0,0.0,0.0,0.0,0.0,0.0,0.0,0.0
1443,2020-09-16 08:30:00,08:30,Z20,-0.001319164720431587,1,0.0,0.0,0.0,0.0,0.0,0.0,0.0,0.0,-0.3892945651342317,0.0,0.0,0.0,0.0,0.0,0.0,0.0
1444,2020-09-17 08:30:00,08:30,Z20,-0.0039068419339916005,2,0.0,0.0,0.0,0.0,0.0,0.0,0.0,0.0,0.0,0.0,0.0,-0.7752429527378678,-0.8323540905065396,0.0,0.0,0.0
1445,2020-09-22 10:00:00,10:00,Z20,0.005106523805814334,1,0.0,0.0,0.0,0.0,0.0,0.0,0.0,0.0,0.0,0.0,0.0,0.0,0.0,0.0,0.0,0.0
1446,2020-09-24 10:00:00,10:00,Z20,0.0,1,0.0,0.0,0.0,0.0,0.0,0.0,0.0,0.0,0.0,0.0,0.0,0.0,0.0,0.0,2.124686148926304,0.0
1447,2020-09-25 08:30:00,08:30,Z20,0.0015494270220965944,1,0.0,0.0,-0.4508550125936135,0.0,0.0,0.0,0.0,0.0,0.0,0.0,0.0,0.0,0.0,0.0,0.0,0.0
1448,2020-10-01 08:30:00,08:30,Z20,-0.0014055855837362685,2,0.0,0.0,0.0,0.0,0.0,0.0,0.0,1.0612288395921603,0.0,0.0,0.0,0.0,0.0,0.0,0.0,0.0
1449,2020-10-01 10:00:00,10:00,Z20,-0.002079157205519877,1,0.0,0.0,0.0,-0.5885742277160111,0.0,0.0,0.0,0.0,0.0,0.0,0.0,0.0,0.0,0.0,0.0,0.0
1450,2020-10-02 08:30:00,08:30,Z20,-0.003916847429998427,2,0.0,0.0,0.0,0.0,0.0,0.0,0.0,0.0,0.0,-0.2389923354269087,-0.5847265694823124,0.0,0.0,0.0,0.0,0.0
1451,2020-10-05 10:00:00,10:00,Z20,0.003261678206671448,1,0.0,0.0,0.0,0.0,0.0,0.0,0.0,0.0,0.0,0.0,0.0,0.0,0.0,0.0,0.0,0.6951964224869959
1452,2020-10-13 08:30:00,08:30,Z20,-0.001986520695846039,1,0.0,0.0,0.0,0.0,0.0,0.0,0.0,0.0,0.0,0.0,0.0,0.0,0.0,0.0,0.0,0.0
1453,2020-10-14 08:30:00,08:30,Z20,0.00178183290790912,1,0.0,0.0,0.0,0.0,0.0,0.6576209603064535,0.0,0.0,0.0,0.0,0.0,0.0,0.0,0.0,0.0,0.0
1454,2020-10-16 08:30:00,08:30,Z20,0.0016486868004612631,1,0.0,0.0,0.0,0.0,0.0,0.0,0.0,0.0,1.167883695402695,0.0,0.0,0.0,0.0,0.0,0.0,0.0
1455,2020-10-16 09:15:00,09:15,Z20,0.00021509231127936346,1,0.0,-2.2968112470025868,0.0,0.0,0.0,0.0,0.0,0.0,0.0,0.0,0.0,0.0,0.0,0.0,0.0,0.0
1456,2020-10-20 08:30:00,08:30,Z20,0.0013112845180458521,2,0.0,0.0,0.0,0.0,0.0,0.0,0.0,0.0,0.0,0.0,0.0,-0.5251645808869427,0.5493536997343161,0.0,0.0,0.0
1457,2020-10-22 10:00:00,10:00,Z20,-0.0049595317177946185,1,0.0,0.0,0.0,0.0,0.0,0.0,0.0,0.0,0.0,0.0,0.0,0.0,0.0,1.3010289678884268,0.0,0.0
1458,2020-10-26 10:00:00,10:00,Z20,-0.003143622137791624,1,0.0,0.0,0.0,0.0,0.0,0.0,0.0,0.0,0.0,0.0,0.0,0.0,0.0,0.0,-1.2088731536994488,0.0
1459,2020-10-27 08:30:00,08:30,Z20,-0.0022044244359396004,1,0.0,0.0,0.5738154705736898,0.0,0.0,0.0,0.0,0.0,0.0,0.0,0.0,0.0,0.0,0.0,0.0,0.0
1460,2020-10-29 08:30:00,08:30,Z20,0.0021426393259957877,1,3.141297564163974,0.0,0.0,0.0,0.0,0.0,0.0,0.0,0.0,0.0,0.0,0.0,0.0,0.0,0.0,0.0
1461,2020-10-30 08:30:00,08:30,Z20,0.0025201433781809612,2,0.0,0.0,0.0,0.0,0.0,0.0,0.0,2.1224576791843206,0.0,0.0,0.0,0.0,0.0,0.0,0.0,0.0
1462,2020-11-02 10:00:00,10:00,Z20,0.002794880393173216,1,0.0,0.0,0.0,2.0600097970060385,0.0,0.0,0.0,0.0,0.0,0.0,0.0,0.0,0.0,0.0,0.0,0.0
1463,2020-11-04 10:00:00,10:00,Z20,0.012020688946815739,1,0.0,0.0,0.0,0.0,0.0,0.0,0.0,0.0,0.0,0.0,0.0,0.0,0.0,0.0,0.0,-0.4171178534921969
1464,2020-11-06 08:30:00,08:30,Z20,0.007234729453744038,2,0.0,0.0,0.0,0.0,0.0,0.0,0.0,0.0,0.0,0.048051369027632435,-1.5592708519528382,0.0,0.0,0.0,0.0,0.0
1465,2020-11-12 08:30:00,08:30,Z20,0.002321574084328759,1,0.0,0.0,0.0,0.0,-0.777373491878783,0.0,0.0,0.0,0.0,0.0,0.0,0.0,0.0,0.0,0.0,0.0
1466,2020-11-13 08:30:00,08:30,Z20,-0.000281116032493145,1,0.0,0.0,0.0,0.0,0.0,0.32881048015322667,0.0,0.0,0.0,0.0,0.0,0.0,0.0,0.0,0.0,0.0
1467,2020-11-17 08:30:00,08:30,Z20,-0.0006946374272089884,1,0.0,0.0,0.0,0.0,0.0,0.0,0.0,0.0,-0.19464728256711586,0.0,0.0,0.0,0.0,0.0,0.0,0.0
1468,2020-11-17 09:15:00,09:15,Z20,-0.0016696817570380773,1,0.0,0.20880102245478077,0.0,0.0,0.0,0.0,0.0,0.0,0.0,0.0,0.0,0.0,0.0,0.0,0.0,0.0
1469,2020-11-18 08:30:00,08:30,Z20,6.916346788443661e-05,2,0.0,0.0,0.0,0.0,0.0,0.0,0.0,0.0,0.0,0.0,0.0,0.8752743014782379,-0.2497062271519619,0.0,0.0,0.0
1470,2020-11-19 10:00:00,10:00,Z20,-0.00309227880113383,1,0.0,0.0,0.0,0.0,0.0,0.0,0.0,0.0,0.0,0.0,0.0,0.0,0.0,2.168381613147378,0.0,0.0
1471,2020-11-25 10:00:00,10:00,Z20,-0.0001380071765932911,3,0.0,0.0,0.0,0.0,0.0,0.0,0.0,1.0612288395921605,0.0,0.0,0.0,0.0,0.0,0.0,0.531171537231576,0.0
1472,2020-12-01 10:00:00,10:00,Z20,0.0022498731154119156,1,0.0,0.0,0.0,-0.29428711385800554,0.0,0.0,0.0,0.0,0.0,0.0,0.0,0.0,0.0,0.0,0.0,0.0
1473,2020-12-03 10:00:00,10:00,Z20,0.0020420672809944307,1,0.0,0.0,0.0,0.0,0.0,0.0,0.0,0.0,0.0,0.0,0.0,0.0,0.0,0.0,0.0,-0.04634642816580038
1474,2020-12-04 08:30:00,08:30,Z20,-0.0004082188109499896,2,0.0,0.0,0.0,0.0,0.0,0.0,0.0,0.0,0.0,-0.2832501753207807,-0.19490885649410414,0.0,0.0,0.0,0.0,0.0
1475,2020-12-10 08:30:00,08:30,Z20,-0.0030058773828010033,1,0.0,0.0,0.0,0.0,0.7773734918787812,0.0,0.0,0.0,0.0,0.0,0.0,0.0,0.0,0.0,0.0,0.0
1476,2020-12-11 08:30:00,08:30,Z20,0.0012350763200288384,1,0.0,0.0,0.0,0.0,0.0,-0.3288104801532267,0.0,0.0,0.0,0.0,0.0,0.0,0.0,0.0,0.0,0.0
1477,2020-12-15 09:15:00,09:15,H21,0.00013640703881456773,1,0.0,0.20880102245478066,0.0,0.0,0.0,0.0,0.0,0.0,0.0,0.0,0.0,0.0,0.0,0.0,0.0,0.0
1478,2020-12-16 08:30:00,08:30,H21,-0.0005414551739715279,1,0.0,0.0,0.0,0.0,0.0,0.0,0.0,0.0,-0.7785891302684634,0.0,0.0,0.0,0.0,0.0,0.0,0.0
1479,2020-12-17 08:30:00,08:30,H21,-0.0008081352719440105,2,0.0,0.0,0.0,0.0,0.0,0.0,0.0,0.0,0.0,0.0,0.0,0.21256661607328634,1.4815902811016406,0.0,0.0,0.0
1480,2020-12-22 10:00:00,10:00,H21,0.00033927057153171347,1,0.0,0.0,0.0,0.0,0.0,0.0,0.0,0.0,0.0,0.0,0.0,0.0,0.0,-0.05420954032868445,0.0,0.0
1481,2020-12-23 08:30:00,08:30,H21,0.0006782420227438024,3,0.0,0.0,0.1229604579800764,0.0,0.0,0.0,-1.5739865924971175,-0.5306144197960804,0.0,0.0,0.0,0.0,0.0,0.0,0.0,0.0
1482,2020-12-23 10:00:00,10:00,H21,-0.0007446772845227656,1,0.0,0.0,0.0,0.0,0.0,0.0,0.0,0.0,0.0,0.0,0.0,0.0,0.0,0.0,-2.820704025298714,0.0
1483,2021-01-05 10:00:00,10:00,H21,-0.0019579387141295257,1,0.0,0.0,0.0,2.4131543336356462,0.0,0.0,0.0,0.0,0.0,0.0,0.0,0.0,0.0,0.0,0.0,0.0
1484,2021-01-07 10:00:00,10:00,H21,0.005548963901235382,1,0.0,0.0,0.0,0.0,0.0,0.0,0.0,0.0,0.0,0.0,0.0,0.0,0.0,0.0,0.0,1.2050071323107936
1485,2021-01-08 08:30:00,08:30,H21,-0.0007880221053966352,2,0.0,0.0,0.0,0.0,0.0,0.0,0.0,0.0,0.0,-0.26681154907448534,-0.19490885649410414,0.0,0.0,0.0,0.0,0.0
1486,2021-01-13 08:30:00,08:30,H21,0.0009246417672184037,1,0.0,0.0,0.0,0.0,0.7773734918787812,0.0,0.0,0.0,0.0,0.0,0.0,0.0,0.0,0.0,0.0,0.0
1487,2021-01-15 08:30:00,08:30,H21,-0.002052641012047829,2,0.0,0.0,0.0,0.0,0.0,-0.32881048015322684,0.0,0.0,-0.4866182064177896,0.0,0.0,0.0,0.0,0.0,0.0,0.0
1488,2021-01-15 09:15:00,09:15,H21,0.001987150418754524,1,0.0,2.2968112470025868,0.0,0.0,0.0,0.0,0.0,0.0,0.0,0.0,0.0,0.0,0.0,0.0,0.0,0.0
1489,2021-01-21 08:30:00,08:30,H21,-0.002013183782187511,2,0.0,0.0,0.0,0.0,0.0,0.0,0.0,0.0,0.0,0.0,0.0,1.3629271265875418,1.7479435900637332,0.0,0.0,0.0
1490,2021-01-22 10:00:00,10:00,H21,-0.0007180391313426071,1,0.0,0.0,0.0,0.0,0.0,0.0,0.0,0.0,0.0,0.0,0.0,0.0,0.0,1.1384003469023734,0.0,0.0
1491,2021-01-27 08:30:00,08:30,H21,-0.0003285259072232094,1,0.0,0.0,-0.2869077352868449,0.0,0.0,0.0,0.0,0.0,0.0,0.0,0.0,0.0,0.0,0.0,0.0,0.0
1492,2021-01-28 08:30:00,08:30,H21,0.00886524719659576,1,0.0,0.0,0.0,0.0,0.0,0.0,0.0,0.0,0.0,0.0,0.0,0.0,0.0,0.0,0.0,0.0
1493,2021-01-28 10:00:00,10:00,H21,0.0029018024714773105,1,0.0,0.0,0.0,0.0,0.0,0.0,0.0,0.0,0.0,0.0,0.0,0.0,0.0,0.0,-0.4212739778043534,0.0
1494,2021-01-29 08:30:00,08:30,H21,0.003925879214706995,2,0.0,0.0,0.0,0.0,0.0,0.0,1.573986592497118,0.0,0.0,0.0,0.0,0.0,0.0,0.0,0.0,0.0
1495,2021-02-01 10:00:00,10:00,H21,0.00348525821964607,1,0.0,0.0,0.0,-0.7651464960308126,0.0,0.0,0.0,0.0,0.0,0.0,0.0,0.0,0.0,0.0,0.0,0.0
1496,2021-02-03 10:00:00,10:00,H21,-0.003141569440266778,1,0.0,0.0,0.0,0.0,0.0,0.0,0.0,0.0,0.0,0.0,0.0,0.0,0.0,0.0,0.0,0.8805821351501975
1497,2021-02-05 08:30:00,08:30,H21,-0.0003220715670853025,2,0.0,0.0,0.0,0.0,0.0,0.0,0.0,0.0,0.0,-0.0012645097112534852,-0.77963542597642,0.0,0.0,0.0,0.0,0.0
1498,2021-02-10 08:30:00,08:30,H21,0.0018489596902515615,1,0.0,0.0,0.0,0.0,-0.777373491878783,0.0,0.0,0.0,0.0,0.0,0.0,0.0,0.0,0.0,0.0,0.0
1499,2021-02-17 08:30:00,08:30,H21,-0.0024233160255171526,2,0.0,0.0,0.0,0.0,0.0,2.9592943213790406,0.0,0.0,4.087592933909432,0.0,0.0,0.0,0.0,0.0,0.0,0.0
1500,2021-02-17 09:15:00,09:15,H21,-0.0007031674787114639,1,0.0,0.8352040898191224,0.0,0.0,0.0,0.0,0.0,0.0,0.0,0.0,0.0,0.0,0.0,0.0,0.0,0.0
1501,2021-02-18 08:30:00,08:30,H21,-0.002881016109730794,2,0.0,0.0,0.0,0.0,0.0,0.0,0.0,0.0,0.0,0.0,0.0,-0.9753056502186079,3.379357607456551,0.0,0.0,0.0
1502,2021-02-19 10:00:00,10:00,H21,0.0,1,0.0,0.0,0.0,0.0,0.0,0.0,0.0,0.0,0.0,0.0,0.0,0.0,0.0,0.4336763226294756,0.0,0.0
1503,2021-02-24 10:00:00,10:00,H21,0.0011624153714446805,1,0.0,0.0,0.0,0.0,0.0,0.0,0.0,0.0,0.0,0.0,0.0,0.0,0.0,0.0,1.245505673508523,0.0
1504,2021-02-25 08:30:00,08:30,H21,0.0005117380013164308,1,0.0,0.0,0.9426968445139189,0.0,0.0,0.0,0.0,0.0,0.0,0.0,0.0,0.0,0.0,0.0,0.0,0.0
1505,2021-02-26 08:30:00,08:30,H21,0.005932414151970988,2,0.0,0.0,0.0,0.0,0.0,0.0,0.0,-1.0612288395921614,0.0,0.0,0.0,0.0,0.0,0.0,0.0,0.0
1506,2021-03-01 10:00:00,10:00,H21,0.003094979580604118,1,0.0,0.0,0.0,1.1771484554320222,0.0,0.0,0.0,0.0,0.0,0.0,0.0,0.0,0.0,0.0,0.0,0.0
1507,2021-03-03 10:00:00,10:00,H21,-0.006363657838848624,1,0.0,0.0,0.0,0.0,0.0,0.0,0.0,0.0,0.0,0.0,0.0,0.0,0.0,0.0,0.0,-1.5757785576371934
1508,2021-03-05 08:30:00,08:30,H21,0.003630007616035158,2,0.0,0.0,0.0,0.0,0.0,0.0,0.0,0.0,0.0,0.24910841311693657,-0.19490885649410414,0.0,0.0,0.0,0.0,0.0
1509,2021-03-10 08:30:00,08:30,H21,0.004701950629117491,1,0.0,0.0,0.0,0.0,0.0,0.0,0.0,0.0,0.0,0.0,0.0,0.0,0.0,0.0,0.0,0.0
1510,2021-03-12 08:30:00,08:30,H21,-0.0008284212677072134,1,0.0,0.0,0.0,0.0,0.0,0.0,0.0,0.0,0.0,0.0,0.0,0.0,0.0,0.0,0.0,0.0
1511,2021-03-16 08:30:00,08:30,M21,-0.0005678771014210326,1,0.0,0.0,0.0,0.0,0.0,0.0,0.0,0.0,-2.433091032088948,0.0,0.0,0.0,0.0,0.0,0.0,0.0
1512,2021-03-16 09:15:00,09:15,M21,0.0010721832568236778,1,0.0,-5.220025561369515,0.0,0.0,0.0,0.0,0.0,0.0,0.0,0.0,0.0,0.0,0.0,0.0,0.0,0.0
1513,2021-03-17 08:30:00,08:30,M21,-0.0001268713526183518,2,0.0,0.0,0.0,0.0,0.0,0.0,0.0,0.0,0.0,0.0,0.0,-1.7380446843639294,-1.132001563088894,0.0,0.0,0.0
1514,2021-03-22 10:00:00,10:00,M21,-0.00012763241880797693,1,0.0,0.0,0.0,0.0,0.0,0.0,0.0,0.0,0.0,0.0,0.0,0.0,0.0,-1.5178671292031645,0.0,0.0
1515,2021-03-23 10:00:00,10:00,M21,0.0015913940784955116,1,0.0,0.0,0.0,0.0,0.0,0.0,0.0,0.0,0.0,0.0,0.0,0.0,0.0,0.0,-1.8316259904537102,0.0
1516,2021-03-24 08:30:00,08:30,M21,-0.000830114028703477,1,0.0,0.0,-0.7787495672071505,0.0,0.0,0.0,0.0,0.0,0.0,0.0,0.0,0.0,0.0,0.0,0.0,0.0
1517,2021-03-26 09:30:00,09:30,M21,0.0014045842825076704,2,0.0,0.0,0.0,0.0,0.0,0.0,-1.573986592497117,-1.0612288395921603,0.0,0.0,0.0,0.0,0.0,0.0,0.0,0.0
1518,2021-04-01 10:00:00,10:00,M21,0.0018787580676562499,1,0.0,0.0,0.0,2.001152374234441,0.0,0.0,0.0,0.0,0.0,0.0,0.0,0.0,0.0,0.0,0.0,0.0
1519,2021-04-02 08:30:00,08:30,M21,0.0017380513375915285,2,0.0,0.0,0.0,0.0,0.0,0.0,0.0,0.0,0.0,0.3401531123271875,0.0,0.0,0.0,0.0,0.0,0.0
1520,2021-04-05 10:00:00,10:00,M21,0.0020353416222409493,1,0.0,0.0,0.0,0.0,0.0,0.0,0.0,0.0,0.0,0.0,0.0,0.0,0.0,0.0,0.0,2.1782821237925885
1521,2021-04-09 08:30:00,08:30,M21,-0.0015291925786300453,1,0.0,0.0,0.0,0.0,0.0,1.6440524007661337,0.0,0.0,0.0,0.0,0.0,0.0,0.0,0.0,0.0,0.0
1522,2021-04-13 08:30:00,08:30,M21,0.0027934675358753935,1,0.0,0.0,0.0,0.0,0.777373491878783,0.0,0.0,0.0,0.0,0.0,0.0,0.0,0.0,0.0,0.0,0.0
1523,2021-04-15 08:30:00,08:30,M21,0.0,1,0.0,0.0,0.0,0.0,0.0,0.0,0.0,0.0,3.7956220100587594,0.0,0.0,0.0,0.0,0.0,0.0,0.0
1524,2021-04-15 09:15:00,09:15,M21,0.000724287815343061,1,0.0,-2.9232143143669282,0.0,0.0,0.0,0.0,0.0,0.0,0.0,0.0,0.0,0.0,0.0,0.0,0.0,0.0
1525,2021-04-16 08:30:00,08:30,M21,0.0004195259418455777,2,0.0,0.0,0.0,0.0,0.0,0.0,0.0,0.0,0.0,0.0,0.0,1.5754937426608282,0.2663533089620927,0.0,0.0,0.0
1526,2021-04-22 10:00:00,10:00,M21,0.001383334055137908,1,0.0,0.0,0.0,0.0,0.0,0.0,0.0,0.0,0.0,0.0,0.0,0.0,0.0,-0.9757717259163201,0.0,0.0
1527,2021-04-23 10:00:00,10:00,M21,0.0009046772427279137,1,0.0,0.0,0.0,0.0,0.0,0.0,0.0,0.0,0.0,0.0,0.0,0.0,0.0,0.0,2.472695087112509,0.0
1528,2021-04-26 08:30:00,08:30,M21,0.000299607516398126,1,0.0,0.0,-0.8197363865338426,0.0,0.0,0.0,0.0,0.0,0.0,0.0,0.0,0.0,0.0,0.0,0.0,0.0
1529,2021-04-29 08:30:00,08:30,M21,0.00047536990615348884,1,0.44875679488056847,0.0,0.0,0.0,0.0,0.0,0.0,0.0,0.0,0.0,0.0,0.0,0.0,0.0,0.0,0.0
1530,2021-04-30 08:30:00,08:30,M21,-0.001135786355172641,2,0.0,0.0,0.0,0.0,0.0,0.0,0.0,-0.5306144197960807,0.0,0.0,0.0,0.0,0.0,0.0,0.0,0.0
1531,2021-05-03 10:00:00,10:00,M21,-0.0004167534963421815,1,0.0,0.0,0.0,-2.530869179178846,0.0,0.0,0.0,0.0,0.0,0.0,0.0,0.0,0.0,0.0,0.0,0.0
1532,2021-05-05 10:00:00,10:00,M21,-0.0016202109818141963,1,0.0,0.0,0.0,0.0,0.0,0.0,0.0,0.0,0.0,0.0,0.0,0.0,0.0,0.0,0.0,-0.741542850652793
1533,2021-05-07 08:30:00,08:30,M21,0.0009510224207041063,2,0.0,0.0,0.0,0.0,0.0,0.0,0.0,0.0,0.0,-0.9003309144124814,0.5847265694823142,0.0,0.0,0.0,0.0,0.0
1534,2021-05-12 08:30:00,08:30,M21,-0.004425188320285045,1,0.0,0.0,0.0,0.0,4.664240951272695,0.0,0.0,0.0,0.0,0.0,0.0,0.0,0.0,0.0,0.0,0.0
1535,2021-05-13 08:30:00,08:30,M21,0.00018429216503434986,1,0.0,0.0,0.0,0.0,0.0,0.9864314404596801,0.0,0.0,0.0,0.0,0.0,0.0,0.0,0.0,0.0,0.0
1536,2021-05-14 08:30:00,08:30,M21,-0.0007863775622247715,1,0.0,0.0,0.0,0.0,0.0,0.0,0.0,0.0,-0.9732364128355793,0.0,0.0,0.0,0.0,0.0,0.0,0.0
1537,2021-05-14 09:15:00,09:15,M21,0.0028389376078425954,1,0.0,-0.6264030673643419,0.0,0.0,0.0,0.0,0.0,0.0,0.0,0.0,0.0,0.0,0.0,0.0,0.0,0.0
1538,2021-05-18 08:30:00,08:30,M21,-0.0009009280167315836,2,0.0,0.0,0.0,0.0,0.0,0.0,0.0,0.0,0.0,0.0,0.0,-1.763052521549022,-0.16647081810130793,0.0,0.0,0.0
1539,2021-05-21 10:00:00,10:00,M21,-0.0020351976377206427,1,0.0,0.0,0.0,0.0,0.0,0.0,0.0,0.0,0.0,0.0,0.0,0.0,0.0,-1.3010289678884268,0.0,0.0
1540,2021-05-25 10:00:00,10:00,M21,-0.0008336311069889746,1,0.0,0.0,0.0,0.0,0.0,0.0,0.0,0.0,0.0,0.0,0.0,0.0,0.0,0.0,-1.95983980978547,0.0
1541,2021-05-27 08:30:00,08:30,M21,0.0022651416456689333,1,0.0,0.0,-0.8197363865338426,0.0,0.0,0.0,0.0,0.0,0.0,0.0,0.0,0.0,0.0,0.0,0.0,0.0
1542,2021-05-28 08:30:00,08:30,M21,-0.00011877895251011239,2,0.0,0.0,0.0,0.0,0.0,0.0,0.0,-1.591843259388241,0.0,0.0,0.0,0.0,0.0,0.0,0.0,0.0
1543,2021-06-01 10:00:00,10:00,M21,-0.0014246707859069119,1,0.0,0.0,0.0,0.17657226831480582,0.0,0.0,0.0,0.0,0.0,0.0,0.0,0.0,0.0,0.0,0.0,0.0
1544,2021-06-03 10:00:00,10:00,M21,0.0015563273822571944,1,0.0,0.0,0.0,0.0,0.0,0.0,0.0,0.0,0.0,0.0,0.0,0.0,0.0,0.0,0.0,0.46346428165799725
1545,2021-06-04 08:30:00,08:30,M21,0.0030946879426743124,2,0.0,0.0,0.0,0.0,0.0,0.0,0.0,0.0,0.0,-0.11507038372406715,-0.19490885649410586,0.0,0.0,0.0,0.0,0.0
1546,2021-06-10 08:30:00,08:30,M21,0.0026037058321435325,1,0.0,0.0,0.0,0.0,2.3321204756363456,0.0,0.0,0.0,0.0,0.0,0.0,0.0,0.0,0.0,0.0,0.0
1547,2021-06-15 08:30:00,08:30,U21,-0.0011766091485672092,2,0.0,0.0,0.0,0.0,0.0,0.6576209603064537,0.0,0.0,-0.48661820641778963,0.0,0.0,0.0,0.0,0.0,0.0,0.0
1548,2021-06-15 09:15:00,09:15,U21,-0.0008244509035399972,1,0.0,0.4176020449095613,0.0,0.0,0.0,0.0,0.0,0.0,0.0,0.0,0.0,0.0,0.0,0.0,0.0,0.0
1549,2021-06-16 08:30:00,08:30,U21,0.0007671653617542518,2,0.0,0.0,0.0,0.0,0.0,0.0,0.0,0.0,0.0,0.0,0.0,-0.7252272783676829,-0.8157070086964089,0.0,0.0,0.0
1550,2021-06-22 10:00:00,10:00,U21,0.002195260307875202,1,0.0,0.0,0.0,0.0,0.0,0.0,0.0,0.0,0.0,0.0,0.0,0.0,0.0,0.4336763226294756,0.0,0.0
1551,2021-06-23 10:00:00,10:00,U21,0.0005306447458028885,1,0.0,0.0,0.0,0.0,0.0,0.0,0.0,0.0,0.0,0.0,0.0,0.0,0.0,0.0,-1.8499422503582474,0.0
1552,2021-06-24 08:30:00,08:30,U21,-0.0007055503585249312,1,0.0,0.0,-0.20493409663346066,0.0,0.0,0.0,0.0,0.0,0.0,0.0,0.0,0.0,0.0,0.0,0.0,0.0
1553,2021-06-25 08:30:00,08:30,U21,0.0007625751946012116,2,0.0,0.0,0.0,0.0,0.0,0.0,-1.573986592497117,-1.591843259388241,0.0,0.0,0.0,0.0,0.0,0.0,0.0,0.0
1554,2021-07-01 10:00:00,10:00,U21,0.0004071542880144108,1,0.0,0.0,0.0,-0.23542969108640358,0.0,0.0,0.0,0.0,0.0,0.0,0.0,0.0,0.0,0.0,0.0,0.0
1555,2021-07-02 08:30:00,08:30,U21,0.0019101096885023594,2,0.0,0.0,0.0,0.0,0.0,0.0,0.0,0.0,0.0,0.18967645668802277,0.38981771298821,0.0,0.0,0.0,0.0,0.0
1556,2021-07-06 10:00:00,10:00,U21,-0.002193489681141969,1,0.0,0.0,0.0,0.0,0.0,0.0,0.0,0.0,0.0,0.0,0.0,0.0,0.0,0.0,0.0,-1.57577855763719
1557,2021-07-13 08:30:00,08:30,U21,-0.004064231817244135,1,0.0,0.0,0.0,0.0,3.8868674593939114,0.0,0.0,0.0,0.0,0.0,0.0,0.0,0.0,0.0,0.0,0.0
1558,2021-07-14 08:30:00,08:30,U21,0.002172422532861873,1,0.0,0.0,0.0,0.0,0.0,1.315241920612907,0.0,0.0,0.0,0.0,0.0,0.0,0.0,0.0,0.0,0.0
1559,2021-07-15 09:15:00,09:15,U21,-0.0008614996368923045,1,0.0,-0.4176020449095611,0.0,0.0,0.0,0.0,0.0,0.0,0.0,0.0,0.0,0.0,0.0,0.0,0.0,0.0
1560,2021-07-16 08:30:00,08:30,U21,0.00034374105179502124,1,0.0,0.0,0.0,0.0,0.0,0.0,0.0,0.0,0.9732364128355793,0.0,0.0,0.0,0.0,0.0,0.0,0.0
1561,2021-07-20 08:30:00,08:30,U21,-0.0012879055755163904,2,0.0,0.0,0.0,0.0,0.0,0.0,0.0,0.0,0.0,0.0,0.0,0.6627076854049515,-1.698002344633341,0.0,0.0,0.0
1562,2021-07-22 10:00:00,10:00,U21,0.0012644406535518016,1,0.0,0.0,0.0,0.0,0.0,0.0,0.0,0.0,0.0,0.0,0.0,0.0,0.0,-0.2168381613147378,0.0,0.0
1563,2021-07-26 10:00:00,10:00,U21,-0.0009654429008971732,1,0.0,0.0,0.0,0.0,0.0,0.0,0.0,0.0,0.0,0.0,0.0,0.0,0.0,0.0,-2.2712162281626007,0.0
1564,2021-07-27 08:30:00,08:30,U21,0.000397174393146571,1,0.0,0.0,-0.5328286512469977,0.0,0.0,0.0,0.0,0.0,0.0,0.0,0.0,0.0,0.0,0.0,0.0,0.0
1565,2021-07-29 08:30:00,08:30,U21,0.00017035291486777737,1,-2.9917119658704494,0.0,0.0,0.0,0.0,0.0,0.0,0.0,0.0,0.0,0.0,0.0,0.0,0.0,0.0,0.0
1566,2021-07-30 08:30:00,08:30,U21,0.0009699045119191396,2,0.0,0.0,0.0,0.0,0.0,0.0,-1.573986592497117,1.0612288395921605,0.0,0.0,0.0,0.0,0.0,0.0,0.0,0.0
1567,2021-08-02 10:00:00,10:00,U21,0.0006236711754237234,1,0.0,0.0,0.0,-0.8240039188024146,0.0,0.0,0.0,0.0,0.0,0.0,0.0,0.0,0.0,0.0,0.0,0.0
1568,2021-08-04 10:00:00,10:00,U21,-0.0009090909717013318,1,0.0,0.0,0.0,0.0,0.0,0.0,0.0,0.0,0.0,0.0,0.0,0.0,0.0,0.0,0.0,1.6684714139687875
1569,2021-08-06 08:30:00,08:30,U21,0.00022606533384283978,2,0.0,0.0,0.0,0.0,0.0,0.0,0.0,0.0,0.0,0.09230920892150442,-0.5847265694823142,0.0,0.0,0.0,0.0,0.0
1570,2021-08-11 08:30:00,08:30,U21,0.002595205969978309,1,0.0,0.0,0.0,0.0,0.7773734918787865,0.0,0.0,0.0,0.0,0.0,0.0,0.0,0.0,0.0,0.0,0.0
1571,2021-08-12 08:30:00,08:30,U21,-0.0007320438426976494,1,0.0,0.0,0.0,0.0,0.0,1.315241920612907,0.0,0.0,0.0,0.0,0.0,0.0,0.0,0.0,0.0,0.0
1572,2021-08-17 08:30:00,08:30,U21,0.00022459292626741956,1,0.0,0.0,0.0,0.0,0.0,0.0,0.0,0.0,-0.7785891302684634,0.0,0.0,0.0,0.0,0.0,0.0,0.0
1573,2021-08-17 09:15:00,09:15,U21,0.0,1,0.0,0.8352040898191224,0.0,0.0,0.0,0.0,0.0,0.0,0.0,0.0,0.0,0.0,0.0,0.0,0.0,0.0
1574,2021-08-18 08:30:00,08:30,U21,-0.0004507550222818679,2,0.0,0.0,0.0,0.0,0.0,0.0,0.0,0.0,0.0,0.0,0.0,-0.8252586271080529,0.4161770452532698,0.0,0.0,0.0
1575,2021-08-23 10:00:00,10:00,U21,0.0011189438338785607,1,0.0,0.0,0.0,0.0,0.0,0.0,0.0,0.0,0.0,0.0,0.0,0.0,0.0,0.8673526452589512,0.0,0.0
1576,2021-08-24 10:00:00,10:00,U21,0.0005575690136083722,1,0.0,0.0,0.0,0.0,0.0,0.0,0.0,0.0,0.0,0.0,0.0,0.0,0.0,0.0,0.14653007923629682,0.0
1577,2021-08-25 08:30:00,08:30,U21,0.0008922597067542171,1,0.0,0.0,0.08197363865338425,0.0,0.0,0.0,0.0,0.0,0.0,0.0,0.0,0.0,0.0,0.0,0.0,0.0
1578,2021-08-27 08:30:00,08:30,U21,0.0003349522724338527,2,0.0,0.0,0.0,0.0,0.0,0.0,0.0,0.0,0.0,0.0,0.0,0.0,0.0,0.0,0.0,0.0
1579,2021-09-01 10:00:00,10:00,U21,-5.521963611698766e-05,1,0.0,0.0,0.0,0.7651464960308126,0.0,0.0,0.0,0.0,0.0,0.0,0.0,0.0,0.0,0.0,0.0,0.0
1580,2021-09-03 08:30:00,08:30,U21,-0.0007708402540043124,2,0.0,0.0,0.0,0.0,0.0,0.0,0.0,0.0,0.0,-0.6512225012955448,0.0,0.0,0.0,0.0,0.0,0.0
1581,2021-09-03 10:00:00,10:00,U21,0.0013258205455528582,1,0.0,0.0,0.0,0.0,0.0,0.0,0.0,0.0,0.0,0.0,0.0,0.0,0.0,0.0,0.0,0.09269285633160076
1582,2021-09-10 08:30:00,08:30,U21,0.0002217049116719494,1,0.0,0.0,0.0,0.0,0.0,0.32881048015322667,0.0,0.0,0.0,0.0,0.0,0.0,0.0,0.0,0.0,0.0
1583,2021-09-14 08:30:00,08:30,Z21,0.0040306833946388565,1,0.0,0.0,0.0,0.0,0.0,0.0,0.0,0.0,0.0,0.0,0.0,0.0,0.0,0.0,0.0,0.0
1584,2021-09-15 09:15:00,09:15,Z21,-0.0010701513313957633,1,0.0,0.0,0.0,0.0,0.0,0.0,0.0,0.0,0.0,0.0,0.0,0.0,0.0,0.0,0.0,0.0
1585,2021-09-16 08:30:00,08:30,Z21,0.0022963408673852825,1,0.0,0.0,0.0,0.0,0.0,0.0,0.0,0.0,1.4598546192533688,0.0,0.0,0.0,0.0,0.0,0.0,0.0
1586,2021-09-21 08:30:00,08:30,Z21,-0.0018291990924073076,2,0.0,0.0,0.0,0.0,0.0,0.0,0.0,0.0,0.0,0.0,0.0,0.7502351155527753,2.1308264716967416,0.0,0.0,0.0
1587,2021-09-22 10:00:00,10:00,Z21,0.0032001855987324745,1,0.0,0.0,0.0,0.0,0.0,0.0,0.0,0.0,0.0,0.0,0.0,0.0,0.0,-0.05420954032868445,0.0,0.0
1588,2021-09-24 10:00:00,10:00,Z21,0.0010146562313586571,1,0.0,0.0,0.0,0.0,0.0,0.0,0.0,0.0,0.0,0.0,0.0,0.0,0.0,0.0,0.47622275751796467,0.0
1589,2021-09-27 08:30:00,08:30,Z21,0.0006204348883418476,1,0.0,0.0,0.4508550125936135,0.0,0.0,0.0,0.0,0.0,0.0,0.0,0.0,0.0,0.0,0.0,0.0,0.0
1590,2021-10-01 08:30:00,08:30,Z21,-0.001448981619615708,2,0.0,0.0,0.0,0.0,0.0,0.0,1.573986592497118,0.0,0.0,0.0,0.0,0.0,0.0,0.0,0.0,0.0
1591,2021-10-01 10:00:00,10:00,Z21,-0.003439534681909606,1,0.0,0.0,0.0,0.8828613415740165,0.0,0.0,0.0,0.0,0.0,0.0,0.0,0.0,0.0,0.0,0.0,0.0
1592,2021-10-05 10:00:00,10:00,Z21,0.0053078068419463165,1,0.0,0.0,0.0,0.0,0.0,0.0,0.0,0.0,0.0,0.0,0.0,0.0,0.0,0.0,0.0,0.8805821351501941
1593,2021-10-08 08:30:00,08:30,Z21,0.0005113200690907149,2,0.0,0.0,0.0,0.0,0.0,0.0,0.0,0.0,0.0,-0.38693997164356647,-0.5847265694823142,0.0,0.0,0.0,0.0,0.0
1594,2021-10-13 08:30:00,08:30,Z21,-0.0020718239455206344,1,0.0,0.0,0.0,0.0,0.7773734918787865,0.0,0.0,0.0,0.0,0.0,0.0,0.0,0.0,0.0,0.0,0.0
1595,2021-10-14 08:30:00,08:30,Z21,0.00017062420061364492,1,0.0,0.0,0.0,0.0,0.0,-0.32881048015322667,0.0,0.0,0.0,0.0,0.0,0.0,0.0,0.0,0.0,0.0
1596,2021-10-15 08:30:00,08:30,Z21,0.0004497666911138509,1,0.0,0.0,0.0,0.0,0.0,0.0,0.0,0.0,0.8759127715520213,0.0,0.0,0.0,0.0,0.0,0.0,0.0
1597,2021-10-18 09:15:00,09:15,Z21,0.0023052496784892185,1,0.0,-3.1320153368217087,0.0,0.0,0.0,0.0,0.0,0.0,0.0,0.0,0.0,0.0,0.0,0.0,0.0,0.0
1598,2021-10-19 08:30:00,08:30,Z21,-0.0009455213585756184,2,0.0,0.0,0.0,0.0,0.0,0.0,0.0,0.0,0.0,0.0,0.0,-0.8127547085155066,-1.5148844447219023,0.0,0.0,0.0
1599,2021-10-21 10:00:00,10:00,Z21,0.0011598046201086731,1,0.0,0.0,0.0,0.0,0.0,0.0,0.0,0.0,0.0,0.0,0.0,0.0,0.0,1.084190806573689,0.0,0.0
1600,2021-10-26 10:00:00,10:00,Z21,0.0012546026464974602,1,0.0,0.0,0.0,0.0,0.0,0.0,0.0,0.0,0.0,0.0,0.0,0.0,0.0,0.0,0.7326503961814841,0.0
1601,2021-10-27 08:30:00,08:30,Z21,0.0013685509184035993,1,0.0,0.0,0.28690773528684493,0.0,0.0,0.0,0.0,0.0,0.0,0.0,0.0,0.0,0.0,0.0,0.0,0.0
1602,2021-10-28 08:30:00,08:30,Z21,-0.0006031859366384396,1,-1.0470991880546576,0.0,0.0,0.0,0.0,0.0,0.0,0.0,0.0,0.0,0.0,0.0,0.0,0.0,0.0,0.0
1603,2021-10-29 08:30:00,08:30,Z21,-0.0012046874745728076,2,0.0,0.0,0.0,0.0,0.0,0.0,0.0,0.0,0.0,0.0,0.0,0.0,0.0,0.0,0.0,0.0
1604,2021-11-01 10:00:00,10:00,Z21,-0.0016860200333699282,1,0.0,0.0,0.0,0.17657226831480163,0.0,0.0,0.0,0.0,0.0,0.0,0.0,0.0,0.0,0.0,0.0,0.0
1605,2021-11-03 10:00:00,10:00,Z21,-5.413745501137157e-05,1,0.0,0.0,0.0,0.0,0.0,0.0,0.0,0.0,0.0,0.0,0.0,0.0,0.0,0.0,0.0,2.1782821237925885
1606,2021-11-05 08:30:00,08:30,Z21,0.0018126571045229412,2,0.0,0.0,0.0,0.0,0.0,0.0,0.0,0.0,0.0,0.1024252866115323,-0.19490885649410586,0.0,0.0,0.0,0.0,0.0
1607,2021-11-09 08:30:00,08:30,Z21,0.0011717711061116631,1,0.0,0.0,0.0,0.0,0.0,0.0,0.0,0.0,0.0,0.0,0.0,0.0,0.0,0.0,0.0,0.0
1608,2021-11-10 08:30:00,08:30,Z21,-0.0014998931459864195,1,0.0,0.0,0.0,0.0,3.109493967515132,0.0,0.0,0.0,0.0,0.0,0.0,0.0,0.0,0.0,0.0,0.0
1609,2021-11-16 08:30:00,08:30,Z21,-0.0009082895396446133,1,0.0,0.0,0.0,0.0,0.0,0.0,0.0,0.0,0.48661820641778963,0.0,0.0,0.0,0.0,0.0,0.0,0.0
1610,2021-11-16 09:15:00,09:15,Z21,0.002775555558192977,1,0.0,1.8792092020930256,0.0,0.0,0.0,0.0,0.0,0.0,0.0,0.0,0.0,0.0,0.0,0.0,0.0,0.0
1611,2021-11-17 08:30:00,08:30,Z21,0.0,2,0.0,0.0,0.0,0.0,0.0,0.0,0.0,0.0,0.0,0.0,0.0,-0.7002194411825903,0.19976498172156953,0.0,0.0,0.0
1612,2021-11-22 10:00:00,10:00,Z21,0.0015310300485591455,1,0.0,0.0,0.0,0.0,0.0,0.0,0.0,0.0,0.0,0.0,0.0,0.0,0.0,0.7589335646015822,0.0,0.0
1613,2021-11-24 08:30:00,08:30,Z21,-0.0018736120681310808,1,0.0,0.0,-0.2869077352868449,0.0,0.0,0.0,0.0,0.0,0.0,0.0,0.0,0.0,0.0,0.0,0.0,0.0
1614,2021-11-24 10:00:00,10:00,Z21,0.0032659646216828264,3,0.0,0.0,0.0,0.0,0.0,0.0,-1.573986592497117,1.0612288395921603,0.0,0.0,0.0,0.0,0.0,0.0,-1.0073942947495407,0.0
1615,2021-12-01 10:00:00,10:00,Z21,0.0025965610174463194,1,0.0,0.0,0.0,0.05885742277160194,0.0,0.0,0.0,0.0,0.0,0.0,0.0,0.0,0.0,0.0,0.0,0.0
1616,2021-12-03 08:30:00,08:30,Z21,0.0014166623630114117,2,0.0,0.0,0.0,0.0,0.0,0.0,0.0,0.0,0.0,-0.42993330182618494,-0.5847265694823142,0.0,0.0,0.0,0.0,0.0
1617,2021-12-03 10:00:00,10:00,Z21,-0.0023038956981782377,1,0.0,0.0,0.0,0.0,0.0,0.0,0.0,0.0,0.0,0.0,0.0,0.0,0.0,0.0,0.0,1.9002035547977862
1618,2021-12-10 08:30:00,08:30,Z21,0.0041560162122245,1,0.0,0.0,0.0,0.0,0.0,0.0,0.0,0.0,0.0,0.0,0.0,0.0,0.0,0.0,0.0,0.0
1619,2021-12-14 08:30:00,08:30,H22,-0.0036105985927665785,1,0.0,0.0,0.0,0.0,0.0,0.9864314404596803,0.0,0.0,0.0,0.0,0.0,0.0,0.0,0.0,0.0,0.0
1620,2021-12-15 08:30:00,08:30,H22,-0.000864444378214202,1,0.0,0.0,0.0,0.0,0.0,0.0,0.0,0.0,-0.48661820641778963,0.0,0.0,0.0,0.0,0.0,0.0,0.0
1621,2021-12-16 08:30:00,08:30,H22,-0.0016922267390970802,2,0.0,0.0,0.0,0.0,0.0,0.0,0.0,0.0,0.0,0.0,0.0,1.3879349637726344,0.8157070086964089,0.0,0.0,0.0
1622,2021-12-16 09:15:00,09:15,H22,-0.0013253109793645024,1,0.0,-0.4176020449095611,0.0,0.0,0.0,0.0,0.0,0.0,0.0,0.0,0.0,0.0,0.0,0.0,0.0,0.0
1623,2021-12-22 10:00:00,10:00,H22,0.0010213132825303006,1,0.0,0.0,0.0,0.0,0.0,0.0,0.0,0.0,0.0,0.0,0.0,0.0,0.0,-0.3252572419721067,0.0,0.0
1624,2021-12-23 08:30:00,08:30,H22,0.0002660919097152714,3,0.0,0.0,0.36888137394022913,0.0,0.0,0.0,0.0,-1.0612288395921605,0.0,0.0,0.0,0.0,0.0,0.0,0.0,0.0
1625,2021-12-23 10:00:00,10:00,H22,0.0016441701972222944,1,0.0,0.0,0.0,0.0,0.0,0.0,0.0,0.0,0.0,0.0,0.0,0.0,0.0,0.0,-0.47622275751796467,0.0
1626,2022-01-04 10:00:00,10:00,H22,-0.0003121748204328867,1,0.0,0.0,0.0,-0.7651464960308126,0.0,0.0,0.0,0.0,0.0,0.0,0.0,0.0,0.0,0.0,0.0,0.0
1627,2022-01-06 10:00:00,10:00,H22,0.0006397611776556289,1,0.0,0.0,0.0,0.0,0.0,0.0,0.0,0.0,0.0,0.0,0.0,0.0,0.0,0.0,0.0,-2.270974980124189
1628,2022-01-07 08:30:00,08:30,H22,-0.0022946193264097303,2,0.0,0.0,0.0,0.0,0.0,0.0,0.0,0.0,0.0,-0.25416645196195053,-0.3898177129882091,0.0,0.0,0.0,0.0,0.0
1629,2022-01-12 08:30:00,08:30,H22,0.0022232818432286194,1,0.0,0.0,0.0,0.0,0.0,0.0,0.0,0.0,0.0,0.0,0.0,0.0,0.0,0.0,0.0,0.0
1630,2022-01-13 08:30:00,08:30,H22,0.0013229265059457873,1,0.0,0.0,0.0,0.0,0.0,-0.6576209603064535,0.0,0.0,0.0,0.0,0.0,0.0,0.0,0.0,0.0,0.0
1631,2022-01-14 08:30:00,08:30,H22,-0.0028692870834294837,1,0.0,0.0,0.0,0.0,0.0,0.0,0.0,0.0,-1.7518255431040426,0.0,0.0,0.0,0.0,0.0,0.0,0.0
1632,2022-01-14 09:15:00,09:15,H22,0.004376374599798893,1,0.0,-0.8352040898191224,0.0,0.0,0.0,0.0,0.0,0.0,0.0,0.0,0.0,0.0,0.0,0.0,0.0,0.0
1633,2022-01-19 08:30:00,08:30,H22,-0.0002721755004415627,2,0.0,0.0,0.0,0.0,0.0,0.0,0.0,0.0,0.0,0.0,0.0,0.6502037668124053,2.8632980713424967,0.0,0.0,0.0
1634,2022-01-20 10:00:00,10:00,H22,0.001421775270946668,1,0.0,0.0,0.0,0.0,0.0,0.0,0.0,0.0,0.0,0.0,0.0,0.0,0.0,-1.4094480485457956,0.0,0.0
1635,2022-01-26 10:00:00,10:00,H22,-0.008226763370949186,1,0.0,0.0,0.0,0.0,0.0,0.0,0.0,0.0,0.0,0.0,0.0,0.0,0.0,0.0,0.9341292551313922,0.0
1636,2022-01-27 08:30:00,08:30,H22,0.00303177877164984,2,2.0941983761093153,0.0,-0.16394727730676853,0.0,0.0,0.0,0.0,0.0,0.0,0.0,0.0,0.0,0.0,0.0,0.0,0.0
1637,2022-01-28 08:30:00,08:30,H22,0.007860073653331412,2,0.0,0.0,0.0,0.0,0.0,0.0,0.0,0.5306144197960807,0.0,0.0,0.0,0.0,0.0,0.0,0.0,0.0
1638,2022-02-01 10:00:00,10:00,H22,-0.0011671531129042734,1,0.0,0.0,0.0,0.05885742277160194,0.0,0.0,0.0,0.0,0.0,0.0,0.0,0.0,0.0,0.0,0.0,0.0
1639,2022-02-03 10:00:00,10:00,H22,0.005308866088169495,1,0.0,0.0,0.0,0.0,0.0,0.0,0.0,0.0,0.0,0.0,0.0,0.0,0.0,0.0,0.0,0.18538571266319825
1640,2022-02-04 08:30:00,08:30,H22,-0.006612150057055288,2,0.0,0.0,0.0,0.0,0.0,0.0,0.0,0.0,0.0,0.4008495784673548,0.194908856494105,0.0,0.0,0.0,0.0,0.0
1641,2022-02-10 08:30:00,08:30,H22,-0.00971707571660474,1,0.0,0.0,0.0,0.0,1.554746983757566,0.0,0.0,0.0,0.0,0.0,0.0,0.0,0.0,0.0,0.0,0.0
1642,2022-02-15 08:30:00,08:30,H22,-0.003089976896061941,1,0.0,0.0,0.0,0.0,0.0,1.6440524007661337,0.0,0.0,0.0,0.0,0.0,0.0,0.0,0.0,0.0,0.0
1643,2022-02-16 08:30:00,08:30,H22,-0.0030894561857444103,1,0.0,0.0,0.0,0.0,0.0,0.0,0.0,0.0,1.7518255431040426,0.0,0.0,0.0,0.0,0.0,0.0,0.0
1644,2022-02-16 09:15:00,09:15,H22,0.0008439531263011446,1,0.0,2.088010224547806,0.0,0.0,0.0,0.0,0.0,0.0,0.0,0.0,0.0,0.0,0.0,0.0,0.0,0.0
1645,2022-02-17 08:30:00,08:30,H22,-0.0024191972191331956,2,0.0,0.0,0.0,0.0,0.0,0.0,0.0,0.0,0.0,0.0,0.0,-0.7752429527378678,2.3139443716081805,0.0,0.0,0.0
1646,2022-02-18 10:00:00,10:00,H22,-0.004856181166200457,1,0.0,0.0,0.0,0.0,0.0,0.0,0.0,0.0,0.0,0.0,0.0,0.0,0.0,2.168381613147378,0.0,0.0
1647,2022-02-24 10:00:00,10:00,H22,0.00042172486090663597,1,0.0,0.0,0.0,0.0,0.0,0.0,0.0,0.0,0.0,0.0,0.0,0.0,0.0,0.0,-0.09158129952268551,0.0
1648,2022-02-25 08:30:00,08:30,H22,-0.0009296921064763097,3,0.0,0.0,0.32789455461353706,0.0,0.0,0.0,0.0,1.591843259388241,0.0,0.0,0.0,0.0,0.0,0.0,0.0,0.0
1649,2022-03-01 10:00:00,10:00,H22,0.00011496895850804378,1,0.0,0.0,0.0,0.3531445366296075,0.0,0.0,0.0,0.0,0.0,0.0,0.0,0.0,0.0,0.0,0.0,0.0
1650,2022-03-03 10:00:00,10:00,H22,-0.004898619957547368,1,0.0,0.0,0.0,0.0,0.0,0.0,0.0,0.0,0.0,0.0,0.0,0.0,0.0,0.0,0.0,-2.0855892674609877
1651,2022-03-04 08:30:00,08:30,H22,-5.7848610204302986e-05,2,0.0,0.0,0.0,0.0,0.0,0.0,0.0,0.0,0.0,0.3515336997284689,-0.194908856494105,0.0,0.0,0.0,0.0,0.0
1652,2022-03-10 08:30:00,08:30,H22,-0.001124160695850307,1,0.0,0.0,0.0,0.0,0.0,0.0,0.0,0.0,0.0,0.0,0.0,0.0,0.0,0.0,0.0,0.0
1653,2022-03-15 08:30:00,08:30,M22,0.0029891813971421044,1,0.0,0.0,0.0,0.0,0.0,-0.32881048015322667,0.0,0.0,0.0,0.0,0.0,0.0,0.0,0.0,0.0,0.0
1654,2022-03-16 08:30:00,08:30,M22,-0.0024990568900662424,1,0.0,0.0,0.0,0.0,0.0,0.0,0.0,0.0,-0.09732364128355796,0.0,0.0,0.0,0.0,0.0,0.0,0.0
1655,2022-03-17 08:30:00,08:30,M22,-0.0005770673597726983,2,0.0,0.0,0.0,0.0,0.0,0.0,0.0,0.0,0.0,0.0,0.0,0.9878095688111542,0.14982373629117715,0.0,0.0,0.0
1656,2022-03-17 09:15:00,09:15,M22,0.002940415506106575,1,0.0,0.0,0.0,0.0,0.0,0.0,0.0,0.0,0.0,0.0,0.0,0.0,0.0,0.0,0.0,0.0
1657,2022-03-18 10:00:00,10:00,M22,0.0027843300085823586,1,0.0,0.0,0.0,0.0,0.0,0.0,0.0,0.0,0.0,0.0,0.0,0.0,0.0,-0.4336763226294756,0.0,0.0
1658,2022-03-23 10:00:00,10:00,M22,0.0028470167442655736,1,0.0,0.0,0.0,0.0,0.0,0.0,0.0,0.0,0.0,0.0,0.0,0.0,0.0,0.0,-0.6960178763724099,0.0
1659,2022-03-24 08:30:00,08:30,M22,0.0004476275813338759,1,0.0,0.0,-0.6967759285537662,0.0,0.0,0.0,0.0,0.0,0.0,0.0,0.0,0.0,0.0,0.0,0.0,0.0
1660,2022-03-31 08:30:00,08:30,M22,-0.0002718351608343994,2,0.0,0.0,0.0,0.0,0.0,0.0,0.0,-1.0612288395921605,0.0,0.0,0.0,0.0,0.0,0.0,0.0,0.0
1661,2022-04-01 08:30:00,08:30,M22,-0.002254172546448885,2,0.0,0.0,0.0,0.0,0.0,0.0,0.0,0.0,0.0,-0.07460607296395562,-0.194908856494105,0.0,0.0,0.0,0.0,0.0
1662,2022-04-01 10:00:00,10:00,M22,-0.0013258937912823399,1,0.0,0.0,0.0,-1.11829103266042,0.0,0.0,0.0,0.0,0.0,0.0,0.0,0.0,0.0,0.0,0.0,0.0
1663,2022-04-05 10:00:00,10:00,M22,-0.004434354294943432,1,0.0,0.0,0.0,0.0,0.0,0.0,0.0,0.0,0.0,0.0,0.0,0.0,0.0,0.0,0.0,-0.04634642816580038
1664,2022-04-12 08:30:00,08:30,M22,0.009128881158614988,1,0.0,0.0,0.0,0.0,0.7773734918787796,0.0,0.0,0.0,0.0,0.0,0.0,0.0,0.0,0.0,0.0,0.0
1665,2022-04-13 08:30:00,08:30,M22,-0.0003416467405958912,1,0.0,0.0,0.0,0.0,0.0,0.9864314404596796,0.0,0.0,0.0,0.0,0.0,0.0,0.0,0.0,0.0,0.0
1666,2022-04-14 08:30:00,08:30,M22,-0.0026494561567975694,1,0.0,0.0,0.0,0.0,0.0,0.0,0.0,0.0,-0.0973236412835579,0.0,0.0,0.0,0.0,0.0,0.0,0.0
1667,2022-04-19 08:30:00,08:30,M22,-0.00034184138892534577,2,0.0,0.0,0.0,0.0,0.0,0.0,0.0,0.0,0.0,0.0,0.0,0.6001880924422203,0.7990599268862781,0.0,0.0,0.0
1668,2022-04-20 10:00:00,10:00,M22,0.0010087990543361514,1,0.0,0.0,0.0,0.0,0.0,0.0,0.0,0.0,0.0,0.0,0.0,0.0,0.0,-0.16262862098605335,0.0,0.0
1669,2022-04-26 08:30:00,08:30,M22,-0.000994297493818408,1,0.0,0.0,-0.08197363865338424,0.0,0.0,0.0,0.0,0.0,0.0,0.0,0.0,0.0,0.0,0.0,0.0,0.0
1670,2022-04-26 10:00:00,10:00,M22,-0.0031271229424501,1,0.0,0.0,0.0,0.0,0.0,0.0,0.0,0.0,0.0,0.0,0.0,0.0,0.0,0.0,-0.036632519809074206,0.0
1671,2022-04-28 08:30:00,08:30,M22,-0.0023040804214442545,1,-3.7396399573380616,0.0,0.0,0.0,0.0,0.0,0.0,0.0,0.0,0.0,0.0,0.0,0.0,0.0,0.0,0.0
1672,2022-04-29 08:30:00,08:30,M22,-0.002943429451878643,2,0.0,0.0,0.0,0.0,0.0,0.0,0.0,1.591843259388241,0.0,0.0,0.0,0.0,0.0,0.0,0.0,0.0
1673,2022-05-02 10:00:00,10:00,M22,0.007058214081913761,1,0.0,0.0,0.0,-1.294863300975226,0.0,0.0,0.0,0.0,0.0,0.0,0.0,0.0,0.0,0.0,0.0,0.0
1674,2022-05-04 10:00:00,10:00,M22,-0.003121063694326409,1,0.0,0.0,0.0,0.0,0.0,0.0,0.0,0.0,0.0,0.0,0.0,0.0,0.0,0.0,0.0,-0.6488499943211955
1675,2022-05-06 08:30:00,08:30,M22,-0.0027301700562336606,2,0.0,0.0,0.0,0.0,0.0,0.0,0.0,0.0,0.0,0.04678685931637895,0.194908856494105,0.0,0.0,0.0,0.0,0.0
1676,2022-05-11 08:30:00,08:30,M22,-0.021760378403026692,1,0.0,0.0,0.0,0.0,1.554746983757573,0.0,0.0,0.0,0.0,0.0,0.0,0.0,0.0,0.0,0.0,0.0
1677,2022-05-12 08:30:00,08:30,M22,0.00019243721795092483,1,0.0,0.0,0.0,0.0,0.0,0.0,0.0,0.0,0.0,0.0,0.0,0.0,0.0,0.0,0.0,0.0
1678,2022-05-17 08:30:00,08:30,M22,0.0012297855574381344,1,0.0,0.0,0.0,0.0,0.0,0.0,0.0,0.0,0.0,0.0,0.0,0.0,0.0,0.0,0.0,0.0
1679,2022-05-17 09:15:00,09:15,M22,-0.002152323802320666,1,0.0,1.2528061347286839,0.0,0.0,0.0,0.0,0.0,0.0,0.0,0.0,0.0,0.0,0.0,0.0,0.0,0.0
1680,2022-05-18 08:30:00,08:30,M22,-0.00426123849988258,2,0.0,0.0,0.0,0.0,0.0,0.0,0.0,0.0,0.0,0.0,0.0,-0.5126606622943964,0.11652957267091556,0.0,0.0,0.0
1681,2022-05-19 10:00:00,10:00,M22,0.0,1,0.0,0.0,0.0,0.0,0.0,0.0,0.0,0.0,0.0,0.0,0.0,0.0,0.0,-0.2168381613147378,0.0,0.0
1682,2022-05-24 10:00:00,10:00,M22,-0.007113362686977709,1,0.0,0.0,0.0,0.0,0.0,0.0,0.0,0.0,0.0,0.0,0.0,0.0,0.0,0.0,-2.9122853248213993,0.0
1683,2022-05-25 08:30:00,08:30,M22,0.001783439963155331,1,0.0,0.0,-0.08197363865338424,0.0,0.0,0.0,0.0,0.0,0.0,0.0,0.0,0.0,0.0,0.0,0.0,0.0
1684,2022-05-27 08:30:00,08:30,M22,0.005459633841851996,2,0.0,0.0,0.0,0.0,0.0,0.0,0.0,0.0,0.0,0.0,0.0,0.0,0.0,0.0,0.0,0.0
1685,2022-06-01 10:00:00,10:00,M22,-0.010527686777818346,1,0.0,0.0,0.0,0.9417187643456185,0.0,0.0,0.0,0.0,0.0,0.0,0.0,0.0,0.0,0.0,0.0,0.0
1686,2022-06-03 08:30:00,08:30,M22,-0.0025339380074171913,2,0.0,0.0,0.0,0.0,0.0,0.0,0.0,0.0,0.0,0.08219313123147653,0.194908856494105,0.0,0.0,0.0,0.0,0.0
1687,2022-06-03 10:00:00,10:00,M22,-0.0018178518003679756,1,0.0,0.0,0.0,0.0,0.0,0.0,0.0,0.0,0.0,0.0,0.0,0.0,0.0,0.0,0.0,-0.23173214082899862
1688,2022-06-10 08:30:00,08:30,M22,-0.018001552375249474,1,0.0,0.0,0.0,0.0,2.3321204756363385,0.0,0.0,0.0,0.0,0.0,0.0,0.0,0.0,0.0,0.0,0.0
1689,2022-06-14 08:30:00,08:30,U22,0.002386635977730478,1,0.0,0.0,0.0,0.0,0.0,0.0,0.0,0.0,0.0,0.0,0.0,0.0,0.0,0.0,0.0,0.0
1690,2022-06-15 08:30:00,08:30,U22,0.002053320807529957,1,0.0,0.0,0.0,0.0,0.0,0.0,0.0,0.0,-0.48661820641778963,0.0,0.0,0.0,0.0,0.0,0.0,0.0
1691,2022-06-16 08:30:00,08:30,U22,-0.0025535932161346864,2,0.0,0.0,0.0,0.0,0.0,0.0,0.0,0.0,0.0,0.0,0.0,-1.900595626067031,-1.4982373629117713,0.0,0.0,0.0
1692,2022-06-17 09:15:00,09:15,U22,0.007048009657866672,1,0.0,-0.4176020449095612,0.0,0.0,0.0,0.0,0.0,0.0,0.0,0.0,0.0,0.0,0.0,0.0,0.0,0.0
1693,2022-06-21 10:00:00,10:00,U22,0.0032531149021028938,1,0.0,0.0,0.0,0.0,0.0,0.0,0.0,0.0,0.0,0.0,0.0,0.0,0.0,0.1084190806573689,0.0,0.0
1694,2022-06-24 10:00:00,10:00,U22,0.007038417330047508,1,0.0,0.0,0.0,0.0,0.0,0.0,0.0,0.0,0.0,0.0,0.0,0.0,0.0,0.0,1.9781560696900071,0.0
1695,2022-06-27 08:30:00,08:30,U22,-0.0020373089112073473,1,0.0,0.0,0.24592091596015278,0.0,0.0,0.0,0.0,0.0,0.0,0.0,0.0,0.0,0.0,0.0,0.0,0.0
1696,2022-06-30 08:30:00,08:30,U22,-0.001193475808021205,2,0.0,0.0,0.0,0.0,0.0,0.0,-1.573986592497117,-0.5306144197960804,0.0,0.0,0.0,0.0,0.0,0.0,0.0,0.0
1697,2022-07-01 10:00:00,10:00,U22,-0.011820390542222725,1,0.0,0.0,0.0,-1.11829103266042,0.0,0.0,0.0,0.0,0.0,0.0,0.0,0.0,0.0,0.0,0.0,0.0
1698,2022-07-06 10:00:00,10:00,U22,0.0018910376995897593,1,0.0,0.0,0.0,0.0,0.0,0.0,0.0,0.0,0.0,0.0,0.0,0.0,0.0,0.0,0.0,0.46346428165799725
1699,2022-07-08 08:30:00,08:30,U22,-0.004493524058622356,2,0.0,0.0,0.0,0.0,0.0,0.0,0.0,0.0,0.0,0.13150900997036247,0.0,0.0,0.0,0.0,0.0,0.0
1700,2022-07-13 08:30:00,08:30,U22,-0.01950993008934887,1,0.0,0.0,0.0,0.0,2.3321204756363385,0.0,0.0,0.0,0.0,0.0,0.0,0.0,0.0,0.0,0.0,0.0
1701,2022-07-14 08:30:00,08:30,U22,0.0005328715239674153,1,0.0,0.0,0.0,0.0,0.0,0.9864314404596803,0.0,0.0,0.0,0.0,0.0,0.0,0.0,0.0,0.0,0.0
1702,2022-07-15 08:30:00,08:30,U22,0.00799951810291688,1,0.0,0.0,0.0,0.0,0.0,0.0,0.0,0.0,0.1946472825671158,0.0,0.0,0.0,0.0,0.0,0.0,0.0
1703,2022-07-15 09:15:00,09:15,U22,-0.0015660688355723096,1,0.0,-0.6264030673643419,0.0,0.0,0.0,0.0,0.0,0.0,0.0,0.0,0.0,0.0,0.0,0.0,0.0,0.0
1704,2022-07-19 08:30:00,08:30,U22,0.0031703950725123775,2,0.0,0.0,0.0,0.0,0.0,0.0,0.0,0.0,0.0,0.0,0.0,-0.26258229044347137,0.5826478633545777,0.0,0.0,0.0
1705,2022-07-20 10:00:00,10:00,U22,0.004249522774633974,1,0.0,0.0,0.0,0.0,0.0,0.0,0.0,0.0,0.0,0.0,0.0,0.0,0.0,-1.4094480485457956,0.0,0.0
1706,2022-07-26 10:00:00,10:00,U22,-0.0020300711152607676,1,0.0,0.0,0.0,0.0,0.0,0.0,0.0,0.0,0.0,0.0,0.0,0.0,0.0,0.0,-1.2821381933175973,0.0
1707,2022-07-27 08:30:00,08:30,U22,0.00044201686698208675,1,0.0,0.0,0.9836836638406111,0.0,0.0,0.0,0.0,0.0,0.0,0.0,0.0,0.0,0.0,0.0,0.0,0.0
1708,2022-07-28 08:30:00,08:30,U22,0.0021158760772070906,1,-2.0941983761093144,0.0,0.0,0.0,0.0,0.0,0.0,0.0,0.0,0.0,0.0,0.0,0.0,0.0,0.0,0.0
1709,2022-07-29 08:30:00,08:30,U22,-0.0015876896349329428,2,0.0,0.0,0.0,0.0,0.0,0.0,1.573986592497117,0.5306144197960803,0.0,0.0,0.0,0.0,0.0,0.0,0.0,0.0
1710,2022-08-01 10:00:00,10:00,U22,-0.0012130035451409782,1,0.0,0.0,0.0,0.47085938217280715,0.0,0.0,0.0,0.0,0.0,0.0,0.0,0.0,0.0,0.0,0.0,0.0
1711,2022-08-03 10:00:00,10:00,U22,-0.0002423654883418891,1,0.0,0.0,0.0,0.0,0.0,0.0,0.0,0.0,0.0,0.0,0.0,0.0,0.0,0.0,0.0,1.4830857013055927
1712,2022-08-05 08:30:00,08:30,U22,-0.011003738597981538,2,0.0,0.0,0.0,0.0,0.0,0.0,0.0,0.0,0.0,0.3515336997284689,-0.194908856494105,0.0,0.0,0.0,0.0,0.0
1713,2022-08-10 08:30:00,08:30,U22,0.012726789619582846,1,0.0,0.0,0.0,0.0,-1.5547469837575592,0.0,0.0,0.0,0.0,0.0,0.0,0.0,0.0,0.0,0.0,0.0
1714,2022-08-11 08:30:00,08:30,U22,0.0018283158052199155,1,0.0,0.0,0.0,0.0,0.0,-2.301673361072587,0.0,0.0,0.0,0.0,0.0,0.0,0.0,0.0,0.0,0.0
1715,2022-08-16 08:30:00,08:30,U22,-0.0013982756880892566,2,0.0,0.0,0.0,0.0,0.0,0.0,0.0,0.0,0.0,0.0,0.0,-1.175368347699348,0.39952996344313907,0.0,0.0,0.0
1716,2022-08-16 09:15:00,09:15,U22,0.0008741514004011464,1,0.0,0.6264030673643417,0.0,0.0,0.0,0.0,0.0,0.0,0.0,0.0,0.0,0.0,0.0,0.0,0.0,0.0
1717,2022-08-17 08:30:00,08:30,U22,-0.000526916671539368,1,0.0,0.0,0.0,0.0,0.0,0.0,0.0,0.0,-0.09732364128355793,0.0,0.0,0.0,0.0,0.0,0.0,0.0
1718,2022-08-18 10:00:00,10:00,U22,5.854286803241848e-05,1,0.0,0.0,0.0,0.0,0.0,0.0,0.0,0.0,0.0,0.0,0.0,0.0,0.0,-0.4336763226294756,0.0,0.0
1719,2022-08-23 10:00:00,10:00,U22,-0.0003012501905601539,1,0.0,0.0,0.0,0.0,0.0,0.0,0.0,0.0,0.0,0.0,0.0,0.0,0.0,0.0,-1.1722406338903746,0.0
1720,2022-08-24 08:30:00,08:30,U22,-0.0015719471193396117,1,0.0,0.0,-0.24592091596015278,0.0,0.0,0.0,0.0,0.0,0.0,0.0,0.0,0.0,0.0,0.0,0.0,0.0
1721,2022-08-26 08:30:00,08:30,U22,0.002919014374207052,2,0.0,0.0,0.0,0.0,0.0,0.0,-1.5739865924971175,-1.0612288395921605,0.0,0.0,0.0,0.0,0.0,0.0,0.0,0.0
1722,2022-09-01 10:00:00,10:00,U22,0.0006368615678251643,1,0.0,0.0,0.0,0.47085938217280715,0.0,0.0,0.0,0.0,0.0,0.0,0.0,0.0,0.0,0.0,0.0,0.0
1723,2022-09-02 08:30:00,08:30,U22,0.004769683951458603,2,0.0,0.0,0.0,0.0,0.0,0.0,0.0,0.0,0.0,0.018967645668802276,0.38981771298821,0.0,0.0,0.0,0.0,0.0
1724,2022-09-06 10:00:00,10:00,U22,-0.001471858967279971,1,0.0,0.0,0.0,0.0,0.0,0.0,0.0,0.0,0.0,0.0,0.0,0.0,0.0,0.0,0.0,0.8342357069843938
1725,2022-09-13 08:30:00,08:30,U22,-0.02990968802034999,1,0.0,0.0,0.0,0.0,1.554746983757573,0.0,0.0,0.0,0.0,0.0,0.0,0.0,0.0,0.0,0.0,0.0
1726,2022-09-14 08:30:00,08:30,Z22,0.001010611505924075,1,0.0,0.0,0.0,0.0,0.0,0.0,0.0,0.0,0.0,0.0,0.0,0.0,0.0,0.0,0.0,0.0
1727,2022-09-15 08:30:00,08:30,Z22,0.001579629431548213,1,0.0,0.0,0.0,0.0,0.0,0.0,0.0,0.0,0.0973236412835579,0.0,0.0,0.0,0.0,0.0,0.0,0.0
1728,2022-09-15 09:15:00,09:15,Z22,-6.322511303658018e-05,1,0.0,-0.6264030673643419,0.0,0.0,0.0,0.0,0.0,0.0,0.0,0.0,0.0,0.0,0.0,0.0,0.0,0.0
1729,2022-09-20 08:30:00,08:30,Z22,0.0005139406511673883,2,0.0,0.0,0.0,0.0,0.0,0.0,0.0,0.0,0.0,0.0,0.0,1.6255094170310131,-1.5481786083421638,0.0,0.0,0.0
1730,2022-09-21 10:00:00,10:00,Z22,0.0017963692519114005,1,0.0,0.0,0.0,0.0,0.0,0.0,0.0,0.0,0.0,0.0,0.0,0.0,0.0,0.5420954032868445,0.0,0.0
1731,2022-09-27 08:30:00,08:30,Z22,-0.0026242318999702974,1,0.0,0.0,0.08197363865338426,0.0,0.0,0.0,0.0,0.0,0.0,0.0,0.0,0.0,0.0,0.0,0.0,0.0
1732,2022-09-27 10:00:00,10:00,Z22,-0.0028996277776105472,1,0.0,0.0,0.0,0.0,0.0,0.0,0.0,0.0,0.0,0.0,0.0,0.0,0.0,0.0,3.388508082339364,0.0
1733,2022-09-30 08:30:00,08:30,Z22,-0.0031386488648053046,2,0.0,0.0,0.0,0.0,0.0,0.0,3.1479731849942345,0.0,0.0,0.0,0.0,0.0,0.0,0.0,0.0,0.0
1734,2022-10-03 10:00:00,10:00,Z22,0.01019753558522929,1,0.0,0.0,0.0,-0.7651464960308169,0.0,0.0,0.0,0.0,0.0,0.0,0.0,0.0,0.0,0.0,0.0,0.0
1735,2022-10-05 10:00:00,10:00,Z22,-0.006991871333742239,1,0.0,0.0,0.0,0.0,0.0,0.0,0.0,0.0,0.0,0.0,0.0,0.0,0.0,0.0,0.0,0.3244249971605994
1736,2022-10-07 08:30:00,08:30,Z22,-0.012168365695627514,2,0.0,0.0,0.0,0.0,0.0,0.0,0.0,0.0,0.0,0.01643862624629531,-0.38981771298821,0.0,0.0,0.0,0.0,0.0
1737,2022-10-12 08:30:00,08:30,Z22,-0.007116484243407939,1,0.0,0.0,0.0,0.0,0.0,0.6576209603064535,0.0,0.0,0.0,0.0,0.0,0.0,0.0,0.0,0.0,0.0
1738,2022-10-13 08:30:00,08:30,Z22,-0.03100860864772237,1,0.0,0.0,0.0,0.0,0.7773734918787796,0.0,0.0,0.0,0.0,0.0,0.0,0.0,0.0,0.0,0.0,0.0
1739,2022-10-14 08:30:00,08:30,Z22,0.009716020026365513,1,0.0,0.0,0.0,0.0,0.0,0.0,0.0,0.0,-0.19464728256711586,0.0,0.0,0.0,0.0,0.0,0.0,0.0
1740,2022-10-18 09:15:00,09:15,Z22,-0.002857809408522982,1,0.0,0.6264030673643419,0.0,0.0,0.0,0.0,0.0,0.0,0.0,0.0,0.0,0.0,0.0,0.0,0.0,0.0
1741,2022-10-19 08:30:00,08:30,Z22,-0.0008757452814727174,2,0.0,0.0,0.0,0.0,0.0,0.0,0.0,0.0,0.0,0.0,0.0,-0.4501410693316652,0.566000781544447,0.0,0.0,0.0
1742,2022-10-20 10:00:00,10:00,Z22,0.0061707889151527695,1,0.0,0.0,0.0,0.0,0.0,0.0,0.0,0.0,0.0,0.0,0.0,0.0,0.0,0.05420954032868445,0.0,0.0
1743,2022-10-26 10:00:00,10:00,Z22,0.0053181265492874275,1,0.0,0.0,0.0,0.0,0.0,0.0,0.0,0.0,0.0,0.0,0.0,0.0,0.0,0.0,0.3296926782816679,0.0
1744,2022-10-27 08:30:00,08:30,Z22,0.0020137068742371866,2,0.2991711965870452,0.0,-0.08197363865338424,0.0,0.0,0.0,0.0,0.0,0.0,0.0,0.0,0.0,0.0,0.0,0.0,0.0
1745,2022-10-28 08:30:00,08:30,Z22,0.002104018134332364,2,0.0,0.0,0.0,0.0,0.0,0.0,0.0,0.5306144197960802,0.0,0.0,0.0,0.0,0.0,0.0,0.0,0.0
1746,2022-11-01 10:00:00,10:00,Z22,-0.00578184830548345,1,0.0,0.0,0.0,0.11771484554320388,0.0,0.0,0.0,0.0,0.0,0.0,0.0,0.0,0.0,0.0,0.0,0.0
1747,2022-11-03 10:00:00,10:00,Z22,0.0069116195289158355,1,0.0,0.0,0.0,0.0,0.0,0.0,0.0,0.0,0.0,0.0,0.0,0.0,0.0,0.0,0.0,-0.5098107098237976
1748,2022-11-04 08:30:00,08:30,Z22,0.007239910737895983,2,0.0,0.0,0.0,0.0,0.0,0.0,0.0,0.0,0.0,0.0771350923864626,0.194908856494105,0.0,0.0,0.0,0.0,0.0
1749,2022-11-10 08:30:00,08:30,Z22,0.02891168735865257,1,0.0,0.0,0.0,0.0,-2.3321204756363456,0.0,0.0,0.0,0.0,0.0,0.0,0.0,0.0,0.0,0.0,0.0
1750,2022-11-15 08:30:00,08:30,Z22,0.007769563900497545,1,0.0,0.0,0.0,0.0,0.0,-0.6576209603064535,0.0,0.0,0.0,0.0,0.0,0.0,0.0,0.0,0.0,0.0
1751,2022-11-16 08:30:00,08:30,Z22,-0.0021918160135161457,1,0.0,0.0,0.0,0.0,0.0,0.0,0.0,0.0,0.2919709238506738,0.0,0.0,0.0,0.0,0.0,0.0,0.0
1752,2022-11-16 09:15:00,09:15,Z22,0.0005641041861945695,1,0.0,-0.6264030673643419,0.0,0.0,0.0,0.0,0.0,0.0,0.0,0.0,0.0,0.0,0.0,0.0,0.0,0.0
1753,2022-11-17 08:30:00,08:30,Z22,-0.0029338626822887903,2,0.0,0.0,0.0,0.0,0.0,0.0,0.0,0.0,0.0,0.0,0.0,0.18755877888819383,0.23305914534183111,0.0,0.0,0.0
1754,2022-11-18 10:00:00,10:00,Z22,-0.002328875954237475,1,0.0,0.0,0.0,0.0,0.0,0.0,0.0,0.0,0.0,0.0,0.0,0.0,0.0,0.27104770164342223,0.0,0.0
1755,2022-11-23 08:30:00,08:30,Z22,-0.00018709657356019704,1,0.0,0.0,0.24592091596015278,0.0,0.0,0.0,0.0,0.0,0.0,0.0,0.0,0.0,0.0,0.0,0.0,0.0
1756,2022-11-23 10:00:00,10:00,Z22,0.0011173879119024122,1,0.0,0.0,0.0,0.0,0.0,0.0,0.0,0.0,0.0,0.0,0.0,0.0,0.0,0.0,1.1356081140813004,0.0
1757,2022-12-01 08:30:00,08:30,Z22,0.0007330482918366243,2,0.0,0.0,0.0,0.0,0.0,0.0,-1.573986592497118,0.5306144197960802,0.0,0.0,0.0,0.0,0.0,0.0,0.0,0.0
1758,2022-12-01 10:00:00,10:00,Z22,-0.011399277693225685,1,0.0,0.0,0.0,-0.47085938217280715,0.0,0.0,0.0,0.0,0.0,0.0,0.0,0.0,0.0,0.0,0.0,0.0
1759,2022-12-02 07:30:00,07:30,Z22,0.00018385169348711372,1,0.0,0.0,0.0,0.0,0.0,0.0,0.0,0.0,0.0,0.0,0.0,0.0,0.0,0.0,0.0,0.0
1760,2022-12-02 08:30:00,08:30,Z22,-0.013150367003355257,1,0.0,0.0,0.0,0.0,0.0,0.0,0.0,0.0,0.0,0.07966411180896957,0.0,0.0,0.0,0.0,0.0,0.0
1761,2022-12-05 10:00:00,10:00,Z22,-0.0029730588638177124,1,0.0,0.0,0.0,0.0,0.0,0.0,0.0,0.0,0.0,0.0,0.0,0.0,0.0,0.0,0.0,1.4830857013055927
1762,2022-12-09 08:30:00,08:30,Z22,-0.007805163310376173,1,0.0,0.0,0.0,0.0,0.0,0.32881048015322667,0.0,0.0,0.0,0.0,0.0,0.0,0.0,0.0,0.0,0.0
1763,2022-12-13 08:30:00,08:30,Z22,0.0219667346791681,1,0.0,0.0,0.0,0.0,-1.554746983757566,0.0,0.0,0.0,0.0,0.0,0.0,0.0,0.0,0.0,0.0,0.0
1764,2022-12-15 08:30:00,08:30,H23,-0.00025136680833703906,1,0.0,0.0,0.0,0.0,0.0,0.0,0.0,0.0,-0.48661820641778963,0.0,0.0,0.0,0.0,0.0,0.0,0.0
1765,2022-12-15 09:15:00,09:15,H23,-0.0020149871435766187,1,0.0,-0.6264030673643419,0.0,0.0,0.0,0.0,0.0,0.0,0.0,0.0,0.0,0.0,0.0,0.0,0.0,0.0
1766,2022-12-20 08:30:00,08:30,H23,0.0004563084724384936,2,0.0,0.0,0.0,0.0,0.0,0.0,0.0,0.0,0.0,0.0,0.0,0.3376058019987489,-2.3805326988487034,0.0,0.0,0.0
1767,2022-12-21 10:00:00,10:00,H23,0.0048893561118994455,1,0.0,0.0,0.0,0.0,0.0,0.0,0.0,0.0,0.0,0.0,0.0,0.0,0.0,-0.5963049436155289,0.0,0.0
1768,2022-12-23 08:30:00,08:30,H23,-0.003437209519136175,3,0.0,0.0,-0.614802289900382,0.0,0.0,0.0,0.0,-0.5306144197960803,0.0,0.0,0.0,0.0,0.0,0.0,0.0,0.0
1769,2022-12-23 10:00:00,10:00,H23,0.009960047184865317,1,0.0,0.0,0.0,0.0,0.0,0.0,0.0,0.0,0.0,0.0,0.0,0.0,0.0,0.0,0.7326503961814841,0.0
1770,2023-01-04 10:00:00,10:00,H23,-0.004600390398669774,1,0.0,0.0,0.0,-0.05885742277160194,0.0,0.0,0.0,0.0,0.0,0.0,0.0,0.0,0.0,0.0,0.0,0.0
1771,2023-01-06 08:30:00,08:30,H23,0.01169984096779153,2,0.0,0.0,0.0,0.0,0.0,0.0,0.0,0.0,0.0,0.02908372335883016,-0.38981771298821,0.0,0.0,0.0,0.0,0.0
1772,2023-01-06 10:00:00,10:00,H23,0.005572127932806481,1,0.0,0.0,0.0,0.0,0.0,0.0,0.0,0.0,0.0,0.0,0.0,0.0,0.0,0.0,0.0,-2.502707120953185
1773,2023-01-12 08:30:00,08:30,H23,0.0019330907400920694,1,0.0,0.0,0.0,0.0,0.0,0.0,0.0,0.0,0.0,0.0,0.0,0.0,0.0,0.0,0.0,0.0
1774,2023-01-18 08:30:00,08:30,H23,0.0013059297275912485,2,0.0,0.0,0.0,0.0,0.0,-1.315241920612907,0.0,0.0,-0.2919709238506738,0.0,0.0,0.0,0.0,0.0,0.0,0.0
1775,2023-01-18 09:15:00,09:15,H23,-0.0010561303128113764,1,0.0,-1.2528061347286834,0.0,0.0,0.0,0.0,0.0,0.0,0.0,0.0,0.0,0.0,0.0,0.0,0.0,0.0
1776,2023-01-19 08:30:00,08:30,H23,0.0015323716445099222,2,0.0,0.0,0.0,0.0,0.0,0.0,0.0,0.0,0.0,0.0,0.0,0.2875901276285639,-0.6658832724052317,0.0,0.0,0.0
1777,2023-01-20 10:00:00,10:00,H23,0.003623768230111679,1,0.0,0.0,0.0,0.0,0.0,0.0,0.0,0.0,0.0,0.0,0.0,0.0,0.0,0.3252572419721067,0.0,0.0
1778,2023-01-26 08:30:00,08:30,H23,0.0017889644202391253,2,0.44875679488056713,0.0,1.270591399127456,0.0,0.0,0.0,0.0,0.0,0.0,0.0,0.0,0.0,0.0,0.0,0.0,0.0
1779,2023-01-26 10:00:00,10:00,H23,0.0024095652818569846,1,0.0,0.0,0.0,0.0,0.0,0.0,0.0,0.0,0.0,0.0,0.0,0.0,0.0,0.0,-0.018316259904537103,0.0
1780,2023-01-27 08:30:00,08:30,H23,0.0001231148047100561,2,0.0,0.0,0.0,0.0,0.0,0.0,1.5739865924971175,-1.0612288395921603,0.0,0.0,0.0,0.0,0.0,0.0,0.0,0.0
1781,2023-02-01 10:00:00,10:00,H23,-0.0013464718357187877,1,0.0,0.0,0.0,-0.3531445366296075,0.0,0.0,0.0,0.0,0.0,0.0,0.0,0.0,0.0,0.0,0.0,0.0
1782,2023-02-03 08:30:00,08:30,H23,-0.007220682434688541,2,0.0,0.0,0.0,0.0,0.0,0.0,0.0,0.0,0.0,0.4198172241361571,-0.38981771298821,0.0,0.0,0.0,0.0,0.0
1783,2023-02-03 10:00:00,10:00,H23,0.0028183390465752467,1,0.0,0.0,0.0,0.0,0.0,0.0,0.0,0.0,0.0,0.0,0.0,0.0,0.0,0.0,0.0,2.224628551958389
1784,2023-02-14 08:30:00,08:30,H23,-0.002826814500803465,1,0.0,0.0,0.0,0.0,1.554746983757566,0.0,0.0,0.0,0.0,0.0,0.0,0.0,0.0,0.0,0.0,0.0
1785,2023-02-15 08:30:00,08:30,H23,6.05638494555194e-05,1,0.0,0.0,0.0,0.0,0.0,0.0,0.0,0.0,1.167883695402695,0.0,0.0,0.0,0.0,0.0,0.0,0.0
1786,2023-02-15 09:15:00,09:15,H23,0.0001817025534194272,1,0.0,-1.044005112273903,0.0,0.0,0.0,0.0,0.0,0.0,0.0,0.0,0.0,0.0,0.0,0.0,0.0,0.0
1787,2023-02-16 08:30:00,08:30,H23,-0.006606284822183284,3,0.0,0.0,0.0,0.0,0.0,0.9864314404596799,0.0,0.0,0.0,0.0,0.0,-0.637699848219859,-0.18311789991143873,0.0,0.0,0.0
1788,2023-02-21 10:00:00,10:00,H23,-0.0030957860152849292,1,0.0,0.0,0.0,0.0,0.0,0.0,0.0,0.0,0.0,0.0,0.0,0.0,0.0,-0.5420954032868445,0.0,0.0
1789,2023-02-24 08:30:00,08:30,H23,-0.005529041479146457,2,0.0,0.0,0.0,0.0,0.0,0.0,1.573986592497117,0.0,0.0,0.0,0.0,0.0,0.0,0.0,0.0,0.0
1790,2023-02-24 10:00:00,10:00,H23,-0.0017702476646732634,1,0.0,0.0,0.0,0.0,0.0,0.0,0.0,0.0,0.0,0.0,0.0,0.0,0.0,0.0,0.9158129952268551,0.0
1791,2023-02-27 08:30:00,08:30,H23,0.003557945140920893,1,0.0,0.0,-0.20493409663346066,0.0,0.0,0.0,0.0,0.0,0.0,0.0,0.0,0.0,0.0,0.0,0.0,0.0
1792,2023-03-01 10:00:00,10:00,H23,-0.005297691502185842,1,0.0,0.0,0.0,-0.17657226831480163,0.0,0.0,0.0,0.0,0.0,0.0,0.0,0.0,0.0,0.0,0.0,0.0
1793,2023-03-03 10:00:00,10:00,H23,0.0011200996815130537,1,0.0,0.0,0.0,0.0,0.0,0.0,0.0,0.0,0.0,0.0,0.0,0.0,0.0,0.0,0.0,0.27807856899479905
1794,2023-03-10 08:30:00,08:30,H23,0.004338678406815788,2,0.0,0.0,0.0,0.0,0.0,0.0,0.0,0.0,0.0,0.13403802939286943,0.38981771298821,0.0,0.0,0.0,0.0,0.0
1795,2023-03-14 08:30:00,08:30,M23,0.0031808666046160283,1,0.0,0.0,0.0,0.0,0.0,0.0,0.0,0.0,0.0,0.0,0.0,0.0,0.0,0.0,0.0,0.0
1796,2023-03-15 08:30:00,08:30,M23,-0.001739074864246959,2,0.0,0.0,0.0,0.0,0.0,-1.315241920612907,0.0,0.0,-0.09732364128355796,0.0,0.0,0.0,0.0,0.0,0.0,0.0
1797,2023-03-16 08:30:00,08:30,M23,-0.003573027472539181,2,0.0,0.0,0.0,0.0,0.0,0.0,0.0,0.0,0.0,0.0,0.0,1.7505486029564759,3.063063053064066,0.0,0.0,0.0
1798,2023-03-17 09:15:00,09:15,M23,0.0007547170169548423,1,0.0,-0.4176020449095612,0.0,0.0,0.0,0.0,0.0,0.0,0.0,0.0,0.0,0.0,0.0,0.0,0.0,0.0
1799,2023-03-21 10:00:00,10:00,M23,-0.002861588266872772,1,0.0,0.0,0.0,0.0,0.0,0.0,0.0,0.0,0.0,0.0,0.0,0.0,0.0,2.1141720728186884,0.0,0.0
1800,2023-03-23 10:00:00,10:00,M23,0.0023070937746911824,1,0.0,0.0,0.0,0.0,0.0,0.0,0.0,0.0,0.0,0.0,0.0,0.0,0.0,0.0,-0.18316259904537102,0.0
1801,2023-03-24 08:30:00,08:30,M23,0.0022162427941037066,1,0.0,0.0,-0.6557891092270741,0.0,0.0,0.0,0.0,0.0,0.0,0.0,0.0,0.0,0.0,0.0,0.0,0.0
1802,2023-03-31 08:30:00,08:30,M23,0.0007335860458574928,2,0.0,0.0,0.0,0.0,0.0,0.0,0.0,0.0,0.0,0.0,0.0,0.0,0.0,0.0,0.0,0.0
1803,2023-04-03 10:00:00,10:00,M23,0.0017466201326516995,1,0.0,0.0,0.0,-0.706289073259215,0.0,0.0,0.0,0.0,0.0,0.0,0.0,0.0,0.0,0.0,0.0,0.0
1804,2023-04-05 10:00:00,10:00,M23,-0.0021848646186128917,1,0.0,0.0,0.0,0.0,0.0,0.0,0.0,0.0,0.0,0.0,0.0,0.0,0.0,0.0,0.0,-1.5294321294713897
1805,2023-04-07 08:30:00,08:30,M23,0.003085208581328658,2,0.0,0.0,0.0,0.0,0.0,0.0,0.0,0.0,0.0,-0.0037935291337604553,-0.194908856494105,0.0,0.0,0.0,0.0,0.0
1806,2023-04-12 08:30:00,08:30,M23,0.004639261220317437,1,0.0,0.0,0.0,0.0,-1.554746983757566,0.0,0.0,0.0,0.0,0.0,0.0,0.0,0.0,0.0,0.0,0.0
1807,2023-04-13 08:30:00,08:30,M23,0.0021802334217699837,1,0.0,0.0,0.0,0.0,0.0,-1.9728628809193602,0.0,0.0,0.0,0.0,0.0,0.0,0.0,0.0,0.0,0.0
1808,2023-04-14 08:30:00,08:30,M23,-0.0019184658162298973,1,0.0,0.0,0.0,0.0,0.0,0.0,0.0,0.0,-0.5839418477013475,0.0,0.0,0.0,0.0,0.0,0.0,0.0
1809,2023-04-14 09:15:00,09:15,M23,0.004192376027235767,1,0.0,0.4176020449095612,0.0,0.0,0.0,0.0,0.0,0.0,0.0,0.0,0.0,0.0,0.0,0.0,0.0,0.0
1810,2023-04-18 08:30:00,08:30,M23,-0.00017876828698248914,2,0.0,0.0,0.0,0.0,0.0,0.0,0.0,0.0,0.0,0.0,0.0,0.25007837185092513,-0.6159420269748394,0.0,0.0,0.0
1811,2023-04-20 10:00:00,10:00,M23,0.0016851231719918758,1,0.0,0.0,0.0,0.0,0.0,0.0,0.0,0.0,0.0,0.0,0.0,0.0,0.0,-0.3252572419721067,0.0,0.0
1812,2023-04-25 10:00:00,10:00,M23,-0.0014525209840599018,1,0.0,0.0,0.0,0.0,0.0,0.0,0.0,0.0,0.0,0.0,0.0,0.0,0.0,0.0,0.9707617749404664,0.0
1813,2023-04-26 08:30:00,08:30,M23,0.0015232295405223084,1,0.0,0.0,1.0246704831673032,0.0,0.0,0.0,0.0,0.0,0.0,0.0,0.0,0.0,0.0,0.0,0.0,0.0
1814,2023-04-27 08:30:00,08:30,M23,0.0,1,-1.3462703846417021,0.0,0.0,0.0,0.0,0.0,0.0,0.0,0.0,0.0,0.0,0.0,0.0,0.0,0.0,0.0
1815,2023-04-28 08:30:00,08:30,M23,0.0007844794174740599,2,0.0,0.0,0.0,0.0,0.0,0.0,0.0,0.5306144197960803,0.0,0.0,0.0,0.0,0.0,0.0,0.0,0.0
1816,2023-05-01 10:00:00,10:00,M23,-0.0005964096318002987,1,0.0,0.0,0.0,0.17657226831480582,0.0,0.0,0.0,0.0,0.0,0.0,0.0,0.0,0.0,0.0,0.0,0.0
1817,2023-05-03 10:00:00,10:00,M23,-0.0022300584837964266,1,0.0,0.0,0.0,0.0,0.0,0.0,0.0,0.0,0.0,0.0,0.0,0.0,0.0,0.0,0.0,0.04634642816580038
1818,2023-05-05 08:30:00,08:30,M23,0.0005480286329895279,2,0.0,0.0,0.0,0.0,0.0,0.0,0.0,0.0,0.0,0.09230920892150442,-0.38981771298821,0.0,0.0,0.0,0.0,0.0
1819,2023-05-10 08:30:00,08:30,M23,0.009100011572424904,1,0.0,0.0,0.0,0.0,-0.7773734918787796,0.0,0.0,0.0,0.0,0.0,0.0,0.0,0.0,0.0,0.0,0.0
1820,2023-05-11 08:30:00,08:30,M23,-0.0024102204967384466,1,0.0,0.0,0.0,0.0,0.0,-0.32881048015322667,0.0,0.0,0.0,0.0,0.0,0.0,0.0,0.0,0.0,0.0
1821,2023-05-16 08:30:00,08:30,M23,-0.0009657754115792727,1,0.0,0.0,0.0,0.0,0.0,0.0,0.0,0.0,-0.3892945651342317,0.0,0.0,0.0,0.0,0.0,0.0,0.0
1822,2023-05-16 09:15:00,09:15,M23,0.0024744271655467998,1,0.0,1.2528061347286834,0.0,0.0,0.0,0.0,0.0,0.0,0.0,0.0,0.0,0.0,0.0,0.0,0.0,0.0
1823,2023-05-17 08:30:00,08:30,M23,0.0011477936439998615,2,0.0,0.0,0.0,0.0,0.0,0.0,0.0,0.0,0.0,0.0,0.0,0.012503918592546256,-0.34958871801274666,0.0,0.0,0.0
1824,2023-05-18 10:00:00,10:00,M23,0.005085111612773474,1,0.0,0.0,0.0,0.0,0.0,0.0,0.0,0.0,0.0,0.0,0.0,0.0,0.0,-0.1084190806573689,0.0,0.0
1825,2023-05-23 10:00:00,10:00,M23,-0.00029801818131502955,1,0.0,0.0,0.0,0.0,0.0,0.0,0.0,0.0,0.0,0.0,0.0,0.0,0.0,0.0,0.36632519809074204,0.0
1826,2023-05-26 08:30:00,08:30,M23,-5.999700016801057e-05,3,0.0,0.0,0.8607232058605347,0.0,0.0,0.0,1.573986592497118,1.0612288395921605,0.0,0.0,0.0,0.0,0.0,0.0,0.0,0.0
1827,2023-06-01 10:00:00,10:00,M23,0.0029270353325241416,1,0.0,0.0,0.0,-0.05885742277160194,0.0,0.0,0.0,0.0,0.0,0.0,0.0,0.0,0.0,0.0,0.0,0.0
1828,2023-06-02 08:30:00,08:30,M23,0.0011182720920519529,2,0.0,0.0,0.0,0.0,0.0,0.0,0.0,0.0,0.0,0.20105704408930414,0.38981771298821,0.0,0.0,0.0,0.0,0.0
1829,2023-06-05 10:00:00,10:00,M23,-0.0011071939594398117,1,0.0,0.0,0.0,0.0,0.0,0.0,0.0,0.0,0.0,0.0,0.0,0.0,0.0,0.0,0.0,-0.8805821351501975
1830,2023-06-13 08:30:00,08:30,M23,0.004878198430986913,1,0.0,0.0,0.0,0.0,-0.7773734918787796,0.0,0.0,0.0,0.0,0.0,0.0,0.0,0.0,0.0,0.0,0.0
1831,2023-06-14 08:30:00,08:30,U23,-0.0009045681304264974,1,0.0,0.0,0.0,0.0,0.0,-0.6576209603064533,0.0,0.0,0.0,0.0,0.0,0.0,0.0,0.0,0.0,0.0
1832,2023-06-15 08:30:00,08:30,U23,0.0010789018962000796,1,0.0,0.0,0.0,0.0,0.0,0.0,0.0,0.0,0.3892945651342317,0.0,0.0,0.0,0.0,0.0,0.0,0.0
1833,2023-06-15 09:15:00,09:15,U23,0.0029448429934912923,1,0.0,-0.6264030673643419,0.0,0.0,0.0,0.0,0.0,0.0,0.0,0.0,0.0,0.0,0.0,0.0,0.0,0.0
1834,2023-06-20 08:30:00,08:30,U23,0.00022504782361210118,2,0.0,0.0,0.0,0.0,0.0,0.0,0.0,0.0,0.0,0.0,0.0,2.8884051948781853,1.0987073994686323,0.0,0.0,0.0
1835,2023-06-22 10:00:00,10:00,U23,0.0014173543206741357,1,0.0,0.0,0.0,0.0,0.0,0.0,0.0,0.0,0.0,0.0,0.0,0.0,0.0,0.27104770164342223,0.0,0.0
1836,2023-06-27 08:30:00,08:30,U23,0.0008000000426662268,1,0.0,0.0,1.1066441218206875,0.0,0.0,0.0,0.0,0.0,0.0,0.0,0.0,0.0,0.0,0.0,0.0,0.0
1837,2023-06-27 10:00:00,10:00,U23,0.0007414801423433204,1,0.0,0.0,0.0,0.0,0.0,0.0,0.0,0.0,0.0,0.0,0.0,0.0,0.0,0.0,1.611830871599265,0.0
1838,2023-06-30 08:30:00,08:30,U23,0.0025786213066272268,2,0.0,0.0,0.0,0.0,0.0,0.0,0.0,-0.5306144197960803,0.0,0.0,0.0,0.0,0.0,0.0,0.0,0.0
1839,2023-07-03 10:00:00,10:00,U23,0.0007800747038473332,1,0.0,0.0,0.0,-0.706289073259215,0.0,0.0,0.0,0.0,0.0,0.0,0.0,0.0,0.0,0.0,0.0,0.0
1840,2023-07-06 10:00:00,10:00,U23,-0.0007337792782617925,1,0.0,0.0,0.0,0.0,0.0,0.0,0.0,0.0,0.0,0.0,0.0,0.0,0.0,0.0,0.0,1.3440464168081914
1841,2023-07-07 08:30:00,08:30,U23,-0.0007882439459976354,2,0.0,0.0,0.0,0.0,0.0,0.0,0.0,0.0,0.0,-0.020232155380055763,0.0,0.0,0.0,0.0,0.0,0.0
1842,2023-07-12 08:30:00,08:30,U23,0.0050621753026192096,1,0.0,0.0,0.0,0.0,-0.777373491878783,0.0,0.0,0.0,0.0,0.0,0.0,0.0,0.0,0.0,0.0,0.0
1843,2023-07-13 08:30:00,08:30,U23,0.00027631179198195355,1,0.0,0.0,0.0,0.0,0.0,-0.3288104801532267,0.0,0.0,0.0,0.0,0.0,0.0,0.0,0.0,0.0,0.0
1844,2023-07-18 08:30:00,08:30,U23,-0.0006044454397287069,1,0.0,0.0,0.0,0.0,0.0,0.0,0.0,0.0,-0.29197092385067375,0.0,0.0,0.0,0.0,0.0,0.0,0.0
1845,2023-07-18 09:15:00,09:15,U23,0.0014825799602231626,1,0.0,-1.044005112273903,0.0,0.0,0.0,0.0,0.0,0.0,0.0,0.0,0.0,0.0,0.0,0.0,0.0,0.0
1846,2023-07-19 08:30:00,08:30,U23,0.0003269220320074595,2,0.0,0.0,0.0,0.0,0.0,0.0,0.0,0.0,0.0,0.0,0.0,-0.5751802552571278,-0.8323540905065396,0.0,0.0,0.0
1847,2023-07-20 10:00:00,10:00,U23,-0.0035996766439687633,1,0.0,0.0,0.0,0.0,0.0,0.0,0.0,0.0,0.0,0.0,0.0,0.0,0.0,-0.2168381613147378,0.0,0.0
1848,2023-07-26 10:00:00,10:00,U23,-0.00016346546828316377,1,0.0,0.0,0.0,0.0,0.0,0.0,0.0,0.0,0.0,0.0,0.0,0.0,0.0,0.0,-0.5128552773270388,0.0
1849,2023-07-27 08:30:00,08:30,U23,0.000270087780169348,2,0.8975135897611346,0.0,1.516512315087609,0.0,0.0,0.0,0.0,0.0,0.0,0.0,0.0,0.0,0.0,0.0,0.0,0.0
1850,2023-07-28 08:30:00,08:30,U23,0.0008707009692443535,2,0.0,0.0,0.0,0.0,0.0,0.0,0.0,1.0612288395921605,0.0,0.0,0.0,0.0,0.0,0.0,0.0,0.0
1851,2023-08-01 10:00:00,10:00,U23,-0.0016305237592533217,1,0.0,0.0,0.0,-0.23542969108640358,0.0,0.0,0.0,0.0,0.0,0.0,0.0,0.0,0.0,0.0,0.0,0.0
1852,2023-08-03 10:00:00,10:00,U23,-0.0026032305819878587,1,0.0,0.0,0.0,0.0,0.0,0.0,0.0,0.0,0.0,0.0,0.0,0.0,0.0,0.0,0.0,-0.13903928449739786
1853,2023-08-04 08:30:00,08:30,U23,0.0014891214179382217,2,0.0,0.0,0.0,0.0,0.0,0.0,0.0,0.0,0.0,-0.01643862624629531,-0.194908856494105,0.0,0.0,0.0,0.0,0.0
1854,2023-08-10 08:30:00,08:30,U23,0.0017167386190539702,1,0.0,0.0,0.0,0.0,-0.7773734918787796,0.0,0.0,0.0,0.0,0.0,0.0,0.0,0.0,0.0,0.0,0.0
1855,2023-08-11 08:30:00,08:30,U23,-0.0029606479185542156,1,0.0,0.0,0.0,0.0,0.0,0.32881048015322667,0.0,0.0,0.0,0.0,0.0,0.0,0.0,0.0,0.0,0.0
1856,2023-08-15 08:30:00,08:30,U23,-0.0007819045357866372,1,0.0,0.0,0.0,0.0,0.0,0.0,0.0,0.0,0.2919709238506737,0.0,0.0,0.0,0.0,0.0,0.0,0.0
1857,2023-08-16 08:30:00,08:30,U23,-0.0012926796797962936,2,0.0,0.0,0.0,0.0,0.0,0.0,0.0,0.0,0.0,0.0,0.0,0.050015674370185025,-0.34958871801274666,0.0,0.0,0.0
1858,2023-08-16 09:15:00,09:15,U23,0.0033687079187547653,1,0.0,1.4616071571834641,0.0,0.0,0.0,0.0,0.0,0.0,0.0,0.0,0.0,0.0,0.0,0.0,0.0,0.0
1859,2023-08-22 10:00:00,10:00,U23,-0.0006795017248997226,1,0.0,0.0,0.0,0.0,0.0,0.0,0.0,0.0,0.0,0.0,0.0,0.0,0.0,-0.4336763226294756,0.0,0.0
1860,2023-08-23 10:00:00,10:00,U23,0.0018084209506081805,1,0.0,0.0,0.0,0.0,0.0,0.0,0.0,0.0,0.0,0.0,0.0,0.0,0.0,0.0,0.16484633914083394,0.0
1861,2023-08-24 08:30:00,08:30,U23,-0.00022397670735863073,1,0.0,0.0,-0.4918418319203056,0.0,0.0,0.0,0.0,0.0,0.0,0.0,0.0,0.0,0.0,0.0,0.0,0.0
1862,2023-08-31 08:30:00,08:30,U23,-0.0009921729399522405,2,0.0,0.0,0.0,0.0,0.0,0.0,0.0,1.0612288395921603,0.0,0.0,0.0,0.0,0.0,0.0,0.0,0.0
1863,2023-09-01 08:30:00,08:30,U23,0.0025896044665358886,2,0.0,0.0,0.0,0.0,0.0,0.0,0.0,0.0,0.0,0.021496665091309246,0.5847265694823142,0.0,0.0,0.0,0.0,0.0
1864,2023-09-01 10:00:00,10:00,U23,0.0007172216246331686,1,0.0,0.0,0.0,0.3531445366296075,0.0,0.0,0.0,0.0,0.0,0.0,0.0,0.0,0.0,0.0,0.0,0.0
1865,2023-09-06 10:00:00,10:00,U23,-0.0036826288689688624,1,0.0,0.0,0.0,0.0,0.0,0.0,0.0,0.0,0.0,0.0,0.0,0.0,0.0,0.0,0.0,0.9269285633159945
1866,2023-09-13 08:30:00,08:30,U23,0.00011201971558705281,1,0.0,0.0,0.0,0.0,0.777373491878783,0.0,0.0,0.0,0.0,0.0,0.0,0.0,0.0,0.0,0.0,0.0
1867,2023-09-14 08:30:00,08:30,Z23,0.00044064996581916205,2,0.0,0.0,0.0,0.0,0.0,0.9864314404596799,0.0,0.0,0.38929456513423166,0.0,0.0,0.0,0.0,0.0,0.0,0.0
1868,2023-09-15 09:15:00,09:15,Z23,-0.003800296480211074,1,0.0,0.6264030673643419,0.0,0.0,0.0,0.0,0.0,0.0,0.0,0.0,0.0,0.0,0.0,0.0,0.0,0.0
1869,2023-09-19 08:30:00,08:30,Z23,-0.0015557287280447696,2,0.0,0.0,0.0,0.0,0.0,0.0,0.0,0.0,0.0,0.0,0.0,-1.963115219029762,1.7146494264434717,0.0,0.0,0.0
1870,2023-09-21 10:00:00,10:00,Z23,0.0006244500784777784,1,0.0,0.0,0.0,0.0,0.0,0.0,0.0,0.0,0.0,0.0,0.0,0.0,0.0,-0.3252572419721067,0.0,0.0
1871,2023-09-26 10:00:00,10:00,Z23,-0.001786280690478037,1,0.0,0.0,0.0,0.0,0.0,0.0,0.0,0.0,0.0,0.0,0.0,0.0,0.0,0.0,-0.45790649761342755,0.0
1872,2023-09-27 08:30:00,08:30,Z23,0.0008662759341664383,1,0.0,0.0,0.2869077352868449,0.0,0.0,0.0,0.0,0.0,0.0,0.0,0.0,0.0,0.0,0.0,0.0,0.0
1873,2023-09-29 08:30:00,08:30,Z23,0.0017755381393538272,2,0.0,0.0,0.0,0.0,0.0,0.0,-1.573986592497117,0.5306144197960803,0.0,0.0,0.0,0.0,0.0,0.0,0.0,0.0
1874,2023-10-02 10:00:00,10:00,Z23,-0.0006948465826752681,1,0.0,0.0,0.0,0.7651464960308126,0.0,0.0,0.0,0.0,0.0,0.0,0.0,0.0,0.0,0.0,0.0,0.0
1875,2023-10-04 10:00:00,10:00,Z23,-0.003981969306734001,1,0.0,0.0,0.0,0.0,0.0,0.0,0.0,0.0,0.0,0.0,0.0,0.0,0.0,0.0,0.0,0.0
1876,2023-10-06 08:30:00,08:30,Z23,-0.01006503903306566,2,0.0,0.0,0.0,0.0,0.0,0.0,0.0,0.0,0.0,0.20990861206807854,0.19490885649410414,0.0,0.0,0.0,0.0,0.0
1877,2023-10-11 08:30:00,08:30,Z23,0.0011346231432227682,1,0.0,0.0,0.0,0.0,0.0,0.6576209603064535,0.0,0.0,0.0,0.0,0.0,0.0,0.0,0.0,0.0,0.0
1878,2023-10-12 08:30:00,08:30,Z23,-0.0032803603874409504,1,0.0,0.0,0.0,0.0,0.777373491878783,0.0,0.0,0.0,0.0,0.0,0.0,0.0,0.0,0.0,0.0,0.0
1879,2023-10-17 08:30:00,08:30,Z23,-0.00296583802639816,1,0.0,0.0,0.0,0.0,0.0,0.0,0.0,0.0,0.38929456513423166,0.0,0.0,0.0,0.0,0.0,0.0,0.0
1880,2023-10-17 09:15:00,09:15,Z23,-0.00091470392840165,1,0.0,0.41760204490956115,0.0,0.0,0.0,0.0,0.0,0.0,0.0,0.0,0.0,0.0,0.0,0.0,0.0,0.0
1881,2023-10-18 08:30:00,08:30,Z23,-0.0017685488250602788,2,0.0,0.0,0.0,0.0,0.0,0.0,0.0,0.0,0.0,0.0,0.0,-0.2750862090360176,0.2996474725823543,0.0,0.0,0.0
1882,2023-10-19 10:00:00,10:00,Z23,-0.003748238393468384,1,0.0,0.0,0.0,0.0,0.0,0.0,0.0,0.0,0.0,0.0,0.0,0.0,0.0,0.3794667823007911,0.0,0.0
1883,2023-10-25 10:00:00,10:00,Z23,-0.001181753860056034,1,0.0,0.0,0.0,0.0,0.0,0.0,0.0,0.0,0.0,0.0,0.0,0.0,0.0,0.0,1.4469845324584312,0.0
1884,2023-10-26 08:30:00,08:30,Z23,0.0037597394570525466,2,0.8975135897611356,0.0,1.229604579800764,0.0,0.0,0.0,0.0,0.0,0.0,0.0,0.0,0.0,0.0,0.0,0.0,0.0
1885,2023-10-27 08:30:00,08:30,Z23,0.0013180758004374127,2,0.0,0.0,0.0,0.0,0.0,0.0,1.573986592497118,0.5306144197960804,0.0,0.0,0.0,0.0,0.0,0.0,0.0,0.0
1886,2023-11-01 10:00:00,10:00,Z23,0.0036016925540671707,1,0.0,0.0,0.0,-1.3537207237468238,0.0,0.0,0.0,0.0,0.0,0.0,0.0,0.0,0.0,0.0,0.0,0.0
1887,2023-11-03 08:30:00,08:30,Z23,0.005121576437527864,2,0.0,0.0,0.0,0.0,0.0,0.0,0.0,0.0,0.0,-0.03793529133760455,0.194908856494105,0.0,0.0,0.0,0.0,0.0
1888,2023-11-03 10:00:00,10:00,Z23,-0.0018298266770759852,1,0.0,0.0,0.0,0.0,0.0,0.0,0.0,0.0,0.0,0.0,0.0,0.0,0.0,0.0,0.0,-0.5561571379895981
1889,2023-11-14 08:30:00,08:30,Z23,0.012447595538622735,1,0.0,0.0,0.0,0.0,-0.7773734918787796,0.0,0.0,0.0,0.0,0.0,0.0,0.0,0.0,0.0,0.0,0.0
1890,2023-11-15 08:30:00,08:30,Z23,-0.0017113366400263175,2,0.0,0.0,0.0,0.0,0.0,-1.9728628809193602,0.0,0.0,0.19464728256711583,0.0,0.0,0.0,0.0,0.0,0.0,0.0
1891,2023-11-16 09:15:00,09:15,Z23,0.0006640106485686914,1,0.0,-0.6264030673643417,0.0,0.0,0.0,0.0,0.0,0.0,0.0,0.0,0.0,0.0,0.0,0.0,0.0,0.0
1892,2023-11-17 08:30:00,08:30,Z23,-0.0016536218077476406,2,0.0,0.0,0.0,0.0,0.0,0.0,0.0,0.0,0.0,0.0,0.0,0.3376058019987489,0.6159420269748394,0.0,0.0,0.0
1893,2023-11-21 10:00:00,10:00,Z23,-0.0018709079358121272,1,0.0,0.0,0.0,0.0,0.0,0.0,0.0,0.0,0.0,0.0,0.0,0.0,0.0,-0.5963049436155289,0.0,0.0
1894,2023-11-22 08:30:00,08:30,Z23,0.0008762322575979198,1,0.0,0.0,-0.9426968445139191,0.0,0.0,0.0,0.0,0.0,0.0,0.0,0.0,0.0,0.0,0.0,0.0,0.0
1895,2023-11-27 10:00:00,10:00,Z23,0.000931992063295084,1,0.0,0.0,0.0,0.0,0.0,0.0,0.0,0.0,0.0,0.0,0.0,0.0,0.0,0.0,-0.7692829159905583,0.0
1896,2023-11-30 08:30:00,08:30,Z23,-0.001257964997570582,2,0.0,0.0,0.0,0.0,0.0,0.0,-1.5739865924971175,0.5306144197960803,0.0,0.0,0.0,0.0,0.0,0.0,0.0,0.0
1897,2023-12-01 10:00:00,10:00,Z23,-0.001422864575411964,1,0.0,0.0,0.0,-0.5297168049444091,0.0,0.0,0.0,0.0,0.0,0.0,0.0,0.0,0.0,0.0,0.0,0.0
1898,2023-12-05 10:00:00,10:00,Z23,0.0016955182227977872,1,0.0,0.0,0.0,0.0,0.0,0.0,0.0,0.0,0.0,0.0,0.0,0.0,0.0,0.0,0.0,0.3244249971605994
1899,2023-12-08 08:30:00,08:30,Z23,-0.00027272479510109804,2,0.0,0.0,0.0,0.0,0.0,0.0,0.0,0.0,0.0,0.024025684513816217,-0.3898177129882091,0.0,0.0,0.0,0.0,0.0
1900,2023-12-12 08:30:00,08:30,Z23,-0.0024846075221027775,1,0.0,0.0,0.0,0.0,0.0,0.0,0.0,0.0,0.0,0.0,0.0,0.0,0.0,0.0,0.0,0.0
1901,2023-12-13 08:30:00,08:30,Z23,0.0009131684893155523,1,0.0,0.0,0.0,0.0,0.0,-0.3288104801532267,0.0,0.0,0.0,0.0,0.0,0.0,0.0,0.0,0.0,0.0
1902,2023-12-14 08:30:00,08:30,H24,0.002667295846681128,1,0.0,0.0,0.0,0.0,0.0,0.0,0.0,0.0,0.3892945651342317,0.0,0.0,0.0,0.0,0.0,0.0,0.0
1903,2023-12-15 09:15:00,09:15,H24,-0.0015715037283428046,1,0.0,-0.20880102245478055,0.0,0.0,0.0,0.0,0.0,0.0,0.0,0.0,0.0,0.0,0.0,0.0,0.0,0.0
1904,2023-12-19 08:30:00,08:30,H24,-0.0006248698391200236,2,0.0,0.0,0.0,0.0,0.0,0.0,0.0,0.0,0.0,0.0,0.0,2.500783718509251,-0.16647081810130793,0.0,0.0,0.0
1905,2023-12-20 10:00:00,10:00,H24,0.0015038766544268611,1,0.0,0.0,0.0,0.0,0.0,0.0,0.0,0.0,0.0,0.0,0.0,0.0,0.0,0.2168381613147378,0.0,0.0
1906,2023-12-22 08:30:00,08:30,H24,0.0016656260357148511,3,0.0,0.0,1.516512315087609,0.0,0.0,0.0,-1.5739865924971175,0.0,0.0,0.0,0.0,0.0,0.0,0.0,0.0,0.0
1907,2023-12-22 10:00:00,10:00,H24,-0.00015561376694428475,1,0.0,0.0,0.0,0.0,0.0,0.0,0.0,0.0,0.0,0.0,0.0,0.0,0.0,0.0,-1.923207289976396,0.0
1908,2024-01-03 10:00:00,10:00,H24,-0.0011034918751988698,1,0.0,0.0,0.0,0.17657226831480163,0.0,0.0,0.0,0.0,0.0,0.0,0.0,0.0,0.0,0.0,0.0,0.0
1909,2024-01-05 08:30:00,08:30,H24,0.00015886044143798017,2,0.0,0.0,0.0,0.0,0.0,0.0,0.0,0.0,0.0,0.05816744671766032,-0.19490885649410414,0.0,0.0,0.0,0.0,0.0
1910,2024-01-05 10:00:00,10:00,H24,0.0022665587016650335,1,0.0,0.0,0.0,0.0,0.0,0.0,0.0,0.0,0.0,0.0,0.0,0.0,0.0,0.0,0.0,-0.9269285633159945
1911,2024-01-11 08:30:00,08:30,H24,-0.004410436517556349,1,0.0,0.0,0.0,0.0,1.5547469837575625,0.0,0.0,0.0,0.0,0.0,0.0,0.0,0.0,0.0,0.0,0.0
1912,2024-01-12 08:30:00,08:30,H24,0.0026517628953772743,1,0.0,0.0,0.0,0.0,0.0,-0.6576209603064535,0.0,0.0,0.0,0.0,0.0,0.0,0.0,0.0,0.0,0.0
1913,2024-01-17 08:30:00,08:30,H24,-0.0020430086469076514,1,0.0,0.0,0.0,0.0,0.0,0.0,0.0,0.0,0.1946472825671158,0.0,0.0,0.0,0.0,0.0,0.0,0.0
1914,2024-01-17 09:15:00,09:15,H24,-0.0015213117688173128,1,0.0,0.2088010224547806,0.0,0.0,0.0,0.0,0.0,0.0,0.0,0.0,0.0,0.0,0.0,0.0,0.0,0.0
1915,2024-01-18 08:30:00,08:30,H24,-0.0015141629312456217,2,0.0,0.0,0.0,0.0,0.0,0.0,0.0,0.0,0.0,0.0,0.0,0.42513323214657267,0.2497062271519619,0.0,0.0,0.0
1916,2024-01-19 10:00:00,10:00,H24,0.0,1,0.0,0.0,0.0,0.0,0.0,0.0,0.0,0.0,0.0,0.0,0.0,0.0,0.0,-0.2168381613147378,0.0,0.0
1917,2024-01-25 08:30:00,08:30,H24,0.002546344826651392,2,1.9446127778157918,0.0,-0.4508550125936135,0.0,0.0,0.0,0.0,0.0,0.0,0.0,0.0,0.0,0.0,0.0,0.0,0.0
1918,2024-01-25 10:00:00,10:00,H24,0.0014733903338637333,1,0.0,0.0,0.0,0.0,0.0,0.0,0.0,0.0,0.0,0.0,0.0,0.0,0.0,0.0,0.34800893818620493,0.0
1919,2024-01-26 08:30:00,08:30,H24,0.001066558418989061,2,0.0,0.0,0.0,0.0,0.0,0.0,0.0,1.0612288395921605,0.0,0.0,0.0,0.0,0.0,0.0,0.0,0.0
1920,2024-02-01 10:00:00,10:00,H24,0.0022996151892513694,1,0.0,0.0,0.0,1.11829103266042,0.0,0.0,0.0,0.0,0.0,0.0,0.0,0.0,0.0,0.0,0.0,0.0
1921,2024-02-02 08:30:00,08:30,H24,-0.005106824396595044,2,0.0,0.0,0.0,0.0,0.0,0.0,0.0,0.0,0.0,0.20990861206807854,-0.19490885649410414,0.0,0.0,0.0,0.0,0.0
1922,2024-02-05 10:00:00,10:00,H24,-0.004032873339067322,1,0.0,0.0,0.0,0.0,0.0,0.0,0.0,0.0,0.0,0.0,0.0,0.0,0.0,0.0,0.0,0.6488499943211955
1923,2024-02-13 08:30:00,08:30,H24,-0.009900080859440052,1,0.0,0.0,0.0,0.0,1.554746983757566,0.0,0.0,0.0,0.0,0.0,0.0,0.0,0.0,0.0,0.0,0.0
1924,2024-02-15 08:30:00,08:30,H24,0.0,1,0.0,0.0,0.0,0.0,0.0,0.0,0.0,0.0,-0.5839418477013476,0.0,0.0,0.0,0.0,0.0,0.0,0.0
1925,2024-02-15 09:15:00,09:15,H24,0.0008960128032384773,1,0.0,-0.6264030673643419,0.0,0.0,0.0,0.0,0.0,0.0,0.0,0.0,0.0,0.0,0.0,0.0,0.0,0.0
1926,2024-02-16 08:30:00,08:30,H24,-0.0021292934336791802,3,0.0,0.0,0.0,0.0,0.0,0.6576209603064533,0.0,0.0,0.0,0.0,0.0,-1.4879663125130045,-0.649236190595101,0.0,0.0,0.0
1927,2024-02-22 10:00:00,10:00,H24,0.0008375416181181095,1,0.0,0.0,0.0,0.0,0.0,0.0,0.0,0.0,0.0,0.0,0.0,0.0,0.0,0.2168381613147378,0.0,0.0
1928,2024-02-26 10:00:00,10:00,H24,-0.0008822232596905621,1,0.0,0.0,0.0,0.0,0.0,0.0,0.0,0.0,0.0,0.0,0.0,0.0,0.0,0.0,-0.34800893818620493,0.0
1929,2024-02-27 08:30:00,08:30,H24,0.0010326261581905527,1,0.0,0.0,-0.4918418319203053,0.0,0.0,0.0,0.0,0.0,0.0,0.0,0.0,0.0,0.0,0.0,0.0,0.0
1930,2024-02-29 08:30:00,08:30,H24,0.006643561749951843,2,0.0,0.0,0.0,0.0,0.0,0.0,0.0,0.0,0.0,0.0,0.0,0.0,0.0,0.0,0.0,0.0
1931,2024-03-01 10:00:00,10:00,H24,0.0027393256869459037,1,0.0,0.0,0.0,-1.0005761871172205,0.0,0.0,0.0,0.0,0.0,0.0,0.0,0.0,0.0,0.0,0.0,0.0
1932,2024-03-05 10:00:00,10:00,H24,-0.0026458930620503196,1,0.0,0.0,0.0,0.0,0.0,0.0,0.0,0.0,0.0,0.0,0.0,0.0,0.0,0.0,0.0,-0.18538571266319825
1933,2024-03-08 08:30:00,08:30,H24,0.003241807605032676,2,0.0,0.0,0.0,0.0,0.0,0.0,0.0,0.0,0.0,0.09736724776651835,0.3898177129882091,0.0,0.0,0.0,0.0,0.0
1934,2024-03-12 08:30:00,08:30,H24,0.0017508880500365365,1,0.0,0.0,0.0,0.0,0.777373491878783,0.0,0.0,0.0,0.0,0.0,0.0,0.0,0.0,0.0,0.0,0.0
1935,2024-03-14 08:30:00,08:30,M24,-0.0007148814792703462,2,0.0,0.0,0.0,0.0,0.0,0.9864314404596801,0.0,0.0,-0.19464728256711591,0.0,0.0,0.0,0.0,0.0,0.0,0.0
1936,2024-03-15 09:15:00,09:15,M24,-0.005527664342777072,1,0.0,0.2088010224547806,0.0,0.0,0.0,0.0,0.0,0.0,0.0,0.0,0.0,0.0,0.0,0.0,0.0,0.0
1937,2024-03-19 08:30:00,08:30,M24,0.0019739540845442605,2,0.0,0.0,0.0,0.0,0.0,0.0,0.0,0.0,0.0,0.0,0.0,1.1378565919217092,0.2996474725823543,0.0,0.0,0.0
1938,2024-03-21 10:00:00,10:00,M24,0.0006587305559815348,1,0.0,0.0,0.0,0.0,0.0,0.0,0.0,0.0,0.0,0.0,0.0,0.0,0.0,2.3310102341334313,0.0,0.0
1939,2024-03-25 10:00:00,10:00,M24,0.0002839564619172563,1,0.0,0.0,0.0,0.0,0.0,0.0,0.0,0.0,0.0,0.0,0.0,0.0,0.0,0.0,-0.23811137875898233,0.0
1940,2024-03-26 08:30:00,08:30,M24,-0.0013224391480033404,1,0.0,0.0,0.08197363865338424,0.0,0.0,0.0,0.0,0.0,0.0,0.0,0.0,0.0,0.0,0.0,0.0,0.0
1941,2024-04-01 10:00:00,10:00,M24,-0.0022133800743109333,1,0.0,0.0,0.0,1.0594336098888182,0.0,0.0,0.0,0.0,0.0,0.0,0.0,0.0,0.0,0.0,0.0,0.0
1942,2024-04-03 10:00:00,10:00,M24,0.004083382531552715,1,0.0,0.0,0.0,0.0,0.0,0.0,0.0,0.0,0.0,0.0,0.0,0.0,0.0,0.0,0.0,-0.6488499943211955
1943,2024-04-05 08:30:00,08:30,M24,0.0,2,0.0,0.0,0.0,0.0,0.0,0.0,0.0,0.0,0.0,0.11507038372406715,-0.194908856494105,0.0,0.0,0.0,0.0,0.0
1944,2024-04-10 08:30:00,08:30,M24,-0.01497026785689215,1,0.0,0.0,0.0,0.0,0.777373491878783,0.0,0.0,0.0,0.0,0.0,0.0,0.0,0.0,0.0,0.0,0.0
1945,2024-04-11 08:30:00,08:30,M24,0.006493373143671377,1,0.0,0.0,0.0,0.0,0.0,-0.32881048015322667,0.0,0.0,0.0,0.0,0.0,0.0,0.0,0.0,0.0,0.0
1946,2024-04-15 08:30:00,08:30,M24,0.0019215993614771776,1,0.0,0.0,0.0,0.0,0.0,0.0,0.0,0.0,0.2919709238506737,0.0,0.0,0.0,0.0,0.0,0.0,0.0
1947,2024-04-16 08:30:00,08:30,M24,0.0016632427276235262,2,0.0,0.0,0.0,0.0,0.0,0.0,0.0,0.0,0.0,0.0,0.0,-1.9881230562148546,-0.9322365813673245,0.0,0.0,0.0
1948,2024-04-16 09:15:00,09:15,M24,-0.00347843478376042,1,0.0,0.0,0.0,0.0,0.0,0.0,0.0,0.0,0.0,0.0,0.0,0.0,0.0,0.0,0.0,0.0
1949,2024-04-18 10:00:00,10:00,M24,0.002415876929974914,1,0.0,0.0,0.0,0.0,0.0,0.0,0.0,0.0,0.0,0.0,0.0,0.0,0.0,-0.0542095403286794,0.0,0.0
1950,2024-04-23 10:00:00,10:00,M24,0.002454470821351862,1,0.0,0.0,0.0,0.0,0.0,0.0,0.0,0.0,0.0,0.0,0.0,0.0,0.0,0.0,0.45790649761342755,0.0
1951,2024-04-24 08:30:00,08:30,M24,-0.0023460421317516023,1,0.0,0.0,0.04098681932669217,0.0,0.0,0.0,0.0,0.0,0.0,0.0,0.0,0.0,0.0,0.0,0.0,0.0
1952,2024-04-25 08:30:00,08:30,M24,-0.004893369129657543,1,-1.3462703846417021,0.0,0.0,0.0,0.0,0.0,0.0,0.0,0.0,0.0,0.0,0.0,0.0,0.0,0.0,0.0
1953,2024-04-26 08:30:00,08:30,M24,0.0010740090858583073,2,0.0,0.0,0.0,0.0,0.0,0.0,0.0,1.0612288395921605,0.0,0.0,0.0,0.0,0.0,0.0,0.0,0.0
1954,2024-05-01 10:00:00,10:00,M24,0.0002969562011418958,1,0.0,0.0,0.0,-0.47085938217280715,0.0,0.0,0.0,0.0,0.0,0.0,0.0,0.0,0.0,0.0,0.0,0.0
1955,2024-05-03 08:30:00,08:30,M24,0.007213913132813943,2,0.0,0.0,0.0,0.0,0.0,0.0,0.0,0.0,0.0,-0.07966411180896957,0.194908856494105,0.0,0.0,0.0,0.0,0.0
1956,2024-05-03 10:00:00,10:00,M24,-0.0034468563388028173,1,0.0,0.0,0.0,0.0,0.0,0.0,0.0,0.0,0.0,0.0,0.0,0.0,0.0,0.0,0.0,-1.2050071323107936
1957,2024-05-14 08:30:00,08:30,M24,-0.0012392165925003695,1,0.0,0.0,0.0,0.0,0.0,0.6576209603064535,0.0,0.0,0.0,0.0,0.0,0.0,0.0,0.0,0.0,0.0
1958,2024-05-15 08:30:00,08:30,M24,0.004212326080839546,2,0.0,0.0,0.0,0.0,0.0,0.0,0.0,0.0,-0.3892945651342317,0.0,0.0,0.0,0.0,0.0,0.0,0.0
1959,2024-05-16 08:30:00,08:30,M24,-0.0012650223065868715,2,0.0,0.0,0.0,0.0,0.0,0.0,0.0,0.0,0.0,0.0,0.0,-0.7502351155527753,-0.6658832724052317,0.0,0.0,0.0
1960,2024-05-16 09:15:00,09:15,M24,0.0005156693267593937,1,0.0,-0.2088010224547806,0.0,0.0,0.0,0.0,0.0,0.0,0.0,0.0,0.0,0.0,0.0,0.0,0.0,0.0
1961,2024-05-22 10:00:00,10:00,M24,-9.360666486379898e-05,1,0.0,0.0,0.0,0.0,0.0,0.0,0.0,0.0,0.0,0.0,0.0,0.0,0.0,-0.3794667823007911,0.0,0.0
1962,2024-05-23 10:00:00,10:00,M24,0.0005162986198090636,1,0.0,0.0,0.0,0.0,0.0,0.0,0.0,0.0,0.0,0.0,0.0,0.0,0.0,0.0,-0.7875991758950954,0.0
1963,2024-05-24 08:30:00,08:30,M24,0.0011322892321263822,1,0.0,0.0,0.6557891092270741,0.0,0.0,0.0,0.0,0.0,0.0,0.0,0.0,0.0,0.0,0.0,0.0,0.0
1964,2024-05-31 08:30:00,08:30,M24,0.003659960831488007,2,0.0,0.0,0.0,0.0,0.0,0.0,0.0,-1.0612288395921605,0.0,0.0,0.0,0.0,0.0,0.0,0.0,0.0
1965,2024-06-03 10:00:00,10:00,M24,0.0004716981219523575,1,0.0,0.0,0.0,-0.6474316504876088,0.0,0.0,0.0,0.0,0.0,0.0,0.0,0.0,0.0,0.0,0.0,0.0
1966,2024-06-05 10:00:00,10:00,M24,0.0007986282810019674,1,0.0,0.0,0.0,0.0,0.0,0.0,0.0,0.0,0.0,0.0,0.0,0.0,0.0,0.0,0.0,1.297699988642391
1967,2024-06-07 08:30:00,08:30,M24,-0.004715998748256567,2,0.0,0.0,0.0,0.0,0.0,0.0,0.0,0.0,0.0,0.11380587401281367,0.194908856494105,0.0,0.0,0.0,0.0,0.0
1968,2024-06-12 08:30:00,08:30,M24,0.00762427739672944,1,0.0,0.0,0.0,0.0,-0.777373491878783,0.0,0.0,0.0,0.0,0.0,0.0,0.0,0.0,0.0,0.0,0.0
1969,2024-06-13 08:30:00,08:30,M24,4.5950603109190524e-05,1,0.0,0.0,0.0,0.0,0.0,-0.9864314404596803,0.0,0.0,0.0,0.0,0.0,0.0,0.0,0.0,0.0,0.0
1970,2024-06-18 08:30:00,08:30,U24,-0.0009015100903564388,1,0.0,0.0,0.0,0.0,0.0,0.0,0.0,0.0,-0.19464728256711583,0.0,0.0,0.0,0.0,0.0,0.0,0.0
1971,2024-06-18 09:15:00,09:15,U24,0.002252557604258243,1,0.0,1.2528061347286839,0.0,0.0,0.0,0.0,0.0,0.0,0.0,0.0,0.0,0.0,0.0,0.0,0.0,0.0
1972,2024-06-20 08:30:00,08:30,U24,-0.001210789627503317,2,0.0,0.0,0.0,0.0,0.0,0.0,0.0,0.0,0.0,0.0,0.0,-1.1628644291068018,-1.0654132358483708,0.0,0.0,0.0
1973,2024-06-21 10:00:00,10:00,U24,0.00081414812946079,1,0.0,0.0,0.0,0.0,0.0,0.0,0.0,0.0,0.0,0.0,0.0,0.0,0.0,0.1626286209860584,0.0,0.0
1974,2024-06-26 10:00:00,10:00,U24,0.00013570055431877392,1,0.0,0.0,0.0,0.0,0.0,0.0,0.0,0.0,0.0,0.0,0.0,0.0,0.0,0.0,-0.31137641837713076,0.0
1975,2024-06-27 08:30:00,08:30,U24,0.0012187141818529312,1,0.0,0.0,0.24592091596015278,0.0,0.0,0.0,0.0,0.0,0.0,0.0,0.0,0.0,0.0,0.0,0.0,0.0
1976,2024-06-28 08:30:00,08:30,U24,-0.0016181233304113363,2,0.0,0.0,0.0,0.0,0.0,0.0,0.0,0.0,0.0,0.0,0.0,0.0,0.0,0.0,0.0,0.0
1977,2024-07-01 10:00:00,10:00,U24,-0.0006337422691853334,1,0.0,0.0,0.0,-0.4120019594012094,0.0,0.0,0.0,0.0,0.0,0.0,0.0,0.0,0.0,0.0,0.0,0.0
1978,2024-07-03 10:00:00,10:00,U24,-0.0003141055869306797,1,0.0,0.0,0.0,0.0,0.0,0.0,0.0,0.0,0.0,0.0,0.0,0.0,0.0,0.0,0.0,-1.7611642703003916
1979,2024-07-05 08:30:00,08:30,U24,4.470572457471178e-05,2,0.0,0.0,0.0,0.0,0.0,0.0,0.0,0.0,0.0,0.018967645668802276,0.19490885649410414,0.0,0.0,0.0,0.0,0.0
1980,2024-07-11 08:30:00,08:30,U24,0.0004840164660091517,1,0.0,0.0,0.0,0.0,-0.777373491878783,0.0,0.0,0.0,0.0,0.0,0.0,0.0,0.0,0.0,0.0,0.0
1981,2024-07-12 08:30:00,08:30,U24,0.0008862106216316334,1,0.0,0.0,0.0,0.0,0.0,0.3288104801532267,0.0,0.0,0.0,0.0,0.0,0.0,0.0,0.0,0.0,0.0
1982,2024-07-16 08:30:00,08:30,U24,0.00030741529852740257,1,0.0,0.0,0.0,0.0,0.0,0.0,0.0,0.0,0.29197092385067375,0.0,0.0,0.0,0.0,0.0,0.0,0.0
1983,2024-07-17 08:30:00,08:30,U24,-0.0013247374541780488,2,0.0,0.0,0.0,0.0,0.0,0.0,0.0,0.0,0.0,0.0,0.0,0.6627076854049515,0.7657657632660165,0.0,0.0,0.0
1984,2024-07-17 09:15:00,09:15,U24,0.0007507010575338313,1,0.0,0.6264030673643417,0.0,0.0,0.0,0.0,0.0,0.0,0.0,0.0,0.0,0.0,0.0,0.0,0.0,0.0
1985,2024-07-23 10:00:00,10:00,U24,0.0008454026177044938,1,0.0,0.0,0.0,0.0,0.0,0.0,0.0,0.0,0.0,0.0,0.0,0.0,0.0,-0.5420954032868445,0.0,0.0
1986,2024-07-24 10:00:00,10:00,U24,-0.0014030008411243244,1,0.0,0.0,0.0,0.0,0.0,0.0,0.0,0.0,0.0,0.0,0.0,0.0,0.0,0.0,-0.40295771789981627,0.0
1987,2024-07-25 08:30:00,08:30,U24,0.0026525214491321947,2,1.1966847863481795,0.0,-2.828090533541757,0.0,0.0,0.0,0.0,0.0,0.0,0.0,0.0,0.0,0.0,0.0,0.0,0.0
1988,2024-07-26 08:30:00,08:30,U24,-0.00141323449018671,2,0.0,0.0,0.0,0.0,0.0,0.0,0.0,-0.5306144197960802,0.0,0.0,0.0,0.0,0.0,0.0,0.0,0.0
1989,2024-08-01 10:00:00,10:00,U24,-0.007221219511786003,1,0.0,0.0,0.0,-1.1771484554320222,0.0,0.0,0.0,0.0,0.0,0.0,0.0,0.0,0.0,0.0,0.0,0.0
1990,2024-08-02 08:30:00,08:30,U24,-0.005454390891433292,2,0.0,0.0,0.0,0.0,0.0,0.0,0.0,0.0,0.0,-0.07839960209771608,0.38981771298821,0.0,0.0,0.0,0.0,0.0
1991,2024-08-05 10:00:00,10:00,U24,-0.0023091365434382283,1,0.0,0.0,0.0,0.0,0.0,0.0,0.0,0.0,0.0,0.0,0.0,0.0,0.0,0.0,0.0,0.0
1992,2024-08-13 08:30:00,08:30,U24,0.0021311103733872017,1,0.0,0.0,0.0,0.0,0.0,-0.3288104801532267,0.0,0.0,0.0,0.0,0.0,0.0,0.0,0.0,0.0,0.0
1993,2024-08-14 08:30:00,08:30,U24,0.0009607686887971312,1,0.0,0.0,0.0,0.0,-0.777373491878783,0.0,0.0,0.0,0.0,0.0,0.0,0.0,0.0,0.0,0.0,0.0
1994,2024-08-15 08:30:00,08:30,U24,0.006625846795493828,1,0.0,0.0,0.0,0.0,0.0,0.0,0.0,0.0,0.5839418477013475,0.0,0.0,0.0,0.0,0.0,0.0,0.0
1995,2024-08-15 09:15:00,09:15,U24,0.001401985621857449,1,0.0,-0.6264030673643417,0.0,0.0,0.0,0.0,0.0,0.0,0.0,0.0,0.0,0.0,0.0,0.0,0.0,0.0
1996,2024-08-16 08:30:00,08:30,U24,-0.0015775362161001283,2,0.0,0.0,0.0,0.0,0.0,0.0,0.0,0.0,0.0,0.0,0.0,-1.275399696439718,-0.566000781544447,0.0,0.0,0.0
1997,2024-08-22 10:00:00,10:00,U24,-0.003717640927016319,1,0.0,0.0,0.0,0.0,0.0,0.0,0.0,0.0,0.0,0.0,0.0,0.0,0.0,0.05420954032868445,0.0,0.0
1998,2024-08-23 10:00:00,10:00,U24,0.00540470017171657,1,0.0,0.0,0.0,0.0,0.0,0.0,0.0,0.0,0.0,0.0,0.0,0.0,0.0,0.0,2.106369889021767,0.0
1999,2024-08-26 08:30:00,08:30,U24,8.832361779376185e-05,1,0.0,0.0,2.418222340274836,0.0,0.0,0.0,0.0,0.0,0.0,0.0,0.0,0.0,0.0,0.0,0.0,0.0
2000,2024-08-30 08:30:00,08:30,U24,-0.0013760350174880642,2,0.0,0.0,0.0,0.0,0.0,0.0,0.0,0.5306144197960804,0.0,0.0,0.0,0.0,0.0,0.0,0.0,0.0
2001,2024-09-03 10:00:00,10:00,U24,-0.002903278274882126,1,0.0,0.0,0.0,-0.17657226831480163,0.0,0.0,0.0,0.0,0.0,0.0,0.0,0.0,0.0,0.0,0.0,0.0
2002,2024-09-05 10:00:00,10:00,U24,0.0030202651038457873,1,0.0,0.0,0.0,0.0,0.0,0.0,0.0,0.0,0.0,0.0,0.0,0.0,0.0,0.0,0.0,0.09269285633160076
2003,2024-09-06 08:30:00,08:30,U24,0.0050432874563863805,2,0.0,0.0,0.0,0.0,0.0,0.0,0.0,0.0,0.0,-0.02781921364757667,0.0,0.0,0.0,0.0,0.0,0.0
2004,2024-09-11 08:30:00,08:30,U24,0.00036375210695283045,1,0.0,0.0,0.0,0.0,0.0,0.0,0.0,0.0,0.0,0.0,0.0,0.0,0.0,0.0,0.0,0.0
2005,2024-09-12 08:30:00,08:30,U24,-0.0017956549985598258,1,0.0,0.0,0.0,0.0,0.0,0.3288104801532267,0.0,0.0,0.0,0.0,0.0,0.0,0.0,0.0,0.0,0.0
2006,2024-09-17 08:30:00,08:30,Z24,0.0008301475080774168,1,0.0,0.0,0.0,0.0,0.0,0.0,0.0,0.0,0.2919709238506738,0.0,0.0,0.0,0.0,0.0,0.0,0.0
2007,2024-09-17 09:15:00,09:15,Z24,-0.0002620201770522357,1,0.0,1.2528061347286839,0.0,0.0,0.0,0.0,0.0,0.0,0.0,0.0,0.0,0.0,0.0,0.0,0.0,0.0
2008,2024-09-18 08:30:00,08:30,Z24,0.0009199028180066904,2,0.0,0.0,0.0,0.0,0.0,0.0,0.0,0.0,0.0,0.0,0.0,0.5751802552571278,1.0820603176585015,0.0,0.0,0.0
2009,2024-09-19 10:00:00,10:00,Z24,0.0038550715883012288,1,0.0,0.0,0.0,0.0,0.0,0.0,0.0,0.0,0.0,0.0,0.0,0.0,0.0,-0.3252572419721067,0.0,0.0
2010,2024-09-25 10:00:00,10:00,Z24,-0.00021583820851667213,1,0.0,0.0,0.0,0.0,0.0,0.0,0.0,0.0,0.0,0.0,0.0,0.0,0.0,0.0,0.31137641837713076,0.0
2011,2024-09-26 08:30:00,08:30,Z24,-4.290832636755226e-05,1,0.0,0.0,1.1476309411473795,0.0,0.0,0.0,0.0,0.0,0.0,0.0,0.0,0.0,0.0,0.0,0.0,0.0
2012,2024-09-27 08:30:00,08:30,Z24,0.0006884978110957007,2,0.0,0.0,0.0,0.0,0.0,0.0,0.0,0.0,0.0,0.0,0.0,0.0,0.0,0.0,0.0,0.0
2013,2024-10-01 10:00:00,10:00,Z24,-0.0033033454648538907,1,0.0,0.0,0.0,-0.23542969108640358,0.0,0.0,0.0,0.0,0.0,0.0,0.0,0.0,0.0,0.0,0.0,0.0
2014,2024-10-03 10:00:00,10:00,Z24,-0.0019156259939592246,1,0.0,0.0,0.0,0.0,0.0,0.0,0.0,0.0,0.0,0.0,0.0,0.0,0.0,0.0,0.0,1.4830857013055894
2015,2024-10-04 08:30:00,08:30,Z24,0.00613817091060298,2,0.0,0.0,0.0,0.0,0.0,0.0,0.0,0.0,0.0,0.1353025391041229,-0.19490885649410586,0.0,0.0,0.0,0.0,0.0
2016,2024-10-10 08:30:00,08:30,Z24,-0.0025309410160012646,1,0.0,0.0,0.0,0.0,0.777373491878783,0.0,0.0,0.0,0.0,0.0,0.0,0.0,0.0,0.0,0.0,0.0
2017,2024-10-11 08:30:00,08:30,Z24,-8.580744813890817e-05,1,0.0,0.0,0.0,0.0,0.0,-0.3288104801532267,0.0,0.0,0.0,0.0,0.0,0.0,0.0,0.0,0.0,0.0
2018,2024-10-17 08:30:00,08:30,Z24,0.0007183149485960882,1,0.0,0.0,0.0,0.0,0.0,0.0,0.0,0.0,0.09732364128355796,0.0,0.0,0.0,0.0,0.0,0.0,0.0
2019,2024-10-17 09:15:00,09:15,Z24,-0.002916131644104425,1,0.0,-0.41760204490956115,0.0,0.0,0.0,0.0,0.0,0.0,0.0,0.0,0.0,0.0,0.0,0.0,0.0,0.0
2020,2024-10-18 08:30:00,08:30,Z24,0.0003813963389802666,2,0.0,0.0,0.0,0.0,0.0,0.0,0.0,0.0,0.0,0.0,0.0,0.050015674370185025,-0.36623579982287746,0.0,0.0,0.0
2021,2024-10-23 10:00:00,10:00,Z24,-0.0008521154279819143,1,0.0,0.0,0.0,0.0,0.0,0.0,0.0,0.0,0.0,0.0,0.0,0.0,0.0,-0.2168381613147378,0.0,0.0
2022,2024-10-24 10:00:00,10:00,Z24,-0.0005555674409443156,1,0.0,0.0,0.0,0.0,0.0,0.0,0.0,0.0,0.0,0.0,0.0,0.0,0.0,0.0,0.34800893818620493,0.0
2023,2024-10-25 08:30:00,08:30,Z24,0.0008945496965075961,1,0.0,0.0,0.1229604579800764,0.0,0.0,0.0,0.0,0.0,0.0,0.0,0.0,0.0,0.0,0.0,0.0,0.0
2024,2024-10-30 08:30:00,08:30,Z24,-0.0009372071913755775,1,-0.2991711965870452,0.0,0.0,0.0,0.0,0.0,0.0,0.0,0.0,0.0,0.0,0.0,0.0,0.0,0.0,0.0
2025,2024-10-31 08:30:00,08:30,Z24,-0.0012035764864197773,2,0.0,0.0,0.0,0.0,0.0,0.0,0.0,0.5306144197960804,0.0,0.0,0.0,0.0,0.0,0.0,0.0,0.0
2026,2024-11-01 08:30:00,08:30,Z24,0.0006506604432807706,2,0.0,0.0,0.0,0.0,0.0,0.0,0.0,0.0,0.0,-0.1188639128578276,0.0,0.0,0.0,0.0,0.0,0.0
2027,2024-11-01 10:00:00,10:00,Z24,0.0034539366000849725,1,0.0,0.0,0.0,-0.647431650487613,0.0,0.0,0.0,0.0,0.0,0.0,0.0,0.0,0.0,0.0,0.0,0.0
2028,2024-11-05 10:00:00,10:00,Z24,0.0007777394100987323,1,0.0,0.0,0.0,0.0,0.0,0.0,0.0,0.0,0.0,0.0,0.0,0.0,0.0,0.0,0.0,1.0196214196475952
2029,2024-11-13 08:30:00,08:30,Z24,0.001872387007587406,1,0.0,0.0,0.0,0.0,0.0,0.0,0.0,0.0,0.0,0.0,0.0,0.0,0.0,0.0,0.0,0.0
2030,2024-11-14 08:30:00,08:30,Z24,-0.0017033302138678152,1,0.0,0.0,0.0,0.0,0.0,0.0,0.0,0.0,0.0,0.0,0.0,0.0,0.0,0.0,0.0,0.0
2031,2024-11-15 08:30:00,08:30,Z24,-0.0005045196659470008,1,0.0,0.0,0.0,0.0,0.0,0.0,0.0,0.0,0.09732364128355796,0.0,0.0,0.0,0.0,0.0,0.0,0.0
2032,2024-11-15 09:15:00,09:15,Z24,-0.0011788482335219896,1,0.0,0.0,0.0,0.0,0.0,0.0,0.0,0.0,0.0,0.0,0.0,0.0,0.0,0.0,0.0,0.0
2033,2024-11-19 08:30:00,08:30,Z24,-0.006804193803681358,2,0.0,0.0,0.0,0.0,0.0,0.0,0.0,0.0,0.0,0.0,0.0,-0.36261363918384143,-0.39952996344313907,0.0,0.0,0.0
2034,2024-11-21 10:00:00,10:00,Z24,-0.0048959706122069235,1,0.0,0.0,0.0,0.0,0.0,0.0,0.0,0.0,0.0,0.0,0.0,0.0,0.0,0.05420954032868445,0.0,0.0
2035,2024-11-26 10:00:00,10:00,Z24,-8.30495806471987e-05,1,0.0,0.0,0.0,0.0,0.0,0.0,0.0,0.0,0.0,0.0,0.0,0.0,0.0,0.0,-2.106369889021767,0.0
2036,2024-11-27 08:30:00,08:30,Z24,0.00016570008322958074,1,0.0,0.0,0.4098681932669213,0.0,0.0,0.0,0.0,0.0,0.0,0.0,0.0,0.0,0.0,0.0,0.0,0.0
2037,2024-11-27 10:00:00,10:00,Z24,-0.0014103789619603901,2,0.0,0.0,0.0,0.0,0.0,0.0,0.0,-0.5306144197960803,0.0,0.0,0.0,0.0,0.0,0.0,0.0,0.0
2038,2024-12-02 10:00:00,10:00,Z24,0.0007018268427199104,1,0.0,0.0,0.0,0.4120019594012052,0.0,0.0,0.0,0.0,0.0,0.0,0.0,0.0,0.0,0.0,0.0,0.0
2039,2024-12-04 10:00:00,10:00,Z24,-0.0007809770830800034,1,0.0,0.0,0.0,0.0,0.0,0.0,0.0,0.0,0.0,0.0,0.0,0.0,0.0,0.0,0.0,-1.57577855763719
2040,2024-12-06 08:30:00,08:30,Z24,0.00209363979675814,2,0.0,0.0,0.0,0.0,0.0,0.0,0.0,0.0,0.0,0.031612742781337126,0.0,0.0,0.0,0.0,0.0,0.0
2041,2024-12-11 08:30:00,08:30,Z24,0.0029275353348552358,1,0.0,0.0,0.0,0.0,0.0,0.0,0.0,0.0,0.0,0.0,0.0,0.0,0.0,0.0,0.0,0.0
2042,2024-12-12 08:30:00,08:30,Z24,-0.0004934007747809943,1,0.0,0.0,0.0,0.0,0.0,0.6576209603064535,0.0,0.0,0.0,0.0,0.0,0.0,0.0,0.0,0.0,0.0
2043,2024-12-17 08:30:00,08:30,H25,0.00036700989299731646,1,0.0,0.0,0.0,0.0,0.0,0.0,0.0,0.0,0.0973236412835579,0.0,0.0,0.0,0.0,0.0,0.0,0.0
2044,2024-12-17 09:15:00,09:15,H25,-0.00040774720238623274,1,0.0,-0.8352040898191224,0.0,0.0,0.0,0.0,0.0,0.0,0.0,0.0,0.0,0.0,0.0,0.0,0.0,0.0
2045,2024-12-18 08:30:00,08:30,H25,-0.0024844733276605524,2,0.0,0.0,0.0,0.0,0.0,0.0,0.0,0.0,0.0,0.0,0.0,-0.7627390341453216,1.2485311357598095,0.0,0.0,0.0
2046,2024-12-19 10:00:00,10:00,H25,-0.002345157907180706,1,0.0,0.0,0.0,0.0,0.0,0.0,0.0,0.0,0.0,0.0,0.0,0.0,0.0,0.32525724197211175,0.0,0.0
2047,2024-12-20 08:30:00,08:30,H25,0.0022920213769150877,2,0.0,0.0,0.0,0.0,0.0,0.0,-1.5739865924971175,0.0,0.0,0.0,0.0,0.0,0.0,0.0,0.0,0.0
2048,2024-12-23 08:30:00,08:30,H25,-0.002960123901681655,1,0.0,0.0,-0.32789455461353706,0.0,0.0,0.0,0.0,0.0,0.0,0.0,0.0,0.0,0.0,0.0,0.0,0.0
2049,2024-12-23 10:00:00,10:00,H25,-0.001629175120671178,1,0.0,0.0,0.0,0.0,0.0,0.0,0.0,0.0,0.0,0.0,0.0,0.0,0.0,0.0,-0.036632519809074206,0.0
2050,2025-01-03 10:00:00,10:00,H25,0.0006303448194771022,1,0.0,0.0,0.0,0.6474316504876088,0.0,0.0,0.0,0.0,0.0,0.0,0.0,0.0,0.0,0.0,0.0,0.0
2051,2025-01-07 10:00:00,10:00,H25,-0.006480311798586769,1,0.0,0.0,0.0,0.0,0.0,0.0,0.0,0.0,0.0,0.0,0.0,0.0,0.0,0.0,0.0,0.27807856899479905
2052,2025-01-10 08:30:00,08:30,H25,-0.008358711280882503,2,0.0,0.0,0.0,0.0,0.0,0.0,0.0,0.0,0.0,0.11633489343532064,-0.19490885649410586,0.0,0.0,0.0,0.0,0.0
2053,2025-01-14 08:30:00,08:30,H25,0.003355351530831996,1,0.0,0.0,0.0,0.0,0.0,-0.6576209603064535,0.0,0.0,0.0,0.0,0.0,0.0,0.0,0.0,0.0,0.0
2054,2025-01-15 08:30:00,08:30,H25,0.011534541690970457,1,0.0,0.0,0.0,0.0,0.0,0.0,0.0,0.0,0.0,0.0,0.0,0.0,0.0,0.0,0.0,0.0
2055,2025-01-16 08:30:00,08:30,H25,0.0005420619334213228,1,0.0,0.0,0.0,0.0,0.0,0.0,0.0,0.0,-0.1946472825671158,0.0,0.0,0.0,0.0,0.0,0.0,0.0
2056,2025-01-17 08:30:00,08:30,H25,0.001828230035133771,2,0.0,0.0,0.0,0.0,0.0,0.0,0.0,0.0,0.0,0.0,0.0,2.113162242140317,0.38288288163300827,0.0,0.0,0.0
2057,2025-01-17 09:15:00,09:15,H25,-0.00012449424230354111,1,0.0,1.2528061347286839,0.0,0.0,0.0,0.0,0.0,0.0,0.0,0.0,0.0,0.0,0.0,0.0,0.0,0.0
2058,2025-01-24 10:00:00,10:00,H25,-0.0011782632140207028,1,0.0,0.0,0.0,0.0,0.0,0.0,0.0,0.0,0.0,0.0,0.0,0.0,0.0,0.2710477016434172,0.0,0.0
2059,2025-01-27 10:00:00,10:00,H25,0.0014910539541794776,1,0.0,0.0,0.0,0.0,0.0,0.0,0.0,0.0,0.0,0.0,0.0,0.0,0.0,0.0,0.531171537231576,0.0
2060,2025-01-28 08:30:00,08:30,H25,-0.00177403763754036,1,0.0,0.0,-1.0246704831673032,0.0,0.0,0.0,0.0,0.0,0.0,0.0,0.0,0.0,0.0,0.0,0.0,0.0
2061,2025-01-30 08:30:00,08:30,H25,0.0013142765157798664,1,-0.5983423931740904,0.0,0.0,0.0,0.0,0.0,0.0,0.0,0.0,0.0,0.0,0.0,0.0,0.0,0.0,0.0
2062,2025-01-31 08:30:00,08:30,H25,-0.00012242649324711863,2,0.0,0.0,0.0,0.0,0.0,0.0,0.0,0.5306144197960804,0.0,0.0,0.0,0.0,0.0,0.0,0.0,0.0
2063,2025-02-03 10:00:00,10:00,H25,0.0069776955972766785,1,0.0,0.0,0.0,0.9417187643456185,0.0,0.0,0.0,0.0,0.0,0.0,0.0,0.0,0.0,0.0,0.0,0.0
2064,2025-02-05 10:00:00,10:00,H25,0.0003721391843480859,1,0.0,0.0,0.0,0.0,0.0,0.0,0.0,0.0,0.0,0.0,0.0,0.0,0.0,0.0,0.0,-0.6488499943211988
2065,2025-02-07 08:30:00,08:30,H25,0.0015562930609753778,2,0.0,0.0,0.0,0.0,0.0,0.0,0.0,0.0,0.0,-0.03287725249259062,-0.19490885649410414,0.0,0.0,0.0,0.0,0.0
2066,2025-02-12 08:30:00,08:30,H25,-0.010726175444034425,1,0.0,0.0,0.0,0.0,0.777373491878783,0.0,0.0,0.0,0.0,0.0,0.0,0.0,0.0,0.0,0.0,0.0
2067,2025-02-13 08:30:00,08:30,H25,0.0023039588896445196,1,0.0,0.0,0.0,0.0,0.0,0.32881048015322684,0.0,0.0,0.0,0.0,0.0,0.0,0.0,0.0,0.0,0.0
2068,2025-02-14 08:30:00,08:30,H25,0.0005708693679729038,1,0.0,0.0,0.0,0.0,0.0,0.0,0.0,0.0,-0.6812654889849055,0.0,0.0,0.0,0.0,0.0,0.0,0.0
2069,2025-02-14 09:15:00,09:15,H25,0.0010184752270596675,1,0.0,0.4176020449095612,0.0,0.0,0.0,0.0,0.0,0.0,0.0,0.0,0.0,0.0,0.0,0.0,0.0,0.0
2070,2025-02-19 08:30:00,08:30,H25,-0.0007741988447751424,2,0.0,0.0,0.0,0.0,0.0,0.0,0.0,0.0,0.0,0.0,0.0,-0.30009404622111013,0.38288288163300827,0.0,0.0,0.0
2071,2025-02-21 10:00:00,10:00,H25,-0.0025381763329690443,1,0.0,0.0,0.0,0.0,0.0,0.0,0.0,0.0,0.0,0.0,0.0,0.0,0.0,-0.27104770164342223,0.0,0.0
2072,2025-02-26 10:00:00,10:00,H25,0.0017062364987499024,1,0.0,0.0,0.0,0.0,0.0,0.0,0.0,0.0,0.0,0.0,0.0,0.0,0.0,0.0,-0.40295771789981627,0.0
2073,2025-02-27 08:30:00,08:30,H25,-0.00291837111989679,1,0.0,0.0,0.4508550125936135,0.0,0.0,0.0,0.0,0.0,0.0,0.0,0.0,0.0,0.0,0.0,0.0,0.0
2074,2025-02-28 08:30:00,08:30,H25,0.0010616839302812764,2,0.0,0.0,0.0,0.0,0.0,0.0,0.0,-2.122457679184321,0.0,0.0,0.0,0.0,0.0,0.0,0.0,0.0
2075,2025-03-03 10:00:00,10:00,H25,0.0009223932564594861,1,0.0,0.0,0.0,-0.17657226831480582,0.0,0.0,0.0,0.0,0.0,0.0,0.0,0.0,0.0,0.0,0.0,0.0
2076,2025-03-05 10:00:00,10:00,H25,-0.0015995507376906914,1,0.0,0.0,0.0,0.0,0.0,0.0,0.0,0.0,0.0,0.0,0.0,0.0,0.0,0.0,0.0,0.46346428165799725
2077,2025-03-07 08:30:00,08:30,H25,-0.0012190875769668708,2,0.0,0.0,0.0,0.0,0.0,0.0,0.0,0.0,0.0,-0.010116077690027881,0.19490885649410414,0.0,0.0,0.0,0.0,0.0
2078,2025-03-12 08:30:00,08:30,H25,0.003152405763028554,1,0.0,0.0,0.0,0.0,-0.777373491878783,0.0,0.0,0.0,0.0,0.0,0.0,0.0,0.0,0.0,0.0,0.0
2079,2025-03-13 08:30:00,08:30,H25,0.0028172181852550437,1,0.0,0.0,0.0,0.0,0.0,-0.9864314404596801,0.0,0.0,0.0,0.0,0.0,0.0,0.0,0.0,0.0,0.0
2080,2025-03-17 08:30:00,08:30,M25,0.002683738604565278,1,0.0,0.0,0.0,0.0,0.0,0.0,0.0,0.0,-0.38929456513423166,0.0,0.0,0.0,0.0,0.0,0.0,0.0
2081,2025-03-18 08:30:00,08:30,M25,-0.0021017609978795093,2,0.0,0.0,0.0,0.0,0.0,0.0,0.0,0.0,0.0,0.0,0.0,1.5129741496980968,0.09988249086078477,0.0,0.0,0.0
2082,2025-03-18 09:15:00,09:15,M25,-0.005489572644883367,1,0.0,1.044005112273903,0.0,0.0,0.0,0.0,0.0,0.0,0.0,0.0,0.0,0.0,0.0,0.0,0.0,0.0
2083,2025-03-20 10:00:00,10:00,M25,0.006494803032289553,1,0.0,0.0,0.0,0.0,0.0,0.0,0.0,0.0,0.0,0.0,0.0,0.0,0.0,1.680495750189218,0.0,0.0
2084,2025-03-25 10:00:00,10:00,M25,0.001587540290085343,1,0.0,0.0,0.0,0.0,0.0,0.0,0.0,0.0,0.0,0.0,0.0,0.0,0.0,0.0,-0.10989755942722261,0.0
2085,2025-03-26 08:30:00,08:30,M25,0.0009009202865950527,1,0.0,0.0,0.8197363865338426,0.0,0.0,0.0,0.0,0.0,0.0,0.0,0.0,0.0,0.0,0.0,0.0,0.0
2086,2025-03-28 08:30:00,08:30,M25,-0.0030587745063250793,2,0.0,0.0,0.0,0.0,0.0,0.0,0.0,-1.0612288395921603,0.0,0.0,0.0,0.0,0.0,0.0,0.0,0.0
2087,2025-04-01 10:00:00,10:00,M25,-0.003819001932775734,1,0.0,0.0,0.0,-0.29428711385800554,0.0,0.0,0.0,0.0,0.0,0.0,0.0,0.0,0.0,0.0,0.0,0.0
2088,2025-04-03 10:00:00,10:00,M25,-0.003362111299715309,1,0.0,0.0,0.0,0.0,0.0,0.0,0.0,0.0,0.0,0.0,0.0,0.0,0.0,0.0,0.0,-1.0196214196475952
2089,2025-04-04 08:30:00,08:30,M25,0.0049606791544611895,2,0.0,0.0,0.0,0.0,0.0,0.0,0.0,0.0,0.0,0.11507038372406715,0.19490885649410586,0.0,0.0,0.0,0.0,0.0
2090,2025-04-10 08:30:00,08:30,M25,0.0017647336581951834,1,0.0,0.0,0.0,0.0,-0.777373491878783,0.0,0.0,0.0,0.0,0.0,0.0,0.0,0.0,0.0,0.0,0.0
2091,2025-04-11 08:30:00,08:30,M25,-0.0024926526721777975,1,0.0,0.0,0.0,0.0,0.0,-1.9728628809193607,0.0,0.0,0.0,0.0,0.0,0.0,0.0,0.0,0.0,0.0
2092,2025-04-16 08:30:00,08:30,M25,-0.0020904474200342804,1,0.0,0.0,0.0,0.0,0.0,0.0,0.0,0.0,0.09732364128355779,0.0,0.0,0.0,0.0,0.0,0.0,0.0
2093,2025-04-16 09:15:00,09:15,M25,9.31098697147803e-05,1,0.0,-0.20880102245478055,0.0,0.0,0.0,0.0,0.0,0.0,0.0,0.0,0.0,0.0,0.0,0.0,0.0,0.0
2094,2025-04-17 08:30:00,08:30,M25,-0.00042204976124082805,2,0.0,0.0,0.0,0.0,0.0,0.0,0.0,0.0,0.0,0.0,0.0,-1.2003761848844405,0.5327066179241854,0.0,0.0,0.0
2095,2025-04-23 10:00:00,10:00,M25,0.004062541248725182,1,0.0,0.0,0.0,0.0,0.0,0.0,0.0,0.0,0.0,0.0,0.0,0.0,0.0,0.0,0.7326503961814841,0.0
2096,2025-04-24 08:30:00,08:30,M25,0.002824664423538792,1,0.0,0.0,2.910064172195141,0.0,0.0,0.0,0.0,0.0,0.0,0.0,0.0,0.0,0.0,0.0,0.0,0.0
2097,2025-04-24 10:00:00,10:00,M25,0.006790885967017601,1,0.0,0.0,0.0,0.0,0.0,0.0,0.0,0.0,0.0,0.0,0.0,0.0,0.0,-0.6505144839442134,0.0,0.0
2098,2025-04-30 08:30:00,08:30,M25,-0.0069223215003191285,1,-0.7479279914676124,0.0,0.0,0.0,0.0,0.0,0.0,0.0,0.0,0.0,0.0,0.0,0.0,0.0,0.0,0.0
2099,2025-04-30 10:00:00,10:00,M25,0.006741086789068262,2,0.0,0.0,0.0,0.0,0.0,0.0,0.0,1.0612288395921603,0.0,0.0,0.0,0.0,0.0,0.0,0.0,0.0
2100,2025-05-01 10:00:00,10:00,M25,0.0021673272964015666,1,0.0,0.0,0.0,0.4120019594012094,0.0,0.0,0.0,0.0,0.0,0.0,0.0,0.0,0.0,0.0,0.0,0.0
2101,2025-05-02 08:30:00,08:30,M25,0.0073202249533927954,2,0.0,0.0,0.0,0.0,0.0,0.0,0.0,0.0,0.0,0.04931587873888592,0.0,0.0,0.0,0.0,0.0,0.0
2102,2025-05-05 10:00:00,10:00,M25,0.0014550587897552703,1,0.0,0.0,0.0,0.0,0.0,0.0,0.0,0.0,0.0,0.0,0.0,0.0,0.0,0.0,0.0,0.6488499943211955
2103,2025-05-13 08:30:00,08:30,M25,0.0009378464324552027,1,0.0,0.0,0.0,0.0,-0.777373491878783,0.0,0.0,0.0,0.0,0.0,0.0,0.0,0.0,0.0,0.0,0.0
2104,2025-05-15 08:30:00,08:30,M25,0.0007223438245631542,2,0.0,0.0,0.0,0.0,0.0,-2.301673361072587,0.0,0.0,0.09732364128355793,0.0,0.0,0.0,0.0,0.0,0.0,0.0
2105,2025-05-15 09:15:00,09:15,M25,0.00038181702943518303,1,0.0,-0.4176020449095612,0.0,0.0,0.0,0.0,0.0,0.0,0.0,0.0,0.0,0.0,0.0,0.0,0.0,0.0
2106,2025-05-16 08:30:00,08:30,M25,-0.0019327737109193777,2,0.0,0.0,0.0,0.0,0.0,0.0,0.0,0.0,0.0,0.0,0.0,0.012503918592546256,-0.6325891087849701,0.0,0.0,0.0
2107,2025-05-22 10:00:00,10:00,M25,-0.0008528057825412105,1,0.0,0.0,0.0,0.0,0.0,0.0,0.0,0.0,0.0,0.0,0.0,0.0,0.0,-0.8131431049302718,0.0,0.0
2108,2025-05-23 10:00:00,10:00,M25,0.0027595740175332395,1,0.0,0.0,0.0,0.0,0.0,0.0,0.0,0.0,0.0,0.0,0.0,0.0,0.0,0.0,0.897496735322318,0.0
2109,2025-05-27 08:30:00,08:30,M25,-0.001187396772392546,1,0.0,0.0,0.5328286512469976,0.0,0.0,0.0,0.0,0.0,0.0,0.0,0.0,0.0,0.0,0.0,0.0,0.0
2110,2025-05-30 08:30:00,08:30,M25,0.0006359031097975532,2,0.0,0.0,0.0,0.0,0.0,0.0,0.0,0.5306144197960803,0.0,0.0,0.0,0.0,0.0,0.0,0.0,0.0
2111,2025-06-02 10:00:00,10:00,M25,0.001991737071193711,1,0.0,0.0,0.0,-0.47085938217280715,0.0,0.0,0.0,0.0,0.0,0.0,0.0,0.0,0.0,0.0,0.0,0.0
2112,2025-06-04 10:00:00,10:00,M25,0.0001668265424896731,1,0.0,0.0,0.0,0.0,0.0,0.0,0.0,0.0,0.0,0.0,0.0,0.0,0.0,0.0,0.0,-0.973274991481795
2113,2025-06-06 08:30:00,08:30,M25,0.0038020476559506022,2,0.0,0.0,0.0,0.0,0.0,0.0,0.0,0.0,0.0,0.01643862624629531,0.0,0.0,0.0,0.0,0.0,0.0
2114,2025-06-11 08:30:00,08:30,M25,0.003926517268613594,1,0.0,0.0,0.0,0.0,-0.777373491878783,0.0,0.0,0.0,0.0,0.0,0.0,0.0,0.0,0.0,0.0,0.0
2115,2025-06-12 08:30:00,08:30,M25,0.0029558107321996374,1,0.0,0.0,0.0,0.0,0.0,-0.3288104801532267,0.0,0.0,0.0,0.0,0.0,0.0,0.0,0.0,0.0,0.0
2116,2025-06-17 08:30:00,08:30,U25,-0.0015668814025442401,1,0.0,0.0,0.0,0.0,0.0,0.0,0.0,0.0,-0.3892945651342317,0.0,0.0,0.0,0.0,0.0,0.0,0.0
2117,2025-06-17 09:15:00,09:15,U25,0.0009487862436472483,1,0.0,-0.4176020449095612,0.0,0.0,0.0,0.0,0.0,0.0,0.0,0.0,0.0,0.0,0.0,0.0,0.0,0.0
2118,2025-06-18 08:30:00,08:30,U25,-0.0008685402866230874,2,0.0,0.0,0.0,0.0,0.0,0.0,0.0,0.0,0.0,0.0,0.0,-1.175368347699348,-0.4494712088735314,0.0,0.0,0.0
2119,2025-06-23 10:00:00,10:00,U25,0.0016543285132826213,1,0.0,0.0,0.0,0.0,0.0,0.0,0.0,0.0,0.0,0.0,0.0,0.0,0.0,0.37946678230079617,0.0,0.0
2120,2025-06-25 10:00:00,10:00,U25,-0.00048744821827817475,1,0.0,0.0,0.0,0.0,0.0,0.0,0.0,0.0,0.0,0.0,0.0,0.0,0.0,0.0,-1.3004544532221343,0.0
2121,2025-06-26 08:30:00,08:30,U25,-0.0004864799220278826,1,0.0,0.0,3.1969719074819856,0.0,0.0,0.0,0.0,0.0,0.0,0.0,0.0,0.0,0.0,0.0,0.0,0.0
2122,2025-06-27 08:30:00,08:30,U25,-0.0011266700049041845,2,0.0,0.0,0.0,0.0,0.0,0.0,0.0,-1.5918432593882408,0.0,0.0,0.0,0.0,0.0,0.0,0.0,0.0
2123,2025-07-01 10:00:00,10:00,U25,-0.00016010887437545307,1,0.0,0.0,0.0,0.11771484554320388,0.0,0.0,0.0,0.0,0.0,0.0,0.0,0.0,0.0,0.0,0.0,0.0
2124,2025-07-03 08:30:00,08:30,U25,0.0009947280239313017,2,0.0,0.0,0.0,0.0,0.0,0.0,0.0,0.0,0.0,0.04552234960512547,-0.38981771298821,0.0,0.0,0.0,0.0,0.0
2125,2025-07-03 10:00:00,10:00,U25,0.0008312058900461494,1,0.0,0.0,0.0,0.0,0.0,0.0,0.0,0.0,0.0,0.0,0.0,0.0,0.0,0.0,0.0,0.0
2126,2025-07-15 08:30:00,08:30,U25,0.0011846938952242425,1,0.0,0.0,0.0,0.0,0.777373491878783,0.0,0.0,0.0,0.0,0.0,0.0,0.0,0.0,0.0,0.0,0.0
2127,2025-07-16 08:30:00,08:30,U25,0.0018678594601038156,1,0.0,0.0,0.0,0.0,0.0,-0.6576209603064535,0.0,0.0,0.0,0.0,0.0,0.0,0.0,0.0,0.0,0.0
2128,2025-07-16 09:15:00,09:15,U25,-0.0005560410024916251,1,0.0,0.41760204490956115,0.0,0.0,0.0,0.0,0.0,0.0,0.0,0.0,0.0,0.0,0.0,0.0,0.0,0.0
2129,2025-07-17 08:30:00,08:30,U25,0.0019422484651752114,1,0.0,0.0,0.0,0.0,0.0,0.0,0.0,0.0,0.48661820641778963,0.0,0.0,0.0,0.0,0.0,0.0,0.0
2130,2025-07-18 08:30:00,08:30,U25,0.0002363507456042413,2,0.0,0.0,0.0,0.0,0.0,0.0,0.0,0.0,0.0,0.0,0.0,0.3876214763689339,0.11652957267091556,0.0,0.0,0.0
2131,2025-07-23 10:00:00,10:00,U25,0.0005895183805701976,1,0.0,0.0,0.0,0.0,0.0,0.0,0.0,0.0,0.0,0.0,0.0,0.0,0.0,-0.3794667823007911,0.0,0.0
2132,2025-07-24 10:00:00,10:00,U25,7.80701069960088e-05,1,0.0,0.0,0.0,0.0,0.0,0.0,0.0,0.0,0.0,0.0,0.0,0.0,0.0,0.0,-0.40295771789981627,0.0
2133,2025-07-25 08:30:00,08:30,U25,-0.00042914269653060444,1,0.0,0.0,0.45085501259361327,0.0,0.0,0.0,0.0,0.0,0.0,0.0,0.0,0.0,0.0,0.0,0.0,0.0
2134,2025-07-30 08:30:00,08:30,U25,-0.0003119516500245112,1,0.7479279914676124,0.0,0.0,0.0,0.0,0.0,0.0,0.0,0.0,0.0,0.0,0.0,0.0,0.0,0.0,0.0
2135,2025-07-31 08:30:00,08:30,U25,0.00011620475290641252,2,0.0,0.0,0.0,0.0,0.0,0.0,0.0,0.0,0.0,0.0,0.0,0.0,0.0,0.0,0.0,0.0
2136,2025-08-01 08:30:00,08:30,U25,-0.0005543017919169557,2,0.0,0.0,0.0,0.0,0.0,0.0,0.0,0.0,0.0,-0.04172882047136501,0.0,0.0,0.0,0.0,0.0,0.0
2137,2025-08-01 10:00:00,10:00,U25,0.0027499369699857112,1,0.0,0.0,0.0,-0.8828613415740165,0.0,0.0,0.0,0.0,0.0,0.0,0.0,0.0,0.0,0.0,0.0,0.0
2138,2025-08-05 10:00:00,10:00,U25,-0.0036591884389398643,1,0.0,0.0,0.0,0.0,0.0,0.0,0.0,0.0,0.0,0.0,0.0,0.0,0.0,0.0,0.0,-0.6488499943211955
2139,2025-08-12 08:30:00,08:30,U25,0.004285665187339305,1,0.0,0.0,0.0,0.0,-0.7773734918787796,0.0,0.0,0.0,0.0,0.0,0.0,0.0,0.0,0.0,0.0,0.0
2140,2025-08-14 08:30:00,08:30,U25,-0.004208581667036526,1,0.0,0.0,0.0,0.0,0.0,2.301673361072587,0.0,0.0,0.0,0.0,0.0,0.0,0.0,0.0,0.0,0.0
2141,2025-08-15 08:30:00,08:30,U25,0.0007313177516525826,1,0.0,0.0,0.0,0.0,0.0,0.0,0.0,0.0,-0.0973236412835579,0.0,0.0,0.0,0.0,0.0,0.0,0.0
2142,2025-08-15 09:15:00,09:15,U25,-0.0021571657055350357,1,0.0,-0.2088010224547806,0.0,0.0,0.0,0.0,0.0,0.0,0.0,0.0,0.0,0.0,0.0,0.0,0.0,0.0
2143,2025-08-19 08:30:00,08:30,U25,-0.0005026777361614165,2,0.0,0.0,0.0,0.0,0.0,0.0,0.0,0.0,0.0,0.0,0.0,1.7255407657713833,-0.5992949451647086,0.0,0.0,0.0
2144,2025-08-21 10:00:00,10:00,U25,0.0034784003179897383,1,0.0,0.0,0.0,0.0,0.0,0.0,0.0,0.0,0.0,0.0,0.0,0.0,0.0,0.48788586295816005,0.0,0.0
2145,2025-08-25 10:00:00,10:00,U25,0.00038647343476228,1,0.0,0.0,0.0,0.0,0.0,0.0,0.0,0.0,0.0,0.0,0.0,0.0,0.0,0.0,0.31137641837713076,0.0
2146,2025-08-26 08:30:00,08:30,U25,0.00023255814058309454,1,0.0,0.0,0.4098681932669213,0.0,0.0,0.0,0.0,0.0,0.0,0.0,0.0,0.0,0.0,0.0,0.0,0.0
2147,2025-08-29 08:30:00,08:30,U25,0.0009233610997689823,2,0.0,0.0,0.0,0.0,0.0,0.0,0.0,0.0,0.0,0.0,0.0,0.0,0.0,0.0,0.0,0.0
2148,2025-09-02 10:00:00,10:00,U25,0.0002728353455623278,1,0.0,0.0,0.0,-0.17657226831480163,0.0,0.0,0.0,0.0,0.0,0.0,0.0,0.0,0.0,0.0,0.0,0.0
2149,2025-09-04 10:00:00,10:00,U25,0.000656839851291835,1,0.0,0.0,0.0,0.0,0.0,0.0,0.0,0.0,0.0,0.0,0.0,0.0,0.0,0.0,0.0,0.5098107098237976
2150,2025-09-05 08:30:00,08:30,U25,0.0029878211149156897,2,0.0,0.0,0.0,0.0,0.0,0.0,0.0,0.0,0.0,-0.06701901469643472,0.0,0.0,0.0,0.0,0.0,0.0
2151,2025-09-10 08:30:00,08:30,U25,0.0017946813530791417,1,0.0,0.0,0.0,0.0,0.0,-1.315241920612907,0.0,0.0,0.0,0.0,0.0,0.0,0.0,0.0,0.0,0.0
2152,2025-09-11 08:30:00,08:30,U25,0.0008009001019253503,1,0.0,0.0,0.0,0.0,0.0,0.0,0.0,0.0,0.0,0.0,0.0,0.0,0.0,0.0,0.0,0.0
2153,2025-09-16 08:30:00,08:30,Z25,-0.00041136104990968647,1,0.0,0.0,0.0,0.0,0.0,0.0,0.0,0.0,0.38929456513423166,0.0,0.0,0.0,0.0,0.0,0.0,0.0
2154,2025-09-16 09:15:00,09:15,Z25,-0.0010853091389222413,1,0.0,0.4176020449095612,0.0,0.0,0.0,0.0,0.0,0.0,0.0,0.0,0.0,0.0,0.0,0.0,0.0,0.0
2155,2025-09-17 08:30:00,08:30,Z25,0.00033754008608966046,2,0.0,0.0,0.0,0.0,0.0,0.0,0.0,0.0,0.0,0.0,0.0,-0.7877468713304141,-0.9655307449875861,0.0,0.0,0.0
2156,2025-09-24 10:00:00,10:00,Z25,0.0005586696359394239,1,0.0,0.0,0.0,0.0,0.0,0.0,0.0,0.0,0.0,0.0,0.0,0.0,0.0,0.0,2.7474389856805654,0.0
2157,2025-09-25 08:30:00,08:30,Z25,-0.0019504150813745014,1,0.0,0.0,1.311578218454148,0.0,0.0,0.0,0.0,0.0,0.0,0.0,0.0,0.0,0.0,0.0,0.0,0.0
2158,2025-09-25 10:00:00,10:00,Z25,0.004171762134108192,1,0.0,0.0,0.0,0.0,0.0,0.0,0.0,0.0,0.0,0.0,0.0,0.0,0.0,0.2168381613147378,0.0,0.0
2159,2025-09-26 08:30:00,08:30,Z25,0.0013111316943170692,2,0.0,0.0,0.0,0.0,0.0,0.0,0.0,1.0612288395921605,0.0,0.0,0.0,0.0,0.0,0.0,0.0,0.0
2160,2025-10-01 10:00:00,10:00,Z25,0.0026407320127077583,1,0.0,0.0,0.0,0.05885742277160194,0.0,0.0,0.0,0.0,0.0,0.0,0.0,0.0,0.0,0.0,0.0,0.0
2161,2025-10-03 10:00:00,10:00,Z25,0.0005526999532730059,1,0.0,0.0,0.0,0.0,0.0,0.0,0.0,0.0,0.0,0.0,0.0,0.0,0.0,0.0,0.0,-0.8342357069843938
2162,2025-10-23 10:00:00,10:00,Z25,-0.0015171421437667476,1,0.0,0.0,0.0,0.0,0.0,0.0,0.0,0.0,0.0,0.0,0.0,0.0,0.0,0.0,0.0,0.0
2163,2025-10-24 08:30:00,08:30,Z25,0.002645601396114472,1,0.0,0.0,0.0,0.0,-0.777373491878783,0.0,0.0,0.0,0.0,0.0,0.0,0.0,0.0,0.0,0.0,0.0
